dataset,column,dtype,non_null,missing,missing_pct,unique_values,zero_variance,near_constant,largest_value_share,infinite_count
Data_Dictionary.xlsx :: SHEET=Sheet1,Variable Name,object,20,0,0.0,20,NO,NO,0.05,0
Data_Dictionary.xlsx :: SHEET=Sheet1,Description,float64,0,20,100.0,0,YES,NO,,0
Data_Dictionary.xlsx :: SHEET=Sheet1,Category,float64,0,20,100.0,0,YES,NO,,0
Data_Dictionary.xlsx :: SHEET=Sheet1,Source,float64,0,20,100.0,0,YES,NO,,0
Data_Dictionary.xlsx :: SHEET=Sheet1,Frequency,float64,0,20,100.0,0,YES,NO,,0
Data_Dictionary.xlsx :: SHEET=Sheet1,Unit,float64,0,20,100.0,0,YES,NO,,0
Data_Dictionary.xlsx :: SHEET=Sheet1,ML Role,float64,0,20,100.0,0,YES,NO,,0
02_Clean_Data/RBI_Sectoral_Credit_Wide_2019_2026.csv,sector_id,object,42,1,2.3256,42,NO,NO,0.02381,0
02_Clean_Data/RBI_Sectoral_Credit_Wide_2019_2026.csv,sr_no,object,42,1,2.3256,42,NO,NO,0.02381,0
02_Clean_Data/RBI_Sectoral_Credit_Wide_2019_2026.csv,sector,object,43,0,0.0,41,NO,NO,0.069767,0
02_Clean_Data/RBI_Sectoral_Credit_Wide_2019_2026.csv,2019,float64,43,0,0.0,43,NO,NO,0.023256,0
02_Clean_Data/RBI_Sectoral_Credit_Wide_2019_2026.csv,2020,float64,43,0,0.0,43,NO,NO,0.023256,0
02_Clean_Data/RBI_Sectoral_Credit_Wide_2019_2026.csv,2021,float64,43,0,0.0,43,NO,NO,0.023256,0
02_Clean_Data/RBI_Sectoral_Credit_Wide_2019_2026.csv,2022,float64,43,0,0.0,43,NO,NO,0.023256,0
02_Clean_Data/RBI_Sectoral_Credit_Wide_2019_2026.csv,2023,float64,43,0,0.0,43,NO,NO,0.023256,0
02_Clean_Data/RBI_Sectoral_Credit_Wide_2019_2026.csv,2024,float64,43,0,0.0,43,NO,NO,0.023256,0
02_Clean_Data/RBI_Sectoral_Credit_Wide_2019_2026.csv,2025,float64,43,0,0.0,43,NO,NO,0.023256,0
02_Clean_Data/RBI_Sectoral_Credit_Wide_2019_2026.csv,2026,float64,43,0,0.0,43,NO,NO,0.023256,0
02_Clean_Data/RBI_Sectoral_Credit_Long_2019_2026.csv,sector_id,object,336,8,2.3256,42,NO,NO,0.02381,0
02_Clean_Data/RBI_Sectoral_Credit_Long_2019_2026.csv,sr_no,object,336,8,2.3256,42,NO,NO,0.02381,0
02_Clean_Data/RBI_Sectoral_Credit_Long_2019_2026.csv,sector,object,344,0,0.0,41,NO,NO,0.069767,0
02_Clean_Data/RBI_Sectoral_Credit_Long_2019_2026.csv,year,int64,344,0,0.0,8,NO,NO,0.125,0
02_Clean_Data/RBI_Sectoral_Credit_Long_2019_2026.csv,credit_crore,float64,344,0,0.0,344,NO,NO,0.002907,0
01_Raw_Data/Industrial_Production/IIP_Dashboard Data_Jun2026-28.07.2026.xlsx :: SHEET=UBC-Monthly,Use-based category,object,6,0,0.0,6,NO,NO,0.166667,0
01_Raw_Data/Industrial_Production/IIP_Dashboard Data_Jun2026-28.07.2026.xlsx :: SHEET=UBC-Monthly,Weight,float64,6,0,0.0,6,NO,NO,0.166667,0
01_Raw_Data/Industrial_Production/IIP_Dashboard Data_Jun2026-28.07.2026.xlsx :: SHEET=UBC-Monthly,2023-04-01 00:00:00,float64,6,0,0.0,5,NO,NO,0.333333,0
01_Raw_Data/Industrial_Production/IIP_Dashboard Data_Jun2026-28.07.2026.xlsx :: SHEET=UBC-Monthly,2023-05-01 00:00:00,float64,6,0,0.0,6,NO,NO,0.166667,0
01_Raw_Data/Industrial_Production/IIP_Dashboard Data_Jun2026-28.07.2026.xlsx :: SHEET=UBC-Monthly,2023-06-01 00:00:00,float64,6,0,0.0,6,NO,NO,0.166667,0
01_Raw_Data/Industrial_Production/IIP_Dashboard Data_Jun2026-28.07.2026.xlsx :: SHEET=UBC-Monthly,2023-07-01 00:00:00,float64,6,0,0.0,6,NO,NO,0.166667,0
01_Raw_Data/Industrial_Production/IIP_Dashboard Data_Jun2026-28.07.2026.xlsx :: SHEET=UBC-Monthly,2023-08-01 00:00:00,float64,6,0,0.0,6,NO,NO,0.166667,0
01_Raw_Data/Industrial_Production/IIP_Dashboard Data_Jun2026-28.07.2026.xlsx :: SHEET=UBC-Monthly,2023-09-01 00:00:00,float64,6,0,0.0,6,NO,NO,0.166667,0
01_Raw_Data/Industrial_Production/IIP_Dashboard Data_Jun2026-28.07.2026.xlsx :: SHEET=UBC-Monthly,2023-10-01 00:00:00,float64,6,0,0.0,6,NO,NO,0.166667,0
01_Raw_Data/Industrial_Production/IIP_Dashboard Data_Jun2026-28.07.2026.xlsx :: SHEET=UBC-Monthly,2023-11-01 00:00:00,float64,6,0,0.0,5,NO,NO,0.333333,0
01_Raw_Data/Industrial_Production/IIP_Dashboard Data_Jun2026-28.07.2026.xlsx :: SHEET=UBC-Monthly,2023-12-01 00:00:00,float64,6,0,0.0,6,NO,NO,0.166667,0
01_Raw_Data/Industrial_Production/IIP_Dashboard Data_Jun2026-28.07.2026.xlsx :: SHEET=UBC-Monthly,2024-01-01 00:00:00,float64,6,0,0.0,6,NO,NO,0.166667,0
01_Raw_Data/Industrial_Production/IIP_Dashboard Data_Jun2026-28.07.2026.xlsx :: SHEET=UBC-Monthly,2024-02-01 00:00:00,float64,6,0,0.0,6,NO,NO,0.166667,0
01_Raw_Data/Industrial_Production/IIP_Dashboard Data_Jun2026-28.07.2026.xlsx :: SHEET=UBC-Monthly,2024-03-01 00:00:00,float64,6,0,0.0,6,NO,NO,0.166667,0
01_Raw_Data/Industrial_Production/IIP_Dashboard Data_Jun2026-28.07.2026.xlsx :: SHEET=UBC-Monthly,2024-04-01 00:00:00,float64,6,0,0.0,6,NO,NO,0.166667,0
01_Raw_Data/Industrial_Production/IIP_Dashboard Data_Jun2026-28.07.2026.xlsx :: SHEET=UBC-Monthly,2024-05-01 00:00:00,float64,6,0,0.0,6,NO,NO,0.166667,0
01_Raw_Data/Industrial_Production/IIP_Dashboard Data_Jun2026-28.07.2026.xlsx :: SHEET=UBC-Monthly,2024-06-01 00:00:00,float64,6,0,0.0,6,NO,NO,0.166667,0
01_Raw_Data/Industrial_Production/IIP_Dashboard Data_Jun2026-28.07.2026.xlsx :: SHEET=UBC-Monthly,2024-07-01 00:00:00,float64,6,0,0.0,6,NO,NO,0.166667,0
01_Raw_Data/Industrial_Production/IIP_Dashboard Data_Jun2026-28.07.2026.xlsx :: SHEET=UBC-Monthly,2024-08-01 00:00:00,float64,6,0,0.0,6,NO,NO,0.166667,0
01_Raw_Data/Industrial_Production/IIP_Dashboard Data_Jun2026-28.07.2026.xlsx :: SHEET=UBC-Monthly,2024-09-01 00:00:00,float64,6,0,0.0,6,NO,NO,0.166667,0
01_Raw_Data/Industrial_Production/IIP_Dashboard Data_Jun2026-28.07.2026.xlsx :: SHEET=UBC-Monthly,2024-10-01 00:00:00,float64,6,0,0.0,6,NO,NO,0.166667,0
01_Raw_Data/Industrial_Production/IIP_Dashboard Data_Jun2026-28.07.2026.xlsx :: SHEET=UBC-Monthly,2024-11-01 00:00:00,float64,6,0,0.0,6,NO,NO,0.166667,0
01_Raw_Data/Industrial_Production/IIP_Dashboard Data_Jun2026-28.07.2026.xlsx :: SHEET=UBC-Monthly,2024-12-01 00:00:00,float64,6,0,0.0,6,NO,NO,0.166667,0
01_Raw_Data/Industrial_Production/IIP_Dashboard Data_Jun2026-28.07.2026.xlsx :: SHEET=UBC-Monthly,2025-01-01 00:00:00,float64,6,0,0.0,5,NO,NO,0.333333,0
01_Raw_Data/Industrial_Production/IIP_Dashboard Data_Jun2026-28.07.2026.xlsx :: SHEET=UBC-Monthly,2025-02-01 00:00:00,float64,6,0,0.0,6,NO,NO,0.166667,0
01_Raw_Data/Industrial_Production/IIP_Dashboard Data_Jun2026-28.07.2026.xlsx :: SHEET=UBC-Monthly,2025-03-01 00:00:00,float64,6,0,0.0,6,NO,NO,0.166667,0
01_Raw_Data/Industrial_Production/IIP_Dashboard Data_Jun2026-28.07.2026.xlsx :: SHEET=UBC-Monthly,2025-04-01 00:00:00,float64,6,0,0.0,6,NO,NO,0.166667,0
01_Raw_Data/Industrial_Production/IIP_Dashboard Data_Jun2026-28.07.2026.xlsx :: SHEET=UBC-Monthly,2025-05-01 00:00:00,float64,6,0,0.0,6,NO,NO,0.166667,0
01_Raw_Data/Industrial_Production/IIP_Dashboard Data_Jun2026-28.07.2026.xlsx :: SHEET=UBC-Monthly,2025-06-01 00:00:00,float64,6,0,0.0,6,NO,NO,0.166667,0
01_Raw_Data/Industrial_Production/IIP_Dashboard Data_Jun2026-28.07.2026.xlsx :: SHEET=UBC-Monthly,2025-07-01 00:00:00,float64,6,0,0.0,6,NO,NO,0.166667,0
01_Raw_Data/Industrial_Production/IIP_Dashboard Data_Jun2026-28.07.2026.xlsx :: SHEET=UBC-Monthly,2025-08-01 00:00:00,float64,6,0,0.0,6,NO,NO,0.166667,0
01_Raw_Data/Industrial_Production/IIP_Dashboard Data_Jun2026-28.07.2026.xlsx :: SHEET=UBC-Monthly,2025-09-01 00:00:00,float64,6,0,0.0,6,NO,NO,0.166667,0
01_Raw_Data/Industrial_Production/IIP_Dashboard Data_Jun2026-28.07.2026.xlsx :: SHEET=UBC-Monthly,2025-10-01 00:00:00,float64,6,0,0.0,6,NO,NO,0.166667,0
01_Raw_Data/Industrial_Production/IIP_Dashboard Data_Jun2026-28.07.2026.xlsx :: SHEET=UBC-Monthly,2025-11-01 00:00:00,float64,6,0,0.0,6,NO,NO,0.166667,0
01_Raw_Data/Industrial_Production/IIP_Dashboard Data_Jun2026-28.07.2026.xlsx :: SHEET=UBC-Monthly,2025-12-01 00:00:00,float64,6,0,0.0,6,NO,NO,0.166667,0
01_Raw_Data/Industrial_Production/IIP_Dashboard Data_Jun2026-28.07.2026.xlsx :: SHEET=UBC-Monthly,2026-01-01 00:00:00,float64,6,0,0.0,6,NO,NO,0.166667,0
01_Raw_Data/Industrial_Production/IIP_Dashboard Data_Jun2026-28.07.2026.xlsx :: SHEET=UBC-Monthly,2026-02-01 00:00:00,float64,6,0,0.0,6,NO,NO,0.166667,0
01_Raw_Data/Industrial_Production/IIP_Dashboard Data_Jun2026-28.07.2026.xlsx :: SHEET=UBC-Monthly,2026-03-01 00:00:00,float64,6,0,0.0,6,NO,NO,0.166667,0
01_Raw_Data/Industrial_Production/IIP_Dashboard Data_Jun2026-28.07.2026.xlsx :: SHEET=UBC-Monthly,2026-04-01 00:00:00,float64,6,0,0.0,6,NO,NO,0.166667,0
01_Raw_Data/Industrial_Production/IIP_Dashboard Data_Jun2026-28.07.2026.xlsx :: SHEET=UBC-Monthly,2026-05-01 00:00:00,float64,6,0,0.0,6,NO,NO,0.166667,0
01_Raw_Data/Industrial_Production/IIP_Dashboard Data_Jun2026-28.07.2026.xlsx :: SHEET=UBC-Monthly,2026-06-01 00:00:00,float64,6,0,0.0,5,NO,NO,0.333333,0
01_Raw_Data/Industrial_Production/IIP_Dashboard Data_Jun2026-28.07.2026.xlsx :: SHEET=Sectoral-Monthly,Description,object,5,0,0.0,5,NO,NO,0.2,0
01_Raw_Data/Industrial_Production/IIP_Dashboard Data_Jun2026-28.07.2026.xlsx :: SHEET=Sectoral-Monthly,Weights,float64,5,0,0.0,5,NO,NO,0.2,0
01_Raw_Data/Industrial_Production/IIP_Dashboard Data_Jun2026-28.07.2026.xlsx :: SHEET=Sectoral-Monthly,2023-04-01 00:00:00,float64,5,0,0.0,5,NO,NO,0.2,0
01_Raw_Data/Industrial_Production/IIP_Dashboard Data_Jun2026-28.07.2026.xlsx :: SHEET=Sectoral-Monthly,2023-05-01 00:00:00,float64,5,0,0.0,4,NO,NO,0.4,0
01_Raw_Data/Industrial_Production/IIP_Dashboard Data_Jun2026-28.07.2026.xlsx :: SHEET=Sectoral-Monthly,2023-06-01 00:00:00,float64,5,0,0.0,5,NO,NO,0.2,0
01_Raw_Data/Industrial_Production/IIP_Dashboard Data_Jun2026-28.07.2026.xlsx :: SHEET=Sectoral-Monthly,2023-07-01 00:00:00,float64,5,0,0.0,5,NO,NO,0.2,0
01_Raw_Data/Industrial_Production/IIP_Dashboard Data_Jun2026-28.07.2026.xlsx :: SHEET=Sectoral-Monthly,2023-08-01 00:00:00,float64,5,0,0.0,5,NO,NO,0.2,0
01_Raw_Data/Industrial_Production/IIP_Dashboard Data_Jun2026-28.07.2026.xlsx :: SHEET=Sectoral-Monthly,2023-09-01 00:00:00,float64,5,0,0.0,5,NO,NO,0.2,0
01_Raw_Data/Industrial_Production/IIP_Dashboard Data_Jun2026-28.07.2026.xlsx :: SHEET=Sectoral-Monthly,2023-10-01 00:00:00,float64,5,0,0.0,5,NO,NO,0.2,0
01_Raw_Data/Industrial_Production/IIP_Dashboard Data_Jun2026-28.07.2026.xlsx :: SHEET=Sectoral-Monthly,2023-11-01 00:00:00,float64,5,0,0.0,5,NO,NO,0.2,0
01_Raw_Data/Industrial_Production/IIP_Dashboard Data_Jun2026-28.07.2026.xlsx :: SHEET=Sectoral-Monthly,2023-12-01 00:00:00,float64,5,0,0.0,5,NO,NO,0.2,0
01_Raw_Data/Industrial_Production/IIP_Dashboard Data_Jun2026-28.07.2026.xlsx :: SHEET=Sectoral-Monthly,2024-01-01 00:00:00,float64,5,0,0.0,5,NO,NO,0.2,0
01_Raw_Data/Industrial_Production/IIP_Dashboard Data_Jun2026-28.07.2026.xlsx :: SHEET=Sectoral-Monthly,2024-02-01 00:00:00,float64,5,0,0.0,5,NO,NO,0.2,0
01_Raw_Data/Industrial_Production/IIP_Dashboard Data_Jun2026-28.07.2026.xlsx :: SHEET=Sectoral-Monthly,2024-03-01 00:00:00,float64,5,0,0.0,5,NO,NO,0.2,0
01_Raw_Data/Industrial_Production/IIP_Dashboard Data_Jun2026-28.07.2026.xlsx :: SHEET=Sectoral-Monthly,2024-04-01 00:00:00,float64,5,0,0.0,5,NO,NO,0.2,0
01_Raw_Data/Industrial_Production/IIP_Dashboard Data_Jun2026-28.07.2026.xlsx :: SHEET=Sectoral-Monthly,2024-05-01 00:00:00,float64,5,0,0.0,5,NO,NO,0.2,0
01_Raw_Data/Industrial_Production/IIP_Dashboard Data_Jun2026-28.07.2026.xlsx :: SHEET=Sectoral-Monthly,2024-06-01 00:00:00,float64,5,0,0.0,5,NO,NO,0.2,0
01_Raw_Data/Industrial_Production/IIP_Dashboard Data_Jun2026-28.07.2026.xlsx :: SHEET=Sectoral-Monthly,2024-07-01 00:00:00,float64,5,0,0.0,4,NO,NO,0.4,0
01_Raw_Data/Industrial_Production/IIP_Dashboard Data_Jun2026-28.07.2026.xlsx :: SHEET=Sectoral-Monthly,2024-08-01 00:00:00,float64,5,0,0.0,5,NO,NO,0.2,0
01_Raw_Data/Industrial_Production/IIP_Dashboard Data_Jun2026-28.07.2026.xlsx :: SHEET=Sectoral-Monthly,nan,float64,5,0,0.0,5,NO,NO,0.2,0
01_Raw_Data/Industrial_Production/IIP_Dashboard Data_Jun2026-28.07.2026.xlsx :: SHEET=Sectoral-Monthly,nan.1,float64,5,0,0.0,5,NO,NO,0.2,0
01_Raw_Data/Industrial_Production/IIP_Dashboard Data_Jun2026-28.07.2026.xlsx :: SHEET=Sectoral-Monthly,nan.2,float64,5,0,0.0,5,NO,NO,0.2,0
01_Raw_Data/Industrial_Production/IIP_Dashboard Data_Jun2026-28.07.2026.xlsx :: SHEET=Sectoral-Monthly,2024-12-01 00:00:00,float64,5,0,0.0,4,NO,NO,0.4,0
01_Raw_Data/Industrial_Production/IIP_Dashboard Data_Jun2026-28.07.2026.xlsx :: SHEET=Sectoral-Monthly,2025-01-01 00:00:00,float64,5,0,0.0,5,NO,NO,0.2,0
01_Raw_Data/Industrial_Production/IIP_Dashboard Data_Jun2026-28.07.2026.xlsx :: SHEET=Sectoral-Monthly,2025-02-01 00:00:00,float64,5,0,0.0,5,NO,NO,0.2,0
01_Raw_Data/Industrial_Production/IIP_Dashboard Data_Jun2026-28.07.2026.xlsx :: SHEET=Sectoral-Monthly,2025-03-01 00:00:00,float64,5,0,0.0,5,NO,NO,0.2,0
01_Raw_Data/Industrial_Production/IIP_Dashboard Data_Jun2026-28.07.2026.xlsx :: SHEET=Sectoral-Monthly,2025-04-01 00:00:00,float64,5,0,0.0,5,NO,NO,0.2,0
01_Raw_Data/Industrial_Production/IIP_Dashboard Data_Jun2026-28.07.2026.xlsx :: SHEET=Sectoral-Monthly,2025-05-01 00:00:00,float64,5,0,0.0,5,NO,NO,0.2,0
01_Raw_Data/Industrial_Production/IIP_Dashboard Data_Jun2026-28.07.2026.xlsx :: SHEET=Sectoral-Monthly,2025-06-01 00:00:00,float64,5,0,0.0,5,NO,NO,0.2,0
01_Raw_Data/Industrial_Production/IIP_Dashboard Data_Jun2026-28.07.2026.xlsx :: SHEET=Sectoral-Monthly,2025-07-01 00:00:00,float64,5,0,0.0,5,NO,NO,0.2,0
01_Raw_Data/Industrial_Production/IIP_Dashboard Data_Jun2026-28.07.2026.xlsx :: SHEET=Sectoral-Monthly,2025-08-01 00:00:00,float64,5,0,0.0,5,NO,NO,0.2,0
01_Raw_Data/Industrial_Production/IIP_Dashboard Data_Jun2026-28.07.2026.xlsx :: SHEET=Sectoral-Monthly,2025-09-01 00:00:00,float64,5,0,0.0,5,NO,NO,0.2,0
01_Raw_Data/Industrial_Production/IIP_Dashboard Data_Jun2026-28.07.2026.xlsx :: SHEET=Sectoral-Monthly,2025-10-01 00:00:00,float64,5,0,0.0,5,NO,NO,0.2,0
01_Raw_Data/Industrial_Production/IIP_Dashboard Data_Jun2026-28.07.2026.xlsx :: SHEET=Sectoral-Monthly,2025-11-01 00:00:00,float64,5,0,0.0,5,NO,NO,0.2,0
01_Raw_Data/Industrial_Production/IIP_Dashboard Data_Jun2026-28.07.2026.xlsx :: SHEET=Sectoral-Monthly,2025-12-01 00:00:00,float64,5,0,0.0,5,NO,NO,0.2,0
01_Raw_Data/Industrial_Production/IIP_Dashboard Data_Jun2026-28.07.2026.xlsx :: SHEET=Sectoral-Monthly,2026-01-01 00:00:00,float64,5,0,0.0,5,NO,NO,0.2,0
01_Raw_Data/Industrial_Production/IIP_Dashboard Data_Jun2026-28.07.2026.xlsx :: SHEET=Sectoral-Monthly,2026-02-01 00:00:00,float64,5,0,0.0,5,NO,NO,0.2,0
01_Raw_Data/Industrial_Production/IIP_Dashboard Data_Jun2026-28.07.2026.xlsx :: SHEET=Sectoral-Monthly,2026-03-01 00:00:00,float64,5,0,0.0,5,NO,NO,0.2,0
01_Raw_Data/Industrial_Production/IIP_Dashboard Data_Jun2026-28.07.2026.xlsx :: SHEET=Sectoral-Monthly,2026-04-01 00:00:00,float64,5,0,0.0,5,NO,NO,0.2,0
01_Raw_Data/Industrial_Production/IIP_Dashboard Data_Jun2026-28.07.2026.xlsx :: SHEET=Sectoral-Monthly,2026-05-01 00:00:00,float64,5,0,0.0,5,NO,NO,0.2,0
01_Raw_Data/Industrial_Production/IIP_Dashboard Data_Jun2026-28.07.2026.xlsx :: SHEET=Sectoral-Monthly,2026-06-01 00:00:00,float64,5,0,0.0,5,NO,NO,0.2,0
01_Raw_Data/Industrial_Production/IIP_Dashboard Data_Jun2026-28.07.2026.xlsx :: SHEET=UBC-Annual,Use-based category,object,6,0,0.0,6,NO,NO,0.166667,0
01_Raw_Data/Industrial_Production/IIP_Dashboard Data_Jun2026-28.07.2026.xlsx :: SHEET=UBC-Annual,Weight,float64,6,0,0.0,6,NO,NO,0.166667,0
01_Raw_Data/Industrial_Production/IIP_Dashboard Data_Jun2026-28.07.2026.xlsx :: SHEET=UBC-Annual,2023-24,float64,6,0,0.0,6,NO,NO,0.166667,0
01_Raw_Data/Industrial_Production/IIP_Dashboard Data_Jun2026-28.07.2026.xlsx :: SHEET=UBC-Annual,2024-25,float64,6,0,0.0,6,NO,NO,0.166667,0
01_Raw_Data/Industrial_Production/IIP_Dashboard Data_Jun2026-28.07.2026.xlsx :: SHEET=UBC-Annual,2025-26,float64,6,0,0.0,6,NO,NO,0.166667,0
01_Raw_Data/Industrial_Production/IIP_Dashboard Data_Jun2026-28.07.2026.xlsx :: SHEET=Sectoral-Annual,Description,object,5,0,0.0,5,NO,NO,0.2,0
01_Raw_Data/Industrial_Production/IIP_Dashboard Data_Jun2026-28.07.2026.xlsx :: SHEET=Sectoral-Annual,Weights,float64,5,0,0.0,5,NO,NO,0.2,0
01_Raw_Data/Industrial_Production/IIP_Dashboard Data_Jun2026-28.07.2026.xlsx :: SHEET=Sectoral-Annual,2023-24,float64,5,0,0.0,5,NO,NO,0.2,0
01_Raw_Data/Industrial_Production/IIP_Dashboard Data_Jun2026-28.07.2026.xlsx :: SHEET=Sectoral-Annual,2024-25,float64,5,0,0.0,5,NO,NO,0.2,0
01_Raw_Data/Industrial_Production/IIP_Dashboard Data_Jun2026-28.07.2026.xlsx :: SHEET=Sectoral-Annual,2025-26,float64,5,0,0.0,5,NO,NO,0.2,0
01_Raw_Data/Industrial_Production/IIP_Dashboard Data_Jun2026-28.07.2026.xlsx :: SHEET=Sectoral Weights,NIC 2025,object,37,0,0.0,36,NO,NO,0.054054,0
01_Raw_Data/Industrial_Production/IIP_Dashboard Data_Jun2026-28.07.2026.xlsx :: SHEET=Sectoral Weights,Description,object,32,5,13.5135,32,NO,NO,0.03125,0
01_Raw_Data/Industrial_Production/IIP_Dashboard Data_Jun2026-28.07.2026.xlsx :: SHEET=Sectoral Weights,Weights,float64,37,0,0.0,37,NO,NO,0.027027,0
01_Raw_Data/Interest_Rates/Weighted Average Lending Rate.xlsx :: SHEET=Sector Wise,Unnamed: 0,float64,0,31,100.0,0,YES,NO,,0
01_Raw_Data/Interest_Rates/Weighted Average Lending Rate.xlsx :: SHEET=Sector Wise,Unnamed: 1,object,27,4,12.9032,27,NO,NO,0.037037,0
01_Raw_Data/Interest_Rates/Weighted Average Lending Rate.xlsx :: SHEET=Sector Wise,Unnamed: 2,object,25,6,19.3548,20,NO,NO,0.12,0
01_Raw_Data/Interest_Rates/Weighted Average Lending Rate.xlsx :: SHEET=Sector Wise,Unnamed: 3,object,24,7,22.5806,19,NO,NO,0.125,0
01_Raw_Data/Interest_Rates/Weighted Average Lending Rate.xlsx :: SHEET=Sector Wise,Unnamed: 4,object,25,6,19.3548,21,NO,NO,0.12,0
01_Raw_Data/Interest_Rates/Weighted Average Lending Rate.xlsx :: SHEET=Sector Wise,Unnamed: 5,object,24,7,22.5806,21,NO,NO,0.083333,0
01_Raw_Data/Interest_Rates/Weighted Average Lending Rate.xlsx :: SHEET=Sector Wise,Unnamed: 6,object,25,6,19.3548,23,NO,NO,0.08,0
01_Raw_Data/Interest_Rates/Weighted Average Lending Rate.xlsx :: SHEET=Sector Wise,Unnamed: 7,object,24,7,22.5806,21,NO,NO,0.083333,0
01_Raw_Data/Interest_Rates/Weighted Average Lending Rate.xlsx :: SHEET=Sector Wise,Unnamed: 8,object,25,6,19.3548,21,NO,NO,0.12,0
01_Raw_Data/Interest_Rates/Weighted Average Lending Rate.xlsx :: SHEET=Sector Wise,Unnamed: 9,object,24,7,22.5806,23,NO,NO,0.083333,0
01_Raw_Data/Interest_Rates/Weighted Average Lending Rate.xlsx :: SHEET=Sector Wise,Unnamed: 10,object,25,6,19.3548,21,NO,NO,0.08,0
01_Raw_Data/Interest_Rates/Weighted Average Lending Rate.xlsx :: SHEET=Sector Wise,Unnamed: 11,object,24,7,22.5806,19,NO,NO,0.125,0
01_Raw_Data/Interest_Rates/Weighted Average Lending Rate.xlsx :: SHEET=Sector Wise,Unnamed: 12,object,25,6,19.3548,22,NO,NO,0.08,0
01_Raw_Data/Interest_Rates/Weighted Average Lending Rate.xlsx :: SHEET=Sector Wise,Unnamed: 13,object,24,7,22.5806,18,NO,NO,0.125,0
01_Raw_Data/Interest_Rates/Weighted Average Lending Rate.xlsx :: SHEET=Sector Wise,Unnamed: 14,object,25,6,19.3548,3,NO,NO,0.92,0
01_Raw_Data/Interest_Rates/Weighted Average Lending Rate.xlsx :: SHEET=Sector Wise,Unnamed: 15,object,24,7,22.5806,21,NO,NO,0.125,0
01_Raw_Data/Interest_Rates/Weighted Average Lending Rate.xlsx :: SHEET=Credit Range Wise,Unnamed: 0,float64,0,31,100.0,0,YES,NO,,0
01_Raw_Data/Interest_Rates/Weighted Average Lending Rate.xlsx :: SHEET=Credit Range Wise,Unnamed: 1,object,27,4,12.9032,27,NO,NO,0.037037,0
01_Raw_Data/Interest_Rates/Weighted Average Lending Rate.xlsx :: SHEET=Credit Range Wise,Unnamed: 2,object,25,6,19.3548,24,NO,NO,0.08,0
01_Raw_Data/Interest_Rates/Weighted Average Lending Rate.xlsx :: SHEET=Credit Range Wise,Unnamed: 3,object,24,7,22.5806,20,NO,NO,0.083333,0
01_Raw_Data/Interest_Rates/Weighted Average Lending Rate.xlsx :: SHEET=Credit Range Wise,Unnamed: 4,object,25,6,19.3548,24,NO,NO,0.08,0
01_Raw_Data/Interest_Rates/Weighted Average Lending Rate.xlsx :: SHEET=Credit Range Wise,Unnamed: 5,object,24,7,22.5806,23,NO,NO,0.083333,0
01_Raw_Data/Interest_Rates/Weighted Average Lending Rate.xlsx :: SHEET=Credit Range Wise,Unnamed: 6,object,25,6,19.3548,22,NO,NO,0.08,0
01_Raw_Data/Interest_Rates/Weighted Average Lending Rate.xlsx :: SHEET=Credit Range Wise,Unnamed: 7,object,24,7,22.5806,22,NO,NO,0.083333,0
01_Raw_Data/Interest_Rates/Weighted Average Lending Rate.xlsx :: SHEET=Credit Range Wise,Unnamed: 8,object,11,20,64.5161,11,NO,NO,0.090909,0
01_Raw_Data/Interest_Rates/Weighted Average Lending Rate.xlsx :: SHEET=Credit Range Wise,Unnamed: 9,object,10,21,67.7419,7,NO,NO,0.3,0
01_Raw_Data/Interest_Rates/Weighted Average Lending Rate.xlsx :: SHEET=Credit Range Wise,Unnamed: 10,object,25,6,19.3548,23,NO,NO,0.08,0
01_Raw_Data/Interest_Rates/Weighted Average Lending Rate.xlsx :: SHEET=Credit Range Wise,Unnamed: 11,object,24,7,22.5806,19,NO,NO,0.083333,0
01_Raw_Data/Interest_Rates/Weighted Average Lending Rate.xlsx :: SHEET=Credit Range Wise,Unnamed: 12,object,4,27,87.0968,4,NO,NO,0.25,0
01_Raw_Data/Interest_Rates/Weighted Average Lending Rate.xlsx :: SHEET=Credit Range Wise,Unnamed: 13,object,3,28,90.3226,3,NO,NO,0.333333,0
01_Raw_Data/Interest_Rates/Weighted Average Lending Rate.xlsx :: SHEET=Credit Range Wise,Unnamed: 14,object,25,6,19.3548,3,NO,NO,0.92,0
01_Raw_Data/Interest_Rates/Weighted Average Lending Rate.xlsx :: SHEET=Credit Range Wise,Unnamed: 15,object,24,7,22.5806,21,NO,NO,0.125,0
01_Raw_Data/Interest_Rates/Weighted Average Lending Rate.xlsx :: SHEET=Type of Account Wise,Unnamed: 0,float64,0,31,100.0,0,YES,NO,,0
01_Raw_Data/Interest_Rates/Weighted Average Lending Rate.xlsx :: SHEET=Type of Account Wise,Unnamed: 1,object,27,4,12.9032,27,NO,NO,0.037037,0
01_Raw_Data/Interest_Rates/Weighted Average Lending Rate.xlsx :: SHEET=Type of Account Wise,Unnamed: 2,object,25,6,19.3548,25,NO,NO,0.04,0
01_Raw_Data/Interest_Rates/Weighted Average Lending Rate.xlsx :: SHEET=Type of Account Wise,Unnamed: 3,object,24,7,22.5806,22,NO,NO,0.083333,0
01_Raw_Data/Interest_Rates/Weighted Average Lending Rate.xlsx :: SHEET=Type of Account Wise,Unnamed: 4,object,25,6,19.3548,22,NO,NO,0.12,0
01_Raw_Data/Interest_Rates/Weighted Average Lending Rate.xlsx :: SHEET=Type of Account Wise,Unnamed: 5,object,24,7,22.5806,22,NO,NO,0.083333,0
01_Raw_Data/Interest_Rates/Weighted Average Lending Rate.xlsx :: SHEET=Type of Account Wise,Unnamed: 6,object,25,6,19.3548,22,NO,NO,0.08,0
01_Raw_Data/Interest_Rates/Weighted Average Lending Rate.xlsx :: SHEET=Type of Account Wise,Unnamed: 7,object,24,7,22.5806,22,NO,NO,0.083333,0
01_Raw_Data/Interest_Rates/Weighted Average Lending Rate.xlsx :: SHEET=Type of Account Wise,Unnamed: 8,object,25,6,19.3548,24,NO,NO,0.08,0
01_Raw_Data/Interest_Rates/Weighted Average Lending Rate.xlsx :: SHEET=Type of Account Wise,Unnamed: 9,object,24,7,22.5806,21,NO,NO,0.083333,0
01_Raw_Data/Interest_Rates/Weighted Average Lending Rate.xlsx :: SHEET=Type of Account Wise,Unnamed: 10,object,25,6,19.3548,24,NO,NO,0.08,0
01_Raw_Data/Interest_Rates/Weighted Average Lending Rate.xlsx :: SHEET=Type of Account Wise,Unnamed: 11,object,24,7,22.5806,19,NO,NO,0.125,0
01_Raw_Data/Interest_Rates/Weighted Average Lending Rate.xlsx :: SHEET=Type of Account Wise,Unnamed: 12,object,25,6,19.3548,22,NO,NO,0.08,0
01_Raw_Data/Interest_Rates/Weighted Average Lending Rate.xlsx :: SHEET=Type of Account Wise,Unnamed: 13,object,24,7,22.5806,19,NO,NO,0.125,0
01_Raw_Data/Interest_Rates/Weighted Average Lending Rate.xlsx :: SHEET=Type of Account Wise,Unnamed: 14,object,25,6,19.3548,3,NO,NO,0.92,0
01_Raw_Data/Interest_Rates/Weighted Average Lending Rate.xlsx :: SHEET=Type of Account Wise,Unnamed: 15,object,24,7,22.5806,21,NO,NO,0.125,0
"01_Raw_Data/Interest_Rates/Major Monetary Policy Rates and Reserve Requirements - Bank Rate, LAF (Repo, Reverse Repo, SDF and MSF) Rates, CRR & SLR.xlsx :: SHEET=Report 1",Unnamed: 0,float64,0,268,100.0,0,YES,NO,,0
"01_Raw_Data/Interest_Rates/Major Monetary Policy Rates and Reserve Requirements - Bank Rate, LAF (Repo, Reverse Repo, SDF and MSF) Rates, CRR & SLR.xlsx :: SHEET=Report 1",Unnamed: 1,object,264,4,1.4925,264,NO,NO,0.003788,0
"01_Raw_Data/Interest_Rates/Major Monetary Policy Rates and Reserve Requirements - Bank Rate, LAF (Repo, Reverse Repo, SDF and MSF) Rates, CRR & SLR.xlsx :: SHEET=Report 1",Unnamed: 2,object,261,7,2.6119,34,NO,NO,0.739464,0
"01_Raw_Data/Interest_Rates/Major Monetary Policy Rates and Reserve Requirements - Bank Rate, LAF (Repo, Reverse Repo, SDF and MSF) Rates, CRR & SLR.xlsx :: SHEET=Report 1",Unnamed: 3,object,262,6,2.2388,29,NO,NO,0.717557,0
"01_Raw_Data/Interest_Rates/Major Monetary Policy Rates and Reserve Requirements - Bank Rate, LAF (Repo, Reverse Repo, SDF and MSF) Rates, CRR & SLR.xlsx :: SHEET=Report 1",Unnamed: 4,object,261,7,2.6119,22,NO,NO,0.781609,0
"01_Raw_Data/Interest_Rates/Major Monetary Policy Rates and Reserve Requirements - Bank Rate, LAF (Repo, Reverse Repo, SDF and MSF) Rates, CRR & SLR.xlsx :: SHEET=Report 1",Unnamed: 5,object,261,7,2.6119,12,NO,NO,0.950192,0
"01_Raw_Data/Interest_Rates/Major Monetary Policy Rates and Reserve Requirements - Bank Rate, LAF (Repo, Reverse Repo, SDF and MSF) Rates, CRR & SLR.xlsx :: SHEET=Report 1",Unnamed: 6,object,261,7,2.6119,23,NO,NO,0.835249,0
"01_Raw_Data/Interest_Rates/Major Monetary Policy Rates and Reserve Requirements - Bank Rate, LAF (Repo, Reverse Repo, SDF and MSF) Rates, CRR & SLR.xlsx :: SHEET=Report 1",Unnamed: 7,object,261,7,2.6119,43,NO,NO,0.59387,0
"01_Raw_Data/Interest_Rates/Major Monetary Policy Rates and Reserve Requirements - Bank Rate, LAF (Repo, Reverse Repo, SDF and MSF) Rates, CRR & SLR.xlsx :: SHEET=Report 1",Unnamed: 8,object,261,7,2.6119,45,NO,NO,0.808429,0
01_Raw_Data/Interest_Rates/Other STRBI Table No 18. Bank Group-Wise and Occupation-Wise Weighted Average Lending Rate and Deposit Rate.xlsx :: SHEET=Report 1,Unnamed: 0,float64,0,222,100.0,0,YES,NO,,0
01_Raw_Data/Interest_Rates/Other STRBI Table No 18. Bank Group-Wise and Occupation-Wise Weighted Average Lending Rate and Deposit Rate.xlsx :: SHEET=Report 1,Unnamed: 1,object,14,208,93.6937,14,NO,NO,0.071429,0
01_Raw_Data/Interest_Rates/Other STRBI Table No 18. Bank Group-Wise and Occupation-Wise Weighted Average Lending Rate and Deposit Rate.xlsx :: SHEET=Report 1,Unnamed: 2,object,215,7,3.1532,24,NO,NO,0.046512,0
01_Raw_Data/Interest_Rates/Other STRBI Table No 18. Bank Group-Wise and Occupation-Wise Weighted Average Lending Rate and Deposit Rate.xlsx :: SHEET=Report 1,Unnamed: 3,object,216,6,2.7027,167,NO,NO,0.018519,0
01_Raw_Data/Interest_Rates/Other STRBI Table No 18. Bank Group-Wise and Occupation-Wise Weighted Average Lending Rate and Deposit Rate.xlsx :: SHEET=Report 1,Unnamed: 4,object,215,7,3.1532,166,NO,NO,0.013953,0
01_Raw_Data/Interest_Rates/Other STRBI Table No 18. Bank Group-Wise and Occupation-Wise Weighted Average Lending Rate and Deposit Rate.xlsx :: SHEET=Report 1,Unnamed: 5,object,215,7,3.1532,121,NO,NO,0.311628,0
01_Raw_Data/Interest_Rates/Other STRBI Table No 18. Bank Group-Wise and Occupation-Wise Weighted Average Lending Rate and Deposit Rate.xlsx :: SHEET=Report 1,Unnamed: 6,object,215,7,3.1532,188,NO,NO,0.013953,0
01_Raw_Data/Interest_Rates/Other STRBI Table No 18. Bank Group-Wise and Occupation-Wise Weighted Average Lending Rate and Deposit Rate.xlsx :: SHEET=Report 1,Unnamed: 7,object,215,7,3.1532,155,NO,NO,0.023256,0
01_Raw_Data/Interest_Rates/Other STRBI Table No 18. Bank Group-Wise and Occupation-Wise Weighted Average Lending Rate and Deposit Rate.xlsx :: SHEET=Report 1,Unnamed: 8,object,215,7,3.1532,125,NO,NO,0.311628,0
01_Raw_Data/Interest_Rates/Other STRBI Table No 18. Bank Group-Wise and Occupation-Wise Weighted Average Lending Rate and Deposit Rate.xlsx :: SHEET=Report 1,Unnamed: 9,object,215,7,3.1532,64,NO,NO,0.683721,0
01_Raw_Data/Interest_Rates/Other STRBI Table No 18. Bank Group-Wise and Occupation-Wise Weighted Average Lending Rate and Deposit Rate.xlsx :: SHEET=Report 1,Unnamed: 10,object,215,7,3.1532,159,NO,NO,0.018605,0
01_Raw_Data/Semiconductor/Semiconductor_Master/Manufacturing_Matrix_Audit.csv,feature,object,39,0,0.0,39,NO,NO,0.025641,0
01_Raw_Data/Semiconductor/Semiconductor_Master/Manufacturing_Matrix_Audit.csv,non_null,int64,39,0,0.0,2,NO,NO,0.717949,0
01_Raw_Data/Semiconductor/Semiconductor_Master/Manufacturing_Matrix_Audit.csv,missing,int64,39,0,0.0,2,NO,NO,0.717949,0
01_Raw_Data/Semiconductor/Semiconductor_Master/Manufacturing_Matrix_Audit.csv,coverage_pct,float64,39,0,0.0,2,NO,NO,0.717949,0
01_Raw_Data/Semiconductor/Semiconductor_Master/Manufacturing_Matrix_Audit.csv,unique_values,int64,39,0,0.0,6,NO,NO,0.333333,0
01_Raw_Data/Semiconductor/Semiconductor_Master/Manufacturing_Matrix_Audit.csv,zero_variance,object,39,0,0.0,1,YES,NO,1.0,0
01_Raw_Data/Semiconductor/Semiconductor_Master/Manufacturing_Matrix_Audit.csv,all_missing,object,39,0,0.0,1,YES,NO,1.0,0
01_Raw_Data/Semiconductor/Semiconductor_Master/RBI_Electronics_Credit_Features.csv,year,int64,8,0,0.0,8,NO,NO,0.125,0
01_Raw_Data/Semiconductor/Semiconductor_Master/RBI_Electronics_Credit_Features.csv,rbi_electronics_credit_crore,float64,8,0,0.0,8,NO,NO,0.125,0
01_Raw_Data/Semiconductor/Semiconductor_Master/RBI_Electronics_Credit_Features.csv,rbi_electronics_credit_growth_pct,float64,7,1,12.5,7,NO,NO,0.142857,0
01_Raw_Data/Semiconductor/Semiconductor_Master/RBI_Electronics_Credit_Features.csv,rbi_electronics_credit_growth_volatility,float64,6,2,25.0,6,NO,NO,0.166667,0
01_Raw_Data/Semiconductor/Semiconductor_Master/Semiconductor_Baseline_Model_Predictions.csv,project_id,object,10,0,0.0,10,NO,NO,0.1,0
01_Raw_Data/Semiconductor/Semiconductor_Master/Semiconductor_Baseline_Model_Predictions.csv,actual_target,float64,10,0,0.0,10,NO,NO,0.1,0
01_Raw_Data/Semiconductor/Semiconductor_Master/Semiconductor_Baseline_Model_Predictions.csv,Linear Regression_prediction,float64,10,0,0.0,10,NO,NO,0.1,0
01_Raw_Data/Semiconductor/Semiconductor_Master/Semiconductor_Baseline_Model_Predictions.csv,Ridge Regression_prediction,float64,10,0,0.0,10,NO,NO,0.1,0
01_Raw_Data/Semiconductor/Semiconductor_Master/Semiconductor_Baseline_Model_Predictions.csv,Random Forest_prediction,float64,10,0,0.0,10,NO,NO,0.1,0
01_Raw_Data/Semiconductor/Semiconductor_Master/Semiconductor_Baseline_Model_Predictions.csv,Gradient Boosting_prediction,float64,10,0,0.0,10,NO,NO,0.1,0
01_Raw_Data/Semiconductor/Semiconductor_Master/Semiconductor_Permutation_Importance.csv,feature,object,34,0,0.0,24,NO,NO,0.058824,0
01_Raw_Data/Semiconductor/Semiconductor_Master/Semiconductor_Permutation_Importance.csv,importance_mean,float64,34,0,0.0,14,NO,NO,0.5,0
01_Raw_Data/Semiconductor/Semiconductor_Master/Semiconductor_Permutation_Importance.csv,importance_std,float64,34,0,0.0,14,NO,NO,0.5,0
01_Raw_Data/Semiconductor/Semiconductor_Master/Semiconductor_Ecosystem_Structural_Matrix.csv,ecosystem_id,object,36,0,0.0,36,NO,NO,0.027778,0
01_Raw_Data/Semiconductor/Semiconductor_Master/Semiconductor_Ecosystem_Structural_Matrix.csv,is_manufacturing,int64,36,0,0.0,2,NO,NO,0.666667,0
01_Raw_Data/Semiconductor/Semiconductor_Master/Semiconductor_Ecosystem_Structural_Matrix.csv,is_design,int64,36,0,0.0,2,NO,NO,0.666667,0
01_Raw_Data/Semiconductor/Semiconductor_Master/Semiconductor_Ecosystem_Structural_Matrix.csv,is_fab,int64,36,0,0.0,2,NO,NO,0.916667,0
01_Raw_Data/Semiconductor/Semiconductor_Master/Semiconductor_Ecosystem_Structural_Matrix.csv,is_osat,int64,36,0,0.0,2,NO,NO,0.833333,0
01_Raw_Data/Semiconductor/Semiconductor_Master/Semiconductor_Ecosystem_Structural_Matrix.csv,is_atmp,int64,36,0,0.0,2,NO,NO,0.916667,0
01_Raw_Data/Semiconductor/Semiconductor_Master/Semiconductor_Ecosystem_Structural_Matrix.csv,is_design_project,int64,36,0,0.0,2,NO,NO,0.666667,0
01_Raw_Data/Semiconductor/Semiconductor_Master/Semiconductor_Ecosystem_Structural_Matrix.csv,financial_measure_crore,float64,36,0,0.0,36,NO,NO,0.027778,0
01_Raw_Data/Semiconductor/Semiconductor_Master/Semiconductor_Ecosystem_Structural_Matrix.csv,log_financial_measure,float64,36,0,0.0,36,NO,NO,0.027778,0
01_Raw_Data/Semiconductor/Semiconductor_Master/Semiconductor_Ecosystem_Structural_Matrix.csv,financial_rank_within_scope,float64,36,0,0.0,24,NO,NO,0.055556,0
01_Raw_Data/Semiconductor/Semiconductor_Master/Semiconductor_Ecosystem_Structural_Matrix.csv,financial_size_relative_to_scope_max,float64,36,0,0.0,35,NO,NO,0.055556,0
01_Raw_Data/Semiconductor/Semiconductor_Master/Semiconductor_Ecosystem_Structural_Matrix.csv,financial_zscore_within_scope,float64,36,0,0.0,36,NO,NO,0.027778,0
01_Raw_Data/Semiconductor/Semiconductor_Master/Semiconductor_Ecosystem_Structural_Matrix.csv,state_project_count,int64,36,0,0.0,6,NO,NO,0.305556,0
01_Raw_Data/Semiconductor/Semiconductor_Master/Semiconductor_Ecosystem_Structural_Matrix.csv,scope_state_project_count,int64,36,0,0.0,6,NO,NO,0.305556,0
01_Raw_Data/Semiconductor/Semiconductor_Master/Semiconductor_Ecosystem_Structural_Matrix.csv,scope_state_project_share,float64,36,0,0.0,6,NO,NO,0.305556,0
01_Raw_Data/Semiconductor/Semiconductor_Master/Semiconductor_Ecosystem_Structural_Matrix.csv,state_financial_total_crore,float64,36,0,0.0,13,NO,NO,0.305556,0
01_Raw_Data/Semiconductor/Semiconductor_Master/Semiconductor_Ecosystem_Structural_Matrix.csv,state_financial_share_within_scope,float64,36,0,0.0,13,NO,NO,0.305556,0
01_Raw_Data/Semiconductor/Semiconductor_Master/Semiconductor_Ecosystem_Structural_Matrix.csv,company_project_count,int64,36,0,0.0,2,NO,NO,0.888889,0
01_Raw_Data/Semiconductor/Semiconductor_Master/Semiconductor_Ecosystem_Structural_Matrix.csv,multi_project_company_flag,int64,36,0,0.0,2,NO,NO,0.888889,0
01_Raw_Data/Semiconductor/Semiconductor_Master/Semiconductor_Ecosystem_Structural_Matrix.csv,has_technology_info,int64,36,0,0.0,2,NO,NO,0.916667,0
01_Raw_Data/Semiconductor/Semiconductor_Master/Semiconductor_Ecosystem_Structural_Matrix.csv,has_application_info,int64,36,0,0.0,2,NO,NO,0.555556,0
01_Raw_Data/Semiconductor/Semiconductor_Master/Semiconductor_Ecosystem_Structural_Matrix.csv,is_ai_related,int64,36,0,0.0,2,NO,NO,0.861111,0
01_Raw_Data/Semiconductor/Semiconductor_Master/Semiconductor_Ecosystem_Structural_Matrix.csv,is_telecom_related,int64,36,0,0.0,2,NO,NO,0.833333,0
01_Raw_Data/Semiconductor/Semiconductor_Master/Semiconductor_Ecosystem_Structural_Matrix.csv,is_automotive_related,int64,36,0,0.0,2,NO,NO,0.916667,0
01_Raw_Data/Semiconductor/Semiconductor_Master/Semiconductor_Ecosystem_Structural_Matrix.csv,is_iot_related,int64,36,0,0.0,2,NO,NO,0.888889,0
01_Raw_Data/Semiconductor/Semiconductor_Master/Semiconductor_Ecosystem_Structural_Matrix.csv,is_medical_related,int64,36,0,0.0,2,NO,NO,0.944444,0
01_Raw_Data/Semiconductor/Semiconductor_Master/Semiconductor_Ecosystem_Structural_Matrix.csv,has_chip_node,int64,36,0,0.0,2,NO,NO,0.972222,0
01_Raw_Data/Semiconductor/Semiconductor_Master/Semiconductor_Ecosystem_Structural_Matrix.csv,capacity_available,int64,36,0,0.0,2,NO,NO,0.666667,0
01_Raw_Data/Semiconductor/Semiconductor_Master/Semiconductor_Ecosystem_Structural_Matrix.csv,log_capacity_value,float64,12,24,66.6667,12,NO,NO,0.083333,0
01_Raw_Data/Semiconductor/Semiconductor_Master/Semiconductor_Ecosystem_Structural_Matrix.csv,has_technology_partner,int64,36,0,0.0,2,NO,NO,0.833333,0
01_Raw_Data/Semiconductor/Semiconductor_Master/Semiconductor_Ecosystem_Structural_Matrix.csv,approval_year,float64,12,24,66.6667,4,NO,NO,0.416667,0
01_Raw_Data/Semiconductor/Semiconductor_Master/Semiconductor_Ecosystem_Structural_Matrix.csv,approval_year_available,int64,36,0,0.0,2,NO,NO,0.666667,0
01_Raw_Data/Semiconductor/Semiconductor_Master/Semiconductor_Ecosystem_Structural_Matrix.csv,record_completeness_score,float64,36,0,0.0,3,NO,NO,0.722222,0
01_Raw_Data/Semiconductor/Semiconductor_Master/Semiconductor_Ecosystem_Structural_Matrix.csv,analytical_exposure_index,float64,36,0,0.0,36,NO,NO,0.027778,0
01_Raw_Data/Semiconductor/Semiconductor_Master/Semiconductor_Ecosystem_Structural_Matrix.csv,analytical_exposure_percentile,float64,36,0,0.0,24,NO,NO,0.055556,0
01_Raw_Data/Semiconductor/Semiconductor_Master/Manufacturing_High_Correlation_Pairs.csv,feature_1,object,92,0,0.0,29,NO,NO,0.097826,0
01_Raw_Data/Semiconductor/Semiconductor_Master/Manufacturing_High_Correlation_Pairs.csv,feature_2,object,92,0,0.0,27,NO,NO,0.097826,0
01_Raw_Data/Semiconductor/Semiconductor_Master/Manufacturing_High_Correlation_Pairs.csv,correlation,float64,92,0,0.0,57,NO,NO,0.086957,0
01_Raw_Data/Semiconductor/Semiconductor_Master/Manufacturing_High_Correlation_Pairs.csv,abs_correlation,float64,92,0,0.0,57,NO,NO,0.086957,0
01_Raw_Data/Semiconductor/Semiconductor_Master/Semiconductor_Manufacturing_RBI_Integrated_12Projects.csv,project_id,object,12,0,0.0,12,NO,NO,0.083333,0
01_Raw_Data/Semiconductor/Semiconductor_Master/Semiconductor_Manufacturing_RBI_Integrated_12Projects.csv,company,object,12,0,0.0,11,NO,NO,0.166667,0
01_Raw_Data/Semiconductor/Semiconductor_Master/Semiconductor_Manufacturing_RBI_Integrated_12Projects.csv,project_type,object,12,0,0.0,6,NO,NO,0.5,0
01_Raw_Data/Semiconductor/Semiconductor_Master/Semiconductor_Manufacturing_RBI_Integrated_12Projects.csv,project_group,object,12,0,0.0,4,NO,NO,0.583333,0
01_Raw_Data/Semiconductor/Semiconductor_Master/Semiconductor_Manufacturing_RBI_Integrated_12Projects.csv,state,object,12,0,0.0,6,NO,NO,0.5,0
01_Raw_Data/Semiconductor/Semiconductor_Master/Semiconductor_Manufacturing_RBI_Integrated_12Projects.csv,approval_date,object,12,0,0.0,6,NO,NO,0.333333,0
01_Raw_Data/Semiconductor/Semiconductor_Master/Semiconductor_Manufacturing_RBI_Integrated_12Projects.csv,approval_year,int64,12,0,0.0,4,NO,NO,0.416667,0
01_Raw_Data/Semiconductor/Semiconductor_Master/Semiconductor_Manufacturing_RBI_Integrated_12Projects.csv,investment_crore,int64,12,0,0.0,12,NO,NO,0.083333,0
01_Raw_Data/Semiconductor/Semiconductor_Master/Semiconductor_Manufacturing_RBI_Integrated_12Projects.csv,investment_category,object,12,0,0.0,4,NO,NO,0.416667,0
01_Raw_Data/Semiconductor/Semiconductor_Master/Semiconductor_Manufacturing_RBI_Integrated_12Projects.csv,capacity_value,float64,12,0,0.0,12,NO,NO,0.083333,0
01_Raw_Data/Semiconductor/Semiconductor_Master/Semiconductor_Manufacturing_RBI_Integrated_12Projects.csv,capacity_unit,object,12,0,0.0,10,NO,NO,0.166667,0
01_Raw_Data/Semiconductor/Semiconductor_Master/Semiconductor_Manufacturing_RBI_Integrated_12Projects.csv,capacity_category,object,12,0,0.0,9,NO,NO,0.166667,0
01_Raw_Data/Semiconductor/Semiconductor_Master/Semiconductor_Manufacturing_RBI_Integrated_12Projects.csv,technology,object,12,0,0.0,12,NO,NO,0.083333,0
01_Raw_Data/Semiconductor/Semiconductor_Master/Semiconductor_Manufacturing_RBI_Integrated_12Projects.csv,technology_partner,object,6,6,50.0,6,NO,NO,0.166667,0
01_Raw_Data/Semiconductor/Semiconductor_Master/Semiconductor_Manufacturing_RBI_Integrated_12Projects.csv,source_document,object,12,0,0.0,3,NO,NO,0.833333,0
01_Raw_Data/Semiconductor/Semiconductor_Master/Semiconductor_Manufacturing_RBI_Integrated_12Projects.csv,source_page,object,12,0,0.0,3,NO,NO,0.75,0
01_Raw_Data/Semiconductor/Semiconductor_Master/Semiconductor_Manufacturing_RBI_Integrated_12Projects.csv,source,object,12,0,0.0,3,NO,NO,0.75,0
01_Raw_Data/Semiconductor/Semiconductor_Master/Semiconductor_Manufacturing_RBI_Integrated_12Projects.csv,data_quality_flag,object,12,0,0.0,1,YES,NO,1.0,0
01_Raw_Data/Semiconductor/Semiconductor_Master/Semiconductor_Manufacturing_RBI_Integrated_12Projects.csv,project_type_standardized,object,12,0,0.0,5,NO,NO,0.5,0
01_Raw_Data/Semiconductor/Semiconductor_Master/Semiconductor_Manufacturing_RBI_Integrated_12Projects.csv,state_verified,bool,12,0,0.0,1,YES,NO,1.0,0
01_Raw_Data/Semiconductor/Semiconductor_Master/Semiconductor_Manufacturing_RBI_Integrated_12Projects.csv,rbi_electronics_credit_crore,float64,12,0,0.0,4,NO,NO,0.416667,0
01_Raw_Data/Semiconductor/Semiconductor_Master/Semiconductor_Manufacturing_RBI_Integrated_12Projects.csv,rbi_electronics_credit_growth_pct,float64,12,0,0.0,4,NO,NO,0.416667,0
01_Raw_Data/Semiconductor/Semiconductor_Master/Semiconductor_Manufacturing_RBI_Integrated_12Projects.csv,rbi_electronics_credit_growth_volatility,float64,12,0,0.0,4,NO,NO,0.416667,0
01_Raw_Data/Semiconductor/Semiconductor_Master/Semiconductor_Manufacturing_RBI_Integrated_12Projects.csv,total_gross_npa_closing_crore,float64,10,2,16.6667,3,NO,NO,0.5,0
01_Raw_Data/Semiconductor/Semiconductor_Master/Semiconductor_Manufacturing_RBI_Integrated_12Projects.csv,total_net_npa_closing_crore,float64,10,2,16.6667,3,NO,NO,0.5,0
01_Raw_Data/Semiconductor/Semiconductor_Master/Semiconductor_Manufacturing_RBI_Integrated_12Projects.csv,total_gross_npa_addition_crore,float64,10,2,16.6667,3,NO,NO,0.5,0
01_Raw_Data/Semiconductor/Semiconductor_Master/Semiconductor_Manufacturing_RBI_Integrated_12Projects.csv,total_gross_npa_reduction_crore,float64,10,2,16.6667,3,NO,NO,0.5,0
01_Raw_Data/Semiconductor/Semiconductor_Master/Semiconductor_Manufacturing_RBI_Integrated_12Projects.csv,total_gross_npa_writeoff_crore,float64,10,2,16.6667,3,NO,NO,0.5,0
01_Raw_Data/Semiconductor/Semiconductor_Master/Semiconductor_Manufacturing_RBI_Integrated_12Projects.csv,gross_npa_growth_pct,float64,10,2,16.6667,3,NO,NO,0.5,0
01_Raw_Data/Semiconductor/Semiconductor_Master/Semiconductor_Manufacturing_RBI_Integrated_12Projects.csv,net_to_gross_npa_ratio,float64,10,2,16.6667,3,NO,NO,0.5,0
01_Raw_Data/Semiconductor/Semiconductor_Master/Semiconductor_Manufacturing_RBI_Integrated_12Projects.csv,npa_addition_pressure,float64,10,2,16.6667,3,NO,NO,0.5,0
01_Raw_Data/Semiconductor/Semiconductor_Master/Semiconductor_Manufacturing_RBI_Integrated_12Projects.csv,electronics_credit_available,int64,12,0,0.0,1,YES,NO,1.0,0
01_Raw_Data/Semiconductor/Semiconductor_Master/Semiconductor_Manufacturing_RBI_Integrated_12Projects.csv,banking_npa_data_available,int64,12,0,0.0,2,NO,NO,0.833333,0
01_Raw_Data/Semiconductor/Semiconductor_Master/Semiconductor_Manufacturing_RBI_Integrated_12Projects.csv,investment_to_electronics_credit_ratio,float64,12,0,0.0,12,NO,NO,0.083333,0
01_Raw_Data/Semiconductor/Semiconductor_Master/Semiconductor_Manufacturing_RBI_Integrated_12Projects.csv,investment_to_electronics_credit_pct,float64,12,0,0.0,12,NO,NO,0.083333,0
01_Raw_Data/Semiconductor/Semiconductor_Master/Semiconductor_Manufacturing_RBI_Integrated_12Projects.csv,log_investment_crore,float64,12,0,0.0,12,NO,NO,0.083333,0
01_Raw_Data/Semiconductor/Semiconductor_Master/Semiconductor_Manufacturing_RBI_Integrated_12Projects.csv,investment_credit_growth_interaction,float64,12,0,0.0,12,NO,NO,0.083333,0
01_Raw_Data/Semiconductor/Semiconductor_Master/Semiconductor_Manufacturing_RBI_Integrated_12Projects.csv,investment_credit_volatility_interaction,float64,12,0,0.0,12,NO,NO,0.083333,0
01_Raw_Data/Semiconductor/Semiconductor_Master/Semiconductor_Manufacturing_RBI_Integrated_12Projects.csv,investment_npa_growth_interaction,float64,10,2,16.6667,10,NO,NO,0.1,0
01_Raw_Data/Semiconductor/Semiconductor_Master/Semiconductor_Manufacturing_RBI_Integrated_12Projects.csv,investment_npa_ratio_interaction,float64,10,2,16.6667,10,NO,NO,0.1,0
01_Raw_Data/Semiconductor/Semiconductor_Master/Semiconductor_Manufacturing_RBI_Integrated_12Projects.csv,investment_npa_pressure_interaction,float64,10,2,16.6667,10,NO,NO,0.1,0
01_Raw_Data/Semiconductor/Semiconductor_Master/Semiconductor_Source_Page_Verification_Worksheet.csv,candidate_id,object,23,0,0.0,23,NO,NO,0.043478,0
01_Raw_Data/Semiconductor/Semiconductor_Master/Semiconductor_Source_Page_Verification_Worksheet.csv,review_priority,object,23,0,0.0,2,NO,NO,0.826087,0
01_Raw_Data/Semiconductor/Semiconductor_Master/Semiconductor_Source_Page_Verification_Worksheet.csv,source_document,object,23,0,0.0,3,NO,NO,0.434783,0
01_Raw_Data/Semiconductor/Semiconductor_Master/Semiconductor_Source_Page_Verification_Worksheet.csv,source_page,int64,23,0,0.0,23,NO,NO,0.043478,0
01_Raw_Data/Semiconductor/Semiconductor_Master/Semiconductor_Source_Page_Verification_Worksheet.csv,source_reference,object,23,0,0.0,23,NO,NO,0.043478,0
01_Raw_Data/Semiconductor/Semiconductor_Master/Semiconductor_Source_Page_Verification_Worksheet.csv,company_candidate,object,23,0,0.0,23,NO,NO,0.043478,0
01_Raw_Data/Semiconductor/Semiconductor_Master/Semiconductor_Source_Page_Verification_Worksheet.csv,project_type_candidate,object,16,7,30.4348,5,NO,NO,0.4375,0
01_Raw_Data/Semiconductor/Semiconductor_Master/Semiconductor_Source_Page_Verification_Worksheet.csv,state_candidates,object,10,13,56.5217,8,NO,NO,0.2,0
01_Raw_Data/Semiconductor/Semiconductor_Master/Semiconductor_Source_Page_Verification_Worksheet.csv,investment_candidates_crore,object,21,2,8.6957,19,NO,NO,0.095238,0
01_Raw_Data/Semiconductor/Semiconductor_Master/Semiconductor_Source_Page_Verification_Worksheet.csv,capacity_candidates,object,3,20,86.9565,3,NO,NO,0.333333,0
01_Raw_Data/Semiconductor/Semiconductor_Master/Semiconductor_Source_Page_Verification_Worksheet.csv,evidence_strength,object,23,0,0.0,2,NO,NO,0.826087,0
01_Raw_Data/Semiconductor/Semiconductor_Master/Semiconductor_Source_Page_Verification_Worksheet.csv,matched_text,object,23,0,0.0,23,NO,NO,0.043478,0
01_Raw_Data/Semiconductor/Semiconductor_Master/Semiconductor_Source_Page_Verification_Worksheet.csv,is_actual_project,float64,0,23,100.0,0,YES,NO,,0
01_Raw_Data/Semiconductor/Semiconductor_Master/Semiconductor_Source_Page_Verification_Worksheet.csv,verified_company,float64,0,23,100.0,0,YES,NO,,0
01_Raw_Data/Semiconductor/Semiconductor_Master/Semiconductor_Source_Page_Verification_Worksheet.csv,verified_project_type,float64,0,23,100.0,0,YES,NO,,0
01_Raw_Data/Semiconductor/Semiconductor_Master/Semiconductor_Source_Page_Verification_Worksheet.csv,verified_state,float64,0,23,100.0,0,YES,NO,,0
01_Raw_Data/Semiconductor/Semiconductor_Master/Semiconductor_Source_Page_Verification_Worksheet.csv,verified_approval_date,float64,0,23,100.0,0,YES,NO,,0
01_Raw_Data/Semiconductor/Semiconductor_Master/Semiconductor_Source_Page_Verification_Worksheet.csv,verified_investment_crore,float64,0,23,100.0,0,YES,NO,,0
01_Raw_Data/Semiconductor/Semiconductor_Master/Semiconductor_Source_Page_Verification_Worksheet.csv,verified_capacity_value,float64,0,23,100.0,0,YES,NO,,0
01_Raw_Data/Semiconductor/Semiconductor_Master/Semiconductor_Source_Page_Verification_Worksheet.csv,verified_capacity_unit,float64,0,23,100.0,0,YES,NO,,0
01_Raw_Data/Semiconductor/Semiconductor_Master/Semiconductor_Source_Page_Verification_Worksheet.csv,verified_capacity_category,float64,0,23,100.0,0,YES,NO,,0
01_Raw_Data/Semiconductor/Semiconductor_Master/Semiconductor_Source_Page_Verification_Worksheet.csv,verified_technology,float64,0,23,100.0,0,YES,NO,,0
01_Raw_Data/Semiconductor/Semiconductor_Master/Semiconductor_Source_Page_Verification_Worksheet.csv,verified_technology_partner,float64,0,23,100.0,0,YES,NO,,0
01_Raw_Data/Semiconductor/Semiconductor_Master/Semiconductor_Source_Page_Verification_Worksheet.csv,evidence_quote,float64,0,23,100.0,0,YES,NO,,0
01_Raw_Data/Semiconductor/Semiconductor_Master/Semiconductor_Source_Page_Verification_Worksheet.csv,verification_notes,float64,0,23,100.0,0,YES,NO,,0
01_Raw_Data/Semiconductor/Semiconductor_Master/Semiconductor_Source_Page_Verification_Worksheet.csv,final_verification_status,float64,0,23,100.0,0,YES,NO,,0
01_Raw_Data/Semiconductor/Semiconductor_Master/Semiconductor_Source_Page_Verification_Worksheet.csv,verification_status_options,object,23,0,0.0,1,YES,NO,1.0,0
01_Raw_Data/Semiconductor/Semiconductor_Master/Semiconductor_ML_Ready.csv,project_id,object,10,0,0.0,10,NO,NO,0.1,0
01_Raw_Data/Semiconductor/Semiconductor_Master/Semiconductor_ML_Ready.csv,company,object,10,0,0.0,9,NO,NO,0.2,0
01_Raw_Data/Semiconductor/Semiconductor_Master/Semiconductor_ML_Ready.csv,investment_crore,int64,10,0,0.0,10,NO,NO,0.1,0
01_Raw_Data/Semiconductor/Semiconductor_Master/Semiconductor_ML_Ready.csv,capacity_value,float64,10,0,0.0,10,NO,NO,0.1,0
01_Raw_Data/Semiconductor/Semiconductor_Master/Semiconductor_ML_Ready.csv,state,object,10,0,0.0,6,NO,NO,0.4,0
01_Raw_Data/Semiconductor/Semiconductor_Master/Semiconductor_ML_Ready.csv,project_group,object,10,0,0.0,4,NO,NO,0.6,0
01_Raw_Data/Semiconductor/Semiconductor_Master/Semiconductor_ML_Ready.csv,capacity_value.1,float64,10,0,0.0,10,NO,NO,0.1,0
01_Raw_Data/Semiconductor/Semiconductor_Master/Semiconductor_ML_Ready.csv,capacity_available,float64,10,0,0.0,1,YES,NO,1.0,0
01_Raw_Data/Semiconductor/Semiconductor_Master/Semiconductor_ML_Ready.csv,capacity_log,float64,10,0,0.0,10,NO,NO,0.1,0
01_Raw_Data/Semiconductor/Semiconductor_Master/Semiconductor_ML_Ready.csv,has_technology_partner,float64,10,0,0.0,2,NO,NO,0.6,0
01_Raw_Data/Semiconductor/Semiconductor_Master/Semiconductor_ML_Ready.csv,project_complexity,float64,10,0,0.0,2,NO,NO,0.9,0
01_Raw_Data/Semiconductor/Semiconductor_Master/Semiconductor_ML_Ready.csv,data_quality_score,float64,10,0,0.0,1,YES,NO,1.0,0
01_Raw_Data/Semiconductor/Semiconductor_Master/Semiconductor_ML_Ready.csv,is_fab,float64,10,0,0.0,2,NO,NO,0.8,0
01_Raw_Data/Semiconductor/Semiconductor_Master/Semiconductor_ML_Ready.csv,is_osat,float64,10,0,0.0,2,NO,NO,0.5,0
01_Raw_Data/Semiconductor/Semiconductor_Master/Semiconductor_ML_Ready.csv,is_atmp,float64,10,0,0.0,2,NO,NO,0.9,0
01_Raw_Data/Semiconductor/Semiconductor_Master/Semiconductor_ML_Ready.csv,is_sic,float64,10,0,0.0,2,NO,NO,0.8,0
01_Raw_Data/Semiconductor/Semiconductor_Master/Semiconductor_ML_Ready.csv,is_advanced_packaging,float64,10,0,0.0,2,NO,NO,0.9,0
01_Raw_Data/Semiconductor/Semiconductor_Master/Semiconductor_ML_Ready.csv,state_project_count,float64,10,0,0.0,3,NO,NO,0.4,0
01_Raw_Data/Semiconductor/Semiconductor_Master/Semiconductor_ML_Ready.csv,state_total_investment,float64,10,0,0.0,6,NO,NO,0.4,0
01_Raw_Data/Semiconductor/Semiconductor_Master/Semiconductor_ML_Ready.csv,state_investment_share,float64,10,0,0.0,6,NO,NO,0.4,0
01_Raw_Data/Semiconductor/Semiconductor_Master/Semiconductor_ML_Ready.csv,company_project_count,float64,10,0,0.0,2,NO,NO,0.8,0
01_Raw_Data/Semiconductor/Semiconductor_Master/Semiconductor_ML_Ready.csv,years_since_approval,float64,10,0,0.0,3,NO,NO,0.5,0
01_Raw_Data/Semiconductor/Semiconductor_Master/Semiconductor_ML_Ready.csv,state_Andhra Pradesh,float64,10,0,0.0,2,NO,NO,0.9,0
01_Raw_Data/Semiconductor/Semiconductor_Master/Semiconductor_ML_Ready.csv,state_Assam,float64,10,0,0.0,2,NO,NO,0.9,0
01_Raw_Data/Semiconductor/Semiconductor_Master/Semiconductor_ML_Ready.csv,state_Gujarat,float64,10,0,0.0,2,NO,NO,0.6,0
01_Raw_Data/Semiconductor/Semiconductor_Master/Semiconductor_ML_Ready.csv,state_Odisha,float64,10,0,0.0,2,NO,NO,0.8,0
01_Raw_Data/Semiconductor/Semiconductor_Master/Semiconductor_ML_Ready.csv,state_Punjab,float64,10,0,0.0,2,NO,NO,0.9,0
01_Raw_Data/Semiconductor/Semiconductor_Master/Semiconductor_ML_Ready.csv,state_Uttar Pradesh,float64,10,0,0.0,2,NO,NO,0.9,0
01_Raw_Data/Semiconductor/Semiconductor_Master/Semiconductor_ML_Ready.csv,project_group_Advanced_Packaging,float64,10,0,0.0,2,NO,NO,0.9,0
01_Raw_Data/Semiconductor/Semiconductor_Master/Semiconductor_ML_Ready.csv,project_group_Fabrication,float64,10,0,0.0,2,NO,NO,0.8,0
01_Raw_Data/Semiconductor/Semiconductor_Master/Semiconductor_ML_Ready.csv,project_group_Manufacturing,float64,10,0,0.0,2,NO,NO,0.9,0
01_Raw_Data/Semiconductor/Semiconductor_Master/Semiconductor_ML_Ready.csv,project_group_Packaging_Testing,float64,10,0,0.0,2,NO,NO,0.6,0
01_Raw_Data/Semiconductor/Semiconductor_Master/Semiconductor_ML_Ready.csv,investment_category_Large,float64,10,0,0.0,2,NO,NO,0.9,0
01_Raw_Data/Semiconductor/Semiconductor_Master/Semiconductor_ML_Ready.csv,investment_category_Medium,float64,10,0,0.0,2,NO,NO,0.6,0
01_Raw_Data/Semiconductor/Semiconductor_Master/Semiconductor_ML_Ready.csv,investment_category_Mega,float64,10,0,0.0,2,NO,NO,0.7,0
01_Raw_Data/Semiconductor/Semiconductor_Master/Semiconductor_ML_Ready.csv,investment_category_Small,float64,10,0,0.0,2,NO,NO,0.8,0
01_Raw_Data/Semiconductor/Semiconductor_Master/Semiconductor_ML_Ready.csv,target_investment_exposure,float64,10,0,0.0,10,NO,NO,0.1,0
01_Raw_Data/Semiconductor/Semiconductor_Master/Semiconductor_RBI_Sector_Mapping_Final.csv,semiconductor_category,object,6,0,0.0,6,NO,NO,0.166667,0
01_Raw_Data/Semiconductor/Semiconductor_Master/Semiconductor_RBI_Sector_Mapping_Final.csv,rbi_sector,object,6,0,0.0,1,YES,NO,1.0,0
01_Raw_Data/Semiconductor/Semiconductor_Master/Semiconductor_RBI_Sector_Mapping_Final.csv,mapping_confidence,object,6,0,0.0,1,YES,NO,1.0,0
01_Raw_Data/Semiconductor/Semiconductor_Master/Semiconductor_RBI_Sector_Mapping_Final.csv,mapping_basis,object,6,0,0.0,1,YES,NO,1.0,0
01_Raw_Data/Semiconductor/Semiconductor_Master/Semiconductor_RBI_Sector_Mapping_Final.csv,manual_review_required,object,6,0,0.0,1,YES,NO,1.0,0
01_Raw_Data/Semiconductor/Semiconductor_Master/Semiconductor_RBI_Sector_Mapping_Final.csv,notes,object,6,0,0.0,1,YES,NO,1.0,0
01_Raw_Data/Semiconductor/Semiconductor_Master/Semiconductor_RBI_Sector_Mapping_Final.csv,auto_suggestions,float64,0,6,100.0,0,YES,NO,,0
01_Raw_Data/Semiconductor/Semiconductor_Master/Semiconductor_Project_RBI_Banking_Risk_Integrated.csv,project_id,object,10,0,0.0,10,NO,NO,0.1,0
01_Raw_Data/Semiconductor/Semiconductor_Master/Semiconductor_Project_RBI_Banking_Risk_Integrated.csv,company,object,10,0,0.0,9,NO,NO,0.2,0
01_Raw_Data/Semiconductor/Semiconductor_Master/Semiconductor_Project_RBI_Banking_Risk_Integrated.csv,project_type,object,10,0,0.0,6,NO,NO,0.5,0
01_Raw_Data/Semiconductor/Semiconductor_Master/Semiconductor_Project_RBI_Banking_Risk_Integrated.csv,project_group,object,10,0,0.0,4,NO,NO,0.6,0
01_Raw_Data/Semiconductor/Semiconductor_Master/Semiconductor_Project_RBI_Banking_Risk_Integrated.csv,state,object,10,0,0.0,6,NO,NO,0.4,0
01_Raw_Data/Semiconductor/Semiconductor_Master/Semiconductor_Project_RBI_Banking_Risk_Integrated.csv,approval_date,object,10,0,0.0,5,NO,NO,0.4,0
01_Raw_Data/Semiconductor/Semiconductor_Master/Semiconductor_Project_RBI_Banking_Risk_Integrated.csv,approval_year,int64,10,0,0.0,3,NO,NO,0.5,0
01_Raw_Data/Semiconductor/Semiconductor_Master/Semiconductor_Project_RBI_Banking_Risk_Integrated.csv,investment_crore,int64,10,0,0.0,10,NO,NO,0.1,0
01_Raw_Data/Semiconductor/Semiconductor_Master/Semiconductor_Project_RBI_Banking_Risk_Integrated.csv,investment_category,object,10,0,0.0,4,NO,NO,0.4,0
01_Raw_Data/Semiconductor/Semiconductor_Master/Semiconductor_Project_RBI_Banking_Risk_Integrated.csv,capacity_value,float64,10,0,0.0,10,NO,NO,0.1,0
01_Raw_Data/Semiconductor/Semiconductor_Master/Semiconductor_Project_RBI_Banking_Risk_Integrated.csv,capacity_unit,object,10,0,0.0,8,NO,NO,0.2,0
01_Raw_Data/Semiconductor/Semiconductor_Master/Semiconductor_Project_RBI_Banking_Risk_Integrated.csv,capacity_category,object,10,0,0.0,7,NO,NO,0.2,0
01_Raw_Data/Semiconductor/Semiconductor_Master/Semiconductor_Project_RBI_Banking_Risk_Integrated.csv,technology,object,10,0,0.0,10,NO,NO,0.1,0
01_Raw_Data/Semiconductor/Semiconductor_Master/Semiconductor_Project_RBI_Banking_Risk_Integrated.csv,technology_partner,object,6,4,40.0,6,NO,NO,0.166667,0
01_Raw_Data/Semiconductor/Semiconductor_Master/Semiconductor_Project_RBI_Banking_Risk_Integrated.csv,source_document,object,10,0,0.0,1,YES,NO,1.0,0
01_Raw_Data/Semiconductor/Semiconductor_Master/Semiconductor_Project_RBI_Banking_Risk_Integrated.csv,source_page,int64,10,0,0.0,2,NO,NO,0.9,0
01_Raw_Data/Semiconductor/Semiconductor_Master/Semiconductor_Project_RBI_Banking_Risk_Integrated.csv,source,object,10,0,0.0,2,NO,NO,0.9,0
01_Raw_Data/Semiconductor/Semiconductor_Master/Semiconductor_Project_RBI_Banking_Risk_Integrated.csv,data_quality_flag,object,10,0,0.0,1,YES,NO,1.0,0
01_Raw_Data/Semiconductor/Semiconductor_Master/Semiconductor_Project_RBI_Banking_Risk_Integrated.csv,project_type_standardized,object,10,0,0.0,5,NO,NO,0.5,0
01_Raw_Data/Semiconductor/Semiconductor_Master/Semiconductor_Project_RBI_Banking_Risk_Integrated.csv,state_verified,bool,10,0,0.0,1,YES,NO,1.0,0
01_Raw_Data/Semiconductor/Semiconductor_Master/Semiconductor_Project_RBI_Banking_Risk_Integrated.csv,year,int64,10,0,0.0,3,NO,NO,0.5,0
01_Raw_Data/Semiconductor/Semiconductor_Master/Semiconductor_Project_RBI_Banking_Risk_Integrated.csv,rbi_electronics_credit_crore,float64,10,0,0.0,3,NO,NO,0.5,0
01_Raw_Data/Semiconductor/Semiconductor_Master/Semiconductor_Project_RBI_Banking_Risk_Integrated.csv,rbi_electronics_credit_growth_pct,float64,10,0,0.0,3,NO,NO,0.5,0
01_Raw_Data/Semiconductor/Semiconductor_Master/Semiconductor_Project_RBI_Banking_Risk_Integrated.csv,rbi_electronics_credit_growth_volatility,float64,10,0,0.0,3,NO,NO,0.5,0
01_Raw_Data/Semiconductor/Semiconductor_Master/Semiconductor_Project_RBI_Banking_Risk_Integrated.csv,total_gross_npa_closing_crore,float64,10,0,0.0,3,NO,NO,0.5,0
01_Raw_Data/Semiconductor/Semiconductor_Master/Semiconductor_Project_RBI_Banking_Risk_Integrated.csv,total_net_npa_closing_crore,float64,10,0,0.0,3,NO,NO,0.5,0
01_Raw_Data/Semiconductor/Semiconductor_Master/Semiconductor_Project_RBI_Banking_Risk_Integrated.csv,total_gross_npa_addition_crore,float64,10,0,0.0,3,NO,NO,0.5,0
01_Raw_Data/Semiconductor/Semiconductor_Master/Semiconductor_Project_RBI_Banking_Risk_Integrated.csv,total_gross_npa_reduction_crore,float64,10,0,0.0,3,NO,NO,0.5,0
01_Raw_Data/Semiconductor/Semiconductor_Master/Semiconductor_Project_RBI_Banking_Risk_Integrated.csv,total_gross_npa_writeoff_crore,float64,10,0,0.0,3,NO,NO,0.5,0
01_Raw_Data/Semiconductor/Semiconductor_Master/Semiconductor_Project_RBI_Banking_Risk_Integrated.csv,gross_npa_growth_pct,float64,10,0,0.0,3,NO,NO,0.5,0
01_Raw_Data/Semiconductor/Semiconductor_Master/Semiconductor_Project_RBI_Banking_Risk_Integrated.csv,net_to_gross_npa_ratio,float64,10,0,0.0,3,NO,NO,0.5,0
01_Raw_Data/Semiconductor/Semiconductor_Master/Semiconductor_Project_RBI_Banking_Risk_Integrated.csv,npa_addition_pressure,float64,10,0,0.0,3,NO,NO,0.5,0
01_Raw_Data/Semiconductor/Semiconductor_Master/Semiconductor_Project_RBI_Banking_Risk_Integrated.csv,electronics_credit_available,int64,10,0,0.0,1,YES,NO,1.0,0
01_Raw_Data/Semiconductor/Semiconductor_Master/Semiconductor_Project_RBI_Banking_Risk_Integrated.csv,electronics_credit_stress,float64,10,0,0.0,1,YES,NO,1.0,0
01_Raw_Data/Semiconductor/Semiconductor_Master/Semiconductor_Project_RBI_Banking_Risk_Integrated.csv,banking_npa_stress_flag,float64,10,0,0.0,1,YES,NO,1.0,0
01_Raw_Data/Semiconductor/Semiconductor_Master/Semiconductor_Project_RBI_Banking_Risk_Integrated.csv,banking_stress_score,float64,10,0,0.0,1,YES,NO,1.0,0
01_Raw_Data/Semiconductor/Semiconductor_Master/Semiconductor_Project_Banking_Risk_Features_Step3B.csv,project_id,object,10,0,0.0,10,NO,NO,0.1,0
01_Raw_Data/Semiconductor/Semiconductor_Master/Semiconductor_Project_Banking_Risk_Features_Step3B.csv,company,object,10,0,0.0,9,NO,NO,0.2,0
01_Raw_Data/Semiconductor/Semiconductor_Master/Semiconductor_Project_Banking_Risk_Features_Step3B.csv,project_type,object,10,0,0.0,6,NO,NO,0.5,0
01_Raw_Data/Semiconductor/Semiconductor_Master/Semiconductor_Project_Banking_Risk_Features_Step3B.csv,project_group,object,10,0,0.0,4,NO,NO,0.6,0
01_Raw_Data/Semiconductor/Semiconductor_Master/Semiconductor_Project_Banking_Risk_Features_Step3B.csv,state,object,10,0,0.0,6,NO,NO,0.4,0
01_Raw_Data/Semiconductor/Semiconductor_Master/Semiconductor_Project_Banking_Risk_Features_Step3B.csv,approval_date,object,10,0,0.0,5,NO,NO,0.4,0
01_Raw_Data/Semiconductor/Semiconductor_Master/Semiconductor_Project_Banking_Risk_Features_Step3B.csv,approval_year,int64,10,0,0.0,3,NO,NO,0.5,0
01_Raw_Data/Semiconductor/Semiconductor_Master/Semiconductor_Project_Banking_Risk_Features_Step3B.csv,investment_crore,int64,10,0,0.0,10,NO,NO,0.1,0
01_Raw_Data/Semiconductor/Semiconductor_Master/Semiconductor_Project_Banking_Risk_Features_Step3B.csv,investment_category,object,10,0,0.0,4,NO,NO,0.4,0
01_Raw_Data/Semiconductor/Semiconductor_Master/Semiconductor_Project_Banking_Risk_Features_Step3B.csv,capacity_value,float64,10,0,0.0,10,NO,NO,0.1,0
01_Raw_Data/Semiconductor/Semiconductor_Master/Semiconductor_Project_Banking_Risk_Features_Step3B.csv,capacity_unit,object,10,0,0.0,8,NO,NO,0.2,0
01_Raw_Data/Semiconductor/Semiconductor_Master/Semiconductor_Project_Banking_Risk_Features_Step3B.csv,capacity_category,object,10,0,0.0,7,NO,NO,0.2,0
01_Raw_Data/Semiconductor/Semiconductor_Master/Semiconductor_Project_Banking_Risk_Features_Step3B.csv,technology,object,10,0,0.0,10,NO,NO,0.1,0
01_Raw_Data/Semiconductor/Semiconductor_Master/Semiconductor_Project_Banking_Risk_Features_Step3B.csv,technology_partner,object,6,4,40.0,6,NO,NO,0.166667,0
01_Raw_Data/Semiconductor/Semiconductor_Master/Semiconductor_Project_Banking_Risk_Features_Step3B.csv,source_document,object,10,0,0.0,1,YES,NO,1.0,0
01_Raw_Data/Semiconductor/Semiconductor_Master/Semiconductor_Project_Banking_Risk_Features_Step3B.csv,source_page,int64,10,0,0.0,2,NO,NO,0.9,0
01_Raw_Data/Semiconductor/Semiconductor_Master/Semiconductor_Project_Banking_Risk_Features_Step3B.csv,source,object,10,0,0.0,2,NO,NO,0.9,0
01_Raw_Data/Semiconductor/Semiconductor_Master/Semiconductor_Project_Banking_Risk_Features_Step3B.csv,data_quality_flag,object,10,0,0.0,1,YES,NO,1.0,0
01_Raw_Data/Semiconductor/Semiconductor_Master/Semiconductor_Project_Banking_Risk_Features_Step3B.csv,project_type_standardized,object,10,0,0.0,5,NO,NO,0.5,0
01_Raw_Data/Semiconductor/Semiconductor_Master/Semiconductor_Project_Banking_Risk_Features_Step3B.csv,state_verified,bool,10,0,0.0,1,YES,NO,1.0,0
01_Raw_Data/Semiconductor/Semiconductor_Master/Semiconductor_Project_Banking_Risk_Features_Step3B.csv,year,int64,10,0,0.0,3,NO,NO,0.5,0
01_Raw_Data/Semiconductor/Semiconductor_Master/Semiconductor_Project_Banking_Risk_Features_Step3B.csv,rbi_electronics_credit_crore,float64,10,0,0.0,3,NO,NO,0.5,0
01_Raw_Data/Semiconductor/Semiconductor_Master/Semiconductor_Project_Banking_Risk_Features_Step3B.csv,rbi_electronics_credit_growth_pct,float64,10,0,0.0,3,NO,NO,0.5,0
01_Raw_Data/Semiconductor/Semiconductor_Master/Semiconductor_Project_Banking_Risk_Features_Step3B.csv,rbi_electronics_credit_growth_volatility,float64,10,0,0.0,3,NO,NO,0.5,0
01_Raw_Data/Semiconductor/Semiconductor_Master/Semiconductor_Project_Banking_Risk_Features_Step3B.csv,total_gross_npa_closing_crore,float64,10,0,0.0,3,NO,NO,0.5,0
01_Raw_Data/Semiconductor/Semiconductor_Master/Semiconductor_Project_Banking_Risk_Features_Step3B.csv,total_net_npa_closing_crore,float64,10,0,0.0,3,NO,NO,0.5,0
01_Raw_Data/Semiconductor/Semiconductor_Master/Semiconductor_Project_Banking_Risk_Features_Step3B.csv,total_gross_npa_addition_crore,float64,10,0,0.0,3,NO,NO,0.5,0
01_Raw_Data/Semiconductor/Semiconductor_Master/Semiconductor_Project_Banking_Risk_Features_Step3B.csv,total_gross_npa_reduction_crore,float64,10,0,0.0,3,NO,NO,0.5,0
01_Raw_Data/Semiconductor/Semiconductor_Master/Semiconductor_Project_Banking_Risk_Features_Step3B.csv,total_gross_npa_writeoff_crore,float64,10,0,0.0,3,NO,NO,0.5,0
01_Raw_Data/Semiconductor/Semiconductor_Master/Semiconductor_Project_Banking_Risk_Features_Step3B.csv,gross_npa_growth_pct,float64,10,0,0.0,3,NO,NO,0.5,0
01_Raw_Data/Semiconductor/Semiconductor_Master/Semiconductor_Project_Banking_Risk_Features_Step3B.csv,net_to_gross_npa_ratio,float64,10,0,0.0,3,NO,NO,0.5,0
01_Raw_Data/Semiconductor/Semiconductor_Master/Semiconductor_Project_Banking_Risk_Features_Step3B.csv,npa_addition_pressure,float64,10,0,0.0,3,NO,NO,0.5,0
01_Raw_Data/Semiconductor/Semiconductor_Master/Semiconductor_Project_Banking_Risk_Features_Step3B.csv,electronics_credit_available,int64,10,0,0.0,1,YES,NO,1.0,0
01_Raw_Data/Semiconductor/Semiconductor_Master/Semiconductor_Project_Banking_Risk_Features_Step3B.csv,electronics_credit_stress,float64,10,0,0.0,1,YES,NO,1.0,0
01_Raw_Data/Semiconductor/Semiconductor_Master/Semiconductor_Project_Banking_Risk_Features_Step3B.csv,banking_npa_stress_flag,float64,10,0,0.0,1,YES,NO,1.0,0
01_Raw_Data/Semiconductor/Semiconductor_Master/Semiconductor_Project_Banking_Risk_Features_Step3B.csv,banking_stress_score,float64,10,0,0.0,1,YES,NO,1.0,0
01_Raw_Data/Semiconductor/Semiconductor_Master/Semiconductor_Project_Banking_Risk_Features_Step3B.csv,investment_to_electronics_credit_pct,float64,10,0,0.0,10,NO,NO,0.1,0
01_Raw_Data/Semiconductor/Semiconductor_Master/Semiconductor_Project_Banking_Risk_Features_Step3B.csv,investment_to_electronics_credit_ratio,float64,10,0,0.0,10,NO,NO,0.1,0
01_Raw_Data/Semiconductor/Semiconductor_Master/Semiconductor_Project_Banking_Risk_Features_Step3B.csv,investment_credit_growth_interaction,float64,10,0,0.0,10,NO,NO,0.1,0
01_Raw_Data/Semiconductor/Semiconductor_Master/Semiconductor_Project_Banking_Risk_Features_Step3B.csv,investment_credit_volatility_interaction,float64,10,0,0.0,10,NO,NO,0.1,0
01_Raw_Data/Semiconductor/Semiconductor_Master/Semiconductor_Project_Banking_Risk_Features_Step3B.csv,investment_npa_growth_interaction,float64,10,0,0.0,10,NO,NO,0.1,0
01_Raw_Data/Semiconductor/Semiconductor_Master/Semiconductor_Project_Banking_Risk_Features_Step3B.csv,investment_npa_ratio_interaction,float64,10,0,0.0,10,NO,NO,0.1,0
01_Raw_Data/Semiconductor/Semiconductor_Master/Semiconductor_Project_Banking_Risk_Features_Step3B.csv,investment_npa_pressure_interaction,float64,10,0,0.0,10,NO,NO,0.1,0
01_Raw_Data/Semiconductor/Semiconductor_Master/Semiconductor_Project_Banking_Risk_Features_Step3B.csv,project_size_relative_to_max,float64,10,0,0.0,10,NO,NO,0.1,0
01_Raw_Data/Semiconductor/Semiconductor_Master/Semiconductor_Project_Banking_Risk_Features_Step3B.csv,log_investment_crore,float64,10,0,0.0,10,NO,NO,0.1,0
01_Raw_Data/Semiconductor/Semiconductor_Master/Semiconductor_Project_Banking_Risk_Features_Step3B.csv,electronics_credit_contraction,int64,10,0,0.0,1,YES,NO,1.0,0
01_Raw_Data/Semiconductor/Semiconductor_Master/Semiconductor_Project_Banking_Risk_Features_Step3B.csv,gross_npa_increase_flag,int64,10,0,0.0,1,YES,NO,1.0,0
01_Raw_Data/Semiconductor/Semiconductor_Master/Semiconductor_RBI_Sector_Mapping.csv,semiconductor_category,object,6,0,0.0,6,NO,NO,0.166667,0
01_Raw_Data/Semiconductor/Semiconductor_Master/Semiconductor_RBI_Sector_Mapping.csv,rbi_sector,float64,0,6,100.0,0,YES,NO,,0
01_Raw_Data/Semiconductor/Semiconductor_Master/Semiconductor_RBI_Sector_Mapping.csv,mapping_confidence,float64,0,6,100.0,0,YES,NO,,0
01_Raw_Data/Semiconductor/Semiconductor_Master/Semiconductor_RBI_Sector_Mapping.csv,mapping_basis,float64,0,6,100.0,0,YES,NO,,0
01_Raw_Data/Semiconductor/Semiconductor_Master/Semiconductor_RBI_Sector_Mapping.csv,manual_review_required,float64,0,6,100.0,0,YES,NO,,0
01_Raw_Data/Semiconductor/Semiconductor_Master/Semiconductor_RBI_Sector_Mapping.csv,notes,float64,0,6,100.0,0,YES,NO,,0
01_Raw_Data/Semiconductor/Semiconductor_Master/Semiconductor_RBI_Sector_Mapping.csv,auto_suggestions,float64,0,6,100.0,0,YES,NO,,0
01_Raw_Data/Semiconductor/Semiconductor_Master/Ecosystem_Matrix_Audit.csv,feature,object,34,0,0.0,34,NO,NO,0.029412,0
01_Raw_Data/Semiconductor/Semiconductor_Master/Ecosystem_Matrix_Audit.csv,non_null,int64,34,0,0.0,2,NO,NO,0.941176,0
01_Raw_Data/Semiconductor/Semiconductor_Master/Ecosystem_Matrix_Audit.csv,missing,int64,34,0,0.0,2,NO,NO,0.941176,0
01_Raw_Data/Semiconductor/Semiconductor_Master/Ecosystem_Matrix_Audit.csv,coverage_pct,float64,34,0,0.0,2,NO,NO,0.941176,0
01_Raw_Data/Semiconductor/Semiconductor_Master/Ecosystem_Matrix_Audit.csv,unique_values,int64,34,0,0.0,9,NO,NO,0.558824,0
01_Raw_Data/Semiconductor/Semiconductor_Master/Ecosystem_Matrix_Audit.csv,zero_variance,object,34,0,0.0,1,YES,NO,1.0,0
01_Raw_Data/Semiconductor/Semiconductor_Master/Ecosystem_Matrix_Audit.csv,all_missing,object,34,0,0.0,1,YES,NO,1.0,0
01_Raw_Data/Semiconductor/Semiconductor_Master/Ecosystem_Feature_Selection_Audit.csv,feature,object,12,0,0.0,12,NO,NO,0.083333,0
01_Raw_Data/Semiconductor/Semiconductor_Master/Ecosystem_Feature_Selection_Audit.csv,status,object,12,0,0.0,1,YES,NO,1.0,0
01_Raw_Data/Semiconductor/Semiconductor_Master/Ecosystem_Feature_Selection_Audit.csv,reason,object,12,0,0.0,1,YES,NO,1.0,0
01_Raw_Data/Semiconductor/Semiconductor_Master/Semiconductor_Baseline_Model_Performance.csv,model,object,4,0,0.0,4,NO,NO,0.25,0
01_Raw_Data/Semiconductor/Semiconductor_Master/Semiconductor_Baseline_Model_Performance.csv,MAE,float64,4,0,0.0,4,NO,NO,0.25,0
01_Raw_Data/Semiconductor/Semiconductor_Master/Semiconductor_Baseline_Model_Performance.csv,RMSE,float64,4,0,0.0,4,NO,NO,0.25,0
01_Raw_Data/Semiconductor/Semiconductor_Master/Semiconductor_Baseline_Model_Performance.csv,R2,float64,4,0,0.0,4,NO,NO,0.25,0
01_Raw_Data/Semiconductor/Semiconductor_Master/RBI_Credit_Features_For_Semiconductor_Model.csv,sector,object,42,0,0.0,42,NO,NO,0.02381,0
01_Raw_Data/Semiconductor/Semiconductor_Master/RBI_Credit_Features_For_Semiconductor_Model.csv,credit_2019_crore,float64,41,1,2.381,41,NO,NO,0.02439,0
01_Raw_Data/Semiconductor/Semiconductor_Master/RBI_Credit_Features_For_Semiconductor_Model.csv,credit_2020_crore,float64,41,1,2.381,41,NO,NO,0.02439,0
01_Raw_Data/Semiconductor/Semiconductor_Master/RBI_Credit_Features_For_Semiconductor_Model.csv,credit_2021_crore,float64,41,1,2.381,41,NO,NO,0.02439,0
01_Raw_Data/Semiconductor/Semiconductor_Master/RBI_Credit_Features_For_Semiconductor_Model.csv,credit_2022_crore,float64,41,1,2.381,41,NO,NO,0.02439,0
01_Raw_Data/Semiconductor/Semiconductor_Master/RBI_Credit_Features_For_Semiconductor_Model.csv,credit_2023_crore,float64,41,1,2.381,41,NO,NO,0.02439,0
01_Raw_Data/Semiconductor/Semiconductor_Master/RBI_Credit_Features_For_Semiconductor_Model.csv,credit_2024_crore,float64,41,1,2.381,41,NO,NO,0.02439,0
01_Raw_Data/Semiconductor/Semiconductor_Master/RBI_Credit_Features_For_Semiconductor_Model.csv,credit_2025_crore,float64,41,1,2.381,41,NO,NO,0.02439,0
01_Raw_Data/Semiconductor/Semiconductor_Master/RBI_Credit_Features_For_Semiconductor_Model.csv,credit_2026_crore,float64,41,1,2.381,41,NO,NO,0.02439,0
01_Raw_Data/Semiconductor/Semiconductor_Master/RBI_Credit_Features_For_Semiconductor_Model.csv,credit_growth_2019_2020_pct,float64,41,1,2.381,41,NO,NO,0.02439,0
01_Raw_Data/Semiconductor/Semiconductor_Master/RBI_Credit_Features_For_Semiconductor_Model.csv,credit_growth_2020_2021_pct,float64,41,1,2.381,41,NO,NO,0.02439,0
01_Raw_Data/Semiconductor/Semiconductor_Master/RBI_Credit_Features_For_Semiconductor_Model.csv,credit_growth_2021_2022_pct,float64,41,1,2.381,41,NO,NO,0.02439,0
01_Raw_Data/Semiconductor/Semiconductor_Master/RBI_Credit_Features_For_Semiconductor_Model.csv,credit_growth_2022_2023_pct,float64,41,1,2.381,41,NO,NO,0.02439,0
01_Raw_Data/Semiconductor/Semiconductor_Master/RBI_Credit_Features_For_Semiconductor_Model.csv,credit_growth_2023_2024_pct,float64,41,1,2.381,41,NO,NO,0.02439,0
01_Raw_Data/Semiconductor/Semiconductor_Master/RBI_Credit_Features_For_Semiconductor_Model.csv,credit_growth_2024_2025_pct,float64,41,1,2.381,41,NO,NO,0.02439,0
01_Raw_Data/Semiconductor/Semiconductor_Master/RBI_Credit_Features_For_Semiconductor_Model.csv,credit_growth_2025_2026_pct,float64,41,1,2.381,41,NO,NO,0.02439,0
01_Raw_Data/Semiconductor/Semiconductor_Master/RBI_Credit_Features_For_Semiconductor_Model.csv,credit_growth_mean_pct,float64,41,1,2.381,41,NO,NO,0.02439,0
01_Raw_Data/Semiconductor/Semiconductor_Master/RBI_Credit_Features_For_Semiconductor_Model.csv,credit_growth_volatility_pct,float64,41,1,2.381,41,NO,NO,0.02439,0
01_Raw_Data/Semiconductor/Semiconductor_Master/Semiconductor_RBI_NPA_Integrated_Master.csv,year,int64,8,0,0.0,8,NO,NO,0.125,0
01_Raw_Data/Semiconductor/Semiconductor_Master/Semiconductor_RBI_NPA_Integrated_Master.csv,semiconductor_projects,float64,3,5,62.5,3,NO,NO,0.333333,0
01_Raw_Data/Semiconductor/Semiconductor_Master/Semiconductor_RBI_NPA_Integrated_Master.csv,semiconductor_investment_crore,float64,3,5,62.5,3,NO,NO,0.333333,0
01_Raw_Data/Semiconductor/Semiconductor_Master/Semiconductor_RBI_NPA_Integrated_Master.csv,semiconductor_investment_growth_pct,float64,2,6,75.0,2,NO,NO,0.5,0
01_Raw_Data/Semiconductor/Semiconductor_Master/Semiconductor_RBI_NPA_Integrated_Master.csv,relevant_industry_credit_crore,float64,8,0,0.0,8,NO,NO,0.125,0
01_Raw_Data/Semiconductor/Semiconductor_Master/Semiconductor_RBI_NPA_Integrated_Master.csv,relevant_industry_sector_count,int64,8,0,0.0,1,YES,NO,1.0,0
01_Raw_Data/Semiconductor/Semiconductor_Master/Semiconductor_RBI_NPA_Integrated_Master.csv,relevant_industry_credit_growth_pct,float64,7,1,12.5,7,NO,NO,0.142857,0
01_Raw_Data/Semiconductor/Semiconductor_Master/Semiconductor_RBI_NPA_Integrated_Master.csv,total_gross_npa_crore,float64,0,8,100.0,0,YES,NO,,0
01_Raw_Data/Semiconductor/Semiconductor_Master/Semiconductor_RBI_NPA_Integrated_Master.csv,total_net_npa_crore,float64,0,8,100.0,0,YES,NO,,0
01_Raw_Data/Semiconductor/Semiconductor_Master/Semiconductor_RBI_NPA_Integrated_Master.csv,total_npa_additions_crore,float64,0,8,100.0,0,YES,NO,,0
01_Raw_Data/Semiconductor/Semiconductor_Master/Semiconductor_RBI_NPA_Integrated_Master.csv,total_npa_reductions_crore,float64,0,8,100.0,0,YES,NO,,0
01_Raw_Data/Semiconductor/Semiconductor_Master/Semiconductor_RBI_NPA_Integrated_Master.csv,total_npa_writeoffs_crore,float64,0,8,100.0,0,YES,NO,,0
01_Raw_Data/Semiconductor/Semiconductor_Master/Semiconductor_RBI_NPA_Integrated_Master.csv,avg_npa_stress_score,float64,0,8,100.0,0,YES,NO,,0
01_Raw_Data/Semiconductor/Semiconductor_Master/Semiconductor_RBI_NPA_Integrated_Master.csv,avg_net_to_gross_ratio,float64,0,8,100.0,0,YES,NO,,0
01_Raw_Data/Semiconductor/Semiconductor_Master/Semiconductor_RBI_NPA_Integrated_Master.csv,gross_npa_growth_pct,float64,0,8,100.0,0,YES,NO,,0
01_Raw_Data/Semiconductor/Semiconductor_Master/Semiconductor_RBI_NPA_Integrated_Master.csv,net_npa_growth_pct,float64,0,8,100.0,0,YES,NO,,0
01_Raw_Data/Semiconductor/Semiconductor_Master/Semiconductor_RBI_NPA_Integrated_Master.csv,semiconductor_credit_intensity,float64,3,5,62.5,3,NO,NO,0.333333,0
01_Raw_Data/Semiconductor/Semiconductor_Master/Semiconductor_RBI_NPA_Integrated_Master.csv,npa_stress_indicator,float64,0,8,100.0,0,YES,NO,,0
01_Raw_Data/Semiconductor/Semiconductor_Master/Semiconductor_RBI_NPA_Integrated_Master.csv,banking_stress_proxy,float64,0,8,100.0,0,YES,NO,,0
01_Raw_Data/Semiconductor/Semiconductor_Master/Manufacturing_Stress_Testing_Final.csv,project_id,object,12,0,0.0,12,NO,NO,0.083333,0
01_Raw_Data/Semiconductor/Semiconductor_Master/Manufacturing_Stress_Testing_Final.csv,financial_size_relative_to_scope_max,float64,12,0,0.0,12,NO,NO,0.083333,0
01_Raw_Data/Semiconductor/Semiconductor_Master/Manufacturing_Stress_Testing_Final.csv,state_financial_share_within_scope,float64,12,0,0.0,6,NO,NO,0.5,0
01_Raw_Data/Semiconductor/Semiconductor_Master/Manufacturing_Stress_Testing_Final.csv,rbi_electronics_credit_growth_pct,float64,12,0,0.0,4,NO,NO,0.416667,0
01_Raw_Data/Semiconductor/Semiconductor_Master/Manufacturing_Stress_Testing_Final.csv,rbi_electronics_credit_growth_volatility,float64,12,0,0.0,4,NO,NO,0.416667,0
01_Raw_Data/Semiconductor/Semiconductor_Master/Manufacturing_Stress_Testing_Final.csv,gross_npa_growth_pct_missing,int64,12,0,0.0,2,NO,NO,0.833333,0
01_Raw_Data/Semiconductor/Semiconductor_Master/Manufacturing_Stress_Testing_Final.csv,gross_npa_growth_pct,float64,12,0,0.0,4,NO,NO,0.416667,0
01_Raw_Data/Semiconductor/Semiconductor_Master/Manufacturing_Stress_Testing_Final.csv,npa_addition_pressure_missing,int64,12,0,0.0,2,NO,NO,0.833333,0
01_Raw_Data/Semiconductor/Semiconductor_Master/Manufacturing_Stress_Testing_Final.csv,npa_addition_pressure,float64,12,0,0.0,4,NO,NO,0.416667,0
01_Raw_Data/Semiconductor/Semiconductor_Master/Manufacturing_Stress_Testing_Final.csv,z_financial_size_relative_to_scope_max,float64,12,0,0.0,12,NO,NO,0.083333,0
01_Raw_Data/Semiconductor/Semiconductor_Master/Manufacturing_Stress_Testing_Final.csv,z_state_financial_share_within_scope,float64,12,0,0.0,6,NO,NO,0.5,0
01_Raw_Data/Semiconductor/Semiconductor_Master/Manufacturing_Stress_Testing_Final.csv,z_rbi_electronics_credit_growth_pct,float64,12,0,0.0,4,NO,NO,0.416667,0
01_Raw_Data/Semiconductor/Semiconductor_Master/Manufacturing_Stress_Testing_Final.csv,z_rbi_electronics_credit_growth_volatility,float64,12,0,0.0,4,NO,NO,0.416667,0
01_Raw_Data/Semiconductor/Semiconductor_Master/Manufacturing_Stress_Testing_Final.csv,z_gross_npa_growth_pct,float64,12,0,0.0,4,NO,NO,0.416667,0
01_Raw_Data/Semiconductor/Semiconductor_Master/Manufacturing_Stress_Testing_Final.csv,z_npa_addition_pressure,float64,12,0,0.0,4,NO,NO,0.416667,0
01_Raw_Data/Semiconductor/Semiconductor_Master/Semiconductor_Project_Features.csv,project_id,object,10,0,0.0,10,NO,NO,0.1,0
01_Raw_Data/Semiconductor/Semiconductor_Master/Semiconductor_Project_Features.csv,company,object,10,0,0.0,9,NO,NO,0.2,0
01_Raw_Data/Semiconductor/Semiconductor_Master/Semiconductor_Project_Features.csv,project_type,object,10,0,0.0,6,NO,NO,0.5,0
01_Raw_Data/Semiconductor/Semiconductor_Master/Semiconductor_Project_Features.csv,project_group,object,10,0,0.0,4,NO,NO,0.6,0
01_Raw_Data/Semiconductor/Semiconductor_Master/Semiconductor_Project_Features.csv,state,object,10,0,0.0,6,NO,NO,0.4,0
01_Raw_Data/Semiconductor/Semiconductor_Master/Semiconductor_Project_Features.csv,approval_date,object,10,0,0.0,5,NO,NO,0.4,0
01_Raw_Data/Semiconductor/Semiconductor_Master/Semiconductor_Project_Features.csv,approval_year,int64,10,0,0.0,3,NO,NO,0.5,0
01_Raw_Data/Semiconductor/Semiconductor_Master/Semiconductor_Project_Features.csv,investment_crore,int64,10,0,0.0,10,NO,NO,0.1,0
01_Raw_Data/Semiconductor/Semiconductor_Master/Semiconductor_Project_Features.csv,investment_category,object,10,0,0.0,4,NO,NO,0.4,0
01_Raw_Data/Semiconductor/Semiconductor_Master/Semiconductor_Project_Features.csv,capacity_value,float64,10,0,0.0,10,NO,NO,0.1,0
01_Raw_Data/Semiconductor/Semiconductor_Master/Semiconductor_Project_Features.csv,capacity_unit,object,10,0,0.0,8,NO,NO,0.2,0
01_Raw_Data/Semiconductor/Semiconductor_Master/Semiconductor_Project_Features.csv,capacity_category,object,10,0,0.0,7,NO,NO,0.2,0
01_Raw_Data/Semiconductor/Semiconductor_Master/Semiconductor_Project_Features.csv,technology,object,10,0,0.0,10,NO,NO,0.1,0
01_Raw_Data/Semiconductor/Semiconductor_Master/Semiconductor_Project_Features.csv,technology_partner,object,6,4,40.0,6,NO,NO,0.166667,0
01_Raw_Data/Semiconductor/Semiconductor_Master/Semiconductor_Project_Features.csv,source_document,object,10,0,0.0,1,YES,NO,1.0,0
01_Raw_Data/Semiconductor/Semiconductor_Master/Semiconductor_Project_Features.csv,source_page,int64,10,0,0.0,2,NO,NO,0.9,0
01_Raw_Data/Semiconductor/Semiconductor_Master/Semiconductor_Project_Features.csv,source,object,10,0,0.0,2,NO,NO,0.9,0
01_Raw_Data/Semiconductor/Semiconductor_Master/Semiconductor_Project_Features.csv,data_quality_flag,object,10,0,0.0,1,YES,NO,1.0,0
01_Raw_Data/Semiconductor/Semiconductor_Master/Semiconductor_Project_Features.csv,project_type_standardized,object,10,0,0.0,5,NO,NO,0.5,0
01_Raw_Data/Semiconductor/Semiconductor_Master/Semiconductor_Project_Features.csv,state_verified,bool,10,0,0.0,1,YES,NO,1.0,0
01_Raw_Data/Semiconductor/Semiconductor_Master/Semiconductor_Project_Features.csv,investment_log,float64,10,0,0.0,10,NO,NO,0.1,0
01_Raw_Data/Semiconductor/Semiconductor_Master/Semiconductor_Project_Features.csv,investment_rank,float64,10,0,0.0,10,NO,NO,0.1,0
01_Raw_Data/Semiconductor/Semiconductor_Master/Semiconductor_Project_Features.csv,is_fab,int64,10,0,0.0,2,NO,NO,0.8,0
01_Raw_Data/Semiconductor/Semiconductor_Master/Semiconductor_Project_Features.csv,is_osat,int64,10,0,0.0,2,NO,NO,0.5,0
01_Raw_Data/Semiconductor/Semiconductor_Master/Semiconductor_Project_Features.csv,is_atmp,int64,10,0,0.0,2,NO,NO,0.9,0
01_Raw_Data/Semiconductor/Semiconductor_Master/Semiconductor_Project_Features.csv,is_sic,int64,10,0,0.0,2,NO,NO,0.8,0
01_Raw_Data/Semiconductor/Semiconductor_Master/Semiconductor_Project_Features.csv,is_advanced_packaging,int64,10,0,0.0,2,NO,NO,0.9,0
01_Raw_Data/Semiconductor/Semiconductor_Master/Semiconductor_Project_Features.csv,state_project_count,int64,10,0,0.0,3,NO,NO,0.4,0
01_Raw_Data/Semiconductor/Semiconductor_Master/Semiconductor_Project_Features.csv,state_total_investment,int64,10,0,0.0,6,NO,NO,0.4,0
01_Raw_Data/Semiconductor/Semiconductor_Master/Semiconductor_Project_Features.csv,state_investment_share,float64,10,0,0.0,6,NO,NO,0.4,0
01_Raw_Data/Semiconductor/Semiconductor_Master/Semiconductor_Project_Features.csv,company_project_count,int64,10,0,0.0,2,NO,NO,0.8,0
01_Raw_Data/Semiconductor/Semiconductor_Master/Semiconductor_Project_Features.csv,years_since_approval,int64,10,0,0.0,3,NO,NO,0.5,0
01_Raw_Data/Semiconductor/Semiconductor_Master/Semiconductor_Project_Features.csv,capacity_log,float64,10,0,0.0,10,NO,NO,0.1,0
01_Raw_Data/Semiconductor/Semiconductor_Master/Semiconductor_Project_Features.csv,capacity_available,int64,10,0,0.0,1,YES,NO,1.0,0
01_Raw_Data/Semiconductor/Semiconductor_Master/Semiconductor_Project_Features.csv,has_technology_partner,int64,10,0,0.0,2,NO,NO,0.6,0
01_Raw_Data/Semiconductor/Semiconductor_Master/Semiconductor_Project_Features.csv,project_complexity,int64,10,0,0.0,2,NO,NO,0.9,0
01_Raw_Data/Semiconductor/Semiconductor_Master/Semiconductor_Project_Features.csv,data_quality_score,int64,10,0,0.0,1,YES,NO,1.0,0
01_Raw_Data/Semiconductor/Semiconductor_Master/Semiconductor_Manufacturing_RBI_Integration_Audit.csv,feature,object,13,0,0.0,13,NO,NO,0.076923,0
01_Raw_Data/Semiconductor/Semiconductor_Master/Semiconductor_Manufacturing_RBI_Integration_Audit.csv,non_null,int64,13,0,0.0,2,NO,NO,0.538462,0
01_Raw_Data/Semiconductor/Semiconductor_Master/Semiconductor_Manufacturing_RBI_Integration_Audit.csv,missing,int64,13,0,0.0,2,NO,NO,0.538462,0
01_Raw_Data/Semiconductor/Semiconductor_Master/Semiconductor_Manufacturing_RBI_Integration_Audit.csv,coverage_pct,float64,13,0,0.0,2,NO,NO,0.538462,0
01_Raw_Data/Semiconductor/Semiconductor_Master/Semiconductor_Manufacturing_RBI_Integration_Audit.csv,unique_values,int64,13,0,0.0,4,NO,NO,0.384615,0
01_Raw_Data/Semiconductor/Semiconductor_Master/Semiconductor_Manufacturing_RBI_Integration_Audit.csv,zero_variance,object,13,0,0.0,1,YES,NO,1.0,0
01_Raw_Data/Semiconductor/Semiconductor_Master/Ecosystem_High_Correlation_Pairs.csv,feature_1,object,15,0,0.0,9,NO,NO,0.266667,0
01_Raw_Data/Semiconductor/Semiconductor_Master/Ecosystem_High_Correlation_Pairs.csv,feature_2,object,15,0,0.0,9,NO,NO,0.266667,0
01_Raw_Data/Semiconductor/Semiconductor_Master/Ecosystem_High_Correlation_Pairs.csv,correlation,float64,15,0,0.0,6,NO,NO,0.4,0
01_Raw_Data/Semiconductor/Semiconductor_Master/Ecosystem_High_Correlation_Pairs.csv,abs_correlation,float64,15,0,0.0,5,NO,NO,0.733333,0
01_Raw_Data/Semiconductor/Semiconductor_Master/Semiconductor_Ecosystem_Analytical_Features.csv,ecosystem_id,object,36,0,0.0,36,NO,NO,0.027778,0
01_Raw_Data/Semiconductor/Semiconductor_Master/Semiconductor_Ecosystem_Analytical_Features.csv,source_project_id,object,36,0,0.0,36,NO,NO,0.027778,0
01_Raw_Data/Semiconductor/Semiconductor_Master/Semiconductor_Ecosystem_Analytical_Features.csv,project_scope,object,36,0,0.0,2,NO,NO,0.666667,0
01_Raw_Data/Semiconductor/Semiconductor_Master/Semiconductor_Ecosystem_Analytical_Features.csv,company,object,36,0,0.0,34,NO,NO,0.055556,0
01_Raw_Data/Semiconductor/Semiconductor_Master/Semiconductor_Ecosystem_Analytical_Features.csv,project_name,object,24,12,33.3333,24,NO,NO,0.041667,0
01_Raw_Data/Semiconductor/Semiconductor_Master/Semiconductor_Ecosystem_Analytical_Features.csv,project_type,object,36,0,0.0,7,NO,NO,0.666667,0
01_Raw_Data/Semiconductor/Semiconductor_Master/Semiconductor_Ecosystem_Analytical_Features.csv,project_type_standardized,object,36,0,0.0,6,NO,NO,0.666667,0
01_Raw_Data/Semiconductor/Semiconductor_Master/Semiconductor_Ecosystem_Analytical_Features.csv,project_group,object,36,0,0.0,5,NO,NO,0.666667,0
01_Raw_Data/Semiconductor/Semiconductor_Master/Semiconductor_Ecosystem_Analytical_Features.csv,scheme,object,36,0,0.0,2,NO,NO,0.666667,0
01_Raw_Data/Semiconductor/Semiconductor_Master/Semiconductor_Ecosystem_Analytical_Features.csv,state,object,36,0,0.0,12,NO,NO,0.305556,0
01_Raw_Data/Semiconductor/Semiconductor_Master/Semiconductor_Ecosystem_Analytical_Features.csv,approval_date,object,12,24,66.6667,6,NO,NO,0.333333,0
01_Raw_Data/Semiconductor/Semiconductor_Master/Semiconductor_Ecosystem_Analytical_Features.csv,approval_year,float64,12,24,66.6667,4,NO,NO,0.416667,0
01_Raw_Data/Semiconductor/Semiconductor_Master/Semiconductor_Ecosystem_Analytical_Features.csv,investment_crore,float64,12,24,66.6667,12,NO,NO,0.083333,0
01_Raw_Data/Semiconductor/Semiconductor_Master/Semiconductor_Ecosystem_Analytical_Features.csv,project_outlay_crore,float64,24,12,33.3333,24,NO,NO,0.041667,0
01_Raw_Data/Semiconductor/Semiconductor_Master/Semiconductor_Ecosystem_Analytical_Features.csv,financial_measure_type,object,36,0,0.0,2,NO,NO,0.666667,0
01_Raw_Data/Semiconductor/Semiconductor_Master/Semiconductor_Ecosystem_Analytical_Features.csv,financial_measure_crore,float64,36,0,0.0,36,NO,NO,0.027778,0
01_Raw_Data/Semiconductor/Semiconductor_Master/Semiconductor_Ecosystem_Analytical_Features.csv,capacity_value,float64,12,24,66.6667,12,NO,NO,0.083333,0
01_Raw_Data/Semiconductor/Semiconductor_Master/Semiconductor_Ecosystem_Analytical_Features.csv,capacity_unit,object,12,24,66.6667,10,NO,NO,0.166667,0
01_Raw_Data/Semiconductor/Semiconductor_Master/Semiconductor_Ecosystem_Analytical_Features.csv,capacity_category,object,12,24,66.6667,9,NO,NO,0.166667,0
01_Raw_Data/Semiconductor/Semiconductor_Master/Semiconductor_Ecosystem_Analytical_Features.csv,technology,object,33,3,8.3333,28,NO,NO,0.121212,0
01_Raw_Data/Semiconductor/Semiconductor_Master/Semiconductor_Ecosystem_Analytical_Features.csv,technology_partner,object,6,30,83.3333,6,NO,NO,0.166667,0
01_Raw_Data/Semiconductor/Semiconductor_Master/Semiconductor_Ecosystem_Analytical_Features.csv,application,object,16,20,55.5556,12,NO,NO,0.1875,0
01_Raw_Data/Semiconductor/Semiconductor_Master/Semiconductor_Ecosystem_Analytical_Features.csv,chip_node,object,1,35,97.2222,1,YES,NO,1.0,0
01_Raw_Data/Semiconductor/Semiconductor_Master/Semiconductor_Ecosystem_Analytical_Features.csv,source_document,object,36,0,0.0,4,NO,NO,0.666667,0
01_Raw_Data/Semiconductor/Semiconductor_Master/Semiconductor_Ecosystem_Analytical_Features.csv,source_url,object,24,12,33.3333,1,YES,NO,1.0,0
01_Raw_Data/Semiconductor/Semiconductor_Master/Semiconductor_Ecosystem_Analytical_Features.csv,source_authority,object,36,0,0.0,4,NO,NO,0.666667,0
01_Raw_Data/Semiconductor/Semiconductor_Master/Semiconductor_Ecosystem_Analytical_Features.csv,data_quality_flag,object,36,0,0.0,2,NO,NO,0.666667,0
01_Raw_Data/Semiconductor/Semiconductor_Master/Semiconductor_Ecosystem_Analytical_Features.csv,is_manufacturing,int64,36,0,0.0,2,NO,NO,0.666667,0
01_Raw_Data/Semiconductor/Semiconductor_Master/Semiconductor_Ecosystem_Analytical_Features.csv,is_design,int64,36,0,0.0,2,NO,NO,0.666667,0
01_Raw_Data/Semiconductor/Semiconductor_Master/Semiconductor_Ecosystem_Analytical_Features.csv,is_fab,int64,36,0,0.0,2,NO,NO,0.916667,0
01_Raw_Data/Semiconductor/Semiconductor_Master/Semiconductor_Ecosystem_Analytical_Features.csv,is_osat,int64,36,0,0.0,2,NO,NO,0.833333,0
01_Raw_Data/Semiconductor/Semiconductor_Master/Semiconductor_Ecosystem_Analytical_Features.csv,is_atmp,int64,36,0,0.0,2,NO,NO,0.916667,0
01_Raw_Data/Semiconductor/Semiconductor_Master/Semiconductor_Ecosystem_Analytical_Features.csv,is_design_project,int64,36,0,0.0,2,NO,NO,0.666667,0
01_Raw_Data/Semiconductor/Semiconductor_Master/Semiconductor_Ecosystem_Analytical_Features.csv,log_financial_measure,float64,36,0,0.0,36,NO,NO,0.027778,0
01_Raw_Data/Semiconductor/Semiconductor_Master/Semiconductor_Ecosystem_Analytical_Features.csv,financial_rank_within_scope,float64,36,0,0.0,24,NO,NO,0.055556,0
01_Raw_Data/Semiconductor/Semiconductor_Master/Semiconductor_Ecosystem_Analytical_Features.csv,financial_size_relative_to_scope_max,float64,36,0,0.0,35,NO,NO,0.055556,0
01_Raw_Data/Semiconductor/Semiconductor_Master/Semiconductor_Ecosystem_Analytical_Features.csv,financial_zscore_within_scope,float64,36,0,0.0,36,NO,NO,0.027778,0
01_Raw_Data/Semiconductor/Semiconductor_Master/Semiconductor_Ecosystem_Analytical_Features.csv,state_project_count,int64,36,0,0.0,6,NO,NO,0.305556,0
01_Raw_Data/Semiconductor/Semiconductor_Master/Semiconductor_Ecosystem_Analytical_Features.csv,scope_state_project_count,int64,36,0,0.0,6,NO,NO,0.305556,0
01_Raw_Data/Semiconductor/Semiconductor_Master/Semiconductor_Ecosystem_Analytical_Features.csv,scope_state_project_share,float64,36,0,0.0,6,NO,NO,0.305556,0
01_Raw_Data/Semiconductor/Semiconductor_Master/Semiconductor_Ecosystem_Analytical_Features.csv,state_financial_total_crore,float64,36,0,0.0,13,NO,NO,0.305556,0
01_Raw_Data/Semiconductor/Semiconductor_Master/Semiconductor_Ecosystem_Analytical_Features.csv,state_financial_share_within_scope,float64,36,0,0.0,13,NO,NO,0.305556,0
01_Raw_Data/Semiconductor/Semiconductor_Master/Semiconductor_Ecosystem_Analytical_Features.csv,company_project_count,int64,36,0,0.0,2,NO,NO,0.888889,0
01_Raw_Data/Semiconductor/Semiconductor_Master/Semiconductor_Ecosystem_Analytical_Features.csv,multi_project_company_flag,int64,36,0,0.0,2,NO,NO,0.888889,0
01_Raw_Data/Semiconductor/Semiconductor_Master/Semiconductor_Ecosystem_Analytical_Features.csv,has_technology_info,int64,36,0,0.0,2,NO,NO,0.916667,0
01_Raw_Data/Semiconductor/Semiconductor_Master/Semiconductor_Ecosystem_Analytical_Features.csv,has_application_info,int64,36,0,0.0,2,NO,NO,0.555556,0
01_Raw_Data/Semiconductor/Semiconductor_Master/Semiconductor_Ecosystem_Analytical_Features.csv,is_ai_related,int64,36,0,0.0,2,NO,NO,0.861111,0
01_Raw_Data/Semiconductor/Semiconductor_Master/Semiconductor_Ecosystem_Analytical_Features.csv,is_telecom_related,int64,36,0,0.0,2,NO,NO,0.833333,0
01_Raw_Data/Semiconductor/Semiconductor_Master/Semiconductor_Ecosystem_Analytical_Features.csv,is_automotive_related,int64,36,0,0.0,2,NO,NO,0.916667,0
01_Raw_Data/Semiconductor/Semiconductor_Master/Semiconductor_Ecosystem_Analytical_Features.csv,is_iot_related,int64,36,0,0.0,2,NO,NO,0.888889,0
01_Raw_Data/Semiconductor/Semiconductor_Master/Semiconductor_Ecosystem_Analytical_Features.csv,is_medical_related,int64,36,0,0.0,2,NO,NO,0.944444,0
01_Raw_Data/Semiconductor/Semiconductor_Master/Semiconductor_Ecosystem_Analytical_Features.csv,chip_node_nm,float64,1,35,97.2222,1,YES,NO,1.0,0
01_Raw_Data/Semiconductor/Semiconductor_Master/Semiconductor_Ecosystem_Analytical_Features.csv,has_chip_node,int64,36,0,0.0,2,NO,NO,0.972222,0
01_Raw_Data/Semiconductor/Semiconductor_Master/Semiconductor_Ecosystem_Analytical_Features.csv,capacity_available,int64,36,0,0.0,2,NO,NO,0.666667,0
01_Raw_Data/Semiconductor/Semiconductor_Master/Semiconductor_Ecosystem_Analytical_Features.csv,log_capacity_value,float64,12,24,66.6667,12,NO,NO,0.083333,0
01_Raw_Data/Semiconductor/Semiconductor_Master/Semiconductor_Ecosystem_Analytical_Features.csv,has_technology_partner,int64,36,0,0.0,2,NO,NO,0.833333,0
01_Raw_Data/Semiconductor/Semiconductor_Master/Semiconductor_Ecosystem_Analytical_Features.csv,approval_year_available,int64,36,0,0.0,2,NO,NO,0.666667,0
01_Raw_Data/Semiconductor/Semiconductor_Master/Semiconductor_Ecosystem_Analytical_Features.csv,record_completeness_score,float64,36,0,0.0,3,NO,NO,0.722222,0
01_Raw_Data/Semiconductor/Semiconductor_Master/Semiconductor_Ecosystem_Analytical_Features.csv,size_component,float64,36,0,0.0,24,NO,NO,0.055556,0
01_Raw_Data/Semiconductor/Semiconductor_Master/Semiconductor_Ecosystem_Analytical_Features.csv,geographic_concentration_component,float64,36,0,0.0,13,NO,NO,0.305556,0
01_Raw_Data/Semiconductor/Semiconductor_Master/Semiconductor_Ecosystem_Analytical_Features.csv,company_concentration_component,float64,36,0,0.0,2,NO,NO,0.888889,0
01_Raw_Data/Semiconductor/Semiconductor_Master/Semiconductor_Ecosystem_Analytical_Features.csv,analytical_exposure_index,float64,36,0,0.0,36,NO,NO,0.027778,0
01_Raw_Data/Semiconductor/Semiconductor_Master/Semiconductor_Ecosystem_Analytical_Features.csv,analytical_exposure_percentile,float64,36,0,0.0,24,NO,NO,0.055556,0
01_Raw_Data/Semiconductor/Semiconductor_Master/Semiconductor_Master_Canonical.csv,project_id,object,12,0,0.0,12,NO,NO,0.083333,0
01_Raw_Data/Semiconductor/Semiconductor_Master/Semiconductor_Master_Canonical.csv,company,object,12,0,0.0,11,NO,NO,0.166667,0
01_Raw_Data/Semiconductor/Semiconductor_Master/Semiconductor_Master_Canonical.csv,project_type,object,12,0,0.0,6,NO,NO,0.5,0
01_Raw_Data/Semiconductor/Semiconductor_Master/Semiconductor_Master_Canonical.csv,project_group,object,12,0,0.0,4,NO,NO,0.583333,0
01_Raw_Data/Semiconductor/Semiconductor_Master/Semiconductor_Master_Canonical.csv,state,object,12,0,0.0,6,NO,NO,0.5,0
01_Raw_Data/Semiconductor/Semiconductor_Master/Semiconductor_Master_Canonical.csv,approval_date,object,12,0,0.0,6,NO,NO,0.333333,0
01_Raw_Data/Semiconductor/Semiconductor_Master/Semiconductor_Master_Canonical.csv,approval_year,int64,12,0,0.0,4,NO,NO,0.416667,0
01_Raw_Data/Semiconductor/Semiconductor_Master/Semiconductor_Master_Canonical.csv,investment_crore,int64,12,0,0.0,12,NO,NO,0.083333,0
01_Raw_Data/Semiconductor/Semiconductor_Master/Semiconductor_Master_Canonical.csv,investment_category,object,12,0,0.0,4,NO,NO,0.416667,0
01_Raw_Data/Semiconductor/Semiconductor_Master/Semiconductor_Master_Canonical.csv,capacity_value,float64,12,0,0.0,12,NO,NO,0.083333,0
01_Raw_Data/Semiconductor/Semiconductor_Master/Semiconductor_Master_Canonical.csv,capacity_unit,object,12,0,0.0,10,NO,NO,0.166667,0
01_Raw_Data/Semiconductor/Semiconductor_Master/Semiconductor_Master_Canonical.csv,capacity_category,object,12,0,0.0,9,NO,NO,0.166667,0
01_Raw_Data/Semiconductor/Semiconductor_Master/Semiconductor_Master_Canonical.csv,technology,object,12,0,0.0,12,NO,NO,0.083333,0
01_Raw_Data/Semiconductor/Semiconductor_Master/Semiconductor_Master_Canonical.csv,technology_partner,object,6,6,50.0,6,NO,NO,0.166667,0
01_Raw_Data/Semiconductor/Semiconductor_Master/Semiconductor_Master_Canonical.csv,source_document,object,12,0,0.0,3,NO,NO,0.833333,0
01_Raw_Data/Semiconductor/Semiconductor_Master/Semiconductor_Master_Canonical.csv,source_page,object,12,0,0.0,3,NO,NO,0.75,0
01_Raw_Data/Semiconductor/Semiconductor_Master/Semiconductor_Master_Canonical.csv,source,object,12,0,0.0,3,NO,NO,0.75,0
01_Raw_Data/Semiconductor/Semiconductor_Master/Semiconductor_Master_Canonical.csv,data_quality_flag,object,12,0,0.0,1,YES,NO,1.0,0
01_Raw_Data/Semiconductor/Semiconductor_Master/Semiconductor_Master_Canonical.csv,project_type_standardized,object,12,0,0.0,5,NO,NO,0.5,0
01_Raw_Data/Semiconductor/Semiconductor_Master/Semiconductor_Master_Canonical.csv,state_verified,bool,12,0,0.0,1,YES,NO,1.0,0
01_Raw_Data/Semiconductor/Semiconductor_Master/Semiconductor_Project_Verification_Final_Review.csv,candidate_id,object,51,0,0.0,51,NO,NO,0.019608,0
01_Raw_Data/Semiconductor/Semiconductor_Master/Semiconductor_Project_Verification_Final_Review.csv,company_candidate,object,50,1,1.9608,50,NO,NO,0.02,0
01_Raw_Data/Semiconductor/Semiconductor_Master/Semiconductor_Project_Verification_Final_Review.csv,project_type_candidate,object,29,22,43.1373,7,NO,NO,0.37931,0
01_Raw_Data/Semiconductor/Semiconductor_Master/Semiconductor_Project_Verification_Final_Review.csv,state_candidates,object,17,34,66.6667,11,NO,NO,0.294118,0
01_Raw_Data/Semiconductor/Semiconductor_Master/Semiconductor_Project_Verification_Final_Review.csv,investment_candidates_crore,object,30,21,41.1765,28,NO,NO,0.066667,0
01_Raw_Data/Semiconductor/Semiconductor_Master/Semiconductor_Project_Verification_Final_Review.csv,capacity_candidates,object,4,47,92.1569,4,NO,NO,0.25,0
01_Raw_Data/Semiconductor/Semiconductor_Master/Semiconductor_Project_Verification_Final_Review.csv,source_document,object,51,0,0.0,3,NO,NO,0.45098,0
01_Raw_Data/Semiconductor/Semiconductor_Master/Semiconductor_Project_Verification_Final_Review.csv,source_page,int64,51,0,0.0,46,NO,NO,0.039216,0
01_Raw_Data/Semiconductor/Semiconductor_Master/Semiconductor_Project_Verification_Final_Review.csv,evidence_project_signal,int64,51,0,0.0,6,NO,NO,0.333333,0
01_Raw_Data/Semiconductor/Semiconductor_Master/Semiconductor_Project_Verification_Final_Review.csv,evidence_company_signal,int64,51,0,0.0,2,NO,NO,0.980392,0
01_Raw_Data/Semiconductor/Semiconductor_Master/Semiconductor_Project_Verification_Final_Review.csv,evidence_investment_signal,int64,51,0,0.0,2,NO,NO,0.588235,0
01_Raw_Data/Semiconductor/Semiconductor_Master/Semiconductor_Project_Verification_Final_Review.csv,evidence_capacity_signal,int64,51,0,0.0,2,NO,NO,0.921569,0
01_Raw_Data/Semiconductor/Semiconductor_Master/Semiconductor_Project_Verification_Final_Review.csv,evidence_state_signal,int64,51,0,0.0,2,NO,NO,0.666667,0
01_Raw_Data/Semiconductor/Semiconductor_Master/Semiconductor_Project_Verification_Final_Review.csv,duplicate_company_similarity,float64,51,0,0.0,49,NO,NO,0.039216,0
01_Raw_Data/Semiconductor/Semiconductor_Master/Semiconductor_Project_Verification_Final_Review.csv,matched_existing_project,object,1,50,98.0392,1,YES,NO,1.0,0
01_Raw_Data/Semiconductor/Semiconductor_Master/Semiconductor_Project_Verification_Final_Review.csv,duplicate_flag,bool,51,0,0.0,2,NO,NO,0.980392,0
01_Raw_Data/Semiconductor/Semiconductor_Master/Semiconductor_Project_Verification_Final_Review.csv,policy_reference_flag,bool,51,0,0.0,2,NO,NO,0.941176,0
01_Raw_Data/Semiconductor/Semiconductor_Master/Semiconductor_Project_Verification_Final_Review.csv,evidence_strength,object,51,0,0.0,4,NO,NO,0.529412,0
01_Raw_Data/Semiconductor/Semiconductor_Master/Semiconductor_Project_Verification_Final_Review.csv,recommended_action,object,51,0,0.0,4,NO,NO,0.470588,0
01_Raw_Data/Semiconductor/Semiconductor_Master/Semiconductor_Project_Verification_Final_Review.csv,verified_company_final,float64,0,51,100.0,0,YES,NO,,0
01_Raw_Data/Semiconductor/Semiconductor_Master/Semiconductor_Project_Verification_Final_Review.csv,verified_project_type_final,float64,0,51,100.0,0,YES,NO,,0
01_Raw_Data/Semiconductor/Semiconductor_Master/Semiconductor_Project_Verification_Final_Review.csv,verified_state_final,float64,0,51,100.0,0,YES,NO,,0
01_Raw_Data/Semiconductor/Semiconductor_Master/Semiconductor_Project_Verification_Final_Review.csv,verified_investment_final,float64,0,51,100.0,0,YES,NO,,0
01_Raw_Data/Semiconductor/Semiconductor_Master/Semiconductor_Project_Verification_Final_Review.csv,verified_capacity_final,float64,0,51,100.0,0,YES,NO,,0
01_Raw_Data/Semiconductor/Semiconductor_Master/Semiconductor_Project_Verification_Final_Review.csv,verified_approval_date_final,float64,0,51,100.0,0,YES,NO,,0
01_Raw_Data/Semiconductor/Semiconductor_Master/Semiconductor_Project_Verification_Final_Review.csv,verification_decision,object,51,0,0.0,1,YES,NO,1.0,0
01_Raw_Data/Semiconductor/Semiconductor_Master/Semiconductor_Ecosystem_Master.csv,ecosystem_id,object,36,0,0.0,36,NO,NO,0.027778,0
01_Raw_Data/Semiconductor/Semiconductor_Master/Semiconductor_Ecosystem_Master.csv,source_project_id,object,36,0,0.0,36,NO,NO,0.027778,0
01_Raw_Data/Semiconductor/Semiconductor_Master/Semiconductor_Ecosystem_Master.csv,project_scope,object,36,0,0.0,2,NO,NO,0.666667,0
01_Raw_Data/Semiconductor/Semiconductor_Master/Semiconductor_Ecosystem_Master.csv,company,object,36,0,0.0,34,NO,NO,0.055556,0
01_Raw_Data/Semiconductor/Semiconductor_Master/Semiconductor_Ecosystem_Master.csv,project_name,object,24,12,33.3333,24,NO,NO,0.041667,0
01_Raw_Data/Semiconductor/Semiconductor_Master/Semiconductor_Ecosystem_Master.csv,project_type,object,36,0,0.0,7,NO,NO,0.666667,0
01_Raw_Data/Semiconductor/Semiconductor_Master/Semiconductor_Ecosystem_Master.csv,project_type_standardized,object,36,0,0.0,6,NO,NO,0.666667,0
01_Raw_Data/Semiconductor/Semiconductor_Master/Semiconductor_Ecosystem_Master.csv,project_group,object,36,0,0.0,5,NO,NO,0.666667,0
01_Raw_Data/Semiconductor/Semiconductor_Master/Semiconductor_Ecosystem_Master.csv,scheme,object,36,0,0.0,2,NO,NO,0.666667,0
01_Raw_Data/Semiconductor/Semiconductor_Master/Semiconductor_Ecosystem_Master.csv,state,object,36,0,0.0,12,NO,NO,0.305556,0
01_Raw_Data/Semiconductor/Semiconductor_Master/Semiconductor_Ecosystem_Master.csv,approval_date,object,12,24,66.6667,6,NO,NO,0.333333,0
01_Raw_Data/Semiconductor/Semiconductor_Master/Semiconductor_Ecosystem_Master.csv,approval_year,float64,12,24,66.6667,4,NO,NO,0.416667,0
01_Raw_Data/Semiconductor/Semiconductor_Master/Semiconductor_Ecosystem_Master.csv,investment_crore,float64,12,24,66.6667,12,NO,NO,0.083333,0
01_Raw_Data/Semiconductor/Semiconductor_Master/Semiconductor_Ecosystem_Master.csv,project_outlay_crore,float64,24,12,33.3333,24,NO,NO,0.041667,0
01_Raw_Data/Semiconductor/Semiconductor_Master/Semiconductor_Ecosystem_Master.csv,financial_measure_type,object,36,0,0.0,2,NO,NO,0.666667,0
01_Raw_Data/Semiconductor/Semiconductor_Master/Semiconductor_Ecosystem_Master.csv,financial_measure_crore,float64,36,0,0.0,36,NO,NO,0.027778,0
01_Raw_Data/Semiconductor/Semiconductor_Master/Semiconductor_Ecosystem_Master.csv,capacity_value,float64,12,24,66.6667,12,NO,NO,0.083333,0
01_Raw_Data/Semiconductor/Semiconductor_Master/Semiconductor_Ecosystem_Master.csv,capacity_unit,object,12,24,66.6667,10,NO,NO,0.166667,0
01_Raw_Data/Semiconductor/Semiconductor_Master/Semiconductor_Ecosystem_Master.csv,capacity_category,object,12,24,66.6667,9,NO,NO,0.166667,0
01_Raw_Data/Semiconductor/Semiconductor_Master/Semiconductor_Ecosystem_Master.csv,technology,object,33,3,8.3333,28,NO,NO,0.121212,0
01_Raw_Data/Semiconductor/Semiconductor_Master/Semiconductor_Ecosystem_Master.csv,technology_partner,object,6,30,83.3333,6,NO,NO,0.166667,0
01_Raw_Data/Semiconductor/Semiconductor_Master/Semiconductor_Ecosystem_Master.csv,application,object,16,20,55.5556,12,NO,NO,0.1875,0
01_Raw_Data/Semiconductor/Semiconductor_Master/Semiconductor_Ecosystem_Master.csv,chip_node,object,1,35,97.2222,1,YES,NO,1.0,0
01_Raw_Data/Semiconductor/Semiconductor_Master/Semiconductor_Ecosystem_Master.csv,source_document,object,36,0,0.0,4,NO,NO,0.666667,0
01_Raw_Data/Semiconductor/Semiconductor_Master/Semiconductor_Ecosystem_Master.csv,source_url,object,24,12,33.3333,1,YES,NO,1.0,0
01_Raw_Data/Semiconductor/Semiconductor_Master/Semiconductor_Ecosystem_Master.csv,source_authority,object,36,0,0.0,4,NO,NO,0.666667,0
01_Raw_Data/Semiconductor/Semiconductor_Master/Semiconductor_Ecosystem_Master.csv,data_quality_flag,object,36,0,0.0,2,NO,NO,0.666667,0
01_Raw_Data/Semiconductor/Semiconductor_Master/Semiconductor_Project_Manual_Review copy.csv,candidate_id,object,51,0,0.0,51,NO,NO,0.019608,0
01_Raw_Data/Semiconductor/Semiconductor_Master/Semiconductor_Project_Manual_Review copy.csv,company_candidate,object,50,1,1.9608,50,NO,NO,0.02,0
01_Raw_Data/Semiconductor/Semiconductor_Master/Semiconductor_Project_Manual_Review copy.csv,project_type_candidate,object,29,22,43.1373,7,NO,NO,0.37931,0
01_Raw_Data/Semiconductor/Semiconductor_Master/Semiconductor_Project_Manual_Review copy.csv,state_candidates,object,17,34,66.6667,11,NO,NO,0.294118,0
01_Raw_Data/Semiconductor/Semiconductor_Master/Semiconductor_Project_Manual_Review copy.csv,investment_candidates_crore,object,30,21,41.1765,28,NO,NO,0.066667,0
01_Raw_Data/Semiconductor/Semiconductor_Master/Semiconductor_Project_Manual_Review copy.csv,capacity_candidates,object,4,47,92.1569,4,NO,NO,0.25,0
01_Raw_Data/Semiconductor/Semiconductor_Master/Semiconductor_Project_Manual_Review copy.csv,source_document,object,51,0,0.0,3,NO,NO,0.45098,0
01_Raw_Data/Semiconductor/Semiconductor_Master/Semiconductor_Project_Manual_Review copy.csv,source_page,int64,51,0,0.0,46,NO,NO,0.039216,0
01_Raw_Data/Semiconductor/Semiconductor_Master/Semiconductor_Project_Manual_Review copy.csv,evidence_score,int64,51,0,0.0,2,NO,NO,0.509804,0
01_Raw_Data/Semiconductor/Semiconductor_Master/Semiconductor_Project_Manual_Review copy.csv,has_investment_signal,bool,51,0,0.0,1,YES,NO,1.0,0
01_Raw_Data/Semiconductor/Semiconductor_Master/Semiconductor_Project_Manual_Review copy.csv,has_capacity_signal,bool,51,0,0.0,2,NO,NO,0.509804,0
01_Raw_Data/Semiconductor/Semiconductor_Master/Semiconductor_Project_Manual_Review copy.csv,has_company_signal,bool,51,0,0.0,1,YES,NO,1.0,0
01_Raw_Data/Semiconductor/Semiconductor_Master/Semiconductor_Project_Manual_Review copy.csv,possible_existing_company,bool,51,0,0.0,2,NO,NO,0.960784,0
01_Raw_Data/Semiconductor/Semiconductor_Master/Semiconductor_Project_Manual_Review copy.csv,discovery_status,object,51,0,0.0,3,NO,NO,0.490196,0
01_Raw_Data/Semiconductor/Semiconductor_Master/Semiconductor_Project_Manual_Review copy.csv,verified_company,float64,0,51,100.0,0,YES,NO,,0
01_Raw_Data/Semiconductor/Semiconductor_Master/Semiconductor_Project_Manual_Review copy.csv,verified_project_type,float64,0,51,100.0,0,YES,NO,,0
01_Raw_Data/Semiconductor/Semiconductor_Master/Semiconductor_Project_Manual_Review copy.csv,verified_state,float64,0,51,100.0,0,YES,NO,,0
01_Raw_Data/Semiconductor/Semiconductor_Master/Semiconductor_Project_Manual_Review copy.csv,verified_approval_date,float64,0,51,100.0,0,YES,NO,,0
01_Raw_Data/Semiconductor/Semiconductor_Master/Semiconductor_Project_Manual_Review copy.csv,verified_investment_crore,float64,0,51,100.0,0,YES,NO,,0
01_Raw_Data/Semiconductor/Semiconductor_Master/Semiconductor_Project_Manual_Review copy.csv,verified_capacity_value,float64,0,51,100.0,0,YES,NO,,0
01_Raw_Data/Semiconductor/Semiconductor_Master/Semiconductor_Project_Manual_Review copy.csv,verified_capacity_unit,float64,0,51,100.0,0,YES,NO,,0
01_Raw_Data/Semiconductor/Semiconductor_Master/Semiconductor_Project_Manual_Review copy.csv,verified_capacity_category,float64,0,51,100.0,0,YES,NO,,0
01_Raw_Data/Semiconductor/Semiconductor_Master/Semiconductor_Project_Manual_Review copy.csv,verified_technology,float64,0,51,100.0,0,YES,NO,,0
01_Raw_Data/Semiconductor/Semiconductor_Master/Semiconductor_Project_Manual_Review copy.csv,verified_technology_partner,float64,0,51,100.0,0,YES,NO,,0
01_Raw_Data/Semiconductor/Semiconductor_Master/Semiconductor_Project_Manual_Review copy.csv,final_verification_status,object,51,0,0.0,1,YES,NO,1.0,0
01_Raw_Data/Semiconductor/Semiconductor_Master/Semiconductor_Project_Manual_Review copy.csv,matched_text,object,51,0,0.0,51,NO,NO,0.019608,0
01_Raw_Data/Semiconductor/Semiconductor_Master/Semiconductor_Project_Manual_Review copy.csv,verification_status,object,51,0,0.0,5,NO,NO,0.568627,0
01_Raw_Data/Semiconductor/Semiconductor_Master/Semiconductor_Project_Manual_Review copy.csv,verification_priority,object,51,0,0.0,3,NO,NO,0.568627,0
01_Raw_Data/Semiconductor/Semiconductor_Master/Semiconductor_Project_Manual_Review copy.csv,possible_existing_project,bool,51,0,0.0,2,NO,NO,0.980392,0
01_Raw_Data/Semiconductor/Semiconductor_Master/Semiconductor_Project_Manual_Review copy.csv,matched_project_id,object,1,50,98.0392,1,YES,NO,1.0,0
01_Raw_Data/Semiconductor/Semiconductor_Master/Semiconductor_Project_Manual_Review copy.csv,company_match_score,float64,51,0,0.0,50,NO,NO,0.039216,0
01_Raw_Data/Semiconductor/Semiconductor_Master/Semiconductor_Project_Manual_Review copy.csv,state_match,bool,51,0,0.0,1,YES,NO,1.0,0
01_Raw_Data/Semiconductor/Semiconductor_Master/Semiconductor_Project_Manual_Review copy.csv,project_type_match,bool,51,0,0.0,2,NO,NO,0.666667,0
01_Raw_Data/Semiconductor/Semiconductor_Master/Semiconductor_Project_Manual_Review copy.csv,false_positive_flag,bool,51,0,0.0,2,NO,NO,0.980392,0
01_Raw_Data/Semiconductor/Semiconductor_Master/Semiconductor_Project_Manual_Review copy.csv,false_positive_reason,object,1,50,98.0392,1,YES,NO,1.0,0
01_Raw_Data/Semiconductor/Semiconductor_Master/Semiconductor_Project_Manual_Review copy.csv,verification_score,float64,51,0,0.0,7,NO,NO,0.333333,0
01_Raw_Data/Semiconductor/Semiconductor_Master/Semiconductor_Project_Manual_Review copy.csv,manual_verification_required,bool,51,0,0.0,1,YES,NO,1.0,0
01_Raw_Data/Semiconductor/Semiconductor_Master/Semiconductor_Official_Expansion_2026_Verified.csv,project_id,object,2,0,0.0,2,NO,NO,0.5,0
01_Raw_Data/Semiconductor/Semiconductor_Master/Semiconductor_Official_Expansion_2026_Verified.csv,company,object,2,0,0.0,2,NO,NO,0.5,0
01_Raw_Data/Semiconductor/Semiconductor_Master/Semiconductor_Official_Expansion_2026_Verified.csv,project_type,object,2,0,0.0,2,NO,NO,0.5,0
01_Raw_Data/Semiconductor/Semiconductor_Master/Semiconductor_Official_Expansion_2026_Verified.csv,project_group,object,2,0,0.0,2,NO,NO,0.5,0
01_Raw_Data/Semiconductor/Semiconductor_Master/Semiconductor_Official_Expansion_2026_Verified.csv,state,object,2,0,0.0,1,YES,NO,1.0,0
01_Raw_Data/Semiconductor/Semiconductor_Master/Semiconductor_Official_Expansion_2026_Verified.csv,approval_date,object,2,0,0.0,1,YES,NO,1.0,0
01_Raw_Data/Semiconductor/Semiconductor_Master/Semiconductor_Official_Expansion_2026_Verified.csv,approval_year,int64,2,0,0.0,1,YES,NO,1.0,0
01_Raw_Data/Semiconductor/Semiconductor_Master/Semiconductor_Official_Expansion_2026_Verified.csv,investment_crore,int64,2,0,0.0,2,NO,NO,0.5,0
01_Raw_Data/Semiconductor/Semiconductor_Master/Semiconductor_Official_Expansion_2026_Verified.csv,investment_category,object,2,0,0.0,2,NO,NO,0.5,0
01_Raw_Data/Semiconductor/Semiconductor_Master/Semiconductor_Official_Expansion_2026_Verified.csv,capacity_value,float64,2,0,0.0,2,NO,NO,0.5,0
01_Raw_Data/Semiconductor/Semiconductor_Master/Semiconductor_Official_Expansion_2026_Verified.csv,capacity_unit,object,2,0,0.0,2,NO,NO,0.5,0
01_Raw_Data/Semiconductor/Semiconductor_Master/Semiconductor_Official_Expansion_2026_Verified.csv,capacity_category,object,2,0,0.0,2,NO,NO,0.5,0
01_Raw_Data/Semiconductor/Semiconductor_Master/Semiconductor_Official_Expansion_2026_Verified.csv,technology,object,2,0,0.0,2,NO,NO,0.5,0
01_Raw_Data/Semiconductor/Semiconductor_Master/Semiconductor_Official_Expansion_2026_Verified.csv,technology_partner,float64,0,2,100.0,0,YES,NO,,0
01_Raw_Data/Semiconductor/Semiconductor_Master/Semiconductor_Official_Expansion_2026_Verified.csv,source_document,object,2,0,0.0,2,NO,NO,0.5,0
01_Raw_Data/Semiconductor/Semiconductor_Master/Semiconductor_Official_Expansion_2026_Verified.csv,source_page,object,2,0,0.0,1,YES,NO,1.0,0
01_Raw_Data/Semiconductor/Semiconductor_Master/Semiconductor_Official_Expansion_2026_Verified.csv,source,object,2,0,0.0,1,YES,NO,1.0,0
01_Raw_Data/Semiconductor/Semiconductor_Master/Semiconductor_Official_Expansion_2026_Verified.csv,data_quality_flag,object,2,0,0.0,1,YES,NO,1.0,0
01_Raw_Data/Semiconductor/Semiconductor_Master/Semiconductor_Official_Expansion_2026_Verified.csv,project_type_standardized,object,2,0,0.0,2,NO,NO,0.5,0
01_Raw_Data/Semiconductor/Semiconductor_Master/Semiconductor_Official_Expansion_2026_Verified.csv,state_verified,bool,2,0,0.0,1,YES,NO,1.0,0
01_Raw_Data/Semiconductor/Semiconductor_Master/Manufacturing_Banking_Stress_Matrix.csv,project_id,object,12,0,0.0,12,NO,NO,0.083333,0
01_Raw_Data/Semiconductor/Semiconductor_Master/Manufacturing_Banking_Stress_Matrix.csv,approval_year_analytical,float64,12,0,0.0,4,NO,NO,0.416667,0
01_Raw_Data/Semiconductor/Semiconductor_Master/Manufacturing_Banking_Stress_Matrix.csv,investment_crore_analytical,float64,12,0,0.0,12,NO,NO,0.083333,0
01_Raw_Data/Semiconductor/Semiconductor_Master/Manufacturing_Banking_Stress_Matrix.csv,log_financial_measure,float64,12,0,0.0,12,NO,NO,0.083333,0
01_Raw_Data/Semiconductor/Semiconductor_Master/Manufacturing_Banking_Stress_Matrix.csv,financial_rank_within_scope,float64,12,0,0.0,12,NO,NO,0.083333,0
01_Raw_Data/Semiconductor/Semiconductor_Master/Manufacturing_Banking_Stress_Matrix.csv,financial_size_relative_to_scope_max,float64,12,0,0.0,12,NO,NO,0.083333,0
01_Raw_Data/Semiconductor/Semiconductor_Master/Manufacturing_Banking_Stress_Matrix.csv,financial_zscore_within_scope,float64,12,0,0.0,12,NO,NO,0.083333,0
01_Raw_Data/Semiconductor/Semiconductor_Master/Manufacturing_Banking_Stress_Matrix.csv,state_project_count,int64,12,0,0.0,4,NO,NO,0.5,0
01_Raw_Data/Semiconductor/Semiconductor_Master/Manufacturing_Banking_Stress_Matrix.csv,scope_state_project_count,int64,12,0,0.0,3,NO,NO,0.5,0
01_Raw_Data/Semiconductor/Semiconductor_Master/Manufacturing_Banking_Stress_Matrix.csv,scope_state_project_share,float64,12,0,0.0,3,NO,NO,0.5,0
01_Raw_Data/Semiconductor/Semiconductor_Master/Manufacturing_Banking_Stress_Matrix.csv,state_financial_total_crore,float64,12,0,0.0,6,NO,NO,0.5,0
01_Raw_Data/Semiconductor/Semiconductor_Master/Manufacturing_Banking_Stress_Matrix.csv,state_financial_share_within_scope,float64,12,0,0.0,6,NO,NO,0.5,0
01_Raw_Data/Semiconductor/Semiconductor_Master/Manufacturing_Banking_Stress_Matrix.csv,company_project_count,int64,12,0,0.0,2,NO,NO,0.833333,0
01_Raw_Data/Semiconductor/Semiconductor_Master/Manufacturing_Banking_Stress_Matrix.csv,multi_project_company_flag,int64,12,0,0.0,2,NO,NO,0.833333,0
01_Raw_Data/Semiconductor/Semiconductor_Master/Manufacturing_Banking_Stress_Matrix.csv,is_fab,int64,12,0,0.0,2,NO,NO,0.75,0
01_Raw_Data/Semiconductor/Semiconductor_Master/Manufacturing_Banking_Stress_Matrix.csv,is_osat,int64,12,0,0.0,2,NO,NO,0.5,0
01_Raw_Data/Semiconductor/Semiconductor_Master/Manufacturing_Banking_Stress_Matrix.csv,is_atmp,int64,12,0,0.0,2,NO,NO,0.75,0
01_Raw_Data/Semiconductor/Semiconductor_Master/Manufacturing_Banking_Stress_Matrix.csv,has_technology_partner,int64,12,0,0.0,2,NO,NO,0.5,0
01_Raw_Data/Semiconductor/Semiconductor_Master/Manufacturing_Banking_Stress_Matrix.csv,log_capacity_value,float64,12,0,0.0,12,NO,NO,0.083333,0
01_Raw_Data/Semiconductor/Semiconductor_Master/Manufacturing_Banking_Stress_Matrix.csv,rbi_electronics_credit_crore,float64,12,0,0.0,4,NO,NO,0.416667,0
01_Raw_Data/Semiconductor/Semiconductor_Master/Manufacturing_Banking_Stress_Matrix.csv,rbi_electronics_credit_growth_pct,float64,12,0,0.0,4,NO,NO,0.416667,0
01_Raw_Data/Semiconductor/Semiconductor_Master/Manufacturing_Banking_Stress_Matrix.csv,rbi_electronics_credit_growth_volatility,float64,12,0,0.0,4,NO,NO,0.416667,0
01_Raw_Data/Semiconductor/Semiconductor_Master/Manufacturing_Banking_Stress_Matrix.csv,total_gross_npa_closing_crore,float64,10,2,16.6667,3,NO,NO,0.5,0
01_Raw_Data/Semiconductor/Semiconductor_Master/Manufacturing_Banking_Stress_Matrix.csv,total_net_npa_closing_crore,float64,10,2,16.6667,3,NO,NO,0.5,0
01_Raw_Data/Semiconductor/Semiconductor_Master/Manufacturing_Banking_Stress_Matrix.csv,total_gross_npa_addition_crore,float64,10,2,16.6667,3,NO,NO,0.5,0
01_Raw_Data/Semiconductor/Semiconductor_Master/Manufacturing_Banking_Stress_Matrix.csv,total_gross_npa_reduction_crore,float64,10,2,16.6667,3,NO,NO,0.5,0
01_Raw_Data/Semiconductor/Semiconductor_Master/Manufacturing_Banking_Stress_Matrix.csv,total_gross_npa_writeoff_crore,float64,10,2,16.6667,3,NO,NO,0.5,0
01_Raw_Data/Semiconductor/Semiconductor_Master/Manufacturing_Banking_Stress_Matrix.csv,gross_npa_growth_pct,float64,10,2,16.6667,3,NO,NO,0.5,0
01_Raw_Data/Semiconductor/Semiconductor_Master/Manufacturing_Banking_Stress_Matrix.csv,net_to_gross_npa_ratio,float64,10,2,16.6667,3,NO,NO,0.5,0
01_Raw_Data/Semiconductor/Semiconductor_Master/Manufacturing_Banking_Stress_Matrix.csv,npa_addition_pressure,float64,10,2,16.6667,3,NO,NO,0.5,0
01_Raw_Data/Semiconductor/Semiconductor_Master/Manufacturing_Banking_Stress_Matrix.csv,investment_to_electronics_credit_ratio,float64,12,0,0.0,12,NO,NO,0.083333,0
01_Raw_Data/Semiconductor/Semiconductor_Master/Manufacturing_Banking_Stress_Matrix.csv,investment_to_electronics_credit_pct,float64,12,0,0.0,12,NO,NO,0.083333,0
01_Raw_Data/Semiconductor/Semiconductor_Master/Manufacturing_Banking_Stress_Matrix.csv,log_investment_crore,float64,12,0,0.0,12,NO,NO,0.083333,0
01_Raw_Data/Semiconductor/Semiconductor_Master/Manufacturing_Banking_Stress_Matrix.csv,investment_credit_growth_interaction,float64,12,0,0.0,12,NO,NO,0.083333,0
01_Raw_Data/Semiconductor/Semiconductor_Master/Manufacturing_Banking_Stress_Matrix.csv,investment_credit_volatility_interaction,float64,12,0,0.0,12,NO,NO,0.083333,0
01_Raw_Data/Semiconductor/Semiconductor_Master/Manufacturing_Banking_Stress_Matrix.csv,investment_npa_growth_interaction,float64,10,2,16.6667,10,NO,NO,0.1,0
01_Raw_Data/Semiconductor/Semiconductor_Master/Manufacturing_Banking_Stress_Matrix.csv,investment_npa_ratio_interaction,float64,10,2,16.6667,10,NO,NO,0.1,0
01_Raw_Data/Semiconductor/Semiconductor_Master/Manufacturing_Banking_Stress_Matrix.csv,investment_npa_pressure_interaction,float64,10,2,16.6667,10,NO,NO,0.1,0
01_Raw_Data/Semiconductor/Semiconductor_Master/Manufacturing_Banking_Stress_Matrix.csv,analytical_exposure_index,float64,12,0,0.0,12,NO,NO,0.083333,0
01_Raw_Data/Semiconductor/Semiconductor_Master/Manufacturing_Banking_Stress_Matrix.csv,analytical_exposure_percentile,float64,12,0,0.0,12,NO,NO,0.083333,0
01_Raw_Data/Semiconductor/Semiconductor_Master/Semiconductor_Project_Expansion_Raw.csv,candidate_id,object,51,0,0.0,51,NO,NO,0.019608,0
01_Raw_Data/Semiconductor/Semiconductor_Master/Semiconductor_Project_Expansion_Raw.csv,company_candidate,object,50,1,1.9608,50,NO,NO,0.02,0
01_Raw_Data/Semiconductor/Semiconductor_Master/Semiconductor_Project_Expansion_Raw.csv,project_type_candidate,object,29,22,43.1373,7,NO,NO,0.37931,0
01_Raw_Data/Semiconductor/Semiconductor_Master/Semiconductor_Project_Expansion_Raw.csv,state_candidates,object,17,34,66.6667,11,NO,NO,0.294118,0
01_Raw_Data/Semiconductor/Semiconductor_Master/Semiconductor_Project_Expansion_Raw.csv,investment_candidates_crore,object,30,21,41.1765,28,NO,NO,0.066667,0
01_Raw_Data/Semiconductor/Semiconductor_Master/Semiconductor_Project_Expansion_Raw.csv,capacity_candidates,object,4,47,92.1569,4,NO,NO,0.25,0
01_Raw_Data/Semiconductor/Semiconductor_Master/Semiconductor_Project_Expansion_Raw.csv,source_document,object,51,0,0.0,3,NO,NO,0.45098,0
01_Raw_Data/Semiconductor/Semiconductor_Master/Semiconductor_Project_Expansion_Raw.csv,source_page,int64,51,0,0.0,46,NO,NO,0.039216,0
01_Raw_Data/Semiconductor/Semiconductor_Master/Semiconductor_Project_Expansion_Raw.csv,evidence_score,int64,51,0,0.0,2,NO,NO,0.509804,0
01_Raw_Data/Semiconductor/Semiconductor_Master/Semiconductor_Project_Expansion_Raw.csv,has_investment_signal,bool,51,0,0.0,1,YES,NO,1.0,0
01_Raw_Data/Semiconductor/Semiconductor_Master/Semiconductor_Project_Expansion_Raw.csv,has_capacity_signal,bool,51,0,0.0,2,NO,NO,0.509804,0
01_Raw_Data/Semiconductor/Semiconductor_Master/Semiconductor_Project_Expansion_Raw.csv,has_company_signal,bool,51,0,0.0,1,YES,NO,1.0,0
01_Raw_Data/Semiconductor/Semiconductor_Master/Semiconductor_Project_Expansion_Raw.csv,possible_existing_company,bool,51,0,0.0,2,NO,NO,0.960784,0
01_Raw_Data/Semiconductor/Semiconductor_Master/Semiconductor_Project_Expansion_Raw.csv,discovery_status,object,51,0,0.0,3,NO,NO,0.490196,0
01_Raw_Data/Semiconductor/Semiconductor_Master/Semiconductor_Project_Expansion_Raw.csv,verified_company,float64,0,51,100.0,0,YES,NO,,0
01_Raw_Data/Semiconductor/Semiconductor_Master/Semiconductor_Project_Expansion_Raw.csv,verified_project_type,float64,0,51,100.0,0,YES,NO,,0
01_Raw_Data/Semiconductor/Semiconductor_Master/Semiconductor_Project_Expansion_Raw.csv,verified_state,float64,0,51,100.0,0,YES,NO,,0
01_Raw_Data/Semiconductor/Semiconductor_Master/Semiconductor_Project_Expansion_Raw.csv,verified_approval_date,float64,0,51,100.0,0,YES,NO,,0
01_Raw_Data/Semiconductor/Semiconductor_Master/Semiconductor_Project_Expansion_Raw.csv,verified_investment_crore,float64,0,51,100.0,0,YES,NO,,0
01_Raw_Data/Semiconductor/Semiconductor_Master/Semiconductor_Project_Expansion_Raw.csv,verified_capacity_value,float64,0,51,100.0,0,YES,NO,,0
01_Raw_Data/Semiconductor/Semiconductor_Master/Semiconductor_Project_Expansion_Raw.csv,verified_capacity_unit,float64,0,51,100.0,0,YES,NO,,0
01_Raw_Data/Semiconductor/Semiconductor_Master/Semiconductor_Project_Expansion_Raw.csv,verified_capacity_category,float64,0,51,100.0,0,YES,NO,,0
01_Raw_Data/Semiconductor/Semiconductor_Master/Semiconductor_Project_Expansion_Raw.csv,verified_technology,float64,0,51,100.0,0,YES,NO,,0
01_Raw_Data/Semiconductor/Semiconductor_Master/Semiconductor_Project_Expansion_Raw.csv,verified_technology_partner,float64,0,51,100.0,0,YES,NO,,0
01_Raw_Data/Semiconductor/Semiconductor_Master/Semiconductor_Project_Expansion_Raw.csv,final_verification_status,object,51,0,0.0,1,YES,NO,1.0,0
01_Raw_Data/Semiconductor/Semiconductor_Master/Semiconductor_Project_Expansion_Raw.csv,matched_text,object,51,0,0.0,51,NO,NO,0.019608,0
01_Raw_Data/Semiconductor/Semiconductor_Master/RBI_NPA_Year_Level_Stress_Features.csv,year,int64,21,0,0.0,21,NO,NO,0.047619,0
01_Raw_Data/Semiconductor/Semiconductor_Master/RBI_NPA_Year_Level_Stress_Features.csv,total_gross_npa_closing_crore,float64,21,0,0.0,21,NO,NO,0.047619,0
01_Raw_Data/Semiconductor/Semiconductor_Master/RBI_NPA_Year_Level_Stress_Features.csv,total_net_npa_closing_crore,float64,21,0,0.0,21,NO,NO,0.047619,0
01_Raw_Data/Semiconductor/Semiconductor_Master/RBI_NPA_Year_Level_Stress_Features.csv,total_gross_npa_addition_crore,float64,21,0,0.0,21,NO,NO,0.047619,0
01_Raw_Data/Semiconductor/Semiconductor_Master/RBI_NPA_Year_Level_Stress_Features.csv,total_gross_npa_reduction_crore,float64,21,0,0.0,21,NO,NO,0.047619,0
01_Raw_Data/Semiconductor/Semiconductor_Master/RBI_NPA_Year_Level_Stress_Features.csv,total_gross_npa_writeoff_crore,float64,21,0,0.0,17,NO,NO,0.238095,0
01_Raw_Data/Semiconductor/Semiconductor_Master/RBI_NPA_Year_Level_Stress_Features.csv,gross_npa_growth_pct,float64,20,1,4.7619,20,NO,NO,0.05,0
01_Raw_Data/Semiconductor/Semiconductor_Master/RBI_NPA_Year_Level_Stress_Features.csv,net_to_gross_npa_ratio,float64,21,0,0.0,21,NO,NO,0.047619,0
01_Raw_Data/Semiconductor/Semiconductor_Master/RBI_NPA_Year_Level_Stress_Features.csv,npa_addition_pressure,float64,21,0,0.0,21,NO,NO,0.047619,0
01_Raw_Data/Semiconductor/Semiconductor_Master/Semiconductor_Ecosystem_Feature_Audit.csv,feature,object,34,0,0.0,34,NO,NO,0.029412,0
01_Raw_Data/Semiconductor/Semiconductor_Master/Semiconductor_Ecosystem_Feature_Audit.csv,dtype,object,34,0,0.0,2,NO,NO,0.588235,0
01_Raw_Data/Semiconductor/Semiconductor_Master/Semiconductor_Ecosystem_Feature_Audit.csv,non_null,int64,34,0,0.0,3,NO,NO,0.911765,0
01_Raw_Data/Semiconductor/Semiconductor_Master/Semiconductor_Ecosystem_Feature_Audit.csv,missing,int64,34,0,0.0,3,NO,NO,0.911765,0
01_Raw_Data/Semiconductor/Semiconductor_Master/Semiconductor_Ecosystem_Feature_Audit.csv,coverage_pct,float64,34,0,0.0,3,NO,NO,0.911765,0
01_Raw_Data/Semiconductor/Semiconductor_Master/Semiconductor_Ecosystem_Feature_Audit.csv,unique_values,int64,34,0,0.0,10,NO,NO,0.529412,0
01_Raw_Data/Semiconductor/Semiconductor_Master/Semiconductor_Ecosystem_Feature_Audit.csv,zero_variance,object,34,0,0.0,2,NO,NO,0.970588,0
01_Raw_Data/Semiconductor/Semiconductor_Master/Semiconductor_Ecosystem_Feature_Audit.csv,manufacturing_coverage_pct,float64,34,0,0.0,2,NO,NO,0.970588,0
01_Raw_Data/Semiconductor/Semiconductor_Master/Semiconductor_Ecosystem_Feature_Audit.csv,manufacturing_unique_values,int64,34,0,0.0,7,NO,NO,0.382353,0
01_Raw_Data/Semiconductor/Semiconductor_Master/Semiconductor_Ecosystem_Feature_Audit.csv,semiconductor_design_coverage_pct,float64,34,0,0.0,3,NO,NO,0.911765,0
01_Raw_Data/Semiconductor/Semiconductor_Master/Semiconductor_Ecosystem_Feature_Audit.csv,semiconductor_design_unique_values,int64,34,0,0.0,7,NO,NO,0.294118,0
01_Raw_Data/Semiconductor/Semiconductor_Master/Semiconductor_Project_Manual_Review.csv,candidate_id,object,51,0,0.0,51,NO,NO,0.019608,0
01_Raw_Data/Semiconductor/Semiconductor_Master/Semiconductor_Project_Manual_Review.csv,company_candidate,object,50,1,1.9608,50,NO,NO,0.02,0
01_Raw_Data/Semiconductor/Semiconductor_Master/Semiconductor_Project_Manual_Review.csv,project_type_candidate,object,29,22,43.1373,7,NO,NO,0.37931,0
01_Raw_Data/Semiconductor/Semiconductor_Master/Semiconductor_Project_Manual_Review.csv,state_candidates,object,17,34,66.6667,11,NO,NO,0.294118,0
01_Raw_Data/Semiconductor/Semiconductor_Master/Semiconductor_Project_Manual_Review.csv,investment_candidates_crore,object,30,21,41.1765,28,NO,NO,0.066667,0
01_Raw_Data/Semiconductor/Semiconductor_Master/Semiconductor_Project_Manual_Review.csv,capacity_candidates,object,4,47,92.1569,4,NO,NO,0.25,0
01_Raw_Data/Semiconductor/Semiconductor_Master/Semiconductor_Project_Manual_Review.csv,source_document,object,51,0,0.0,3,NO,NO,0.45098,0
01_Raw_Data/Semiconductor/Semiconductor_Master/Semiconductor_Project_Manual_Review.csv,source_page,int64,51,0,0.0,46,NO,NO,0.039216,0
01_Raw_Data/Semiconductor/Semiconductor_Master/Semiconductor_Project_Manual_Review.csv,evidence_score,int64,51,0,0.0,2,NO,NO,0.509804,0
01_Raw_Data/Semiconductor/Semiconductor_Master/Semiconductor_Project_Manual_Review.csv,has_investment_signal,bool,51,0,0.0,1,YES,NO,1.0,0
01_Raw_Data/Semiconductor/Semiconductor_Master/Semiconductor_Project_Manual_Review.csv,has_capacity_signal,bool,51,0,0.0,2,NO,NO,0.509804,0
01_Raw_Data/Semiconductor/Semiconductor_Master/Semiconductor_Project_Manual_Review.csv,has_company_signal,bool,51,0,0.0,1,YES,NO,1.0,0
01_Raw_Data/Semiconductor/Semiconductor_Master/Semiconductor_Project_Manual_Review.csv,possible_existing_company,bool,51,0,0.0,2,NO,NO,0.960784,0
01_Raw_Data/Semiconductor/Semiconductor_Master/Semiconductor_Project_Manual_Review.csv,discovery_status,object,51,0,0.0,3,NO,NO,0.490196,0
01_Raw_Data/Semiconductor/Semiconductor_Master/Semiconductor_Project_Manual_Review.csv,verified_company,float64,0,51,100.0,0,YES,NO,,0
01_Raw_Data/Semiconductor/Semiconductor_Master/Semiconductor_Project_Manual_Review.csv,verified_project_type,float64,0,51,100.0,0,YES,NO,,0
01_Raw_Data/Semiconductor/Semiconductor_Master/Semiconductor_Project_Manual_Review.csv,verified_state,float64,0,51,100.0,0,YES,NO,,0
01_Raw_Data/Semiconductor/Semiconductor_Master/Semiconductor_Project_Manual_Review.csv,verified_approval_date,float64,0,51,100.0,0,YES,NO,,0
01_Raw_Data/Semiconductor/Semiconductor_Master/Semiconductor_Project_Manual_Review.csv,verified_investment_crore,float64,0,51,100.0,0,YES,NO,,0
01_Raw_Data/Semiconductor/Semiconductor_Master/Semiconductor_Project_Manual_Review.csv,verified_capacity_value,float64,0,51,100.0,0,YES,NO,,0
01_Raw_Data/Semiconductor/Semiconductor_Master/Semiconductor_Project_Manual_Review.csv,verified_capacity_unit,float64,0,51,100.0,0,YES,NO,,0
01_Raw_Data/Semiconductor/Semiconductor_Master/Semiconductor_Project_Manual_Review.csv,verified_capacity_category,float64,0,51,100.0,0,YES,NO,,0
01_Raw_Data/Semiconductor/Semiconductor_Master/Semiconductor_Project_Manual_Review.csv,verified_technology,float64,0,51,100.0,0,YES,NO,,0
01_Raw_Data/Semiconductor/Semiconductor_Master/Semiconductor_Project_Manual_Review.csv,verified_technology_partner,float64,0,51,100.0,0,YES,NO,,0
01_Raw_Data/Semiconductor/Semiconductor_Master/Semiconductor_Project_Manual_Review.csv,final_verification_status,object,51,0,0.0,1,YES,NO,1.0,0
01_Raw_Data/Semiconductor/Semiconductor_Master/Semiconductor_Project_Manual_Review.csv,matched_text,object,51,0,0.0,51,NO,NO,0.019608,0
01_Raw_Data/Semiconductor/Semiconductor_Master/Semiconductor_Project_Manual_Review.csv,verification_status,object,51,0,0.0,5,NO,NO,0.568627,0
01_Raw_Data/Semiconductor/Semiconductor_Master/Semiconductor_Project_Manual_Review.csv,verification_priority,object,51,0,0.0,3,NO,NO,0.568627,0
01_Raw_Data/Semiconductor/Semiconductor_Master/Semiconductor_Project_Manual_Review.csv,possible_existing_project,bool,51,0,0.0,2,NO,NO,0.980392,0
01_Raw_Data/Semiconductor/Semiconductor_Master/Semiconductor_Project_Manual_Review.csv,matched_project_id,object,1,50,98.0392,1,YES,NO,1.0,0
01_Raw_Data/Semiconductor/Semiconductor_Master/Semiconductor_Project_Manual_Review.csv,company_match_score,float64,51,0,0.0,50,NO,NO,0.039216,0
01_Raw_Data/Semiconductor/Semiconductor_Master/Semiconductor_Project_Manual_Review.csv,state_match,bool,51,0,0.0,1,YES,NO,1.0,0
01_Raw_Data/Semiconductor/Semiconductor_Master/Semiconductor_Project_Manual_Review.csv,project_type_match,bool,51,0,0.0,2,NO,NO,0.666667,0
01_Raw_Data/Semiconductor/Semiconductor_Master/Semiconductor_Project_Manual_Review.csv,false_positive_flag,bool,51,0,0.0,2,NO,NO,0.980392,0
01_Raw_Data/Semiconductor/Semiconductor_Master/Semiconductor_Project_Manual_Review.csv,false_positive_reason,object,1,50,98.0392,1,YES,NO,1.0,0
01_Raw_Data/Semiconductor/Semiconductor_Master/Semiconductor_Project_Manual_Review.csv,verification_score,float64,51,0,0.0,7,NO,NO,0.333333,0
01_Raw_Data/Semiconductor/Semiconductor_Master/Semiconductor_Project_Manual_Review.csv,manual_verification_required,bool,51,0,0.0,1,YES,NO,1.0,0
01_Raw_Data/Semiconductor/Semiconductor_Master/Manufacturing_Feature_Selection_Audit.csv,feature,object,6,0,0.0,6,NO,NO,0.166667,0
01_Raw_Data/Semiconductor/Semiconductor_Master/Manufacturing_Feature_Selection_Audit.csv,status,object,6,0,0.0,1,YES,NO,1.0,0
01_Raw_Data/Semiconductor/Semiconductor_Master/Manufacturing_Feature_Selection_Audit.csv,reason,object,6,0,0.0,1,YES,NO,1.0,0
01_Raw_Data/Semiconductor/Semiconductor_Master/Semiconductor_Project_Evidence_Review.csv,candidate_id,object,51,0,0.0,51,NO,NO,0.019608,0
01_Raw_Data/Semiconductor/Semiconductor_Master/Semiconductor_Project_Evidence_Review.csv,company_candidate,object,50,1,1.9608,50,NO,NO,0.02,0
01_Raw_Data/Semiconductor/Semiconductor_Master/Semiconductor_Project_Evidence_Review.csv,project_type_candidate,object,29,22,43.1373,7,NO,NO,0.37931,0
01_Raw_Data/Semiconductor/Semiconductor_Master/Semiconductor_Project_Evidence_Review.csv,state_candidates,object,17,34,66.6667,11,NO,NO,0.294118,0
01_Raw_Data/Semiconductor/Semiconductor_Master/Semiconductor_Project_Evidence_Review.csv,investment_candidates_crore,object,30,21,41.1765,28,NO,NO,0.066667,0
01_Raw_Data/Semiconductor/Semiconductor_Master/Semiconductor_Project_Evidence_Review.csv,capacity_candidates,object,4,47,92.1569,4,NO,NO,0.25,0
01_Raw_Data/Semiconductor/Semiconductor_Master/Semiconductor_Project_Evidence_Review.csv,source_document,object,51,0,0.0,3,NO,NO,0.45098,0
01_Raw_Data/Semiconductor/Semiconductor_Master/Semiconductor_Project_Evidence_Review.csv,source_page,int64,51,0,0.0,46,NO,NO,0.039216,0
01_Raw_Data/Semiconductor/Semiconductor_Master/Semiconductor_Project_Evidence_Review.csv,evidence_score,int64,51,0,0.0,2,NO,NO,0.509804,0
01_Raw_Data/Semiconductor/Semiconductor_Master/Semiconductor_Project_Evidence_Review.csv,has_investment_signal,bool,51,0,0.0,1,YES,NO,1.0,0
01_Raw_Data/Semiconductor/Semiconductor_Master/Semiconductor_Project_Evidence_Review.csv,has_capacity_signal,bool,51,0,0.0,2,NO,NO,0.509804,0
01_Raw_Data/Semiconductor/Semiconductor_Master/Semiconductor_Project_Evidence_Review.csv,has_company_signal,bool,51,0,0.0,1,YES,NO,1.0,0
01_Raw_Data/Semiconductor/Semiconductor_Master/Semiconductor_Project_Evidence_Review.csv,possible_existing_company,bool,51,0,0.0,2,NO,NO,0.960784,0
01_Raw_Data/Semiconductor/Semiconductor_Master/Semiconductor_Project_Evidence_Review.csv,discovery_status,object,51,0,0.0,3,NO,NO,0.490196,0
01_Raw_Data/Semiconductor/Semiconductor_Master/Semiconductor_Project_Evidence_Review.csv,verified_company,float64,0,51,100.0,0,YES,NO,,0
01_Raw_Data/Semiconductor/Semiconductor_Master/Semiconductor_Project_Evidence_Review.csv,verified_project_type,float64,0,51,100.0,0,YES,NO,,0
01_Raw_Data/Semiconductor/Semiconductor_Master/Semiconductor_Project_Evidence_Review.csv,verified_state,float64,0,51,100.0,0,YES,NO,,0
01_Raw_Data/Semiconductor/Semiconductor_Master/Semiconductor_Project_Evidence_Review.csv,verified_approval_date,float64,0,51,100.0,0,YES,NO,,0
01_Raw_Data/Semiconductor/Semiconductor_Master/Semiconductor_Project_Evidence_Review.csv,verified_investment_crore,float64,0,51,100.0,0,YES,NO,,0
01_Raw_Data/Semiconductor/Semiconductor_Master/Semiconductor_Project_Evidence_Review.csv,verified_capacity_value,float64,0,51,100.0,0,YES,NO,,0
01_Raw_Data/Semiconductor/Semiconductor_Master/Semiconductor_Project_Evidence_Review.csv,verified_capacity_unit,float64,0,51,100.0,0,YES,NO,,0
01_Raw_Data/Semiconductor/Semiconductor_Master/Semiconductor_Project_Evidence_Review.csv,verified_capacity_category,float64,0,51,100.0,0,YES,NO,,0
01_Raw_Data/Semiconductor/Semiconductor_Master/Semiconductor_Project_Evidence_Review.csv,verified_technology,float64,0,51,100.0,0,YES,NO,,0
01_Raw_Data/Semiconductor/Semiconductor_Master/Semiconductor_Project_Evidence_Review.csv,verified_technology_partner,float64,0,51,100.0,0,YES,NO,,0
01_Raw_Data/Semiconductor/Semiconductor_Master/Semiconductor_Project_Evidence_Review.csv,final_verification_status,object,51,0,0.0,1,YES,NO,1.0,0
01_Raw_Data/Semiconductor/Semiconductor_Master/Semiconductor_Project_Evidence_Review.csv,matched_text,object,51,0,0.0,51,NO,NO,0.019608,0
01_Raw_Data/Semiconductor/Semiconductor_Master/Semiconductor_Project_Evidence_Review.csv,verification_status,object,51,0,0.0,5,NO,NO,0.568627,0
01_Raw_Data/Semiconductor/Semiconductor_Master/Semiconductor_Project_Evidence_Review.csv,verification_priority,object,51,0,0.0,3,NO,NO,0.568627,0
01_Raw_Data/Semiconductor/Semiconductor_Master/Semiconductor_Project_Evidence_Review.csv,possible_existing_project,bool,51,0,0.0,2,NO,NO,0.980392,0
01_Raw_Data/Semiconductor/Semiconductor_Master/Semiconductor_Project_Evidence_Review.csv,matched_project_id,object,1,50,98.0392,1,YES,NO,1.0,0
01_Raw_Data/Semiconductor/Semiconductor_Master/Semiconductor_Project_Evidence_Review.csv,company_match_score,float64,51,0,0.0,50,NO,NO,0.039216,0
01_Raw_Data/Semiconductor/Semiconductor_Master/Semiconductor_Project_Evidence_Review.csv,state_match,bool,51,0,0.0,1,YES,NO,1.0,0
01_Raw_Data/Semiconductor/Semiconductor_Master/Semiconductor_Project_Evidence_Review.csv,project_type_match,bool,51,0,0.0,2,NO,NO,0.666667,0
01_Raw_Data/Semiconductor/Semiconductor_Master/Semiconductor_Project_Evidence_Review.csv,false_positive_flag,bool,51,0,0.0,2,NO,NO,0.980392,0
01_Raw_Data/Semiconductor/Semiconductor_Master/Semiconductor_Project_Evidence_Review.csv,false_positive_reason,object,1,50,98.0392,1,YES,NO,1.0,0
01_Raw_Data/Semiconductor/Semiconductor_Master/Semiconductor_Project_Evidence_Review.csv,verification_score,float64,51,0,0.0,7,NO,NO,0.333333,0
01_Raw_Data/Semiconductor/Semiconductor_Master/Semiconductor_Project_Evidence_Review.csv,manual_verification_required,bool,51,0,0.0,1,YES,NO,1.0,0
01_Raw_Data/Semiconductor/Semiconductor_Master/Semiconductor_Project_Evidence_Review.csv,evidence_project_signal,int64,51,0,0.0,6,NO,NO,0.333333,0
01_Raw_Data/Semiconductor/Semiconductor_Master/Semiconductor_Project_Evidence_Review.csv,evidence_company_signal,int64,51,0,0.0,2,NO,NO,0.980392,0
01_Raw_Data/Semiconductor/Semiconductor_Master/Semiconductor_Project_Evidence_Review.csv,evidence_investment_signal,int64,51,0,0.0,2,NO,NO,0.588235,0
01_Raw_Data/Semiconductor/Semiconductor_Master/Semiconductor_Project_Evidence_Review.csv,evidence_capacity_signal,int64,51,0,0.0,2,NO,NO,0.921569,0
01_Raw_Data/Semiconductor/Semiconductor_Master/Semiconductor_Project_Evidence_Review.csv,evidence_state_signal,int64,51,0,0.0,2,NO,NO,0.666667,0
01_Raw_Data/Semiconductor/Semiconductor_Master/Semiconductor_Project_Evidence_Review.csv,duplicate_company_similarity,float64,51,0,0.0,49,NO,NO,0.039216,0
01_Raw_Data/Semiconductor/Semiconductor_Master/Semiconductor_Project_Evidence_Review.csv,matched_existing_project,object,1,50,98.0392,1,YES,NO,1.0,0
01_Raw_Data/Semiconductor/Semiconductor_Master/Semiconductor_Project_Evidence_Review.csv,duplicate_flag,bool,51,0,0.0,2,NO,NO,0.980392,0
01_Raw_Data/Semiconductor/Semiconductor_Master/Semiconductor_Project_Evidence_Review.csv,policy_reference_flag,bool,51,0,0.0,2,NO,NO,0.941176,0
01_Raw_Data/Semiconductor/Semiconductor_Master/Semiconductor_Project_Evidence_Review.csv,insufficient_evidence_flag,bool,51,0,0.0,1,YES,NO,1.0,0
01_Raw_Data/Semiconductor/Semiconductor_Master/Semiconductor_Project_Evidence_Review.csv,evidence_strength,object,51,0,0.0,4,NO,NO,0.529412,0
01_Raw_Data/Semiconductor/Semiconductor_Master/Semiconductor_Project_Evidence_Review.csv,recommended_action,object,51,0,0.0,4,NO,NO,0.470588,0
01_Raw_Data/Semiconductor/Semiconductor_Master/Semiconductor_Project_Evidence_Review.csv,verified_company_final,float64,0,51,100.0,0,YES,NO,,0
01_Raw_Data/Semiconductor/Semiconductor_Master/Semiconductor_Project_Evidence_Review.csv,verified_project_type_final,float64,0,51,100.0,0,YES,NO,,0
01_Raw_Data/Semiconductor/Semiconductor_Master/Semiconductor_Project_Evidence_Review.csv,verified_state_final,float64,0,51,100.0,0,YES,NO,,0
01_Raw_Data/Semiconductor/Semiconductor_Master/Semiconductor_Project_Evidence_Review.csv,verified_investment_final,float64,0,51,100.0,0,YES,NO,,0
01_Raw_Data/Semiconductor/Semiconductor_Master/Semiconductor_Project_Evidence_Review.csv,verified_capacity_final,float64,0,51,100.0,0,YES,NO,,0
01_Raw_Data/Semiconductor/Semiconductor_Master/Semiconductor_Project_Evidence_Review.csv,verified_approval_date_final,float64,0,51,100.0,0,YES,NO,,0
01_Raw_Data/Semiconductor/Semiconductor_Master/Semiconductor_Project_Evidence_Review.csv,verification_decision,object,51,0,0.0,1,YES,NO,1.0,0
01_Raw_Data/Semiconductor/Semiconductor_Master/Semiconductor_Model_Diagnostics.csv,project_id,object,10,0,0.0,10,NO,NO,0.1,0
01_Raw_Data/Semiconductor/Semiconductor_Master/Semiconductor_Model_Diagnostics.csv,company,object,10,0,0.0,9,NO,NO,0.2,0
01_Raw_Data/Semiconductor/Semiconductor_Master/Semiconductor_Model_Diagnostics.csv,actual_exposure,float64,10,0,0.0,10,NO,NO,0.1,0
01_Raw_Data/Semiconductor/Semiconductor_Master/Semiconductor_Model_Diagnostics.csv,predicted_exposure,float64,10,0,0.0,10,NO,NO,0.1,0
01_Raw_Data/Semiconductor/Semiconductor_Master/Semiconductor_Model_Diagnostics.csv,absolute_error,float64,10,0,0.0,10,NO,NO,0.1,0
01_Raw_Data/Semiconductor/Semiconductor_Master/Semiconductor_Master_Canonical_BACKUP_BEFORE_2026_EXPANSION.csv,project_id,object,10,0,0.0,10,NO,NO,0.1,0
01_Raw_Data/Semiconductor/Semiconductor_Master/Semiconductor_Master_Canonical_BACKUP_BEFORE_2026_EXPANSION.csv,company,object,10,0,0.0,9,NO,NO,0.2,0
01_Raw_Data/Semiconductor/Semiconductor_Master/Semiconductor_Master_Canonical_BACKUP_BEFORE_2026_EXPANSION.csv,project_type,object,10,0,0.0,6,NO,NO,0.5,0
01_Raw_Data/Semiconductor/Semiconductor_Master/Semiconductor_Master_Canonical_BACKUP_BEFORE_2026_EXPANSION.csv,project_group,object,10,0,0.0,4,NO,NO,0.6,0
01_Raw_Data/Semiconductor/Semiconductor_Master/Semiconductor_Master_Canonical_BACKUP_BEFORE_2026_EXPANSION.csv,state,object,10,0,0.0,6,NO,NO,0.4,0
01_Raw_Data/Semiconductor/Semiconductor_Master/Semiconductor_Master_Canonical_BACKUP_BEFORE_2026_EXPANSION.csv,approval_date,object,10,0,0.0,5,NO,NO,0.4,0
01_Raw_Data/Semiconductor/Semiconductor_Master/Semiconductor_Master_Canonical_BACKUP_BEFORE_2026_EXPANSION.csv,approval_year,int64,10,0,0.0,3,NO,NO,0.5,0
01_Raw_Data/Semiconductor/Semiconductor_Master/Semiconductor_Master_Canonical_BACKUP_BEFORE_2026_EXPANSION.csv,investment_crore,int64,10,0,0.0,10,NO,NO,0.1,0
01_Raw_Data/Semiconductor/Semiconductor_Master/Semiconductor_Master_Canonical_BACKUP_BEFORE_2026_EXPANSION.csv,investment_category,object,10,0,0.0,4,NO,NO,0.4,0
01_Raw_Data/Semiconductor/Semiconductor_Master/Semiconductor_Master_Canonical_BACKUP_BEFORE_2026_EXPANSION.csv,capacity_value,float64,10,0,0.0,10,NO,NO,0.1,0
01_Raw_Data/Semiconductor/Semiconductor_Master/Semiconductor_Master_Canonical_BACKUP_BEFORE_2026_EXPANSION.csv,capacity_unit,object,10,0,0.0,8,NO,NO,0.2,0
01_Raw_Data/Semiconductor/Semiconductor_Master/Semiconductor_Master_Canonical_BACKUP_BEFORE_2026_EXPANSION.csv,capacity_category,object,10,0,0.0,7,NO,NO,0.2,0
01_Raw_Data/Semiconductor/Semiconductor_Master/Semiconductor_Master_Canonical_BACKUP_BEFORE_2026_EXPANSION.csv,technology,object,10,0,0.0,10,NO,NO,0.1,0
01_Raw_Data/Semiconductor/Semiconductor_Master/Semiconductor_Master_Canonical_BACKUP_BEFORE_2026_EXPANSION.csv,technology_partner,object,6,4,40.0,6,NO,NO,0.166667,0
01_Raw_Data/Semiconductor/Semiconductor_Master/Semiconductor_Master_Canonical_BACKUP_BEFORE_2026_EXPANSION.csv,source_document,object,10,0,0.0,1,YES,NO,1.0,0
01_Raw_Data/Semiconductor/Semiconductor_Master/Semiconductor_Master_Canonical_BACKUP_BEFORE_2026_EXPANSION.csv,source_page,int64,10,0,0.0,2,NO,NO,0.9,0
01_Raw_Data/Semiconductor/Semiconductor_Master/Semiconductor_Master_Canonical_BACKUP_BEFORE_2026_EXPANSION.csv,source,object,10,0,0.0,2,NO,NO,0.9,0
01_Raw_Data/Semiconductor/Semiconductor_Master/Semiconductor_Master_Canonical_BACKUP_BEFORE_2026_EXPANSION.csv,data_quality_flag,object,10,0,0.0,1,YES,NO,1.0,0
01_Raw_Data/Semiconductor/Semiconductor_Master/Semiconductor_Master_Canonical_BACKUP_BEFORE_2026_EXPANSION.csv,project_type_standardized,object,10,0,0.0,5,NO,NO,0.5,0
01_Raw_Data/Semiconductor/Semiconductor_Master/Semiconductor_Master_Canonical_BACKUP_BEFORE_2026_EXPANSION.csv,state_verified,bool,10,0,0.0,1,YES,NO,1.0,0
01_Raw_Data/Semiconductor/Semiconductor_Master/Semiconductor_Project_Verification_Queue.csv,candidate_id,object,51,0,0.0,51,NO,NO,0.019608,0
01_Raw_Data/Semiconductor/Semiconductor_Master/Semiconductor_Project_Verification_Queue.csv,company_candidate,object,50,1,1.9608,50,NO,NO,0.02,0
01_Raw_Data/Semiconductor/Semiconductor_Master/Semiconductor_Project_Verification_Queue.csv,project_type_candidate,object,29,22,43.1373,7,NO,NO,0.37931,0
01_Raw_Data/Semiconductor/Semiconductor_Master/Semiconductor_Project_Verification_Queue.csv,state_candidates,object,17,34,66.6667,11,NO,NO,0.294118,0
01_Raw_Data/Semiconductor/Semiconductor_Master/Semiconductor_Project_Verification_Queue.csv,investment_candidates_crore,object,30,21,41.1765,28,NO,NO,0.066667,0
01_Raw_Data/Semiconductor/Semiconductor_Master/Semiconductor_Project_Verification_Queue.csv,capacity_candidates,object,4,47,92.1569,4,NO,NO,0.25,0
01_Raw_Data/Semiconductor/Semiconductor_Master/Semiconductor_Project_Verification_Queue.csv,source_document,object,51,0,0.0,3,NO,NO,0.45098,0
01_Raw_Data/Semiconductor/Semiconductor_Master/Semiconductor_Project_Verification_Queue.csv,source_page,int64,51,0,0.0,46,NO,NO,0.039216,0
01_Raw_Data/Semiconductor/Semiconductor_Master/Semiconductor_Project_Verification_Queue.csv,evidence_score,int64,51,0,0.0,2,NO,NO,0.509804,0
01_Raw_Data/Semiconductor/Semiconductor_Master/Semiconductor_Project_Verification_Queue.csv,has_investment_signal,bool,51,0,0.0,1,YES,NO,1.0,0
01_Raw_Data/Semiconductor/Semiconductor_Master/Semiconductor_Project_Verification_Queue.csv,has_capacity_signal,bool,51,0,0.0,2,NO,NO,0.509804,0
01_Raw_Data/Semiconductor/Semiconductor_Master/Semiconductor_Project_Verification_Queue.csv,has_company_signal,bool,51,0,0.0,1,YES,NO,1.0,0
01_Raw_Data/Semiconductor/Semiconductor_Master/Semiconductor_Project_Verification_Queue.csv,possible_existing_company,bool,51,0,0.0,2,NO,NO,0.960784,0
01_Raw_Data/Semiconductor/Semiconductor_Master/Semiconductor_Project_Verification_Queue.csv,discovery_status,object,51,0,0.0,3,NO,NO,0.490196,0
01_Raw_Data/Semiconductor/Semiconductor_Master/Semiconductor_Project_Verification_Queue.csv,verified_company,float64,0,51,100.0,0,YES,NO,,0
01_Raw_Data/Semiconductor/Semiconductor_Master/Semiconductor_Project_Verification_Queue.csv,verified_project_type,float64,0,51,100.0,0,YES,NO,,0
01_Raw_Data/Semiconductor/Semiconductor_Master/Semiconductor_Project_Verification_Queue.csv,verified_state,float64,0,51,100.0,0,YES,NO,,0
01_Raw_Data/Semiconductor/Semiconductor_Master/Semiconductor_Project_Verification_Queue.csv,verified_approval_date,float64,0,51,100.0,0,YES,NO,,0
01_Raw_Data/Semiconductor/Semiconductor_Master/Semiconductor_Project_Verification_Queue.csv,verified_investment_crore,float64,0,51,100.0,0,YES,NO,,0
01_Raw_Data/Semiconductor/Semiconductor_Master/Semiconductor_Project_Verification_Queue.csv,verified_capacity_value,float64,0,51,100.0,0,YES,NO,,0
01_Raw_Data/Semiconductor/Semiconductor_Master/Semiconductor_Project_Verification_Queue.csv,verified_capacity_unit,float64,0,51,100.0,0,YES,NO,,0
01_Raw_Data/Semiconductor/Semiconductor_Master/Semiconductor_Project_Verification_Queue.csv,verified_capacity_category,float64,0,51,100.0,0,YES,NO,,0
01_Raw_Data/Semiconductor/Semiconductor_Master/Semiconductor_Project_Verification_Queue.csv,verified_technology,float64,0,51,100.0,0,YES,NO,,0
01_Raw_Data/Semiconductor/Semiconductor_Master/Semiconductor_Project_Verification_Queue.csv,verified_technology_partner,float64,0,51,100.0,0,YES,NO,,0
01_Raw_Data/Semiconductor/Semiconductor_Master/Semiconductor_Project_Verification_Queue.csv,final_verification_status,object,51,0,0.0,1,YES,NO,1.0,0
01_Raw_Data/Semiconductor/Semiconductor_Master/Semiconductor_Project_Verification_Queue.csv,matched_text,object,51,0,0.0,51,NO,NO,0.019608,0
01_Raw_Data/Semiconductor/Semiconductor_Master/Semiconductor_Project_Verification_Queue.csv,verification_status,object,51,0,0.0,5,NO,NO,0.568627,0
01_Raw_Data/Semiconductor/Semiconductor_Master/Semiconductor_Project_Verification_Queue.csv,verification_priority,object,51,0,0.0,3,NO,NO,0.568627,0
01_Raw_Data/Semiconductor/Semiconductor_Master/Semiconductor_Project_Verification_Queue.csv,possible_existing_project,bool,51,0,0.0,2,NO,NO,0.980392,0
01_Raw_Data/Semiconductor/Semiconductor_Master/Semiconductor_Project_Verification_Queue.csv,matched_project_id,object,1,50,98.0392,1,YES,NO,1.0,0
01_Raw_Data/Semiconductor/Semiconductor_Master/Semiconductor_Project_Verification_Queue.csv,company_match_score,float64,51,0,0.0,50,NO,NO,0.039216,0
01_Raw_Data/Semiconductor/Semiconductor_Master/Semiconductor_Project_Verification_Queue.csv,state_match,bool,51,0,0.0,1,YES,NO,1.0,0
01_Raw_Data/Semiconductor/Semiconductor_Master/Semiconductor_Project_Verification_Queue.csv,project_type_match,bool,51,0,0.0,2,NO,NO,0.666667,0
01_Raw_Data/Semiconductor/Semiconductor_Master/Semiconductor_Project_Verification_Queue.csv,false_positive_flag,bool,51,0,0.0,2,NO,NO,0.980392,0
01_Raw_Data/Semiconductor/Semiconductor_Master/Semiconductor_Project_Verification_Queue.csv,false_positive_reason,object,1,50,98.0392,1,YES,NO,1.0,0
01_Raw_Data/Semiconductor/Semiconductor_Master/Semiconductor_Project_Verification_Queue.csv,verification_score,float64,51,0,0.0,7,NO,NO,0.333333,0
01_Raw_Data/Semiconductor/Semiconductor_Master/Semiconductor_Project_Verification_Queue.csv,manual_verification_required,bool,51,0,0.0,1,YES,NO,1.0,0
01_Raw_Data/Semiconductor/Semiconductor_Master/RBI_NPA_Features_For_Semiconductor_Model.csv,unnamed:_1,object,26,1958,98.6895,26,NO,NO,0.038462,0
01_Raw_Data/Semiconductor/Semiconductor_Master/RBI_NPA_Features_For_Semiconductor_Model.csv,unnamed:_2,object,1977,7,0.3528,156,NO,NO,0.010622,0
01_Raw_Data/Semiconductor/Semiconductor_Master/RBI_NPA_Features_For_Semiconductor_Model.csv,unnamed:_3,object,1980,4,0.2016,1537,NO,NO,0.187374,0
01_Raw_Data/Semiconductor/Semiconductor_Master/RBI_NPA_Features_For_Semiconductor_Model.csv,unnamed:_4,object,1978,6,0.3024,1426,NO,NO,0.27452,0
01_Raw_Data/Semiconductor/Semiconductor_Master/RBI_NPA_Features_For_Semiconductor_Model.csv,unnamed:_5,object,1978,6,0.3024,1456,NO,NO,0.254803,0
01_Raw_Data/Semiconductor/Semiconductor_Master/RBI_NPA_Features_For_Semiconductor_Model.csv,unnamed:_6,object,1978,6,0.3024,872,NO,NO,0.553589,0
01_Raw_Data/Semiconductor/Semiconductor_Master/RBI_NPA_Features_For_Semiconductor_Model.csv,unnamed:_7,object,1978,6,0.3024,1536,NO,NO,0.188069,0
01_Raw_Data/Semiconductor/Semiconductor_Master/RBI_NPA_Features_For_Semiconductor_Model.csv,unnamed:_8,object,1979,5,0.252,1391,NO,NO,0.28954,0
01_Raw_Data/Semiconductor/Semiconductor_Master/RBI_NPA_Features_For_Semiconductor_Model.csv,unnamed:_9,object,1978,6,0.3024,1400,NO,NO,0.285137,0
01_Raw_Data/Semiconductor/Semiconductor_Master/Semiconductor_Ecosystem_Master_Audit.csv,audit_check,object,8,0,0.0,8,NO,NO,0.125,0
01_Raw_Data/Semiconductor/Semiconductor_Master/Semiconductor_Ecosystem_Master_Audit.csv,value,int64,8,0,0.0,4,NO,NO,0.625,0
01_Raw_Data/Semiconductor/Semiconductor_Master/Semiconductor_Ecosystem_Master_Audit.csv,expected,int64,8,0,0.0,4,NO,NO,0.625,0
01_Raw_Data/Semiconductor/Semiconductor_Master/Semiconductor_Ecosystem_Master_Audit.csv,status,object,8,0,0.0,1,YES,NO,1.0,0
01_Raw_Data/Semiconductor/Semiconductor_Master/Semiconductor_Ecosystem_ML_Feasibility_Audit.csv,feature,object,27,0,0.0,27,NO,NO,0.037037,0
01_Raw_Data/Semiconductor/Semiconductor_Master/Semiconductor_Ecosystem_ML_Feasibility_Audit.csv,dtype,object,27,0,0.0,2,NO,NO,0.814815,0
01_Raw_Data/Semiconductor/Semiconductor_Master/Semiconductor_Ecosystem_ML_Feasibility_Audit.csv,non_null,int64,27,0,0.0,7,NO,NO,0.518519,0
01_Raw_Data/Semiconductor/Semiconductor_Master/Semiconductor_Ecosystem_ML_Feasibility_Audit.csv,missing,int64,27,0,0.0,7,NO,NO,0.518519,0
01_Raw_Data/Semiconductor/Semiconductor_Master/Semiconductor_Ecosystem_ML_Feasibility_Audit.csv,coverage_pct,float64,27,0,0.0,7,NO,NO,0.518519,0
01_Raw_Data/Semiconductor/Semiconductor_Master/Semiconductor_Ecosystem_ML_Feasibility_Audit.csv,unique_values,int64,27,0,0.0,13,NO,NO,0.148148,0
01_Raw_Data/Semiconductor/Semiconductor_Master/Semiconductor_Ecosystem_ML_Feasibility_Audit.csv,zero_variance,object,27,0,0.0,2,NO,NO,0.925926,0
01_Raw_Data/Semiconductor/Semiconductor_Master/Semiconductor_Ecosystem_ML_Feasibility_Audit.csv,manufacturing_coverage_pct,float64,27,0,0.0,3,NO,NO,0.777778,0
01_Raw_Data/Semiconductor/Semiconductor_Master/Semiconductor_Ecosystem_ML_Feasibility_Audit.csv,semiconductor_design_coverage_pct,float64,27,0,0.0,5,NO,NO,0.62963,0
01_Raw_Data/Semiconductor/Semiconductor_Master/Semiconductor_Ecosystem_ML_Feasibility_Audit.csv,field_role,object,27,0,0.0,7,NO,NO,0.222222,0
01_Raw_Data/Semiconductor/Semiconductor_Master/Semiconductor_Ecosystem_ML_Feasibility_Audit.csv,ml_status,object,27,0,0.0,7,NO,NO,0.518519,0
01_Raw_Data/Semiconductor/Semiconductor_Master/Ecosystem_Clustering_Final.csv,ecosystem_id,object,36,0,0.0,36,NO,NO,0.027778,0
01_Raw_Data/Semiconductor/Semiconductor_Master/Ecosystem_Clustering_Final.csv,financial_rank_within_scope,float64,36,0,0.0,24,NO,NO,0.055556,0
01_Raw_Data/Semiconductor/Semiconductor_Master/Ecosystem_Clustering_Final.csv,state_financial_share_within_scope,float64,36,0,0.0,13,NO,NO,0.305556,0
01_Raw_Data/Semiconductor/Semiconductor_Master/Ecosystem_Clustering_Final.csv,company_project_count,int64,36,0,0.0,2,NO,NO,0.888889,0
01_Raw_Data/Semiconductor/Semiconductor_Master/Ecosystem_Clustering_Final.csv,is_manufacturing,int64,36,0,0.0,2,NO,NO,0.666667,0
01_Raw_Data/Semiconductor/Semiconductor_Master/Ecosystem_Clustering_Final.csv,is_fab,int64,36,0,0.0,2,NO,NO,0.916667,0
01_Raw_Data/Semiconductor/Semiconductor_Master/Ecosystem_Clustering_Final.csv,is_osat,int64,36,0,0.0,2,NO,NO,0.833333,0
01_Raw_Data/Semiconductor/Semiconductor_Master/Ecosystem_Clustering_Final.csv,is_ai_related,int64,36,0,0.0,2,NO,NO,0.861111,0
01_Raw_Data/Semiconductor/Semiconductor_Master/Ecosystem_Clustering_Final.csv,is_telecom_related,int64,36,0,0.0,2,NO,NO,0.833333,0
01_Raw_Data/Semiconductor/Semiconductor_Master/Ecosystem_Clustering_Final.csv,is_automotive_related,int64,36,0,0.0,2,NO,NO,0.916667,0
01_Raw_Data/Semiconductor/Semiconductor_Master/Ecosystem_Clustering_Final.csv,is_iot_related,int64,36,0,0.0,2,NO,NO,0.888889,0
01_Raw_Data/Semiconductor/Semiconductor_Master/Ecosystem_Clustering_Final.csv,is_medical_related,int64,36,0,0.0,2,NO,NO,0.944444,0
01_Raw_Data/Semiconductor/Semiconductor_Master/Ecosystem_Clustering_Final.csv,has_technology_partner,int64,36,0,0.0,2,NO,NO,0.833333,0
01_Raw_Data/Semiconductor/Semiconductor_Master/Ecosystem_Clustering_Final.csv,z_financial_rank_within_scope,float64,36,0,0.0,24,NO,NO,0.055556,0
01_Raw_Data/Semiconductor/Semiconductor_Master/Ecosystem_Clustering_Final.csv,z_state_financial_share_within_scope,float64,36,0,0.0,13,NO,NO,0.305556,0
01_Raw_Data/Semiconductor/Semiconductor_Master/Ecosystem_Clustering_Final.csv,z_company_project_count,float64,36,0,0.0,2,NO,NO,0.888889,0
01_Raw_Data/Semiconductor/Semiconductor_Master/Ecosystem_Clustering_Final.csv,z_is_manufacturing,float64,36,0,0.0,2,NO,NO,0.666667,0
01_Raw_Data/Semiconductor/Semiconductor_Master/Ecosystem_Clustering_Final.csv,z_is_fab,float64,36,0,0.0,2,NO,NO,0.916667,0
01_Raw_Data/Semiconductor/Semiconductor_Master/Ecosystem_Clustering_Final.csv,z_is_osat,float64,36,0,0.0,2,NO,NO,0.833333,0
01_Raw_Data/Semiconductor/Semiconductor_Master/Ecosystem_Clustering_Final.csv,z_is_ai_related,float64,36,0,0.0,2,NO,NO,0.861111,0
01_Raw_Data/Semiconductor/Semiconductor_Master/Ecosystem_Clustering_Final.csv,z_is_telecom_related,float64,36,0,0.0,2,NO,NO,0.833333,0
01_Raw_Data/Semiconductor/Semiconductor_Master/Ecosystem_Clustering_Final.csv,z_is_automotive_related,float64,36,0,0.0,2,NO,NO,0.916667,0
01_Raw_Data/Semiconductor/Semiconductor_Master/Ecosystem_Clustering_Final.csv,z_is_iot_related,float64,36,0,0.0,2,NO,NO,0.888889,0
01_Raw_Data/Semiconductor/Semiconductor_Master/Ecosystem_Clustering_Final.csv,z_is_medical_related,float64,36,0,0.0,2,NO,NO,0.944444,0
01_Raw_Data/Semiconductor/Semiconductor_Master/Ecosystem_Clustering_Final.csv,z_has_technology_partner,float64,36,0,0.0,2,NO,NO,0.833333,0
01_Raw_Data/Semiconductor/Semiconductor_Master/Semiconductor_Feature_Importance.csv,feature,object,34,0,0.0,24,NO,NO,0.058824,0
01_Raw_Data/Semiconductor/Semiconductor_Master/Semiconductor_Feature_Importance.csv,importance,float64,34,0,0.0,18,NO,NO,0.5,0
01_Raw_Data/Semiconductor/Semiconductor_Capacity/Semiconductor_Capacity_Meity_Relevant_Pages.csv,document,object,48,0,0.0,2,NO,NO,0.5625,0
01_Raw_Data/Semiconductor/Semiconductor_Capacity/Semiconductor_Capacity_Meity_Relevant_Pages.csv,page,int64,48,0,0.0,45,NO,NO,0.041667,0
01_Raw_Data/Semiconductor/Semiconductor_Capacity/Semiconductor_Capacity_Meity_Relevant_Pages.csv,matched_terms,object,48,0,0.0,23,NO,NO,0.166667,0
01_Raw_Data/Semiconductor/Semiconductor_Capacity/Semiconductor_Capacity_Meity_Relevant_Pages.csv,text,object,48,0,0.0,48,NO,NO,0.020833,0
01_Raw_Data/Semiconductor/Semiconductor_Capacity/Semiconductor_Capacity_Master.csv,project_name,object,0,0,0.0,0,YES,NO,,0
01_Raw_Data/Semiconductor/Semiconductor_Capacity/Semiconductor_Capacity_Master.csv,company,object,0,0,0.0,0,YES,NO,,0
01_Raw_Data/Semiconductor/Semiconductor_Capacity/Semiconductor_Capacity_Master.csv,project_type,object,0,0,0.0,0,YES,NO,,0
01_Raw_Data/Semiconductor/Semiconductor_Capacity/Semiconductor_Capacity_Master.csv,location,object,0,0,0.0,0,YES,NO,,0
01_Raw_Data/Semiconductor/Semiconductor_Capacity/Semiconductor_Capacity_Master.csv,investment_crore,object,0,0,0.0,0,YES,NO,,0
01_Raw_Data/Semiconductor/Semiconductor_Capacity/Semiconductor_Capacity_Master.csv,government_support_crore,object,0,0,0.0,0,YES,NO,,0
01_Raw_Data/Semiconductor/Semiconductor_Capacity/Semiconductor_Capacity_Master.csv,capacity,object,0,0,0.0,0,YES,NO,,0
01_Raw_Data/Semiconductor/Semiconductor_Capacity/Semiconductor_Capacity_Master.csv,capacity_unit,object,0,0,0.0,0,YES,NO,,0
01_Raw_Data/Semiconductor/Semiconductor_Capacity/Semiconductor_Capacity_Master.csv,technology,object,0,0,0.0,0,YES,NO,,0
01_Raw_Data/Semiconductor/Semiconductor_Capacity/Semiconductor_Capacity_Master.csv,approval_date,object,0,0,0.0,0,YES,NO,,0
01_Raw_Data/Semiconductor/Semiconductor_Capacity/Semiconductor_Capacity_Master.csv,status,object,0,0,0.0,0,YES,NO,,0
01_Raw_Data/Semiconductor/Semiconductor_Capacity/Semiconductor_Capacity_Master.csv,expected_operation,object,0,0,0.0,0,YES,NO,,0
01_Raw_Data/Semiconductor/Semiconductor_Capacity/Semiconductor_Capacity_Master.csv,employment,object,0,0,0.0,0,YES,NO,,0
01_Raw_Data/Semiconductor/Semiconductor_Capacity/Semiconductor_Capacity_Master.csv,source_document,object,0,0,0.0,0,YES,NO,,0
01_Raw_Data/Semiconductor/Semiconductor_Capacity/Semiconductor_Capacity_Master.csv,source_page,object,0,0,0.0,0,YES,NO,,0
01_Raw_Data/Semiconductor/Semiconductor_Capacity/Semiconductor_Capacity_Master.csv,source_url,object,0,0,0.0,0,YES,NO,,0
01_Raw_Data/Semiconductor/Semiconductor_Project_Master/Semiconductor_Project_Master.csv,project_id,object,10,0,0.0,10,NO,NO,0.1,0
01_Raw_Data/Semiconductor/Semiconductor_Project_Master/Semiconductor_Project_Master.csv,company,object,10,0,0.0,9,NO,NO,0.2,0
01_Raw_Data/Semiconductor/Semiconductor_Project_Master/Semiconductor_Project_Master.csv,project_type,object,10,0,0.0,6,NO,NO,0.5,0
01_Raw_Data/Semiconductor/Semiconductor_Project_Master/Semiconductor_Project_Master.csv,state,object,10,0,0.0,6,NO,NO,0.4,0
01_Raw_Data/Semiconductor/Semiconductor_Project_Master/Semiconductor_Project_Master.csv,approval_date,object,10,0,0.0,5,NO,NO,0.4,0
01_Raw_Data/Semiconductor/Semiconductor_Project_Master/Semiconductor_Project_Master.csv,investment_crore,int64,10,0,0.0,10,NO,NO,0.1,0
01_Raw_Data/Semiconductor/Semiconductor_Project_Master/Semiconductor_Project_Master.csv,capacity_value,float64,10,0,0.0,10,NO,NO,0.1,0
01_Raw_Data/Semiconductor/Semiconductor_Project_Master/Semiconductor_Project_Master.csv,capacity_unit,object,10,0,0.0,8,NO,NO,0.2,0
01_Raw_Data/Semiconductor/Semiconductor_Project_Master/Semiconductor_Project_Master.csv,technology,object,10,0,0.0,10,NO,NO,0.1,0
01_Raw_Data/Semiconductor/Semiconductor_Project_Master/Semiconductor_Project_Master.csv,technology_partner,object,6,4,40.0,6,NO,NO,0.166667,0
01_Raw_Data/Semiconductor/Semiconductor_Project_Master/Semiconductor_Project_Master.csv,source_document,object,10,0,0.0,1,YES,NO,1.0,0
01_Raw_Data/Semiconductor/Semiconductor_Project_Master/Semiconductor_Project_Master.csv,source_page,int64,10,0,0.0,2,NO,NO,0.9,0
01_Raw_Data/Semiconductor/Semiconductor_Project_Master/Semiconductor_Project_Master.csv,source,object,10,0,0.0,1,YES,NO,1.0,0
01_Raw_Data/Semiconductor/Semiconductor_Project_Master/Semiconductor_Project_Master.csv,project_type_standardized,object,10,0,0.0,5,NO,NO,0.5,0
01_Raw_Data/Semiconductor/Semiconductor_Project_Master/Semiconductor_Project_Master.csv,capacity_category,object,10,0,0.0,7,NO,NO,0.2,0
01_Raw_Data/Semiconductor/Semiconductor_Project_Master/Semiconductor_Project_Master.csv,investment_per_capacity_unit,float64,10,0,0.0,10,NO,NO,0.1,0
01_Raw_Data/Semiconductor/Semiconductor_Project_Master/Semiconductor_Project_Master.csv,data_quality_flag,object,10,0,0.0,1,YES,NO,1.0,0
01_Raw_Data/Semiconductor/Semiconductor_Project_Master/Semiconductor_Project_Master.csv,investment_crore_investment,float64,2,8,80.0,2,NO,NO,0.5,0
01_Raw_Data/Semiconductor/Semiconductor_Project_Master/Semiconductor_Project_Master.csv,approval_date_investment,object,2,8,80.0,2,NO,NO,0.5,0
01_Raw_Data/Semiconductor/Semiconductor_Project_Master/Semiconductor_Project_Master.csv,data_quality_flag_investment,object,2,8,80.0,1,YES,NO,1.0,0
01_Raw_Data/Semiconductor/Semiconductor_Project_Master/Semiconductor_Project_Master.csv,investment_match_status,object,10,0,0.0,1,YES,NO,1.0,0
01_Raw_Data/Semiconductor/Semiconductor_Capacity/Extracted_Capacity_Data/Semiconductor_Capacity_Master_v2.csv,project_id,object,11,0,0.0,11,NO,NO,0.090909,0
01_Raw_Data/Semiconductor/Semiconductor_Capacity/Extracted_Capacity_Data/Semiconductor_Capacity_Master_v2.csv,company,object,11,0,0.0,9,NO,NO,0.181818,0
01_Raw_Data/Semiconductor/Semiconductor_Capacity/Extracted_Capacity_Data/Semiconductor_Capacity_Master_v2.csv,project_type,object,11,0,0.0,6,NO,NO,0.454545,0
01_Raw_Data/Semiconductor/Semiconductor_Capacity/Extracted_Capacity_Data/Semiconductor_Capacity_Master_v2.csv,state,object,11,0,0.0,6,NO,NO,0.363636,0
01_Raw_Data/Semiconductor/Semiconductor_Capacity/Extracted_Capacity_Data/Semiconductor_Capacity_Master_v2.csv,approval_date,object,10,1,9.0909,5,NO,NO,0.4,0
01_Raw_Data/Semiconductor/Semiconductor_Capacity/Extracted_Capacity_Data/Semiconductor_Capacity_Master_v2.csv,investment_crore,int64,11,0,0.0,10,NO,NO,0.181818,0
01_Raw_Data/Semiconductor/Semiconductor_Capacity/Extracted_Capacity_Data/Semiconductor_Capacity_Master_v2.csv,capacity_primary_value,float64,11,0,0.0,10,NO,NO,0.181818,0
01_Raw_Data/Semiconductor/Semiconductor_Capacity/Extracted_Capacity_Data/Semiconductor_Capacity_Master_v2.csv,capacity_primary_unit,object,11,0,0.0,8,NO,NO,0.181818,0
01_Raw_Data/Semiconductor/Semiconductor_Capacity/Extracted_Capacity_Data/Semiconductor_Capacity_Master_v2.csv,capacity_secondary_value,float64,1,10,90.9091,1,YES,NO,1.0,0
01_Raw_Data/Semiconductor/Semiconductor_Capacity/Extracted_Capacity_Data/Semiconductor_Capacity_Master_v2.csv,capacity_secondary_unit,object,1,10,90.9091,1,YES,NO,1.0,0
01_Raw_Data/Semiconductor/Semiconductor_Capacity/Extracted_Capacity_Data/Semiconductor_Capacity_Master_v2.csv,technology,object,11,0,0.0,10,NO,NO,0.181818,0
01_Raw_Data/Semiconductor/Semiconductor_Capacity/Extracted_Capacity_Data/Semiconductor_Capacity_Master_v2.csv,technology_partner,object,7,4,36.3636,6,NO,NO,0.285714,0
01_Raw_Data/Semiconductor/Semiconductor_Capacity/Extracted_Capacity_Data/Semiconductor_Capacity_Master_v2.csv,project_status,object,1,10,90.9091,1,YES,NO,1.0,0
01_Raw_Data/Semiconductor/Semiconductor_Capacity/Extracted_Capacity_Data/Semiconductor_Capacity_Master_v2.csv,source_document,object,11,0,0.0,2,NO,NO,0.909091,0
01_Raw_Data/Semiconductor/Semiconductor_Capacity/Extracted_Capacity_Data/Semiconductor_Capacity_Master_v2.csv,source_page,int64,11,0,0.0,2,NO,NO,0.909091,0
01_Raw_Data/Semiconductor/Semiconductor_Capacity/Extracted_Capacity_Data/Semiconductor_Capacity_Master_v2.csv,source_url,object,1,10,90.9091,1,YES,NO,1.0,0
01_Raw_Data/Semiconductor/Semiconductor_Capacity/Extracted_Capacity_Data/Semiconductor_Capacity_Raw_Page_Index.csv,document,object,34,0,0.0,2,NO,NO,0.588235,0
01_Raw_Data/Semiconductor/Semiconductor_Capacity/Extracted_Capacity_Data/Semiconductor_Capacity_Raw_Page_Index.csv,page,int64,34,0,0.0,34,NO,NO,0.029412,0
01_Raw_Data/Semiconductor/Semiconductor_Capacity/Extracted_Capacity_Data/Semiconductor_Capacity_Raw_Page_Index.csv,matched_keywords,object,27,7,20.5882,18,NO,NO,0.333333,0
01_Raw_Data/Semiconductor/Semiconductor_Capacity/Extracted_Capacity_Data/Semiconductor_Capacity_State_Summary.csv,state,object,6,0,0.0,6,NO,NO,0.166667,0
01_Raw_Data/Semiconductor/Semiconductor_Capacity/Extracted_Capacity_Data/Semiconductor_Capacity_State_Summary.csv,projects,int64,6,0,0.0,3,NO,NO,0.666667,0
01_Raw_Data/Semiconductor/Semiconductor_Capacity/Extracted_Capacity_Data/Semiconductor_Capacity_State_Summary.csv,total_investment_crore,int64,6,0,0.0,6,NO,NO,0.166667,0
01_Raw_Data/Semiconductor/Semiconductor_Capacity/Extracted_Capacity_Data/ISM_Project_Source_Index.csv,title,object,11,0,0.0,11,NO,NO,0.090909,0
01_Raw_Data/Semiconductor/Semiconductor_Capacity/Extracted_Capacity_Data/ISM_Project_Source_Index.csv,url,object,11,0,0.0,11,NO,NO,0.090909,0
01_Raw_Data/Semiconductor/Semiconductor_Capacity/Extracted_Capacity_Data/ISM_Project_Source_Index.csv,snippet,object,11,0,0.0,11,NO,NO,0.090909,0
01_Raw_Data/Semiconductor/Semiconductor_Capacity/Extracted_Capacity_Data/ISM_Project_Source_Index.csv,search_query,object,11,0,0.0,2,NO,NO,0.909091,0
01_Raw_Data/Semiconductor/Semiconductor_Capacity/Extracted_Capacity_Data/Semiconductor_Capacity_ProjectType_Summary.csv,project_type,object,6,0,0.0,6,NO,NO,0.166667,0
01_Raw_Data/Semiconductor/Semiconductor_Capacity/Extracted_Capacity_Data/Semiconductor_Capacity_ProjectType_Summary.csv,projects,int64,6,0,0.0,2,NO,NO,0.833333,0
01_Raw_Data/Semiconductor/Semiconductor_Capacity/Extracted_Capacity_Data/Semiconductor_Capacity_ProjectType_Summary.csv,total_investment_crore,int64,6,0,0.0,6,NO,NO,0.166667,0
01_Raw_Data/Semiconductor/Semiconductor_Capacity/Extracted_Capacity_Data/Semiconductor_Capacity_Master_Clean.csv,project_id,object,10,0,0.0,10,NO,NO,0.1,0
01_Raw_Data/Semiconductor/Semiconductor_Capacity/Extracted_Capacity_Data/Semiconductor_Capacity_Master_Clean.csv,company,object,10,0,0.0,9,NO,NO,0.2,0
01_Raw_Data/Semiconductor/Semiconductor_Capacity/Extracted_Capacity_Data/Semiconductor_Capacity_Master_Clean.csv,project_type,object,10,0,0.0,6,NO,NO,0.5,0
01_Raw_Data/Semiconductor/Semiconductor_Capacity/Extracted_Capacity_Data/Semiconductor_Capacity_Master_Clean.csv,state,object,10,0,0.0,6,NO,NO,0.4,0
01_Raw_Data/Semiconductor/Semiconductor_Capacity/Extracted_Capacity_Data/Semiconductor_Capacity_Master_Clean.csv,approval_date,object,10,0,0.0,5,NO,NO,0.4,0
01_Raw_Data/Semiconductor/Semiconductor_Capacity/Extracted_Capacity_Data/Semiconductor_Capacity_Master_Clean.csv,investment_crore,int64,10,0,0.0,10,NO,NO,0.1,0
01_Raw_Data/Semiconductor/Semiconductor_Capacity/Extracted_Capacity_Data/Semiconductor_Capacity_Master_Clean.csv,capacity_value,float64,10,0,0.0,10,NO,NO,0.1,0
01_Raw_Data/Semiconductor/Semiconductor_Capacity/Extracted_Capacity_Data/Semiconductor_Capacity_Master_Clean.csv,capacity_unit,object,10,0,0.0,8,NO,NO,0.2,0
01_Raw_Data/Semiconductor/Semiconductor_Capacity/Extracted_Capacity_Data/Semiconductor_Capacity_Master_Clean.csv,technology,object,10,0,0.0,10,NO,NO,0.1,0
01_Raw_Data/Semiconductor/Semiconductor_Capacity/Extracted_Capacity_Data/Semiconductor_Capacity_Master_Clean.csv,technology_partner,object,6,4,40.0,6,NO,NO,0.166667,0
01_Raw_Data/Semiconductor/Semiconductor_Capacity/Extracted_Capacity_Data/Semiconductor_Capacity_Master_Clean.csv,source_document,object,10,0,0.0,1,YES,NO,1.0,0
01_Raw_Data/Semiconductor/Semiconductor_Capacity/Extracted_Capacity_Data/Semiconductor_Capacity_Master_Clean.csv,source_page,int64,10,0,0.0,2,NO,NO,0.9,0
01_Raw_Data/Semiconductor/Semiconductor_Capacity/Extracted_Capacity_Data/Semiconductor_Capacity_Master_Clean.csv,source,object,10,0,0.0,1,YES,NO,1.0,0
01_Raw_Data/Semiconductor/Semiconductor_Capacity/Extracted_Capacity_Data/Semiconductor_Capacity_Master_Clean.csv,project_type_standardized,object,10,0,0.0,5,NO,NO,0.5,0
01_Raw_Data/Semiconductor/Semiconductor_Capacity/Extracted_Capacity_Data/Semiconductor_Capacity_Master_Clean.csv,capacity_category,object,10,0,0.0,7,NO,NO,0.2,0
01_Raw_Data/Semiconductor/Semiconductor_Capacity/Extracted_Capacity_Data/Semiconductor_Capacity_Master_Clean.csv,investment_per_capacity_unit,float64,10,0,0.0,10,NO,NO,0.1,0
01_Raw_Data/Semiconductor/Semiconductor_Capacity/Extracted_Capacity_Data/Semiconductor_Capacity_Master_Clean.csv,data_quality_flag,object,10,0,0.0,1,YES,NO,1.0,0
01_Raw_Data/Semiconductor/Semiconductor_Capacity/Extracted_Capacity_Data/Semiconductor_Capacity_Master.csv,project_id,object,10,0,0.0,10,NO,NO,0.1,0
01_Raw_Data/Semiconductor/Semiconductor_Capacity/Extracted_Capacity_Data/Semiconductor_Capacity_Master.csv,company,object,10,0,0.0,9,NO,NO,0.2,0
01_Raw_Data/Semiconductor/Semiconductor_Capacity/Extracted_Capacity_Data/Semiconductor_Capacity_Master.csv,project_type,object,10,0,0.0,6,NO,NO,0.5,0
01_Raw_Data/Semiconductor/Semiconductor_Capacity/Extracted_Capacity_Data/Semiconductor_Capacity_Master.csv,state,object,10,0,0.0,6,NO,NO,0.4,0
01_Raw_Data/Semiconductor/Semiconductor_Capacity/Extracted_Capacity_Data/Semiconductor_Capacity_Master.csv,approval_date,object,10,0,0.0,5,NO,NO,0.4,0
01_Raw_Data/Semiconductor/Semiconductor_Capacity/Extracted_Capacity_Data/Semiconductor_Capacity_Master.csv,investment_crore,int64,10,0,0.0,10,NO,NO,0.1,0
01_Raw_Data/Semiconductor/Semiconductor_Capacity/Extracted_Capacity_Data/Semiconductor_Capacity_Master.csv,capacity_value,float64,10,0,0.0,10,NO,NO,0.1,0
01_Raw_Data/Semiconductor/Semiconductor_Capacity/Extracted_Capacity_Data/Semiconductor_Capacity_Master.csv,capacity_unit,object,10,0,0.0,8,NO,NO,0.2,0
01_Raw_Data/Semiconductor/Semiconductor_Capacity/Extracted_Capacity_Data/Semiconductor_Capacity_Master.csv,technology,object,10,0,0.0,10,NO,NO,0.1,0
01_Raw_Data/Semiconductor/Semiconductor_Capacity/Extracted_Capacity_Data/Semiconductor_Capacity_Master.csv,technology_partner,object,6,4,40.0,6,NO,NO,0.166667,0
01_Raw_Data/Semiconductor/Semiconductor_Capacity/Extracted_Capacity_Data/Semiconductor_Capacity_Master.csv,source_document,object,10,0,0.0,1,YES,NO,1.0,0
01_Raw_Data/Semiconductor/Semiconductor_Capacity/Extracted_Capacity_Data/Semiconductor_Capacity_Master.csv,source_page,int64,10,0,0.0,2,NO,NO,0.9,0
01_Raw_Data/Semiconductor/Semiconductor_Capacity/Extracted_Capacity_Data/Semiconductor_Capacity_Master.csv,source,object,10,0,0.0,1,YES,NO,1.0,0
01_Raw_Data/Semiconductor/Semiconductor_Capacity/Extracted_Capacity_Data/Semiconductor_Capacity_Relevant_Pages.csv,document,object,34,0,0.0,2,NO,NO,0.588235,0
01_Raw_Data/Semiconductor/Semiconductor_Capacity/Extracted_Capacity_Data/Semiconductor_Capacity_Relevant_Pages.csv,page,int64,34,0,0.0,34,NO,NO,0.029412,0
01_Raw_Data/Semiconductor/Semiconductor_Capacity/Extracted_Capacity_Data/Semiconductor_Capacity_Relevant_Pages.csv,matched_keywords,object,27,7,20.5882,18,NO,NO,0.333333,0
01_Raw_Data/Semiconductor/Semiconductor_Capacity/Source_Index/Semiconductor_Capacity_Source_Index.csv,query,object,0,0,0.0,0,YES,NO,,0
01_Raw_Data/Semiconductor/Semiconductor_Capacity/Source_Index/Semiconductor_Capacity_Source_Index.csv,title,object,0,0,0.0,0,YES,NO,,0
01_Raw_Data/Semiconductor/Semiconductor_Capacity/Source_Index/Semiconductor_Capacity_Source_Index.csv,url,object,0,0,0.0,0,YES,NO,,0
01_Raw_Data/Semiconductor/Semiconductor_Capacity/Source_Index/Semiconductor_Capacity_Source_Index.csv,snippet,object,0,0,0.0,0,YES,NO,,0
01_Raw_Data/Semiconductor/Semiconductor_Master/Audit/Semiconductor_Column_Audit.csv,file,object,104,0,0.0,5,NO,NO,0.355769,0
01_Raw_Data/Semiconductor/Semiconductor_Master/Audit/Semiconductor_Column_Audit.csv,column,object,104,0,0.0,62,NO,NO,0.038462,0
01_Raw_Data/Semiconductor/Semiconductor_Master/Audit/Semiconductor_Column_Audit.csv,dtype,object,104,0,0.0,4,NO,NO,0.442308,0
01_Raw_Data/Semiconductor/Semiconductor_Master/Audit/Semiconductor_Column_Audit.csv,missing_count,int64,104,0,0.0,2,NO,NO,0.980769,0
01_Raw_Data/Semiconductor/Semiconductor_Master/Audit/Semiconductor_Column_Audit.csv,unique_values,int64,104,0,0.0,10,NO,NO,0.326923,0
01_Raw_Data/Semiconductor/Semiconductor_Master/Audit/Semiconductor_Master_Data_Dictionary.csv,domain,object,51,0,0.0,5,NO,NO,0.27451,0
01_Raw_Data/Semiconductor/Semiconductor_Master/Audit/Semiconductor_Master_Data_Dictionary.csv,variable,object,51,0,0.0,51,NO,NO,0.019608,0
01_Raw_Data/Semiconductor/Semiconductor_Master/Audit/Semiconductor_Master_Data_Dictionary.csv,available,bool,51,0,0.0,2,NO,NO,0.72549,0
01_Raw_Data/Semiconductor/Semiconductor_Master/Audit/Semiconductor_Data_Quality_Summary.csv,file,object,5,0,0.0,5,NO,NO,0.2,0
01_Raw_Data/Semiconductor/Semiconductor_Master/Audit/Semiconductor_Data_Quality_Summary.csv,rows,int64,5,0,0.0,2,NO,NO,0.8,0
01_Raw_Data/Semiconductor/Semiconductor_Master/Audit/Semiconductor_Data_Quality_Summary.csv,columns,int64,5,0,0.0,4,NO,NO,0.4,0
01_Raw_Data/Semiconductor/Semiconductor_Master/Audit/Semiconductor_Data_Quality_Summary.csv,missing_cells,int64,5,0,0.0,2,NO,NO,0.6,0
01_Raw_Data/Semiconductor/Semiconductor_Master/Audit/Semiconductor_Data_Quality_Summary.csv,missing_percentage,float64,5,0,0.0,3,NO,NO,0.6,0
01_Raw_Data/Semiconductor/Semiconductor_Master/Audit/Semiconductor_Data_Quality_Summary.csv,duplicate_rows,int64,5,0,0.0,1,YES,NO,1.0,0
01_Raw_Data/Semiconductor/Semiconductor_Master/Audit/Semiconductor_Master_Domain_Coverage.csv,domain,object,5,0,0.0,5,NO,NO,0.2,0
01_Raw_Data/Semiconductor/Semiconductor_Master/Audit/Semiconductor_Master_Domain_Coverage.csv,required_variables,int64,5,0,0.0,5,NO,NO,0.2,0
01_Raw_Data/Semiconductor/Semiconductor_Master/Audit/Semiconductor_Master_Domain_Coverage.csv,available_variables,int64,5,0,0.0,2,NO,NO,0.8,0
01_Raw_Data/Semiconductor/Semiconductor_Master/Audit/Semiconductor_Master_Domain_Coverage.csv,missing_variables,int64,5,0,0.0,5,NO,NO,0.2,0
01_Raw_Data/Semiconductor/Semiconductor_Master/Audit/Semiconductor_Master_Domain_Coverage.csv,coverage_percentage,float64,5,0,0.0,2,NO,NO,0.8,0
01_Raw_Data/Semiconductor/Semiconductor_Master/Candidate_Discovery/Semiconductor_Project_Verification_Review.csv,candidate_id,object,5,0,0.0,5,NO,NO,0.2,0
01_Raw_Data/Semiconductor/Semiconductor_Master/Candidate_Discovery/Semiconductor_Project_Verification_Review.csv,company,float64,0,5,100.0,0,YES,NO,,0
01_Raw_Data/Semiconductor/Semiconductor_Master/Candidate_Discovery/Semiconductor_Project_Verification_Review.csv,project_name,object,5,0,0.0,5,NO,NO,0.2,0
01_Raw_Data/Semiconductor/Semiconductor_Master/Candidate_Discovery/Semiconductor_Project_Verification_Review.csv,project_type,float64,0,5,100.0,0,YES,NO,,0
01_Raw_Data/Semiconductor/Semiconductor_Master/Candidate_Discovery/Semiconductor_Project_Verification_Review.csv,state,float64,0,5,100.0,0,YES,NO,,0
01_Raw_Data/Semiconductor/Semiconductor_Master/Candidate_Discovery/Semiconductor_Project_Verification_Review.csv,approval_year,float64,0,5,100.0,0,YES,NO,,0
01_Raw_Data/Semiconductor/Semiconductor_Master/Candidate_Discovery/Semiconductor_Project_Verification_Review.csv,investment_crore,float64,0,5,100.0,0,YES,NO,,0
01_Raw_Data/Semiconductor/Semiconductor_Master/Candidate_Discovery/Semiconductor_Project_Verification_Review.csv,capacity_value,float64,0,5,100.0,0,YES,NO,,0
01_Raw_Data/Semiconductor/Semiconductor_Master/Candidate_Discovery/Semiconductor_Project_Verification_Review.csv,capacity_unit,float64,0,5,100.0,0,YES,NO,,0
01_Raw_Data/Semiconductor/Semiconductor_Master/Candidate_Discovery/Semiconductor_Project_Verification_Review.csv,project_scope,float64,0,5,100.0,0,YES,NO,,0
01_Raw_Data/Semiconductor/Semiconductor_Master/Candidate_Discovery/Semiconductor_Project_Verification_Review.csv,source,object,5,0,0.0,1,YES,NO,1.0,0
01_Raw_Data/Semiconductor/Semiconductor_Master/Candidate_Discovery/Semiconductor_Project_Verification_Review.csv,source_url,object,5,0,0.0,5,NO,NO,0.2,0
01_Raw_Data/Semiconductor/Semiconductor_Master/Candidate_Discovery/Semiconductor_Project_Verification_Review.csv,evidence_text,float64,0,5,100.0,0,YES,NO,,0
01_Raw_Data/Semiconductor/Semiconductor_Master/Candidate_Discovery/Semiconductor_Project_Verification_Review.csv,verification_status,object,5,0,0.0,1,YES,NO,1.0,0
01_Raw_Data/Semiconductor/Semiconductor_Master/Candidate_Discovery/Semiconductor_Project_Verification_Review.csv,duplicate_status,object,5,0,0.0,1,YES,NO,1.0,0
01_Raw_Data/Semiconductor/Semiconductor_Master/Candidate_Discovery/Semiconductor_Project_Verification_Review.csv,notes,float64,0,5,100.0,0,YES,NO,,0
01_Raw_Data/Semiconductor/Semiconductor_Master/Candidate_Discovery/Semiconductor_Project_Verification_Review.csv,official_source_confirmed,float64,0,5,100.0,0,YES,NO,,0
01_Raw_Data/Semiconductor/Semiconductor_Master/Candidate_Discovery/Semiconductor_Project_Verification_Review.csv,project_name_confirmed,float64,0,5,100.0,0,YES,NO,,0
01_Raw_Data/Semiconductor/Semiconductor_Master/Candidate_Discovery/Semiconductor_Project_Verification_Review.csv,company_confirmed,float64,0,5,100.0,0,YES,NO,,0
01_Raw_Data/Semiconductor/Semiconductor_Master/Candidate_Discovery/Semiconductor_Project_Verification_Review.csv,investment_confirmed,float64,0,5,100.0,0,YES,NO,,0
01_Raw_Data/Semiconductor/Semiconductor_Master/Candidate_Discovery/Semiconductor_Project_Verification_Review.csv,year_confirmed,float64,0,5,100.0,0,YES,NO,,0
01_Raw_Data/Semiconductor/Semiconductor_Master/Candidate_Discovery/Semiconductor_Project_Verification_Review.csv,state_confirmed,float64,0,5,100.0,0,YES,NO,,0
01_Raw_Data/Semiconductor/Semiconductor_Master/Candidate_Discovery/Semiconductor_Project_Verification_Review.csv,project_type_confirmed,float64,0,5,100.0,0,YES,NO,,0
01_Raw_Data/Semiconductor/Semiconductor_Master/Candidate_Discovery/Semiconductor_Project_Verification_Review.csv,capacity_confirmed,float64,0,5,100.0,0,YES,NO,,0
01_Raw_Data/Semiconductor/Semiconductor_Master/Candidate_Discovery/Semiconductor_Project_Verification_Review.csv,duplicate_confirmed,object,5,0,0.0,1,YES,NO,1.0,0
01_Raw_Data/Semiconductor/Semiconductor_Master/Candidate_Discovery/Semiconductor_Project_Verification_Review.csv,evidence_quality,float64,0,5,100.0,0,YES,NO,,0
01_Raw_Data/Semiconductor/Semiconductor_Master/Candidate_Discovery/Semiconductor_Project_Verification_Review.csv,verification_notes,float64,0,5,100.0,0,YES,NO,,0
01_Raw_Data/Semiconductor/Semiconductor_Master/Candidate_Discovery/Semiconductor_Approved_Projects_PENDING_MASTER_MERGE.csv,candidate_id,object,0,0,0.0,0,YES,NO,,0
01_Raw_Data/Semiconductor/Semiconductor_Master/Candidate_Discovery/Semiconductor_Approved_Projects_PENDING_MASTER_MERGE.csv,company,object,0,0,0.0,0,YES,NO,,0
01_Raw_Data/Semiconductor/Semiconductor_Master/Candidate_Discovery/Semiconductor_Approved_Projects_PENDING_MASTER_MERGE.csv,project_name,object,0,0,0.0,0,YES,NO,,0
01_Raw_Data/Semiconductor/Semiconductor_Master/Candidate_Discovery/Semiconductor_Approved_Projects_PENDING_MASTER_MERGE.csv,project_type,object,0,0,0.0,0,YES,NO,,0
01_Raw_Data/Semiconductor/Semiconductor_Master/Candidate_Discovery/Semiconductor_Approved_Projects_PENDING_MASTER_MERGE.csv,state,object,0,0,0.0,0,YES,NO,,0
01_Raw_Data/Semiconductor/Semiconductor_Master/Candidate_Discovery/Semiconductor_Approved_Projects_PENDING_MASTER_MERGE.csv,approval_year,object,0,0,0.0,0,YES,NO,,0
01_Raw_Data/Semiconductor/Semiconductor_Master/Candidate_Discovery/Semiconductor_Approved_Projects_PENDING_MASTER_MERGE.csv,investment_crore,object,0,0,0.0,0,YES,NO,,0
01_Raw_Data/Semiconductor/Semiconductor_Master/Candidate_Discovery/Semiconductor_Approved_Projects_PENDING_MASTER_MERGE.csv,capacity_value,object,0,0,0.0,0,YES,NO,,0
01_Raw_Data/Semiconductor/Semiconductor_Master/Candidate_Discovery/Semiconductor_Approved_Projects_PENDING_MASTER_MERGE.csv,capacity_unit,object,0,0,0.0,0,YES,NO,,0
01_Raw_Data/Semiconductor/Semiconductor_Master/Candidate_Discovery/Semiconductor_Approved_Projects_PENDING_MASTER_MERGE.csv,project_scope,object,0,0,0.0,0,YES,NO,,0
01_Raw_Data/Semiconductor/Semiconductor_Master/Candidate_Discovery/Semiconductor_Approved_Projects_PENDING_MASTER_MERGE.csv,source,object,0,0,0.0,0,YES,NO,,0
01_Raw_Data/Semiconductor/Semiconductor_Master/Candidate_Discovery/Semiconductor_Approved_Projects_PENDING_MASTER_MERGE.csv,source_url,object,0,0,0.0,0,YES,NO,,0
01_Raw_Data/Semiconductor/Semiconductor_Master/Candidate_Discovery/Semiconductor_Approved_Projects_PENDING_MASTER_MERGE.csv,evidence_text,object,0,0,0.0,0,YES,NO,,0
01_Raw_Data/Semiconductor/Semiconductor_Master/Candidate_Discovery/Semiconductor_Approved_Projects_PENDING_MASTER_MERGE.csv,verification_status,object,0,0,0.0,0,YES,NO,,0
01_Raw_Data/Semiconductor/Semiconductor_Master/Candidate_Discovery/Semiconductor_Approved_Projects_PENDING_MASTER_MERGE.csv,duplicate_status,object,0,0,0.0,0,YES,NO,,0
01_Raw_Data/Semiconductor/Semiconductor_Master/Candidate_Discovery/Semiconductor_Approved_Projects_PENDING_MASTER_MERGE.csv,notes,object,0,0,0.0,0,YES,NO,,0
01_Raw_Data/Semiconductor/Semiconductor_Master/Candidate_Discovery/Semiconductor_Approved_Projects_PENDING_MASTER_MERGE.csv,official_source_confirmed,object,0,0,0.0,0,YES,NO,,0
01_Raw_Data/Semiconductor/Semiconductor_Master/Candidate_Discovery/Semiconductor_Approved_Projects_PENDING_MASTER_MERGE.csv,project_name_confirmed,object,0,0,0.0,0,YES,NO,,0
01_Raw_Data/Semiconductor/Semiconductor_Master/Candidate_Discovery/Semiconductor_Approved_Projects_PENDING_MASTER_MERGE.csv,company_confirmed,object,0,0,0.0,0,YES,NO,,0
01_Raw_Data/Semiconductor/Semiconductor_Master/Candidate_Discovery/Semiconductor_Approved_Projects_PENDING_MASTER_MERGE.csv,investment_confirmed,object,0,0,0.0,0,YES,NO,,0
01_Raw_Data/Semiconductor/Semiconductor_Master/Candidate_Discovery/Semiconductor_Approved_Projects_PENDING_MASTER_MERGE.csv,year_confirmed,object,0,0,0.0,0,YES,NO,,0
01_Raw_Data/Semiconductor/Semiconductor_Master/Candidate_Discovery/Semiconductor_Approved_Projects_PENDING_MASTER_MERGE.csv,state_confirmed,object,0,0,0.0,0,YES,NO,,0
01_Raw_Data/Semiconductor/Semiconductor_Master/Candidate_Discovery/Semiconductor_Approved_Projects_PENDING_MASTER_MERGE.csv,project_type_confirmed,object,0,0,0.0,0,YES,NO,,0
01_Raw_Data/Semiconductor/Semiconductor_Master/Candidate_Discovery/Semiconductor_Approved_Projects_PENDING_MASTER_MERGE.csv,capacity_confirmed,object,0,0,0.0,0,YES,NO,,0
01_Raw_Data/Semiconductor/Semiconductor_Master/Candidate_Discovery/Semiconductor_Approved_Projects_PENDING_MASTER_MERGE.csv,duplicate_confirmed,object,0,0,0.0,0,YES,NO,,0
01_Raw_Data/Semiconductor/Semiconductor_Master/Candidate_Discovery/Semiconductor_Approved_Projects_PENDING_MASTER_MERGE.csv,evidence_quality,object,0,0,0.0,0,YES,NO,,0
01_Raw_Data/Semiconductor/Semiconductor_Master/Candidate_Discovery/Semiconductor_Approved_Projects_PENDING_MASTER_MERGE.csv,verification_notes,object,0,0,0.0,0,YES,NO,,0
01_Raw_Data/Semiconductor/Semiconductor_Master/Candidate_Discovery/Semiconductor_Project_Candidates.csv,candidate_id,object,5,0,0.0,5,NO,NO,0.2,0
01_Raw_Data/Semiconductor/Semiconductor_Master/Candidate_Discovery/Semiconductor_Project_Candidates.csv,company,float64,0,5,100.0,0,YES,NO,,0
01_Raw_Data/Semiconductor/Semiconductor_Master/Candidate_Discovery/Semiconductor_Project_Candidates.csv,project_name,object,5,0,0.0,5,NO,NO,0.2,0
01_Raw_Data/Semiconductor/Semiconductor_Master/Candidate_Discovery/Semiconductor_Project_Candidates.csv,project_type,float64,0,5,100.0,0,YES,NO,,0
01_Raw_Data/Semiconductor/Semiconductor_Master/Candidate_Discovery/Semiconductor_Project_Candidates.csv,state,float64,0,5,100.0,0,YES,NO,,0
01_Raw_Data/Semiconductor/Semiconductor_Master/Candidate_Discovery/Semiconductor_Project_Candidates.csv,approval_year,float64,0,5,100.0,0,YES,NO,,0
01_Raw_Data/Semiconductor/Semiconductor_Master/Candidate_Discovery/Semiconductor_Project_Candidates.csv,investment_crore,float64,0,5,100.0,0,YES,NO,,0
01_Raw_Data/Semiconductor/Semiconductor_Master/Candidate_Discovery/Semiconductor_Project_Candidates.csv,capacity_value,float64,0,5,100.0,0,YES,NO,,0
01_Raw_Data/Semiconductor/Semiconductor_Master/Candidate_Discovery/Semiconductor_Project_Candidates.csv,capacity_unit,float64,0,5,100.0,0,YES,NO,,0
01_Raw_Data/Semiconductor/Semiconductor_Master/Candidate_Discovery/Semiconductor_Project_Candidates.csv,project_scope,float64,0,5,100.0,0,YES,NO,,0
01_Raw_Data/Semiconductor/Semiconductor_Master/Candidate_Discovery/Semiconductor_Project_Candidates.csv,source,object,5,0,0.0,1,YES,NO,1.0,0
01_Raw_Data/Semiconductor/Semiconductor_Master/Candidate_Discovery/Semiconductor_Project_Candidates.csv,source_url,object,5,0,0.0,5,NO,NO,0.2,0
01_Raw_Data/Semiconductor/Semiconductor_Master/Candidate_Discovery/Semiconductor_Project_Candidates.csv,evidence_text,float64,0,5,100.0,0,YES,NO,,0
01_Raw_Data/Semiconductor/Semiconductor_Master/Candidate_Discovery/Semiconductor_Project_Candidates.csv,verification_status,object,5,0,0.0,1,YES,NO,1.0,0
01_Raw_Data/Semiconductor/Semiconductor_Master/Candidate_Discovery/Semiconductor_Project_Candidates.csv,duplicate_status,object,5,0,0.0,1,YES,NO,1.0,0
01_Raw_Data/Semiconductor/Semiconductor_Master/Candidate_Discovery/Semiconductor_Project_Candidates.csv,notes,float64,0,5,100.0,0,YES,NO,,0
01_Raw_Data/Semiconductor/Semiconductor_Master/Candidate_Discovery/Semiconductor_Approved_Projects_READY_FOR_MERGE.csv,project_id,object,0,0,0.0,0,YES,NO,,0
01_Raw_Data/Semiconductor/Semiconductor_Master/Candidate_Discovery/Semiconductor_Approved_Projects_READY_FOR_MERGE.csv,candidate_id,object,0,0,0.0,0,YES,NO,,0
01_Raw_Data/Semiconductor/Semiconductor_Master/Candidate_Discovery/Semiconductor_Approved_Projects_READY_FOR_MERGE.csv,company,object,0,0,0.0,0,YES,NO,,0
01_Raw_Data/Semiconductor/Semiconductor_Master/Candidate_Discovery/Semiconductor_Approved_Projects_READY_FOR_MERGE.csv,project_name,object,0,0,0.0,0,YES,NO,,0
01_Raw_Data/Semiconductor/Semiconductor_Master/Candidate_Discovery/Semiconductor_Approved_Projects_READY_FOR_MERGE.csv,project_type,object,0,0,0.0,0,YES,NO,,0
01_Raw_Data/Semiconductor/Semiconductor_Master/Candidate_Discovery/Semiconductor_Approved_Projects_READY_FOR_MERGE.csv,state,object,0,0,0.0,0,YES,NO,,0
01_Raw_Data/Semiconductor/Semiconductor_Master/Candidate_Discovery/Semiconductor_Approved_Projects_READY_FOR_MERGE.csv,approval_year,object,0,0,0.0,0,YES,NO,,0
01_Raw_Data/Semiconductor/Semiconductor_Master/Candidate_Discovery/Semiconductor_Approved_Projects_READY_FOR_MERGE.csv,investment_crore,object,0,0,0.0,0,YES,NO,,0
01_Raw_Data/Semiconductor/Semiconductor_Master/Candidate_Discovery/Semiconductor_Approved_Projects_READY_FOR_MERGE.csv,capacity_value,object,0,0,0.0,0,YES,NO,,0
01_Raw_Data/Semiconductor/Semiconductor_Master/Candidate_Discovery/Semiconductor_Approved_Projects_READY_FOR_MERGE.csv,capacity_unit,object,0,0,0.0,0,YES,NO,,0
01_Raw_Data/Semiconductor/Semiconductor_Master/Candidate_Discovery/Semiconductor_Approved_Projects_READY_FOR_MERGE.csv,project_scope,object,0,0,0.0,0,YES,NO,,0
01_Raw_Data/Semiconductor/Semiconductor_Master/Candidate_Discovery/Semiconductor_Approved_Projects_READY_FOR_MERGE.csv,source,object,0,0,0.0,0,YES,NO,,0
01_Raw_Data/Semiconductor/Semiconductor_Master/Candidate_Discovery/Semiconductor_Approved_Projects_READY_FOR_MERGE.csv,source_url,object,0,0,0.0,0,YES,NO,,0
01_Raw_Data/Semiconductor/Semiconductor_Master/Candidate_Discovery/Semiconductor_Approved_Projects_READY_FOR_MERGE.csv,evidence_text,object,0,0,0.0,0,YES,NO,,0
01_Raw_Data/Semiconductor/Semiconductor_Master/Candidate_Discovery/Semiconductor_Approved_Projects_READY_FOR_MERGE.csv,verification_status,object,0,0,0.0,0,YES,NO,,0
01_Raw_Data/Semiconductor/Semiconductor_Master/Candidate_Discovery/Semiconductor_Approved_Projects_READY_FOR_MERGE.csv,duplicate_status,object,0,0,0.0,0,YES,NO,,0
01_Raw_Data/Semiconductor/Semiconductor_Master/Candidate_Discovery/Semiconductor_Approved_Projects_READY_FOR_MERGE.csv,notes,object,0,0,0.0,0,YES,NO,,0
01_Raw_Data/Semiconductor/Semiconductor_Master/Candidate_Discovery/Semiconductor_Approved_Projects_READY_FOR_MERGE.csv,official_source_confirmed,object,0,0,0.0,0,YES,NO,,0
01_Raw_Data/Semiconductor/Semiconductor_Master/Candidate_Discovery/Semiconductor_Approved_Projects_READY_FOR_MERGE.csv,project_name_confirmed,object,0,0,0.0,0,YES,NO,,0
01_Raw_Data/Semiconductor/Semiconductor_Master/Candidate_Discovery/Semiconductor_Approved_Projects_READY_FOR_MERGE.csv,company_confirmed,object,0,0,0.0,0,YES,NO,,0
01_Raw_Data/Semiconductor/Semiconductor_Master/Candidate_Discovery/Semiconductor_Approved_Projects_READY_FOR_MERGE.csv,investment_confirmed,object,0,0,0.0,0,YES,NO,,0
01_Raw_Data/Semiconductor/Semiconductor_Master/Candidate_Discovery/Semiconductor_Approved_Projects_READY_FOR_MERGE.csv,year_confirmed,object,0,0,0.0,0,YES,NO,,0
01_Raw_Data/Semiconductor/Semiconductor_Master/Candidate_Discovery/Semiconductor_Approved_Projects_READY_FOR_MERGE.csv,state_confirmed,object,0,0,0.0,0,YES,NO,,0
01_Raw_Data/Semiconductor/Semiconductor_Master/Candidate_Discovery/Semiconductor_Approved_Projects_READY_FOR_MERGE.csv,project_type_confirmed,object,0,0,0.0,0,YES,NO,,0
01_Raw_Data/Semiconductor/Semiconductor_Master/Candidate_Discovery/Semiconductor_Approved_Projects_READY_FOR_MERGE.csv,capacity_confirmed,object,0,0,0.0,0,YES,NO,,0
01_Raw_Data/Semiconductor/Semiconductor_Master/Candidate_Discovery/Semiconductor_Approved_Projects_READY_FOR_MERGE.csv,duplicate_confirmed,object,0,0,0.0,0,YES,NO,,0
01_Raw_Data/Semiconductor/Semiconductor_Master/Candidate_Discovery/Semiconductor_Approved_Projects_READY_FOR_MERGE.csv,evidence_quality,object,0,0,0.0,0,YES,NO,,0
01_Raw_Data/Semiconductor/Semiconductor_Master/Candidate_Discovery/Semiconductor_Approved_Projects_READY_FOR_MERGE.csv,verification_notes,object,0,0,0.0,0,YES,NO,,0
01_Raw_Data/Semiconductor/Semiconductor_Master/Candidate_Discovery/Semiconductor_Candidate_Verification.csv,candidate_id,object,5,0,0.0,5,NO,NO,0.2,0
01_Raw_Data/Semiconductor/Semiconductor_Master/Candidate_Discovery/Semiconductor_Candidate_Verification.csv,company,float64,0,5,100.0,0,YES,NO,,0
01_Raw_Data/Semiconductor/Semiconductor_Master/Candidate_Discovery/Semiconductor_Candidate_Verification.csv,project_name,object,5,0,0.0,5,NO,NO,0.2,0
01_Raw_Data/Semiconductor/Semiconductor_Master/Candidate_Discovery/Semiconductor_Candidate_Verification.csv,project_type,float64,0,5,100.0,0,YES,NO,,0
01_Raw_Data/Semiconductor/Semiconductor_Master/Candidate_Discovery/Semiconductor_Candidate_Verification.csv,state,float64,0,5,100.0,0,YES,NO,,0
01_Raw_Data/Semiconductor/Semiconductor_Master/Candidate_Discovery/Semiconductor_Candidate_Verification.csv,approval_year,float64,0,5,100.0,0,YES,NO,,0
01_Raw_Data/Semiconductor/Semiconductor_Master/Candidate_Discovery/Semiconductor_Candidate_Verification.csv,investment_crore,float64,0,5,100.0,0,YES,NO,,0
01_Raw_Data/Semiconductor/Semiconductor_Master/Candidate_Discovery/Semiconductor_Candidate_Verification.csv,capacity_value,float64,0,5,100.0,0,YES,NO,,0
01_Raw_Data/Semiconductor/Semiconductor_Master/Candidate_Discovery/Semiconductor_Candidate_Verification.csv,capacity_unit,float64,0,5,100.0,0,YES,NO,,0
01_Raw_Data/Semiconductor/Semiconductor_Master/Candidate_Discovery/Semiconductor_Candidate_Verification.csv,project_scope,float64,0,5,100.0,0,YES,NO,,0
01_Raw_Data/Semiconductor/Semiconductor_Master/Candidate_Discovery/Semiconductor_Candidate_Verification.csv,source,object,5,0,0.0,1,YES,NO,1.0,0
01_Raw_Data/Semiconductor/Semiconductor_Master/Candidate_Discovery/Semiconductor_Candidate_Verification.csv,source_url,object,5,0,0.0,5,NO,NO,0.2,0
01_Raw_Data/Semiconductor/Semiconductor_Master/Candidate_Discovery/Semiconductor_Candidate_Verification.csv,evidence_text,float64,0,5,100.0,0,YES,NO,,0
01_Raw_Data/Semiconductor/Semiconductor_Master/Candidate_Discovery/Semiconductor_Candidate_Verification.csv,verification_status,object,5,0,0.0,2,NO,NO,0.6,0
01_Raw_Data/Semiconductor/Semiconductor_Master/Candidate_Discovery/Semiconductor_Candidate_Verification.csv,duplicate_status,object,5,0,0.0,1,YES,NO,1.0,0
01_Raw_Data/Semiconductor/Semiconductor_Master/Candidate_Discovery/Semiconductor_Candidate_Verification.csv,notes,float64,0,5,100.0,0,YES,NO,,0
01_Raw_Data/Semiconductor/Semiconductor_Master/Candidate_Discovery/Semiconductor_Candidate_Verification.csv,verification_url,object,5,0,0.0,5,NO,NO,0.2,0
01_Raw_Data/Semiconductor/Semiconductor_Master/Candidate_Discovery/Semiconductor_Candidate_Verification.csv,final_url,object,5,0,0.0,5,NO,NO,0.2,0
01_Raw_Data/Semiconductor/Semiconductor_Master/Candidate_Discovery/Semiconductor_Candidate_Verification.csv,source_domain,object,5,0,0.0,3,NO,NO,0.6,0
01_Raw_Data/Semiconductor/Semiconductor_Master/Candidate_Discovery/Semiconductor_Candidate_Verification.csv,official_domain,bool,5,0,0.0,2,NO,NO,0.6,0
01_Raw_Data/Semiconductor/Semiconductor_Master/Candidate_Discovery/Semiconductor_Candidate_Verification.csv,http_status,int64,5,0,0.0,2,NO,NO,0.8,0
01_Raw_Data/Semiconductor/Semiconductor_Master/Candidate_Discovery/Semiconductor_Candidate_Verification.csv,source_status,object,5,0,0.0,2,NO,NO,0.8,0
01_Raw_Data/Semiconductor/Semiconductor_Master/Candidate_Discovery/Semiconductor_Candidate_Verification.csv,source_title,object,3,2,40.0,3,NO,NO,0.333333,0
01_Raw_Data/Semiconductor/Semiconductor_Master/Candidate_Discovery/Semiconductor_Candidate_Verification.csv,matched_keywords,object,3,2,40.0,3,NO,NO,0.333333,0
01_Raw_Data/Semiconductor/Semiconductor_Master/Candidate_Discovery/Semiconductor_Candidate_Verification.csv,company_name_match,bool,5,0,0.0,2,NO,NO,0.6,0
01_Raw_Data/Semiconductor/Semiconductor_Master/Candidate_Discovery/Semiconductor_Candidate_Verification.csv,evidence_quality,object,5,0,0.0,2,NO,NO,0.6,0
01_Raw_Data/Semiconductor/Semiconductor_Master/Candidate_Discovery/Semiconductor_Candidate_Verification.csv,manual_verification,object,5,0,0.0,1,YES,NO,1.0,0
01_Raw_Data/Semiconductor/Semiconductor_Master/Candidate_Discovery/Semiconductor_Candidate_Verification.csv,verification_notes,float64,0,5,100.0,0,YES,NO,,0
01_Raw_Data/Semiconductor/Semiconductor_Master/Candidate_Discovery/Semiconductor_Master_Merge_Preview.csv,project_id,object,10,0,0.0,10,NO,NO,0.1,0
01_Raw_Data/Semiconductor/Semiconductor_Master/Candidate_Discovery/Semiconductor_Master_Merge_Preview.csv,company,object,10,0,0.0,9,NO,NO,0.2,0
01_Raw_Data/Semiconductor/Semiconductor_Master/Candidate_Discovery/Semiconductor_Master_Merge_Preview.csv,project_type,object,10,0,0.0,6,NO,NO,0.5,0
01_Raw_Data/Semiconductor/Semiconductor_Master/Candidate_Discovery/Semiconductor_Master_Merge_Preview.csv,project_group,object,10,0,0.0,4,NO,NO,0.6,0
01_Raw_Data/Semiconductor/Semiconductor_Master/Candidate_Discovery/Semiconductor_Master_Merge_Preview.csv,state,object,10,0,0.0,6,NO,NO,0.4,0
01_Raw_Data/Semiconductor/Semiconductor_Master/Candidate_Discovery/Semiconductor_Master_Merge_Preview.csv,approval_date,object,10,0,0.0,5,NO,NO,0.4,0
01_Raw_Data/Semiconductor/Semiconductor_Master/Candidate_Discovery/Semiconductor_Master_Merge_Preview.csv,approval_year,int64,10,0,0.0,3,NO,NO,0.5,0
01_Raw_Data/Semiconductor/Semiconductor_Master/Candidate_Discovery/Semiconductor_Master_Merge_Preview.csv,investment_crore,int64,10,0,0.0,10,NO,NO,0.1,0
01_Raw_Data/Semiconductor/Semiconductor_Master/Candidate_Discovery/Semiconductor_Master_Merge_Preview.csv,investment_category,object,10,0,0.0,4,NO,NO,0.4,0
01_Raw_Data/Semiconductor/Semiconductor_Master/Candidate_Discovery/Semiconductor_Master_Merge_Preview.csv,capacity_value,float64,10,0,0.0,10,NO,NO,0.1,0
01_Raw_Data/Semiconductor/Semiconductor_Master/Candidate_Discovery/Semiconductor_Master_Merge_Preview.csv,capacity_unit,object,10,0,0.0,8,NO,NO,0.2,0
01_Raw_Data/Semiconductor/Semiconductor_Master/Candidate_Discovery/Semiconductor_Master_Merge_Preview.csv,capacity_category,object,10,0,0.0,7,NO,NO,0.2,0
01_Raw_Data/Semiconductor/Semiconductor_Master/Candidate_Discovery/Semiconductor_Master_Merge_Preview.csv,technology,object,10,0,0.0,10,NO,NO,0.1,0
01_Raw_Data/Semiconductor/Semiconductor_Master/Candidate_Discovery/Semiconductor_Master_Merge_Preview.csv,technology_partner,object,6,4,40.0,6,NO,NO,0.166667,0
01_Raw_Data/Semiconductor/Semiconductor_Master/Candidate_Discovery/Semiconductor_Master_Merge_Preview.csv,source_document,object,10,0,0.0,1,YES,NO,1.0,0
01_Raw_Data/Semiconductor/Semiconductor_Master/Candidate_Discovery/Semiconductor_Master_Merge_Preview.csv,source_page,int64,10,0,0.0,2,NO,NO,0.9,0
01_Raw_Data/Semiconductor/Semiconductor_Master/Candidate_Discovery/Semiconductor_Master_Merge_Preview.csv,source,object,10,0,0.0,2,NO,NO,0.9,0
01_Raw_Data/Semiconductor/Semiconductor_Master/Candidate_Discovery/Semiconductor_Master_Merge_Preview.csv,data_quality_flag,object,10,0,0.0,1,YES,NO,1.0,0
01_Raw_Data/Semiconductor/Semiconductor_Master/Candidate_Discovery/Semiconductor_Master_Merge_Preview.csv,project_type_standardized,object,10,0,0.0,5,NO,NO,0.5,0
01_Raw_Data/Semiconductor/Semiconductor_Master/Candidate_Discovery/Semiconductor_Master_Merge_Preview.csv,state_verified,bool,10,0,0.0,1,YES,NO,1.0,0
01_Raw_Data/Semiconductor/Semiconductor_Master/Candidate_Discovery/Semiconductor_Master_Merge_Preview.csv,year,int64,10,0,0.0,3,NO,NO,0.5,0
01_Raw_Data/Semiconductor/Semiconductor_Master/Candidate_Discovery/Semiconductor_Master_Merge_Preview.csv,rbi_electronics_credit_crore,float64,10,0,0.0,3,NO,NO,0.5,0
01_Raw_Data/Semiconductor/Semiconductor_Master/Candidate_Discovery/Semiconductor_Master_Merge_Preview.csv,rbi_electronics_credit_growth_pct,float64,10,0,0.0,3,NO,NO,0.5,0
01_Raw_Data/Semiconductor/Semiconductor_Master/Candidate_Discovery/Semiconductor_Master_Merge_Preview.csv,rbi_electronics_credit_growth_volatility,float64,10,0,0.0,3,NO,NO,0.5,0
01_Raw_Data/Semiconductor/Semiconductor_Master/Candidate_Discovery/Semiconductor_Master_Merge_Preview.csv,total_gross_npa_closing_crore,float64,10,0,0.0,3,NO,NO,0.5,0
01_Raw_Data/Semiconductor/Semiconductor_Master/Candidate_Discovery/Semiconductor_Master_Merge_Preview.csv,total_net_npa_closing_crore,float64,10,0,0.0,3,NO,NO,0.5,0
01_Raw_Data/Semiconductor/Semiconductor_Master/Candidate_Discovery/Semiconductor_Master_Merge_Preview.csv,total_gross_npa_addition_crore,float64,10,0,0.0,3,NO,NO,0.5,0
01_Raw_Data/Semiconductor/Semiconductor_Master/Candidate_Discovery/Semiconductor_Master_Merge_Preview.csv,total_gross_npa_reduction_crore,float64,10,0,0.0,3,NO,NO,0.5,0
01_Raw_Data/Semiconductor/Semiconductor_Master/Candidate_Discovery/Semiconductor_Master_Merge_Preview.csv,total_gross_npa_writeoff_crore,float64,10,0,0.0,3,NO,NO,0.5,0
01_Raw_Data/Semiconductor/Semiconductor_Master/Candidate_Discovery/Semiconductor_Master_Merge_Preview.csv,gross_npa_growth_pct,float64,10,0,0.0,3,NO,NO,0.5,0
01_Raw_Data/Semiconductor/Semiconductor_Master/Candidate_Discovery/Semiconductor_Master_Merge_Preview.csv,net_to_gross_npa_ratio,float64,10,0,0.0,3,NO,NO,0.5,0
01_Raw_Data/Semiconductor/Semiconductor_Master/Candidate_Discovery/Semiconductor_Master_Merge_Preview.csv,npa_addition_pressure,float64,10,0,0.0,3,NO,NO,0.5,0
01_Raw_Data/Semiconductor/Semiconductor_Master/Candidate_Discovery/Semiconductor_Master_Merge_Preview.csv,electronics_credit_available,int64,10,0,0.0,1,YES,NO,1.0,0
01_Raw_Data/Semiconductor/Semiconductor_Master/Candidate_Discovery/Semiconductor_Master_Merge_Preview.csv,electronics_credit_stress,float64,10,0,0.0,1,YES,NO,1.0,0
01_Raw_Data/Semiconductor/Semiconductor_Master/Candidate_Discovery/Semiconductor_Master_Merge_Preview.csv,banking_npa_stress_flag,float64,10,0,0.0,1,YES,NO,1.0,0
01_Raw_Data/Semiconductor/Semiconductor_Master/Candidate_Discovery/Semiconductor_Master_Merge_Preview.csv,banking_stress_score,float64,10,0,0.0,1,YES,NO,1.0,0
01_Raw_Data/Semiconductor/Semiconductor_Master/Candidate_Discovery/Semiconductor_Project_Review.csv,candidate_id,object,5,0,0.0,5,NO,NO,0.2,0
01_Raw_Data/Semiconductor/Semiconductor_Master/Candidate_Discovery/Semiconductor_Project_Review.csv,company,float64,0,5,100.0,0,YES,NO,,0
01_Raw_Data/Semiconductor/Semiconductor_Master/Candidate_Discovery/Semiconductor_Project_Review.csv,project_name,object,5,0,0.0,5,NO,NO,0.2,0
01_Raw_Data/Semiconductor/Semiconductor_Master/Candidate_Discovery/Semiconductor_Project_Review.csv,project_type,float64,0,5,100.0,0,YES,NO,,0
01_Raw_Data/Semiconductor/Semiconductor_Master/Candidate_Discovery/Semiconductor_Project_Review.csv,state,float64,0,5,100.0,0,YES,NO,,0
01_Raw_Data/Semiconductor/Semiconductor_Master/Candidate_Discovery/Semiconductor_Project_Review.csv,approval_year,float64,0,5,100.0,0,YES,NO,,0
01_Raw_Data/Semiconductor/Semiconductor_Master/Candidate_Discovery/Semiconductor_Project_Review.csv,investment_crore,float64,0,5,100.0,0,YES,NO,,0
01_Raw_Data/Semiconductor/Semiconductor_Master/Candidate_Discovery/Semiconductor_Project_Review.csv,capacity_value,float64,0,5,100.0,0,YES,NO,,0
01_Raw_Data/Semiconductor/Semiconductor_Master/Candidate_Discovery/Semiconductor_Project_Review.csv,capacity_unit,float64,0,5,100.0,0,YES,NO,,0
01_Raw_Data/Semiconductor/Semiconductor_Master/Candidate_Discovery/Semiconductor_Project_Review.csv,project_scope,float64,0,5,100.0,0,YES,NO,,0
01_Raw_Data/Semiconductor/Semiconductor_Master/Candidate_Discovery/Semiconductor_Project_Review.csv,source,object,5,0,0.0,1,YES,NO,1.0,0
01_Raw_Data/Semiconductor/Semiconductor_Master/Candidate_Discovery/Semiconductor_Project_Review.csv,source_url,object,5,0,0.0,5,NO,NO,0.2,0
01_Raw_Data/Semiconductor/Semiconductor_Master/Candidate_Discovery/Semiconductor_Project_Review.csv,evidence_text,float64,0,5,100.0,0,YES,NO,,0
01_Raw_Data/Semiconductor/Semiconductor_Master/Candidate_Discovery/Semiconductor_Project_Review.csv,verification_status,object,5,0,0.0,1,YES,NO,1.0,0
01_Raw_Data/Semiconductor/Semiconductor_Master/Candidate_Discovery/Semiconductor_Project_Review.csv,duplicate_status,object,5,0,0.0,1,YES,NO,1.0,0
01_Raw_Data/Semiconductor/Semiconductor_Master/Candidate_Discovery/Semiconductor_Project_Review.csv,notes,float64,0,5,100.0,0,YES,NO,,0
01_Raw_Data/Semiconductor/Semiconductor_Master/Candidate_Discovery/Semiconductor_Project_Review.csv,automatic_classification,object,5,0,0.0,1,YES,NO,1.0,0
01_Raw_Data/Semiconductor/Semiconductor_Master/Candidate_Discovery/Semiconductor_Project_Review.csv,verified_company,float64,0,5,100.0,0,YES,NO,,0
01_Raw_Data/Semiconductor/Semiconductor_Master/Candidate_Discovery/Semiconductor_Project_Review.csv,verified_project_type,float64,0,5,100.0,0,YES,NO,,0
01_Raw_Data/Semiconductor/Semiconductor_Master/Candidate_Discovery/Semiconductor_Project_Review.csv,verified_state,float64,0,5,100.0,0,YES,NO,,0
01_Raw_Data/Semiconductor/Semiconductor_Master/Candidate_Discovery/Semiconductor_Project_Review.csv,verified_year,float64,0,5,100.0,0,YES,NO,,0
01_Raw_Data/Semiconductor/Semiconductor_Master/Candidate_Discovery/Semiconductor_Project_Review.csv,verified_investment_crore,float64,0,5,100.0,0,YES,NO,,0
01_Raw_Data/Semiconductor/Semiconductor_Master/Candidate_Discovery/Semiconductor_Project_Review.csv,verified_capacity_value,float64,0,5,100.0,0,YES,NO,,0
01_Raw_Data/Semiconductor/Semiconductor_Master/Candidate_Discovery/Semiconductor_Project_Review.csv,verified_capacity_unit,float64,0,5,100.0,0,YES,NO,,0
01_Raw_Data/Semiconductor/Semiconductor_Master/Candidate_Discovery/Semiconductor_Project_Review.csv,manual_verification,object,5,0,0.0,1,YES,NO,1.0,0
01_Raw_Data/Semiconductor/Semiconductor_Master/Candidate_Discovery/Semiconductor_Project_Review.csv,reviewer_notes,float64,0,5,100.0,0,YES,NO,,0
01_Raw_Data/Semiconductor/Semiconductor_Master/DLI_Design_Projects/DLI_Design_Projects_Rejected.csv,dli_project_id,object,0,0,0.0,0,YES,NO,,0
01_Raw_Data/Semiconductor/Semiconductor_Master/DLI_Design_Projects/DLI_Design_Projects_Rejected.csv,candidate_id,object,0,0,0.0,0,YES,NO,,0
01_Raw_Data/Semiconductor/Semiconductor_Master/DLI_Design_Projects/DLI_Design_Projects_Rejected.csv,company,object,0,0,0.0,0,YES,NO,,0
01_Raw_Data/Semiconductor/Semiconductor_Master/DLI_Design_Projects/DLI_Design_Projects_Rejected.csv,project_scope,object,0,0,0.0,0,YES,NO,,0
01_Raw_Data/Semiconductor/Semiconductor_Master/DLI_Design_Projects/DLI_Design_Projects_Rejected.csv,scheme,object,0,0,0.0,0,YES,NO,,0
01_Raw_Data/Semiconductor/Semiconductor_Master/DLI_Design_Projects/DLI_Design_Projects_Rejected.csv,project_type,object,0,0,0.0,0,YES,NO,,0
01_Raw_Data/Semiconductor/Semiconductor_Master/DLI_Design_Projects/DLI_Design_Projects_Rejected.csv,approval_year,object,0,0,0.0,0,YES,NO,,0
01_Raw_Data/Semiconductor/Semiconductor_Master/DLI_Design_Projects/DLI_Design_Projects_Rejected.csv,state,object,0,0,0.0,0,YES,NO,,0
01_Raw_Data/Semiconductor/Semiconductor_Master/DLI_Design_Projects/DLI_Design_Projects_Rejected.csv,investment_crore,object,0,0,0.0,0,YES,NO,,0
01_Raw_Data/Semiconductor/Semiconductor_Master/DLI_Design_Projects/DLI_Design_Projects_Rejected.csv,project_value_crore,object,0,0,0.0,0,YES,NO,,0
01_Raw_Data/Semiconductor/Semiconductor_Master/DLI_Design_Projects/DLI_Design_Projects_Rejected.csv,technology,object,0,0,0.0,0,YES,NO,,0
01_Raw_Data/Semiconductor/Semiconductor_Master/DLI_Design_Projects/DLI_Design_Projects_Rejected.csv,application,object,0,0,0.0,0,YES,NO,,0
01_Raw_Data/Semiconductor/Semiconductor_Master/DLI_Design_Projects/DLI_Design_Projects_Rejected.csv,chip_node,object,0,0,0.0,0,YES,NO,,0
01_Raw_Data/Semiconductor/Semiconductor_Master/DLI_Design_Projects/DLI_Design_Projects_Rejected.csv,tapeout_status,object,0,0,0.0,0,YES,NO,,0
01_Raw_Data/Semiconductor/Semiconductor_Master/DLI_Design_Projects/DLI_Design_Projects_Rejected.csv,fabrication_status,object,0,0,0.0,0,YES,NO,,0
01_Raw_Data/Semiconductor/Semiconductor_Master/DLI_Design_Projects/DLI_Design_Projects_Rejected.csv,official_source_count,object,0,0,0.0,0,YES,NO,,0
01_Raw_Data/Semiconductor/Semiconductor_Master/DLI_Design_Projects/DLI_Design_Projects_Rejected.csv,source_names,object,0,0,0.0,0,YES,NO,,0
01_Raw_Data/Semiconductor/Semiconductor_Master/DLI_Design_Projects/DLI_Design_Projects_Rejected.csv,source_urls,object,0,0,0.0,0,YES,NO,,0
01_Raw_Data/Semiconductor/Semiconductor_Master/DLI_Design_Projects/DLI_Design_Projects_Rejected.csv,evidence_excerpt,object,0,0,0.0,0,YES,NO,,0
01_Raw_Data/Semiconductor/Semiconductor_Master/DLI_Design_Projects/DLI_Design_Projects_Rejected.csv,data_quality_flag,object,0,0,0.0,0,YES,NO,,0
01_Raw_Data/Semiconductor/Semiconductor_Master/DLI_Design_Projects/DLI_Design_Projects_Rejected.csv,manual_review_required,object,0,0,0.0,0,YES,NO,,0
01_Raw_Data/Semiconductor/Semiconductor_Master/DLI_Design_Projects/DLI_Design_Projects_Rejected.csv,final_verification_status,object,0,0,0.0,0,YES,NO,,0
01_Raw_Data/Semiconductor/Semiconductor_Master/DLI_Design_Projects/DLI_Design_Projects_Rejected.csv,review_notes,object,0,0,0.0,0,YES,NO,,0
01_Raw_Data/Semiconductor/Semiconductor_Master/DLI_Design_Projects/DLI_Design_Projects_Rejected.csv,official_source_confirmed,object,0,0,0.0,0,YES,NO,,0
01_Raw_Data/Semiconductor/Semiconductor_Master/DLI_Design_Projects/DLI_Design_Projects_Rejected.csv,company_confirmed,object,0,0,0.0,0,YES,NO,,0
01_Raw_Data/Semiconductor/Semiconductor_Master/DLI_Design_Projects/DLI_Design_Projects_Rejected.csv,dli_support_confirmed,object,0,0,0.0,0,YES,NO,,0
01_Raw_Data/Semiconductor/Semiconductor_Master/DLI_Design_Projects/DLI_Design_Projects_Rejected.csv,project_identity_confirmed,object,0,0,0.0,0,YES,NO,,0
01_Raw_Data/Semiconductor/Semiconductor_Master/DLI_Design_Projects/DLI_Design_Projects_Rejected.csv,technology_confirmed,object,0,0,0.0,0,YES,NO,,0
01_Raw_Data/Semiconductor/Semiconductor_Master/DLI_Design_Projects/DLI_Design_Projects_Rejected.csv,approval_year_confirmed,object,0,0,0.0,0,YES,NO,,0
01_Raw_Data/Semiconductor/Semiconductor_Master/DLI_Design_Projects/DLI_Design_Projects_Rejected.csv,state_confirmed,object,0,0,0.0,0,YES,NO,,0
01_Raw_Data/Semiconductor/Semiconductor_Master/DLI_Design_Projects/DLI_Design_Projects_Rejected.csv,project_value_confirmed,object,0,0,0.0,0,YES,NO,,0
01_Raw_Data/Semiconductor/Semiconductor_Master/DLI_Design_Projects/DLI_Design_Projects_Rejected.csv,duplicate_confirmed,object,0,0,0.0,0,YES,NO,,0
01_Raw_Data/Semiconductor/Semiconductor_Master/DLI_Design_Projects/DLI_Design_Projects_Rejected.csv,manual_evidence_quality,object,0,0,0.0,0,YES,NO,,0
01_Raw_Data/Semiconductor/Semiconductor_Master/DLI_Design_Projects/DLI_Design_Projects_Rejected.csv,final_review_notes,object,0,0,0.0,0,YES,NO,,0
01_Raw_Data/Semiconductor/Semiconductor_Master/DLI_Design_Projects/DLI_Design_Projects_Rejected.csv,has_company,object,0,0,0.0,0,YES,NO,,0
01_Raw_Data/Semiconductor/Semiconductor_Master/DLI_Design_Projects/DLI_Design_Projects_Rejected.csv,has_official_source,object,0,0,0.0,0,YES,NO,,0
01_Raw_Data/Semiconductor/Semiconductor_Master/DLI_Design_Projects/DLI_Design_Projects_Rejected.csv,has_approval_year,object,0,0,0.0,0,YES,NO,,0
01_Raw_Data/Semiconductor/Semiconductor_Master/DLI_Design_Projects/DLI_Design_Projects_Rejected.csv,has_technology,object,0,0,0.0,0,YES,NO,,0
01_Raw_Data/Semiconductor/Semiconductor_Master/DLI_Design_Projects/DLI_Design_Projects_Rejected.csv,has_investment,object,0,0,0.0,0,YES,NO,,0
01_Raw_Data/Semiconductor/Semiconductor_Master/DLI_Design_Projects/DLI_Design_Projects_Rejected.csv,has_project_value,object,0,0,0.0,0,YES,NO,,0
01_Raw_Data/Semiconductor/Semiconductor_Master/DLI_Design_Projects/DLI_Design_Projects_Rejected.csv,automatic_duplicate_flag,object,0,0,0.0,0,YES,NO,,0
01_Raw_Data/Semiconductor/Semiconductor_Master/DLI_Design_Projects/DLI_Design_Projects_Pending.csv,dli_project_id,object,2,0,0.0,2,NO,NO,0.5,0
01_Raw_Data/Semiconductor/Semiconductor_Master/DLI_Design_Projects/DLI_Design_Projects_Pending.csv,candidate_id,object,2,0,0.0,2,NO,NO,0.5,0
01_Raw_Data/Semiconductor/Semiconductor_Master/DLI_Design_Projects/DLI_Design_Projects_Pending.csv,company,object,2,0,0.0,2,NO,NO,0.5,0
01_Raw_Data/Semiconductor/Semiconductor_Master/DLI_Design_Projects/DLI_Design_Projects_Pending.csv,project_scope,object,2,0,0.0,1,YES,NO,1.0,0
01_Raw_Data/Semiconductor/Semiconductor_Master/DLI_Design_Projects/DLI_Design_Projects_Pending.csv,scheme,object,2,0,0.0,1,YES,NO,1.0,0
01_Raw_Data/Semiconductor/Semiconductor_Master/DLI_Design_Projects/DLI_Design_Projects_Pending.csv,project_type,object,2,0,0.0,1,YES,NO,1.0,0
01_Raw_Data/Semiconductor/Semiconductor_Master/DLI_Design_Projects/DLI_Design_Projects_Pending.csv,approval_year,float64,1,1,50.0,1,YES,NO,1.0,0
01_Raw_Data/Semiconductor/Semiconductor_Master/DLI_Design_Projects/DLI_Design_Projects_Pending.csv,state,float64,0,2,100.0,0,YES,NO,,0
01_Raw_Data/Semiconductor/Semiconductor_Master/DLI_Design_Projects/DLI_Design_Projects_Pending.csv,investment_crore,float64,0,2,100.0,0,YES,NO,,0
01_Raw_Data/Semiconductor/Semiconductor_Master/DLI_Design_Projects/DLI_Design_Projects_Pending.csv,project_value_crore,float64,0,2,100.0,0,YES,NO,,0
01_Raw_Data/Semiconductor/Semiconductor_Master/DLI_Design_Projects/DLI_Design_Projects_Pending.csv,technology,object,1,1,50.0,1,YES,NO,1.0,0
01_Raw_Data/Semiconductor/Semiconductor_Master/DLI_Design_Projects/DLI_Design_Projects_Pending.csv,application,float64,0,2,100.0,0,YES,NO,,0
01_Raw_Data/Semiconductor/Semiconductor_Master/DLI_Design_Projects/DLI_Design_Projects_Pending.csv,chip_node,float64,0,2,100.0,0,YES,NO,,0
01_Raw_Data/Semiconductor/Semiconductor_Master/DLI_Design_Projects/DLI_Design_Projects_Pending.csv,tapeout_status,float64,0,2,100.0,0,YES,NO,,0
01_Raw_Data/Semiconductor/Semiconductor_Master/DLI_Design_Projects/DLI_Design_Projects_Pending.csv,fabrication_status,float64,0,2,100.0,0,YES,NO,,0
01_Raw_Data/Semiconductor/Semiconductor_Master/DLI_Design_Projects/DLI_Design_Projects_Pending.csv,official_source_count,int64,2,0,0.0,2,NO,NO,0.5,0
01_Raw_Data/Semiconductor/Semiconductor_Master/DLI_Design_Projects/DLI_Design_Projects_Pending.csv,source_names,object,2,0,0.0,2,NO,NO,0.5,0
01_Raw_Data/Semiconductor/Semiconductor_Master/DLI_Design_Projects/DLI_Design_Projects_Pending.csv,source_urls,object,2,0,0.0,2,NO,NO,0.5,0
01_Raw_Data/Semiconductor/Semiconductor_Master/DLI_Design_Projects/DLI_Design_Projects_Pending.csv,evidence_excerpt,object,2,0,0.0,2,NO,NO,0.5,0
01_Raw_Data/Semiconductor/Semiconductor_Master/DLI_Design_Projects/DLI_Design_Projects_Pending.csv,data_quality_flag,object,2,0,0.0,1,YES,NO,1.0,0
01_Raw_Data/Semiconductor/Semiconductor_Master/DLI_Design_Projects/DLI_Design_Projects_Pending.csv,manual_review_required,object,2,0,0.0,1,YES,NO,1.0,0
01_Raw_Data/Semiconductor/Semiconductor_Master/DLI_Design_Projects/DLI_Design_Projects_Pending.csv,final_verification_status,object,2,0,0.0,1,YES,NO,1.0,0
01_Raw_Data/Semiconductor/Semiconductor_Master/DLI_Design_Projects/DLI_Design_Projects_Pending.csv,review_notes,float64,0,2,100.0,0,YES,NO,,0
01_Raw_Data/Semiconductor/Semiconductor_Master/DLI_Design_Projects/DLI_Design_Projects_Pending.csv,official_source_confirmed,object,2,0,0.0,1,YES,NO,1.0,0
01_Raw_Data/Semiconductor/Semiconductor_Master/DLI_Design_Projects/DLI_Design_Projects_Pending.csv,company_confirmed,object,2,0,0.0,1,YES,NO,1.0,0
01_Raw_Data/Semiconductor/Semiconductor_Master/DLI_Design_Projects/DLI_Design_Projects_Pending.csv,dli_support_confirmed,object,2,0,0.0,1,YES,NO,1.0,0
01_Raw_Data/Semiconductor/Semiconductor_Master/DLI_Design_Projects/DLI_Design_Projects_Pending.csv,project_identity_confirmed,object,2,0,0.0,1,YES,NO,1.0,0
01_Raw_Data/Semiconductor/Semiconductor_Master/DLI_Design_Projects/DLI_Design_Projects_Pending.csv,technology_confirmed,object,2,0,0.0,1,YES,NO,1.0,0
01_Raw_Data/Semiconductor/Semiconductor_Master/DLI_Design_Projects/DLI_Design_Projects_Pending.csv,approval_year_confirmed,object,2,0,0.0,1,YES,NO,1.0,0
01_Raw_Data/Semiconductor/Semiconductor_Master/DLI_Design_Projects/DLI_Design_Projects_Pending.csv,state_confirmed,object,2,0,0.0,1,YES,NO,1.0,0
01_Raw_Data/Semiconductor/Semiconductor_Master/DLI_Design_Projects/DLI_Design_Projects_Pending.csv,project_value_confirmed,object,2,0,0.0,1,YES,NO,1.0,0
01_Raw_Data/Semiconductor/Semiconductor_Master/DLI_Design_Projects/DLI_Design_Projects_Pending.csv,duplicate_confirmed,object,2,0,0.0,1,YES,NO,1.0,0
01_Raw_Data/Semiconductor/Semiconductor_Master/DLI_Design_Projects/DLI_Design_Projects_Pending.csv,manual_evidence_quality,object,2,0,0.0,1,YES,NO,1.0,0
01_Raw_Data/Semiconductor/Semiconductor_Master/DLI_Design_Projects/DLI_Design_Projects_Pending.csv,final_review_notes,float64,0,2,100.0,0,YES,NO,,0
01_Raw_Data/Semiconductor/Semiconductor_Master/DLI_Design_Projects/DLI_Design_Projects_Pending.csv,has_company,bool,2,0,0.0,1,YES,NO,1.0,0
01_Raw_Data/Semiconductor/Semiconductor_Master/DLI_Design_Projects/DLI_Design_Projects_Pending.csv,has_official_source,bool,2,0,0.0,1,YES,NO,1.0,0
01_Raw_Data/Semiconductor/Semiconductor_Master/DLI_Design_Projects/DLI_Design_Projects_Pending.csv,has_approval_year,bool,2,0,0.0,2,NO,NO,0.5,0
01_Raw_Data/Semiconductor/Semiconductor_Master/DLI_Design_Projects/DLI_Design_Projects_Pending.csv,has_technology,bool,2,0,0.0,2,NO,NO,0.5,0
01_Raw_Data/Semiconductor/Semiconductor_Master/DLI_Design_Projects/DLI_Design_Projects_Pending.csv,has_investment,bool,2,0,0.0,1,YES,NO,1.0,0
01_Raw_Data/Semiconductor/Semiconductor_Master/DLI_Design_Projects/DLI_Design_Projects_Pending.csv,has_project_value,bool,2,0,0.0,1,YES,NO,1.0,0
01_Raw_Data/Semiconductor/Semiconductor_Master/DLI_Design_Projects/DLI_Design_Projects_Pending.csv,automatic_duplicate_flag,object,2,0,0.0,1,YES,NO,1.0,0
01_Raw_Data/Semiconductor/Semiconductor_Master/DLI_Design_Projects/DLI_Design_Project_Verification_Register.csv,candidate_id,object,5,0,0.0,5,NO,NO,0.2,0
01_Raw_Data/Semiconductor/Semiconductor_Master/DLI_Design_Projects/DLI_Design_Project_Verification_Register.csv,company_candidate,object,5,0,0.0,5,NO,NO,0.2,0
01_Raw_Data/Semiconductor/Semiconductor_Master/DLI_Design_Projects/DLI_Design_Project_Verification_Register.csv,project_scope,object,5,0,0.0,1,YES,NO,1.0,0
01_Raw_Data/Semiconductor/Semiconductor_Master/DLI_Design_Projects/DLI_Design_Project_Verification_Register.csv,scheme,object,5,0,0.0,1,YES,NO,1.0,0
01_Raw_Data/Semiconductor/Semiconductor_Master/DLI_Design_Projects/DLI_Design_Project_Verification_Register.csv,matched_evidence_count,int64,5,0,0.0,2,NO,NO,0.6,0
01_Raw_Data/Semiconductor/Semiconductor_Master/DLI_Design_Projects/DLI_Design_Project_Verification_Register.csv,unique_official_sources,int64,5,0,0.0,2,NO,NO,0.8,0
01_Raw_Data/Semiconductor/Semiconductor_Master/DLI_Design_Projects/DLI_Design_Project_Verification_Register.csv,semiconductor_signal,object,5,0,0.0,1,YES,NO,1.0,0
01_Raw_Data/Semiconductor/Semiconductor_Master/DLI_Design_Projects/DLI_Design_Project_Verification_Register.csv,dli_signal,object,5,0,0.0,2,NO,NO,0.6,0
01_Raw_Data/Semiconductor/Semiconductor_Master/DLI_Design_Projects/DLI_Design_Project_Verification_Register.csv,approval_support_signal,object,5,0,0.0,2,NO,NO,0.6,0
01_Raw_Data/Semiconductor/Semiconductor_Master/DLI_Design_Projects/DLI_Design_Project_Verification_Register.csv,false_positive_signal,object,5,0,0.0,1,YES,NO,1.0,0
01_Raw_Data/Semiconductor/Semiconductor_Master/DLI_Design_Projects/DLI_Design_Project_Verification_Register.csv,verification_score,int64,5,0,0.0,3,NO,NO,0.4,0
01_Raw_Data/Semiconductor/Semiconductor_Master/DLI_Design_Projects/DLI_Design_Project_Verification_Register.csv,evidence_quality,object,5,0,0.0,3,NO,NO,0.4,0
01_Raw_Data/Semiconductor/Semiconductor_Master/DLI_Design_Projects/DLI_Design_Project_Verification_Register.csv,verification_status,object,5,0,0.0,2,NO,NO,0.6,0
01_Raw_Data/Semiconductor/Semiconductor_Master/DLI_Design_Projects/DLI_Design_Project_Verification_Register.csv,matched_semiconductor_terms,object,5,0,0.0,3,NO,NO,0.6,0
01_Raw_Data/Semiconductor/Semiconductor_Master/DLI_Design_Projects/DLI_Design_Project_Verification_Register.csv,matched_dli_terms,object,2,3,60.0,2,NO,NO,0.5,0
01_Raw_Data/Semiconductor/Semiconductor_Master/DLI_Design_Projects/DLI_Design_Project_Verification_Register.csv,matched_status_terms,object,2,3,60.0,2,NO,NO,0.5,0
01_Raw_Data/Semiconductor/Semiconductor_Master/DLI_Design_Projects/DLI_Design_Project_Verification_Register.csv,official_sources,object,5,0,0.0,4,NO,NO,0.4,0
01_Raw_Data/Semiconductor/Semiconductor_Master/DLI_Design_Projects/DLI_Design_Project_Verification_Register.csv,source_urls,object,5,0,0.0,4,NO,NO,0.4,0
01_Raw_Data/Semiconductor/Semiconductor_Master/DLI_Design_Projects/DLI_Design_Project_Verification_Register.csv,verification_notes,object,5,0,0.0,1,YES,NO,1.0,0
01_Raw_Data/Semiconductor/Semiconductor_Master/DLI_Design_Projects/DLI_Design_Project_Candidates.csv,candidate_id,object,5,0,0.0,5,NO,NO,0.2,0
01_Raw_Data/Semiconductor/Semiconductor_Master/DLI_Design_Projects/DLI_Design_Project_Candidates.csv,company_candidate,object,5,0,0.0,5,NO,NO,0.2,0
01_Raw_Data/Semiconductor/Semiconductor_Master/DLI_Design_Projects/DLI_Design_Project_Candidates.csv,project_scope,object,5,0,0.0,1,YES,NO,1.0,0
01_Raw_Data/Semiconductor/Semiconductor_Master/DLI_Design_Projects/DLI_Design_Project_Candidates.csv,scheme,object,5,0,0.0,1,YES,NO,1.0,0
01_Raw_Data/Semiconductor/Semiconductor_Master/DLI_Design_Projects/DLI_Design_Project_Candidates.csv,project_type_candidate,object,5,0,0.0,1,YES,NO,1.0,0
01_Raw_Data/Semiconductor/Semiconductor_Master/DLI_Design_Projects/DLI_Design_Project_Candidates.csv,state_candidate,float64,0,5,100.0,0,YES,NO,,0
01_Raw_Data/Semiconductor/Semiconductor_Master/DLI_Design_Projects/DLI_Design_Project_Candidates.csv,approval_year_candidate,float64,0,5,100.0,0,YES,NO,,0
01_Raw_Data/Semiconductor/Semiconductor_Master/DLI_Design_Projects/DLI_Design_Project_Candidates.csv,project_value_crore_candidate,float64,0,5,100.0,0,YES,NO,,0
01_Raw_Data/Semiconductor/Semiconductor_Master/DLI_Design_Projects/DLI_Design_Project_Candidates.csv,investment_crore_candidate,float64,0,5,100.0,0,YES,NO,,0
01_Raw_Data/Semiconductor/Semiconductor_Master/DLI_Design_Projects/DLI_Design_Project_Candidates.csv,technology_candidate,float64,0,5,100.0,0,YES,NO,,0
01_Raw_Data/Semiconductor/Semiconductor_Master/DLI_Design_Projects/DLI_Design_Project_Candidates.csv,application_candidate,float64,0,5,100.0,0,YES,NO,,0
01_Raw_Data/Semiconductor/Semiconductor_Master/DLI_Design_Projects/DLI_Design_Project_Candidates.csv,chip_node_candidate,float64,0,5,100.0,0,YES,NO,,0
01_Raw_Data/Semiconductor/Semiconductor_Master/DLI_Design_Projects/DLI_Design_Project_Candidates.csv,tapeout_status,float64,0,5,100.0,0,YES,NO,,0
01_Raw_Data/Semiconductor/Semiconductor_Master/DLI_Design_Projects/DLI_Design_Project_Candidates.csv,fabrication_status,float64,0,5,100.0,0,YES,NO,,0
01_Raw_Data/Semiconductor/Semiconductor_Master/DLI_Design_Projects/DLI_Design_Project_Candidates.csv,source_name,object,5,0,0.0,4,NO,NO,0.4,0
01_Raw_Data/Semiconductor/Semiconductor_Master/DLI_Design_Projects/DLI_Design_Project_Candidates.csv,source_url,object,5,0,0.0,4,NO,NO,0.4,0
01_Raw_Data/Semiconductor/Semiconductor_Master/DLI_Design_Projects/DLI_Design_Project_Candidates.csv,evidence_text,object,5,0,0.0,5,NO,NO,0.2,0
01_Raw_Data/Semiconductor/Semiconductor_Master/DLI_Design_Projects/DLI_Design_Project_Candidates.csv,verification_status,object,5,0,0.0,1,YES,NO,1.0,0
01_Raw_Data/Semiconductor/Semiconductor_Master/DLI_Design_Projects/DLI_Design_Project_Candidates.csv,duplicate_status,object,5,0,0.0,1,YES,NO,1.0,0
01_Raw_Data/Semiconductor/Semiconductor_Master/DLI_Design_Projects/DLI_Design_Project_Candidates.csv,data_quality_flag,object,5,0,0.0,1,YES,NO,1.0,0
01_Raw_Data/Semiconductor/Semiconductor_Master/DLI_Design_Projects/DLI_Design_Project_Candidates.csv,notes,float64,0,5,100.0,0,YES,NO,,0
01_Raw_Data/Semiconductor/Semiconductor_Master/DLI_Design_Projects/DLI_Design_Projects_Canonical.csv,dli_project_id,object,24,0,0.0,24,NO,NO,0.041667,0
01_Raw_Data/Semiconductor/Semiconductor_Master/DLI_Design_Projects/DLI_Design_Projects_Canonical.csv,official_serial_no,int64,24,0,0.0,24,NO,NO,0.041667,0
01_Raw_Data/Semiconductor/Semiconductor_Master/DLI_Design_Projects/DLI_Design_Projects_Canonical.csv,company,object,24,0,0.0,23,NO,NO,0.083333,0
01_Raw_Data/Semiconductor/Semiconductor_Master/DLI_Design_Projects/DLI_Design_Projects_Canonical.csv,project_name,object,24,0,0.0,24,NO,NO,0.041667,0
01_Raw_Data/Semiconductor/Semiconductor_Master/DLI_Design_Projects/DLI_Design_Projects_Canonical.csv,project_outlay_lakh,float64,24,0,0.0,24,NO,NO,0.041667,0
01_Raw_Data/Semiconductor/Semiconductor_Master/DLI_Design_Projects/DLI_Design_Projects_Canonical.csv,state,object,24,0,0.0,7,NO,NO,0.458333,0
01_Raw_Data/Semiconductor/Semiconductor_Master/DLI_Design_Projects/DLI_Design_Projects_Canonical.csv,project_scope,object,24,0,0.0,1,YES,NO,1.0,0
01_Raw_Data/Semiconductor/Semiconductor_Master/DLI_Design_Projects/DLI_Design_Projects_Canonical.csv,scheme,object,24,0,0.0,1,YES,NO,1.0,0
01_Raw_Data/Semiconductor/Semiconductor_Master/DLI_Design_Projects/DLI_Design_Projects_Canonical.csv,project_type,object,24,0,0.0,1,YES,NO,1.0,0
01_Raw_Data/Semiconductor/Semiconductor_Master/DLI_Design_Projects/DLI_Design_Projects_Canonical.csv,project_outlay_crore,float64,24,0,0.0,24,NO,NO,0.041667,0
01_Raw_Data/Semiconductor/Semiconductor_Master/DLI_Design_Projects/DLI_Design_Projects_Canonical.csv,investment_crore,float64,0,24,100.0,0,YES,NO,,0
01_Raw_Data/Semiconductor/Semiconductor_Master/DLI_Design_Projects/DLI_Design_Projects_Canonical.csv,approval_year,float64,0,24,100.0,0,YES,NO,,0
01_Raw_Data/Semiconductor/Semiconductor_Master/DLI_Design_Projects/DLI_Design_Projects_Canonical.csv,approval_date,float64,0,24,100.0,0,YES,NO,,0
01_Raw_Data/Semiconductor/Semiconductor_Master/DLI_Design_Projects/DLI_Design_Projects_Canonical.csv,approval_confirmed_as_of,object,24,0,0.0,1,YES,NO,1.0,0
01_Raw_Data/Semiconductor/Semiconductor_Master/DLI_Design_Projects/DLI_Design_Projects_Canonical.csv,source_document,object,24,0,0.0,1,YES,NO,1.0,0
01_Raw_Data/Semiconductor/Semiconductor_Master/DLI_Design_Projects/DLI_Design_Projects_Canonical.csv,source_url,object,24,0,0.0,1,YES,NO,1.0,0
01_Raw_Data/Semiconductor/Semiconductor_Master/DLI_Design_Projects/DLI_Design_Projects_Canonical.csv,source_type,object,24,0,0.0,1,YES,NO,1.0,0
01_Raw_Data/Semiconductor/Semiconductor_Master/DLI_Design_Projects/DLI_Design_Projects_Canonical.csv,source_authority,object,24,0,0.0,1,YES,NO,1.0,0
01_Raw_Data/Semiconductor/Semiconductor_Master/DLI_Design_Projects/DLI_Design_Projects_Canonical.csv,official_source_confirmed,object,24,0,0.0,1,YES,NO,1.0,0
01_Raw_Data/Semiconductor/Semiconductor_Master/DLI_Design_Projects/DLI_Design_Projects_Canonical.csv,financial_support_confirmed,object,24,0,0.0,1,YES,NO,1.0,0
01_Raw_Data/Semiconductor/Semiconductor_Master/DLI_Design_Projects/DLI_Design_Projects_Canonical.csv,data_quality_flag,object,24,0,0.0,1,YES,NO,1.0,0
01_Raw_Data/Semiconductor/Semiconductor_Master/DLI_Design_Projects/DLI_Design_Projects_Canonical.csv,technology,object,21,3,12.5,16,NO,NO,0.190476,0
01_Raw_Data/Semiconductor/Semiconductor_Master/DLI_Design_Projects/DLI_Design_Projects_Canonical.csv,application,object,16,8,33.3333,12,NO,NO,0.1875,0
01_Raw_Data/Semiconductor/Semiconductor_Master/DLI_Design_Projects/DLI_Design_Projects_Canonical.csv,chip_node,object,1,23,95.8333,1,YES,NO,1.0,0
01_Raw_Data/Semiconductor/Semiconductor_Master/DLI_Design_Projects/DLI_Official_Source_Evidence.csv,source_name,object,62,0,0.0,5,NO,NO,0.451613,0
01_Raw_Data/Semiconductor/Semiconductor_Master/DLI_Design_Projects/DLI_Official_Source_Evidence.csv,source_url,object,62,0,0.0,5,NO,NO,0.451613,0
01_Raw_Data/Semiconductor/Semiconductor_Master/DLI_Design_Projects/DLI_Official_Source_Evidence.csv,evidence_text,object,62,0,0.0,32,NO,NO,0.032258,0
01_Raw_Data/Semiconductor/Semiconductor_Master/DLI_Design_Projects/DLI_Official_Source_Evidence.csv,companies_detected,object,14,48,77.4194,5,NO,NO,0.285714,0
01_Raw_Data/Semiconductor/Semiconductor_Master/DLI_Design_Projects/DLI_Design_Projects_Final_Manual_Review.csv,dli_project_id,object,2,0,0.0,2,NO,NO,0.5,0
01_Raw_Data/Semiconductor/Semiconductor_Master/DLI_Design_Projects/DLI_Design_Projects_Final_Manual_Review.csv,candidate_id,object,2,0,0.0,2,NO,NO,0.5,0
01_Raw_Data/Semiconductor/Semiconductor_Master/DLI_Design_Projects/DLI_Design_Projects_Final_Manual_Review.csv,company,object,2,0,0.0,2,NO,NO,0.5,0
01_Raw_Data/Semiconductor/Semiconductor_Master/DLI_Design_Projects/DLI_Design_Projects_Final_Manual_Review.csv,project_scope,object,2,0,0.0,1,YES,NO,1.0,0
01_Raw_Data/Semiconductor/Semiconductor_Master/DLI_Design_Projects/DLI_Design_Projects_Final_Manual_Review.csv,scheme,object,2,0,0.0,1,YES,NO,1.0,0
01_Raw_Data/Semiconductor/Semiconductor_Master/DLI_Design_Projects/DLI_Design_Projects_Final_Manual_Review.csv,project_type,object,2,0,0.0,1,YES,NO,1.0,0
01_Raw_Data/Semiconductor/Semiconductor_Master/DLI_Design_Projects/DLI_Design_Projects_Final_Manual_Review.csv,approval_year,float64,1,1,50.0,1,YES,NO,1.0,0
01_Raw_Data/Semiconductor/Semiconductor_Master/DLI_Design_Projects/DLI_Design_Projects_Final_Manual_Review.csv,state,float64,0,2,100.0,0,YES,NO,,0
01_Raw_Data/Semiconductor/Semiconductor_Master/DLI_Design_Projects/DLI_Design_Projects_Final_Manual_Review.csv,investment_crore,float64,0,2,100.0,0,YES,NO,,0
01_Raw_Data/Semiconductor/Semiconductor_Master/DLI_Design_Projects/DLI_Design_Projects_Final_Manual_Review.csv,project_value_crore,float64,0,2,100.0,0,YES,NO,,0
01_Raw_Data/Semiconductor/Semiconductor_Master/DLI_Design_Projects/DLI_Design_Projects_Final_Manual_Review.csv,technology,object,1,1,50.0,1,YES,NO,1.0,0
01_Raw_Data/Semiconductor/Semiconductor_Master/DLI_Design_Projects/DLI_Design_Projects_Final_Manual_Review.csv,application,float64,0,2,100.0,0,YES,NO,,0
01_Raw_Data/Semiconductor/Semiconductor_Master/DLI_Design_Projects/DLI_Design_Projects_Final_Manual_Review.csv,chip_node,float64,0,2,100.0,0,YES,NO,,0
01_Raw_Data/Semiconductor/Semiconductor_Master/DLI_Design_Projects/DLI_Design_Projects_Final_Manual_Review.csv,tapeout_status,float64,0,2,100.0,0,YES,NO,,0
01_Raw_Data/Semiconductor/Semiconductor_Master/DLI_Design_Projects/DLI_Design_Projects_Final_Manual_Review.csv,fabrication_status,float64,0,2,100.0,0,YES,NO,,0
01_Raw_Data/Semiconductor/Semiconductor_Master/DLI_Design_Projects/DLI_Design_Projects_Final_Manual_Review.csv,official_source_count,int64,2,0,0.0,2,NO,NO,0.5,0
01_Raw_Data/Semiconductor/Semiconductor_Master/DLI_Design_Projects/DLI_Design_Projects_Final_Manual_Review.csv,source_names,object,2,0,0.0,2,NO,NO,0.5,0
01_Raw_Data/Semiconductor/Semiconductor_Master/DLI_Design_Projects/DLI_Design_Projects_Final_Manual_Review.csv,source_urls,object,2,0,0.0,2,NO,NO,0.5,0
01_Raw_Data/Semiconductor/Semiconductor_Master/DLI_Design_Projects/DLI_Design_Projects_Final_Manual_Review.csv,evidence_excerpt,object,2,0,0.0,2,NO,NO,0.5,0
01_Raw_Data/Semiconductor/Semiconductor_Master/DLI_Design_Projects/DLI_Design_Projects_Final_Manual_Review.csv,data_quality_flag,object,2,0,0.0,1,YES,NO,1.0,0
01_Raw_Data/Semiconductor/Semiconductor_Master/DLI_Design_Projects/DLI_Design_Projects_Final_Manual_Review.csv,manual_review_required,object,2,0,0.0,1,YES,NO,1.0,0
01_Raw_Data/Semiconductor/Semiconductor_Master/DLI_Design_Projects/DLI_Design_Projects_Final_Manual_Review.csv,final_verification_status,object,2,0,0.0,1,YES,NO,1.0,0
01_Raw_Data/Semiconductor/Semiconductor_Master/DLI_Design_Projects/DLI_Design_Projects_Final_Manual_Review.csv,review_notes,float64,0,2,100.0,0,YES,NO,,0
01_Raw_Data/Semiconductor/Semiconductor_Master/DLI_Design_Projects/DLI_Design_Projects_Final_Manual_Review.csv,official_source_confirmed,object,2,0,0.0,1,YES,NO,1.0,0
01_Raw_Data/Semiconductor/Semiconductor_Master/DLI_Design_Projects/DLI_Design_Projects_Final_Manual_Review.csv,company_confirmed,object,2,0,0.0,1,YES,NO,1.0,0
01_Raw_Data/Semiconductor/Semiconductor_Master/DLI_Design_Projects/DLI_Design_Projects_Final_Manual_Review.csv,dli_support_confirmed,object,2,0,0.0,1,YES,NO,1.0,0
01_Raw_Data/Semiconductor/Semiconductor_Master/DLI_Design_Projects/DLI_Design_Projects_Final_Manual_Review.csv,project_identity_confirmed,object,2,0,0.0,1,YES,NO,1.0,0
01_Raw_Data/Semiconductor/Semiconductor_Master/DLI_Design_Projects/DLI_Design_Projects_Final_Manual_Review.csv,technology_confirmed,object,2,0,0.0,1,YES,NO,1.0,0
01_Raw_Data/Semiconductor/Semiconductor_Master/DLI_Design_Projects/DLI_Design_Projects_Final_Manual_Review.csv,approval_year_confirmed,object,2,0,0.0,1,YES,NO,1.0,0
01_Raw_Data/Semiconductor/Semiconductor_Master/DLI_Design_Projects/DLI_Design_Projects_Final_Manual_Review.csv,state_confirmed,object,2,0,0.0,1,YES,NO,1.0,0
01_Raw_Data/Semiconductor/Semiconductor_Master/DLI_Design_Projects/DLI_Design_Projects_Final_Manual_Review.csv,project_value_confirmed,object,2,0,0.0,1,YES,NO,1.0,0
01_Raw_Data/Semiconductor/Semiconductor_Master/DLI_Design_Projects/DLI_Design_Projects_Final_Manual_Review.csv,duplicate_confirmed,object,2,0,0.0,1,YES,NO,1.0,0
01_Raw_Data/Semiconductor/Semiconductor_Master/DLI_Design_Projects/DLI_Design_Projects_Final_Manual_Review.csv,manual_evidence_quality,object,2,0,0.0,1,YES,NO,1.0,0
01_Raw_Data/Semiconductor/Semiconductor_Master/DLI_Design_Projects/DLI_Design_Projects_Final_Manual_Review.csv,final_review_notes,float64,0,2,100.0,0,YES,NO,,0
01_Raw_Data/Semiconductor/Semiconductor_Master/DLI_Design_Projects/DLI_Design_Projects_Final_Manual_Review.csv,has_company,bool,2,0,0.0,1,YES,NO,1.0,0
01_Raw_Data/Semiconductor/Semiconductor_Master/DLI_Design_Projects/DLI_Design_Projects_Final_Manual_Review.csv,has_official_source,bool,2,0,0.0,1,YES,NO,1.0,0
01_Raw_Data/Semiconductor/Semiconductor_Master/DLI_Design_Projects/DLI_Design_Projects_Final_Manual_Review.csv,has_approval_year,bool,2,0,0.0,2,NO,NO,0.5,0
01_Raw_Data/Semiconductor/Semiconductor_Master/DLI_Design_Projects/DLI_Design_Projects_Final_Manual_Review.csv,has_technology,bool,2,0,0.0,2,NO,NO,0.5,0
01_Raw_Data/Semiconductor/Semiconductor_Master/DLI_Design_Projects/DLI_Design_Projects_Final_Manual_Review.csv,has_investment,bool,2,0,0.0,1,YES,NO,1.0,0
01_Raw_Data/Semiconductor/Semiconductor_Master/DLI_Design_Projects/DLI_Design_Projects_Final_Manual_Review.csv,has_project_value,bool,2,0,0.0,1,YES,NO,1.0,0
01_Raw_Data/Semiconductor/Semiconductor_Master/DLI_Design_Projects/DLI_Design_Projects_Final_Manual_Review.csv,automatic_duplicate_flag,object,2,0,0.0,1,YES,NO,1.0,0
01_Raw_Data/Semiconductor/Semiconductor_Master/DLI_Design_Projects/DLI_Design_Projects_Canonical_Audit.csv,check,object,11,0,0.0,11,NO,NO,0.090909,0
01_Raw_Data/Semiconductor/Semiconductor_Master/DLI_Design_Projects/DLI_Design_Projects_Canonical_Audit.csv,value,object,11,0,0.0,6,NO,NO,0.454545,0
01_Raw_Data/Semiconductor/Semiconductor_Master/DLI_Design_Projects/DLI_Design_Projects_Structured_Review.csv,dli_project_id,object,2,0,0.0,2,NO,NO,0.5,0
01_Raw_Data/Semiconductor/Semiconductor_Master/DLI_Design_Projects/DLI_Design_Projects_Structured_Review.csv,candidate_id,object,2,0,0.0,2,NO,NO,0.5,0
01_Raw_Data/Semiconductor/Semiconductor_Master/DLI_Design_Projects/DLI_Design_Projects_Structured_Review.csv,company,object,2,0,0.0,2,NO,NO,0.5,0
01_Raw_Data/Semiconductor/Semiconductor_Master/DLI_Design_Projects/DLI_Design_Projects_Structured_Review.csv,project_scope,object,2,0,0.0,1,YES,NO,1.0,0
01_Raw_Data/Semiconductor/Semiconductor_Master/DLI_Design_Projects/DLI_Design_Projects_Structured_Review.csv,scheme,object,2,0,0.0,1,YES,NO,1.0,0
01_Raw_Data/Semiconductor/Semiconductor_Master/DLI_Design_Projects/DLI_Design_Projects_Structured_Review.csv,project_type,object,2,0,0.0,1,YES,NO,1.0,0
01_Raw_Data/Semiconductor/Semiconductor_Master/DLI_Design_Projects/DLI_Design_Projects_Structured_Review.csv,approval_year,float64,1,1,50.0,1,YES,NO,1.0,0
01_Raw_Data/Semiconductor/Semiconductor_Master/DLI_Design_Projects/DLI_Design_Projects_Structured_Review.csv,state,float64,0,2,100.0,0,YES,NO,,0
01_Raw_Data/Semiconductor/Semiconductor_Master/DLI_Design_Projects/DLI_Design_Projects_Structured_Review.csv,investment_crore,float64,0,2,100.0,0,YES,NO,,0
01_Raw_Data/Semiconductor/Semiconductor_Master/DLI_Design_Projects/DLI_Design_Projects_Structured_Review.csv,project_value_crore,float64,0,2,100.0,0,YES,NO,,0
01_Raw_Data/Semiconductor/Semiconductor_Master/DLI_Design_Projects/DLI_Design_Projects_Structured_Review.csv,technology,object,1,1,50.0,1,YES,NO,1.0,0
01_Raw_Data/Semiconductor/Semiconductor_Master/DLI_Design_Projects/DLI_Design_Projects_Structured_Review.csv,application,float64,0,2,100.0,0,YES,NO,,0
01_Raw_Data/Semiconductor/Semiconductor_Master/DLI_Design_Projects/DLI_Design_Projects_Structured_Review.csv,chip_node,float64,0,2,100.0,0,YES,NO,,0
01_Raw_Data/Semiconductor/Semiconductor_Master/DLI_Design_Projects/DLI_Design_Projects_Structured_Review.csv,tapeout_status,float64,0,2,100.0,0,YES,NO,,0
01_Raw_Data/Semiconductor/Semiconductor_Master/DLI_Design_Projects/DLI_Design_Projects_Structured_Review.csv,fabrication_status,float64,0,2,100.0,0,YES,NO,,0
01_Raw_Data/Semiconductor/Semiconductor_Master/DLI_Design_Projects/DLI_Design_Projects_Structured_Review.csv,official_source_count,int64,2,0,0.0,2,NO,NO,0.5,0
01_Raw_Data/Semiconductor/Semiconductor_Master/DLI_Design_Projects/DLI_Design_Projects_Structured_Review.csv,source_names,object,2,0,0.0,2,NO,NO,0.5,0
01_Raw_Data/Semiconductor/Semiconductor_Master/DLI_Design_Projects/DLI_Design_Projects_Structured_Review.csv,source_urls,object,2,0,0.0,2,NO,NO,0.5,0
01_Raw_Data/Semiconductor/Semiconductor_Master/DLI_Design_Projects/DLI_Design_Projects_Structured_Review.csv,evidence_excerpt,object,2,0,0.0,2,NO,NO,0.5,0
01_Raw_Data/Semiconductor/Semiconductor_Master/DLI_Design_Projects/DLI_Design_Projects_Structured_Review.csv,data_quality_flag,object,2,0,0.0,1,YES,NO,1.0,0
01_Raw_Data/Semiconductor/Semiconductor_Master/DLI_Design_Projects/DLI_Design_Projects_Structured_Review.csv,manual_review_required,object,2,0,0.0,1,YES,NO,1.0,0
01_Raw_Data/Semiconductor/Semiconductor_Master/DLI_Design_Projects/DLI_Design_Projects_Structured_Review.csv,final_verification_status,object,2,0,0.0,1,YES,NO,1.0,0
01_Raw_Data/Semiconductor/Semiconductor_Master/DLI_Design_Projects/DLI_Design_Projects_Structured_Review.csv,review_notes,float64,0,2,100.0,0,YES,NO,,0
01_Raw_Data/Semiconductor/Semiconductor_Investment/Extracted_Investment_Data/Semiconductor_Investment_Relevant_Pages.csv,document,object,51,0,0.0,3,NO,NO,0.45098,0
01_Raw_Data/Semiconductor/Semiconductor_Investment/Extracted_Investment_Data/Semiconductor_Investment_Relevant_Pages.csv,page,int64,51,0,0.0,46,NO,NO,0.039216,0
01_Raw_Data/Semiconductor/Semiconductor_Investment/Extracted_Investment_Data/Semiconductor_Investment_Relevant_Pages.csv,matched_terms,object,51,0,0.0,32,NO,NO,0.196078,0
01_Raw_Data/Semiconductor/Semiconductor_Investment/Extracted_Investment_Data/Semiconductor_Investment_Relevant_Pages.csv,text,object,51,0,0.0,51,NO,NO,0.019608,0
01_Raw_Data/Semiconductor/Semiconductor_Investment/Extracted_Investment_Data/Semiconductor_Investment_Raw_Pages.csv,document,object,468,0,0.0,3,NO,NO,0.517094,0
01_Raw_Data/Semiconductor/Semiconductor_Investment/Extracted_Investment_Data/Semiconductor_Investment_Raw_Pages.csv,page,int64,468,0,0.0,305,NO,NO,0.00641,0
01_Raw_Data/Semiconductor/Semiconductor_Investment/Extracted_Investment_Data/Semiconductor_Investment_Raw_Pages.csv,matched_terms,object,468,0,0.0,59,NO,NO,0.365385,0
01_Raw_Data/Semiconductor/Semiconductor_Investment/Extracted_Investment_Data/Semiconductor_Investment_Raw_Pages.csv,text,object,468,0,0.0,468,NO,NO,0.002137,0
01_Raw_Data/Semiconductor/Semiconductor_Investment/Extracted_Investment_Data/Semiconductor_Investment_High_Confidence.csv,source,object,10,0,0.0,3,NO,NO,0.7,0
01_Raw_Data/Semiconductor/Semiconductor_Investment/Extracted_Investment_Data/Semiconductor_Investment_High_Confidence.csv,document,object,10,0,0.0,3,NO,NO,0.7,0
01_Raw_Data/Semiconductor/Semiconductor_Investment/Extracted_Investment_Data/Semiconductor_Investment_High_Confidence.csv,page,int64,10,0,0.0,10,NO,NO,0.1,0
01_Raw_Data/Semiconductor/Semiconductor_Investment/Extracted_Investment_Data/Semiconductor_Investment_High_Confidence.csv,company_raw,object,10,0,0.0,10,NO,NO,0.1,0
01_Raw_Data/Semiconductor/Semiconductor_Investment/Extracted_Investment_Data/Semiconductor_Investment_High_Confidence.csv,state,object,7,3,30.0,5,NO,NO,0.285714,0
01_Raw_Data/Semiconductor/Semiconductor_Investment/Extracted_Investment_Data/Semiconductor_Investment_High_Confidence.csv,project_type,object,10,0,0.0,5,NO,NO,0.5,0
01_Raw_Data/Semiconductor/Semiconductor_Investment/Extracted_Investment_Data/Semiconductor_Investment_High_Confidence.csv,investment_crore,float64,10,0,0.0,9,NO,NO,0.2,0
01_Raw_Data/Semiconductor/Semiconductor_Investment/Extracted_Investment_Data/Semiconductor_Investment_High_Confidence.csv,capacity_raw,object,4,6,60.0,4,NO,NO,0.25,0
01_Raw_Data/Semiconductor/Semiconductor_Investment/Extracted_Investment_Data/Semiconductor_Investment_High_Confidence.csv,approval_date,object,6,4,40.0,5,NO,NO,0.333333,0
01_Raw_Data/Semiconductor/Semiconductor_Investment/Extracted_Investment_Data/Semiconductor_Investment_High_Confidence.csv,matched_terms,object,10,0,0.0,9,NO,NO,0.2,0
01_Raw_Data/Semiconductor/Semiconductor_Investment/Extracted_Investment_Data/Semiconductor_Investment_High_Confidence.csv,data_quality_flag,object,10,0,0.0,1,YES,NO,1.0,0
01_Raw_Data/Semiconductor/Semiconductor_Investment/Extracted_Investment_Data/Semiconductor_Investment_Master_Raw.csv,source,object,51,0,0.0,3,NO,NO,0.45098,0
01_Raw_Data/Semiconductor/Semiconductor_Investment/Extracted_Investment_Data/Semiconductor_Investment_Master_Raw.csv,document,object,51,0,0.0,3,NO,NO,0.45098,0
01_Raw_Data/Semiconductor/Semiconductor_Investment/Extracted_Investment_Data/Semiconductor_Investment_Master_Raw.csv,page,int64,51,0,0.0,46,NO,NO,0.039216,0
01_Raw_Data/Semiconductor/Semiconductor_Investment/Extracted_Investment_Data/Semiconductor_Investment_Master_Raw.csv,company_raw,object,45,6,11.7647,43,NO,NO,0.066667,0
01_Raw_Data/Semiconductor/Semiconductor_Investment/Extracted_Investment_Data/Semiconductor_Investment_Master_Raw.csv,state,object,12,39,76.4706,10,NO,NO,0.166667,0
01_Raw_Data/Semiconductor/Semiconductor_Investment/Extracted_Investment_Data/Semiconductor_Investment_Master_Raw.csv,project_type,object,44,7,13.7255,13,NO,NO,0.5,0
01_Raw_Data/Semiconductor/Semiconductor_Investment/Extracted_Investment_Data/Semiconductor_Investment_Master_Raw.csv,investment_crore,float64,18,33,64.7059,15,NO,NO,0.166667,0
01_Raw_Data/Semiconductor/Semiconductor_Investment/Extracted_Investment_Data/Semiconductor_Investment_Master_Raw.csv,capacity_raw,object,4,47,92.1569,4,NO,NO,0.25,0
01_Raw_Data/Semiconductor/Semiconductor_Investment/Extracted_Investment_Data/Semiconductor_Investment_Master_Raw.csv,approval_date,object,7,44,86.2745,6,NO,NO,0.285714,0
01_Raw_Data/Semiconductor/Semiconductor_Investment/Extracted_Investment_Data/Semiconductor_Investment_Master_Raw.csv,matched_terms,object,51,0,0.0,32,NO,NO,0.196078,0
01_Raw_Data/Semiconductor/Semiconductor_Investment/Extracted_Investment_Data/Semiconductor_Investment_Master_Raw.csv,data_quality_flag,object,51,0,0.0,3,NO,NO,0.627451,0
01_Raw_Data/Semiconductor/Semiconductor_Investment/Extracted_Investment_Data/Semiconductor_Investment_Clean.csv,source,object,41,0,0.0,3,NO,NO,0.512195,0
01_Raw_Data/Semiconductor/Semiconductor_Investment/Extracted_Investment_Data/Semiconductor_Investment_Clean.csv,page,int64,41,0,0.0,38,NO,NO,0.04878,0
01_Raw_Data/Semiconductor/Semiconductor_Investment/Extracted_Investment_Data/Semiconductor_Investment_Clean.csv,company_raw,object,35,6,14.6341,33,NO,NO,0.085714,0
01_Raw_Data/Semiconductor/Semiconductor_Investment/Extracted_Investment_Data/Semiconductor_Investment_Clean.csv,state,object,10,31,75.6098,8,NO,NO,0.2,0
01_Raw_Data/Semiconductor/Semiconductor_Investment/Extracted_Investment_Data/Semiconductor_Investment_Clean.csv,project_type,object,41,0,0.0,13,NO,NO,0.487805,0
01_Raw_Data/Semiconductor/Semiconductor_Investment/Extracted_Investment_Data/Semiconductor_Investment_Clean.csv,investment_crore,float64,17,24,58.5366,14,NO,NO,0.176471,0
01_Raw_Data/Semiconductor/Semiconductor_Investment/Extracted_Investment_Data/Semiconductor_Investment_Clean.csv,capacity_raw,object,4,37,90.2439,4,NO,NO,0.25,0
01_Raw_Data/Semiconductor/Semiconductor_Investment/Extracted_Investment_Data/Semiconductor_Investment_Clean.csv,approval_date,object,6,35,85.3659,5,NO,NO,0.333333,0
01_Raw_Data/Semiconductor/Semiconductor_Investment/Extracted_Investment_Data/Semiconductor_Investment_Clean.csv,data_quality_flag,object,41,0,0.0,3,NO,NO,0.756098,0
01_Raw_Data/RBI/Banking_Stress/_6.Movement of Non Performing Assets (NPAs) of Scheduled Commercial Banks.xlsx :: SHEET=Report 1,Unnamed: 0,float64,0,1988,100.0,0,YES,NO,,0
01_Raw_Data/RBI/Banking_Stress/_6.Movement of Non Performing Assets (NPAs) of Scheduled Commercial Banks.xlsx :: SHEET=Report 1,Unnamed: 1,object,26,1962,98.6922,26,NO,NO,0.038462,0
01_Raw_Data/RBI/Banking_Stress/_6.Movement of Non Performing Assets (NPAs) of Scheduled Commercial Banks.xlsx :: SHEET=Report 1,Unnamed: 2,object,1977,11,0.5533,156,NO,NO,0.010622,0
01_Raw_Data/RBI/Banking_Stress/_6.Movement of Non Performing Assets (NPAs) of Scheduled Commercial Banks.xlsx :: SHEET=Report 1,Unnamed: 3,object,1980,8,0.4024,1537,NO,NO,0.187374,0
01_Raw_Data/RBI/Banking_Stress/_6.Movement of Non Performing Assets (NPAs) of Scheduled Commercial Banks.xlsx :: SHEET=Report 1,Unnamed: 4,object,1978,10,0.503,1426,NO,NO,0.27452,0
01_Raw_Data/RBI/Banking_Stress/_6.Movement of Non Performing Assets (NPAs) of Scheduled Commercial Banks.xlsx :: SHEET=Report 1,Unnamed: 5,object,1978,10,0.503,1456,NO,NO,0.254803,0
01_Raw_Data/RBI/Banking_Stress/_6.Movement of Non Performing Assets (NPAs) of Scheduled Commercial Banks.xlsx :: SHEET=Report 1,Unnamed: 6,object,1978,10,0.503,872,NO,NO,0.553589,0
01_Raw_Data/RBI/Banking_Stress/_6.Movement of Non Performing Assets (NPAs) of Scheduled Commercial Banks.xlsx :: SHEET=Report 1,Unnamed: 7,object,1978,10,0.503,1536,NO,NO,0.188069,0
01_Raw_Data/RBI/Banking_Stress/_6.Movement of Non Performing Assets (NPAs) of Scheduled Commercial Banks.xlsx :: SHEET=Report 1,Unnamed: 8,object,1979,9,0.4527,1391,NO,NO,0.28954,0
01_Raw_Data/RBI/Banking_Stress/_6.Movement of Non Performing Assets (NPAs) of Scheduled Commercial Banks.xlsx :: SHEET=Report 1,Unnamed: 9,object,1978,10,0.503,1400,NO,NO,0.285137,0
01_Raw_Data/RBI/RBI_Master/RBI_Integration_Input_Snapshot.csv,semiconductor_category,object,6,0,0.0,6,NO,NO,0.166667,0
01_Raw_Data/RBI/RBI_Master/RBI_Integration_Input_Snapshot.csv,rbi_sector,object,6,0,0.0,1,YES,NO,1.0,0
01_Raw_Data/RBI/RBI_Master/RBI_Integration_Input_Snapshot.csv,mapping_confidence,object,6,0,0.0,1,YES,NO,1.0,0
01_Raw_Data/RBI/RBI_Master/RBI_Integration_Input_Snapshot.csv,mapping_basis,object,6,0,0.0,1,YES,NO,1.0,0
01_Raw_Data/RBI/RBI_Master/RBI_Integration_Input_Snapshot.csv,manual_review_required,object,6,0,0.0,1,YES,NO,1.0,0
01_Raw_Data/RBI/RBI_Master/RBI_NPA_Data.csv,Unnamed: 0,float64,0,1984,100.0,0,YES,NO,,0
01_Raw_Data/RBI/RBI_Master/RBI_NPA_Data.csv,Unnamed: 1,object,26,1958,98.6895,26,NO,NO,0.038462,0
01_Raw_Data/RBI/RBI_Master/RBI_NPA_Data.csv,Unnamed: 2,object,1977,7,0.3528,156,NO,NO,0.010622,0
01_Raw_Data/RBI/RBI_Master/RBI_NPA_Data.csv,Unnamed: 3,object,1980,4,0.2016,1537,NO,NO,0.187374,0
01_Raw_Data/RBI/RBI_Master/RBI_NPA_Data.csv,Unnamed: 4,object,1978,6,0.3024,1426,NO,NO,0.27452,0
01_Raw_Data/RBI/RBI_Master/RBI_NPA_Data.csv,Unnamed: 5,object,1978,6,0.3024,1456,NO,NO,0.254803,0
01_Raw_Data/RBI/RBI_Master/RBI_NPA_Data.csv,Unnamed: 6,object,1978,6,0.3024,872,NO,NO,0.553589,0
01_Raw_Data/RBI/RBI_Master/RBI_NPA_Data.csv,Unnamed: 7,object,1978,6,0.3024,1536,NO,NO,0.188069,0
01_Raw_Data/RBI/RBI_Master/RBI_NPA_Data.csv,Unnamed: 8,object,1979,5,0.252,1391,NO,NO,0.28954,0
01_Raw_Data/RBI/RBI_Master/RBI_NPA_Data.csv,Unnamed: 9,object,1978,6,0.3024,1400,NO,NO,0.285137,0
01_Raw_Data/RBI/RBI_Master/RBI_Industry_Wise_Credit_2019_2026.csv,Unnamed: 0,float64,0,49,100.0,0,YES,NO,,0
01_Raw_Data/RBI/RBI_Master/RBI_Industry_Wise_Credit_2019_2026.csv,Unnamed: 1,object,46,3,6.1224,46,NO,NO,0.021739,0
01_Raw_Data/RBI/RBI_Master/RBI_Industry_Wise_Credit_2019_2026.csv,Unnamed: 2,object,44,5,10.2041,42,NO,NO,0.068182,0
01_Raw_Data/RBI/RBI_Master/RBI_Industry_Wise_Credit_2019_2026.csv,Unnamed: 3,object,45,4,8.1633,45,NO,NO,0.022222,0
01_Raw_Data/RBI/RBI_Master/RBI_Industry_Wise_Credit_2019_2026.csv,Unnamed: 4,object,44,5,10.2041,44,NO,NO,0.022727,0
01_Raw_Data/RBI/RBI_Master/RBI_Industry_Wise_Credit_2019_2026.csv,Unnamed: 5,object,44,5,10.2041,44,NO,NO,0.022727,0
01_Raw_Data/RBI/RBI_Master/RBI_Industry_Wise_Credit_2019_2026.csv,Unnamed: 6,object,44,5,10.2041,44,NO,NO,0.022727,0
01_Raw_Data/RBI/RBI_Master/RBI_Industry_Wise_Credit_2019_2026.csv,Unnamed: 7,object,44,5,10.2041,44,NO,NO,0.022727,0
01_Raw_Data/RBI/RBI_Master/RBI_Industry_Wise_Credit_2019_2026.csv,Unnamed: 8,object,45,4,8.1633,45,NO,NO,0.022222,0
01_Raw_Data/RBI/RBI_Master/RBI_Industry_Wise_Credit_2019_2026.csv,Unnamed: 9,object,45,4,8.1633,45,NO,NO,0.022222,0
01_Raw_Data/RBI/RBI_Master/RBI_Industry_Wise_Credit_2019_2026.csv,Unnamed: 10,object,45,4,8.1633,45,NO,NO,0.022222,0
01_Raw_Data/RBI/RBI_Master/RBI_Industry_Credit_Clean_2019_2026.csv,sector_code,object,35,1,2.7778,35,NO,NO,0.028571,0
01_Raw_Data/RBI/RBI_Master/RBI_Industry_Credit_Clean_2019_2026.csv,sector,object,36,0,0.0,36,NO,NO,0.027778,0
01_Raw_Data/RBI/RBI_Master/RBI_Industry_Credit_Clean_2019_2026.csv,credit_2019_crore,float64,36,0,0.0,36,NO,NO,0.027778,0
01_Raw_Data/RBI/RBI_Master/RBI_Industry_Credit_Clean_2019_2026.csv,credit_2020_crore,float64,36,0,0.0,36,NO,NO,0.027778,0
01_Raw_Data/RBI/RBI_Master/RBI_Industry_Credit_Clean_2019_2026.csv,credit_2021_crore,float64,36,0,0.0,36,NO,NO,0.027778,0
01_Raw_Data/RBI/RBI_Master/RBI_Industry_Credit_Clean_2019_2026.csv,credit_2022_crore,float64,36,0,0.0,36,NO,NO,0.027778,0
01_Raw_Data/RBI/RBI_Master/RBI_Industry_Credit_Clean_2019_2026.csv,credit_2023_crore,float64,36,0,0.0,36,NO,NO,0.027778,0
01_Raw_Data/RBI/RBI_Master/RBI_Industry_Credit_Clean_2019_2026.csv,credit_2024_crore,float64,36,0,0.0,36,NO,NO,0.027778,0
01_Raw_Data/RBI/RBI_Master/RBI_Industry_Credit_Clean_2019_2026.csv,credit_2025_crore,float64,36,0,0.0,36,NO,NO,0.027778,0
01_Raw_Data/RBI/RBI_Master/RBI_Industry_Credit_Clean_2019_2026.csv,credit_2026_crore,float64,36,0,0.0,36,NO,NO,0.027778,0
01_Raw_Data/RBI/RBI_Master/RBI_Industry_Credit_Clean_2019_2026.csv,credit_growth_2019_2020_pct,float64,36,0,0.0,36,NO,NO,0.027778,0
01_Raw_Data/RBI/RBI_Master/RBI_Industry_Credit_Clean_2019_2026.csv,credit_growth_2020_2021_pct,float64,36,0,0.0,36,NO,NO,0.027778,0
01_Raw_Data/RBI/RBI_Master/RBI_Industry_Credit_Clean_2019_2026.csv,credit_growth_2021_2022_pct,float64,36,0,0.0,36,NO,NO,0.027778,0
01_Raw_Data/RBI/RBI_Master/RBI_Industry_Credit_Clean_2019_2026.csv,credit_growth_2022_2023_pct,float64,36,0,0.0,36,NO,NO,0.027778,0
01_Raw_Data/RBI/RBI_Master/RBI_Industry_Credit_Clean_2019_2026.csv,credit_growth_2023_2024_pct,float64,36,0,0.0,36,NO,NO,0.027778,0
01_Raw_Data/RBI/RBI_Master/RBI_Industry_Credit_Clean_2019_2026.csv,credit_growth_2024_2025_pct,float64,36,0,0.0,36,NO,NO,0.027778,0
01_Raw_Data/RBI/RBI_Master/RBI_Industry_Credit_Clean_2019_2026.csv,credit_growth_2025_2026_pct,float64,36,0,0.0,36,NO,NO,0.027778,0
01_Raw_Data/RBI/RBI_Master/RBI_Industry_Credit_Clean_2019_2026.csv,credit_growth_2019_2026_pct,float64,36,0,0.0,36,NO,NO,0.027778,0
01_Raw_Data/RBI/RBI_Master/RBI_Industry_Credit_Clean_2019_2026.csv,credit_cagr_2019_2026_pct,float64,36,0,0.0,36,NO,NO,0.027778,0
01_Raw_Data/RBI/RBI_Master/RBI_Industry_Credit_Clean_2019_2026.csv,credit_growth_volatility_pct,float64,36,0,0.0,36,NO,NO,0.027778,0
01_Raw_Data/RBI/RBI_Master/RBI_Industry_Credit_Clean_2019_2026.csv,negative_growth_years,int64,36,0,0.0,6,NO,NO,0.333333,0
01_Raw_Data/RBI/RBI_Master/RBI_Industry_Credit_Clean_2019_2026.csv,positive_growth_years,int64,36,0,0.0,6,NO,NO,0.333333,0
01_Raw_Data/RBI/RBI_Master/RBI_NPA_Features.csv,year,object,0,0,0.0,0,YES,NO,,0
01_Raw_Data/RBI/RBI_Master/RBI_NPA_Features.csv,total_gross_npa_crore,object,0,0,0.0,0,YES,NO,,0
01_Raw_Data/RBI/RBI_Master/RBI_NPA_Features.csv,total_net_npa_crore,object,0,0,0.0,0,YES,NO,,0
01_Raw_Data/RBI/RBI_Master/RBI_NPA_Features.csv,total_npa_additions_crore,object,0,0,0.0,0,YES,NO,,0
01_Raw_Data/RBI/RBI_Master/RBI_NPA_Features.csv,total_npa_reductions_crore,object,0,0,0.0,0,YES,NO,,0
01_Raw_Data/RBI/RBI_Master/RBI_NPA_Features.csv,total_npa_writeoffs_crore,object,0,0,0.0,0,YES,NO,,0
01_Raw_Data/RBI/RBI_Master/RBI_NPA_Features.csv,avg_npa_stress_score,object,0,0,0.0,0,YES,NO,,0
01_Raw_Data/RBI/RBI_Master/RBI_NPA_Features.csv,avg_net_to_gross_ratio,object,0,0,0.0,0,YES,NO,,0
01_Raw_Data/RBI/RBI_Master/RBI_NPA_Features.csv,gross_npa_growth_pct,object,0,0,0.0,0,YES,NO,,0
01_Raw_Data/RBI/RBI_Master/RBI_NPA_Features.csv,net_npa_growth_pct,object,0,0,0.0,0,YES,NO,,0
01_Raw_Data/RBI/RBI_Master/RBI_Industry_Credit_Long_2019_2026.csv,sector_code,object,280,8,2.7778,35,NO,NO,0.028571,0
01_Raw_Data/RBI/RBI_Master/RBI_Industry_Credit_Long_2019_2026.csv,sector,object,288,0,0.0,36,NO,NO,0.027778,0
01_Raw_Data/RBI/RBI_Master/RBI_Industry_Credit_Long_2019_2026.csv,year,int64,288,0,0.0,8,NO,NO,0.125,0
01_Raw_Data/RBI/RBI_Master/RBI_Industry_Credit_Long_2019_2026.csv,credit_crore,float64,288,0,0.0,288,NO,NO,0.003472,0
01_Raw_Data/RBI/RBI_Master/RBI_Industry_Credit_Long_2019_2026.csv,credit_growth_pct,float64,252,36,12.5,252,NO,NO,0.003968,0
01_Raw_Data/RBI/RBI_Master/RBI_Latest_Sectoral_Credit.csv,Statement 1: Deployment of Gross Bank Credit by Major Sectors,object,330,306,48.1132,56,NO,NO,0.018182,0
01_Raw_Data/RBI/RBI_Master/RBI_Latest_Sectoral_Credit.csv,Unnamed: 1,object,544,92,14.4654,520,NO,NO,0.022059,0
01_Raw_Data/RBI/RBI_Master/RBI_Latest_Sectoral_Credit.csv,Unnamed: 2,object,532,104,16.3522,179,NO,NO,0.016917,0
01_Raw_Data/RBI/RBI_Master/RBI_Latest_Sectoral_Credit.csv,Unnamed: 3,object,532,104,16.3522,518,NO,NO,0.005639,0
01_Raw_Data/RBI/RBI_Master/RBI_Latest_Sectoral_Credit.csv,Unnamed: 4,object,536,100,15.7233,263,NO,NO,0.014925,0
01_Raw_Data/RBI/RBI_Master/RBI_Latest_Sectoral_Credit.csv,Unnamed: 5,object,534,102,16.0377,518,NO,NO,0.005618,0
01_Raw_Data/RBI/RBI_Master/RBI_Latest_Sectoral_Credit.csv,Unnamed: 6,object,463,173,27.2013,434,NO,NO,0.021598,0
01_Raw_Data/RBI/RBI_Master/RBI_Latest_Sectoral_Credit.csv,Unnamed: 7,object,453,183,28.7736,433,NO,NO,0.022075,0
01_Raw_Data/RBI/RBI_Master/RBI_Latest_Sectoral_Credit.csv,Unnamed: 8,object,463,173,27.2013,435,NO,NO,0.021598,0
01_Raw_Data/RBI/RBI_Master/RBI_Latest_Sectoral_Credit.csv,Unnamed: 9,object,453,183,28.7736,431,NO,NO,0.022075,0
01_Raw_Data/RBI/RBI_Master/RBI_Latest_Sectoral_Credit.csv,source_file,object,636,0,0.0,6,NO,NO,0.166667,0
01_Raw_Data/RBI/RBI_Master/RBI_Latest_Sectoral_Credit.csv,source_sheet,object,636,0,0.0,2,NO,NO,0.54717,0
01_Raw_Data/RBI/RBI_Master/RBI_Latest_Sectoral_Credit.csv,Statement 2: Industry-wise Deployment of Gross Bank Credit,object,276,360,56.6038,46,NO,NO,0.021739,0
01_Raw_Data/RBI/RBI_Master/RBI_NPA_Clean.csv,year,object,0,0,0.0,0,YES,NO,,0
01_Raw_Data/RBI/RBI_Master/RBI_NPA_Clean.csv,bank,object,0,0,0.0,0,YES,NO,,0
01_Raw_Data/RBI/RBI_Master/RBI_NPA_Clean.csv,gross_npa_opening_crore,object,0,0,0.0,0,YES,NO,,0
01_Raw_Data/RBI/RBI_Master/RBI_NPA_Clean.csv,gross_npa_addition_crore,object,0,0,0.0,0,YES,NO,,0
01_Raw_Data/RBI/RBI_Master/RBI_NPA_Clean.csv,gross_npa_reduction_crore,object,0,0,0.0,0,YES,NO,,0
01_Raw_Data/RBI/RBI_Master/RBI_NPA_Clean.csv,gross_npa_writeoff_crore,object,0,0,0.0,0,YES,NO,,0
01_Raw_Data/RBI/RBI_Master/RBI_NPA_Clean.csv,gross_npa_closing_crore,object,0,0,0.0,0,YES,NO,,0
01_Raw_Data/RBI/RBI_Master/RBI_NPA_Clean.csv,net_npa_opening_crore,object,0,0,0.0,0,YES,NO,,0
01_Raw_Data/RBI/RBI_Master/RBI_NPA_Clean.csv,net_npa_closing_crore,object,0,0,0.0,0,YES,NO,,0
01_Raw_Data/RBI/RBI_Master/RBI_NPA_Clean.csv,npa_addition_rate,object,0,0,0.0,0,YES,NO,,0
01_Raw_Data/RBI/RBI_Master/RBI_NPA_Clean.csv,npa_reduction_rate,object,0,0,0.0,0,YES,NO,,0
01_Raw_Data/RBI/RBI_Master/RBI_NPA_Clean.csv,npa_writeoff_rate,object,0,0,0.0,0,YES,NO,,0
01_Raw_Data/RBI/RBI_Master/RBI_NPA_Clean.csv,net_to_gross_npa_ratio,object,0,0,0.0,0,YES,NO,,0
01_Raw_Data/RBI/RBI_Master/RBI_NPA_Clean.csv,gross_npa_yoy_change_pct,object,0,0,0.0,0,YES,NO,,0
01_Raw_Data/RBI/RBI_Master/RBI_NPA_Clean.csv,net_npa_yoy_change_pct,object,0,0,0.0,0,YES,NO,,0
01_Raw_Data/RBI/RBI_Master/RBI_NPA_Clean.csv,npa_stress_score,object,0,0,0.0,0,YES,NO,,0
01_Raw_Data/RBI/Audit/RBI_Column_Inventory.csv,dataset,object,193,0,0.0,19,NO,NO,0.103627,0
01_Raw_Data/RBI/Audit/RBI_Column_Inventory.csv,column,object,193,0,0.0,22,NO,NO,0.098446,0
01_Raw_Data/RBI/Audit/RBI_Column_Inventory.csv,dtype,object,193,0,0.0,2,NO,NO,0.984456,0
01_Raw_Data/RBI/Audit/RBI_Column_Inventory.csv,missing,int64,193,0,0.0,16,NO,NO,0.165803,0
01_Raw_Data/RBI/Audit/RBI_Column_Inventory.csv,unique_values,int64,193,0,0.0,20,NO,NO,0.305699,0
01_Raw_Data/RBI/Audit/RBI_Sector_Relevant_Variables.csv,dataset,object,8,0,0.0,8,NO,NO,0.125,0
01_Raw_Data/RBI/Audit/RBI_Sector_Relevant_Variables.csv,column,object,8,0,0.0,1,YES,NO,1.0,0
01_Raw_Data/RBI/Audit/RBI_Sector_Relevant_Variables.csv,matched_keywords,object,8,0,0.0,1,YES,NO,1.0,0
01_Raw_Data/RBI/Audit/RBI_Banking_Variables.csv,dataset,object,16,0,0.0,16,NO,NO,0.0625,0
01_Raw_Data/RBI/Audit/RBI_Banking_Variables.csv,column,object,16,0,0.0,2,NO,NO,0.5,0
01_Raw_Data/RBI/Audit/RBI_Banking_Variables.csv,matched_keywords,object,16,0,0.0,2,NO,NO,0.5,0
01_Raw_Data/RBI/Audit/RBI_Dataset_Summary.csv,dataset,object,19,0,0.0,19,NO,NO,0.052632,0
01_Raw_Data/RBI/Audit/RBI_Dataset_Summary.csv,rows,int64,19,0,0.0,5,NO,NO,0.421053,0
01_Raw_Data/RBI/Audit/RBI_Dataset_Summary.csv,columns,int64,19,0,0.0,4,NO,NO,0.789474,0
01_Raw_Data/RBI/Audit/RBI_Dataset_Summary.csv,missing_cells,int64,19,0,0.0,8,NO,NO,0.368421,0
01_Raw_Data/RBI/Audit/RBI_Dataset_Summary.csv,duplicate_rows,int64,19,0,0.0,3,NO,NO,0.842105,0
01_Raw_Data/RBI/Audit/RBI_Potential_Join_Keys.csv,dataset,object,16,0,0.0,16,NO,NO,0.0625,0
01_Raw_Data/RBI/Audit/RBI_Potential_Join_Keys.csv,column,object,16,0,0.0,2,NO,NO,0.5,0
01_Raw_Data/RBI/Sectoral_Credit/SIBCS29052026.xlsx :: SHEET=Statement 1,Statement 1: Deployment of Gross Bank Credit by Major Sectors,object,55,3,5.1724,55,NO,NO,0.018182,0
01_Raw_Data/RBI/Sectoral_Credit/SIBCS29052026.xlsx :: SHEET=Statement 1,Unnamed: 1,object,46,12,20.6897,46,NO,NO,0.021739,0
01_Raw_Data/RBI/Sectoral_Credit/SIBCS29052026.xlsx :: SHEET=Statement 1,Unnamed: 2,object,45,13,22.4138,44,NO,NO,0.044444,0
01_Raw_Data/RBI/Sectoral_Credit/SIBCS29052026.xlsx :: SHEET=Statement 1,Unnamed: 3,object,45,13,22.4138,45,NO,NO,0.022222,0
01_Raw_Data/RBI/Sectoral_Credit/SIBCS29052026.xlsx :: SHEET=Statement 1,Unnamed: 4,object,45,13,22.4138,44,NO,NO,0.044444,0
01_Raw_Data/RBI/Sectoral_Credit/SIBCS29052026.xlsx :: SHEET=Statement 1,Unnamed: 5,object,45,13,22.4138,44,NO,NO,0.044444,0
01_Raw_Data/RBI/Sectoral_Credit/SIBCS29052026.xlsx :: SHEET=Statement 1,Unnamed: 6,object,47,11,18.9655,47,NO,NO,0.021277,0
01_Raw_Data/RBI/Sectoral_Credit/SIBCS29052026.xlsx :: SHEET=Statement 1,Unnamed: 7,object,46,12,20.6897,46,NO,NO,0.021739,0
01_Raw_Data/RBI/Sectoral_Credit/SIBCS29052026.xlsx :: SHEET=Statement 1,Unnamed: 8,object,47,11,18.9655,47,NO,NO,0.021277,0
01_Raw_Data/RBI/Sectoral_Credit/SIBCS29052026.xlsx :: SHEET=Statement 1,Unnamed: 9,object,46,12,20.6897,45,NO,NO,0.043478,0
01_Raw_Data/RBI/Sectoral_Credit/SIBCS29052026.xlsx :: SHEET=Statement 2,Statement 2: Industry-wise Deployment of Gross Bank Credit,object,46,2,4.1667,46,NO,NO,0.021739,0
01_Raw_Data/RBI/Sectoral_Credit/SIBCS29052026.xlsx :: SHEET=Statement 2,Unnamed: 1,object,45,3,6.25,45,NO,NO,0.022222,0
01_Raw_Data/RBI/Sectoral_Credit/SIBCS29052026.xlsx :: SHEET=Statement 2,Unnamed: 2,object,44,4,8.3333,44,NO,NO,0.022727,0
01_Raw_Data/RBI/Sectoral_Credit/SIBCS29052026.xlsx :: SHEET=Statement 2,Unnamed: 3,object,44,4,8.3333,44,NO,NO,0.022727,0
01_Raw_Data/RBI/Sectoral_Credit/SIBCS29052026.xlsx :: SHEET=Statement 2,Unnamed: 4,object,44,4,8.3333,44,NO,NO,0.022727,0
01_Raw_Data/RBI/Sectoral_Credit/SIBCS29052026.xlsx :: SHEET=Statement 2,Unnamed: 5,object,44,4,8.3333,44,NO,NO,0.022727,0
01_Raw_Data/RBI/Sectoral_Credit/SIBCS29052026.xlsx :: SHEET=Statement 2,Unnamed: 6,object,46,2,4.1667,46,NO,NO,0.021739,0
01_Raw_Data/RBI/Sectoral_Credit/SIBCS29052026.xlsx :: SHEET=Statement 2,Unnamed: 7,object,45,3,6.25,45,NO,NO,0.022222,0
01_Raw_Data/RBI/Sectoral_Credit/SIBCS29052026.xlsx :: SHEET=Statement 2,Unnamed: 8,object,46,2,4.1667,46,NO,NO,0.021739,0
01_Raw_Data/RBI/Sectoral_Credit/SIBCS29052026.xlsx :: SHEET=Statement 2,Unnamed: 9,object,45,3,6.25,45,NO,NO,0.022222,0
01_Raw_Data/RBI/Sectoral_Credit/SIBCS30042026.xlsx :: SHEET=Statement 1,Statement 1: Deployment of Gross Bank Credit by Major Sectors,object,55,3,5.1724,55,NO,NO,0.018182,0
01_Raw_Data/RBI/Sectoral_Credit/SIBCS30042026.xlsx :: SHEET=Statement 1,Unnamed: 1,object,46,12,20.6897,46,NO,NO,0.021739,0
01_Raw_Data/RBI/Sectoral_Credit/SIBCS30042026.xlsx :: SHEET=Statement 1,Unnamed: 2,object,45,13,22.4138,45,NO,NO,0.022222,0
01_Raw_Data/RBI/Sectoral_Credit/SIBCS30042026.xlsx :: SHEET=Statement 1,Unnamed: 3,object,45,13,22.4138,44,NO,NO,0.044444,0
01_Raw_Data/RBI/Sectoral_Credit/SIBCS30042026.xlsx :: SHEET=Statement 1,Unnamed: 4,object,47,11,18.9655,47,NO,NO,0.021277,0
01_Raw_Data/RBI/Sectoral_Credit/SIBCS30042026.xlsx :: SHEET=Statement 1,Unnamed: 5,object,46,12,20.6897,46,NO,NO,0.021739,0
01_Raw_Data/RBI/Sectoral_Credit/SIBCS30042026.xlsx :: SHEET=Statement 2,Statement 2: Industry-wise Deployment of Gross Bank Credit,object,46,2,4.1667,46,NO,NO,0.021739,0
01_Raw_Data/RBI/Sectoral_Credit/SIBCS30042026.xlsx :: SHEET=Statement 2,Unnamed: 1,object,45,3,6.25,45,NO,NO,0.022222,0
01_Raw_Data/RBI/Sectoral_Credit/SIBCS30042026.xlsx :: SHEET=Statement 2,Unnamed: 2,object,44,4,8.3333,44,NO,NO,0.022727,0
01_Raw_Data/RBI/Sectoral_Credit/SIBCS30042026.xlsx :: SHEET=Statement 2,Unnamed: 3,object,44,4,8.3333,44,NO,NO,0.022727,0
01_Raw_Data/RBI/Sectoral_Credit/SIBCS30042026.xlsx :: SHEET=Statement 2,Unnamed: 4,object,46,2,4.1667,46,NO,NO,0.021739,0
01_Raw_Data/RBI/Sectoral_Credit/SIBCS30042026.xlsx :: SHEET=Statement 2,Unnamed: 5,object,45,3,6.25,45,NO,NO,0.022222,0
01_Raw_Data/RBI/Sectoral_Credit/SIBC30032026.xlsx :: SHEET=Statement 1,Statement 1: Deployment of Gross Bank Credit by Major Sectors,object,55,3,5.1724,55,NO,NO,0.018182,0
01_Raw_Data/RBI/Sectoral_Credit/SIBC30032026.xlsx :: SHEET=Statement 1,Unnamed: 1,object,46,12,20.6897,46,NO,NO,0.021739,0
01_Raw_Data/RBI/Sectoral_Credit/SIBC30032026.xlsx :: SHEET=Statement 1,Unnamed: 2,object,45,13,22.4138,44,NO,NO,0.044444,0
01_Raw_Data/RBI/Sectoral_Credit/SIBC30032026.xlsx :: SHEET=Statement 1,Unnamed: 3,object,45,13,22.4138,45,NO,NO,0.022222,0
01_Raw_Data/RBI/Sectoral_Credit/SIBC30032026.xlsx :: SHEET=Statement 1,Unnamed: 4,object,45,13,22.4138,44,NO,NO,0.044444,0
01_Raw_Data/RBI/Sectoral_Credit/SIBC30032026.xlsx :: SHEET=Statement 1,Unnamed: 5,object,45,13,22.4138,44,NO,NO,0.044444,0
01_Raw_Data/RBI/Sectoral_Credit/SIBC30032026.xlsx :: SHEET=Statement 1,Unnamed: 6,object,47,11,18.9655,47,NO,NO,0.021277,0
01_Raw_Data/RBI/Sectoral_Credit/SIBC30032026.xlsx :: SHEET=Statement 1,Unnamed: 7,object,46,12,20.6897,46,NO,NO,0.021739,0
01_Raw_Data/RBI/Sectoral_Credit/SIBC30032026.xlsx :: SHEET=Statement 1,Unnamed: 8,object,47,11,18.9655,47,NO,NO,0.021277,0
01_Raw_Data/RBI/Sectoral_Credit/SIBC30032026.xlsx :: SHEET=Statement 1,Unnamed: 9,object,46,12,20.6897,45,NO,NO,0.043478,0
01_Raw_Data/RBI/Sectoral_Credit/SIBC30032026.xlsx :: SHEET=Statement 2,Statement 2: Industry-wise Deployment of Gross Bank Credit,object,46,2,4.1667,46,NO,NO,0.021739,0
01_Raw_Data/RBI/Sectoral_Credit/SIBC30032026.xlsx :: SHEET=Statement 2,Unnamed: 1,object,45,3,6.25,45,NO,NO,0.022222,0
01_Raw_Data/RBI/Sectoral_Credit/SIBC30032026.xlsx :: SHEET=Statement 2,Unnamed: 2,object,44,4,8.3333,44,NO,NO,0.022727,0
01_Raw_Data/RBI/Sectoral_Credit/SIBC30032026.xlsx :: SHEET=Statement 2,Unnamed: 3,object,44,4,8.3333,44,NO,NO,0.022727,0
01_Raw_Data/RBI/Sectoral_Credit/SIBC30032026.xlsx :: SHEET=Statement 2,Unnamed: 4,object,44,4,8.3333,44,NO,NO,0.022727,0
01_Raw_Data/RBI/Sectoral_Credit/SIBC30032026.xlsx :: SHEET=Statement 2,Unnamed: 5,object,44,4,8.3333,44,NO,NO,0.022727,0
01_Raw_Data/RBI/Sectoral_Credit/SIBC30032026.xlsx :: SHEET=Statement 2,Unnamed: 6,object,46,2,4.1667,46,NO,NO,0.021739,0
01_Raw_Data/RBI/Sectoral_Credit/SIBC30032026.xlsx :: SHEET=Statement 2,Unnamed: 7,object,45,3,6.25,45,NO,NO,0.022222,0
01_Raw_Data/RBI/Sectoral_Credit/SIBC30032026.xlsx :: SHEET=Statement 2,Unnamed: 8,object,46,2,4.1667,46,NO,NO,0.021739,0
01_Raw_Data/RBI/Sectoral_Credit/SIBC30032026.xlsx :: SHEET=Statement 2,Unnamed: 9,object,45,3,6.25,45,NO,NO,0.022222,0
01_Raw_Data/RBI/Sectoral_Credit/SIBCS30062026.xlsx :: SHEET=Statement 1,Statement 1: Deployment of Gross Bank Credit by Major Sectors,object,55,3,5.1724,55,NO,NO,0.018182,0
01_Raw_Data/RBI/Sectoral_Credit/SIBCS30062026.xlsx :: SHEET=Statement 1,Unnamed: 1,object,45,13,22.4138,45,NO,NO,0.022222,0
01_Raw_Data/RBI/Sectoral_Credit/SIBCS30062026.xlsx :: SHEET=Statement 1,Unnamed: 2,object,44,14,24.1379,44,NO,NO,0.022727,0
01_Raw_Data/RBI/Sectoral_Credit/SIBCS30062026.xlsx :: SHEET=Statement 1,Unnamed: 3,object,44,14,24.1379,44,NO,NO,0.022727,0
01_Raw_Data/RBI/Sectoral_Credit/SIBCS30062026.xlsx :: SHEET=Statement 1,Unnamed: 4,object,44,14,24.1379,44,NO,NO,0.022727,0
01_Raw_Data/RBI/Sectoral_Credit/SIBCS30062026.xlsx :: SHEET=Statement 1,Unnamed: 5,object,44,14,24.1379,44,NO,NO,0.022727,0
01_Raw_Data/RBI/Sectoral_Credit/SIBCS30062026.xlsx :: SHEET=Statement 1,Unnamed: 6,object,46,12,20.6897,46,NO,NO,0.021739,0
01_Raw_Data/RBI/Sectoral_Credit/SIBCS30062026.xlsx :: SHEET=Statement 1,Unnamed: 7,object,45,13,22.4138,45,NO,NO,0.022222,0
01_Raw_Data/RBI/Sectoral_Credit/SIBCS30062026.xlsx :: SHEET=Statement 1,Unnamed: 8,object,46,12,20.6897,46,NO,NO,0.021739,0
01_Raw_Data/RBI/Sectoral_Credit/SIBCS30062026.xlsx :: SHEET=Statement 1,Unnamed: 9,object,45,13,22.4138,45,NO,NO,0.022222,0
01_Raw_Data/RBI/Sectoral_Credit/SIBCS30062026.xlsx :: SHEET=Statement 2,Statement 2: Industry-wise Deployment of Gross Bank Credit,object,46,2,4.1667,46,NO,NO,0.021739,0
01_Raw_Data/RBI/Sectoral_Credit/SIBCS30062026.xlsx :: SHEET=Statement 2,Unnamed: 1,object,45,3,6.25,45,NO,NO,0.022222,0
01_Raw_Data/RBI/Sectoral_Credit/SIBCS30062026.xlsx :: SHEET=Statement 2,Unnamed: 2,object,44,4,8.3333,44,NO,NO,0.022727,0
01_Raw_Data/RBI/Sectoral_Credit/SIBCS30062026.xlsx :: SHEET=Statement 2,Unnamed: 3,object,44,4,8.3333,44,NO,NO,0.022727,0
01_Raw_Data/RBI/Sectoral_Credit/SIBCS30062026.xlsx :: SHEET=Statement 2,Unnamed: 4,object,44,4,8.3333,44,NO,NO,0.022727,0
01_Raw_Data/RBI/Sectoral_Credit/SIBCS30062026.xlsx :: SHEET=Statement 2,Unnamed: 5,object,44,4,8.3333,44,NO,NO,0.022727,0
01_Raw_Data/RBI/Sectoral_Credit/SIBCS30062026.xlsx :: SHEET=Statement 2,Unnamed: 6,object,46,2,4.1667,46,NO,NO,0.021739,0
01_Raw_Data/RBI/Sectoral_Credit/SIBCS30062026.xlsx :: SHEET=Statement 2,Unnamed: 7,object,45,3,6.25,45,NO,NO,0.022222,0
01_Raw_Data/RBI/Sectoral_Credit/SIBCS30062026.xlsx :: SHEET=Statement 2,Unnamed: 8,object,46,2,4.1667,46,NO,NO,0.021739,0
01_Raw_Data/RBI/Sectoral_Credit/SIBCS30062026.xlsx :: SHEET=Statement 2,Unnamed: 9,object,45,3,6.25,45,NO,NO,0.022222,0
01_Raw_Data/RBI/Sectoral_Credit/SIBCSJ26E31072026E.xlsx :: SHEET=Statement 1,Statement 1: Deployment of Gross Bank Credit by Major Sectors,object,55,3,5.1724,55,NO,NO,0.018182,0
01_Raw_Data/RBI/Sectoral_Credit/SIBCSJ26E31072026E.xlsx :: SHEET=Statement 1,Unnamed: 1,object,46,12,20.6897,45,NO,NO,0.043478,0
01_Raw_Data/RBI/Sectoral_Credit/SIBCSJ26E31072026E.xlsx :: SHEET=Statement 1,Unnamed: 2,object,45,13,22.4138,45,NO,NO,0.022222,0
01_Raw_Data/RBI/Sectoral_Credit/SIBCSJ26E31072026E.xlsx :: SHEET=Statement 1,Unnamed: 3,object,45,13,22.4138,44,NO,NO,0.044444,0
01_Raw_Data/RBI/Sectoral_Credit/SIBCSJ26E31072026E.xlsx :: SHEET=Statement 1,Unnamed: 4,object,45,13,22.4138,44,NO,NO,0.044444,0
01_Raw_Data/RBI/Sectoral_Credit/SIBCSJ26E31072026E.xlsx :: SHEET=Statement 1,Unnamed: 5,object,45,13,22.4138,44,NO,NO,0.044444,0
01_Raw_Data/RBI/Sectoral_Credit/SIBCSJ26E31072026E.xlsx :: SHEET=Statement 1,Unnamed: 6,object,47,11,18.9655,46,NO,NO,0.042553,0
01_Raw_Data/RBI/Sectoral_Credit/SIBCSJ26E31072026E.xlsx :: SHEET=Statement 1,Unnamed: 7,object,46,12,20.6897,45,NO,NO,0.043478,0
01_Raw_Data/RBI/Sectoral_Credit/SIBCSJ26E31072026E.xlsx :: SHEET=Statement 1,Unnamed: 8,object,47,11,18.9655,47,NO,NO,0.021277,0
01_Raw_Data/RBI/Sectoral_Credit/SIBCSJ26E31072026E.xlsx :: SHEET=Statement 1,Unnamed: 9,object,46,12,20.6897,45,NO,NO,0.043478,0
01_Raw_Data/RBI/Sectoral_Credit/SIBCSJ26E31072026E.xlsx :: SHEET=Statement 2,Statement 2: Industry-wise Deployment of Gross Bank Credit,object,46,2,4.1667,46,NO,NO,0.021739,0
01_Raw_Data/RBI/Sectoral_Credit/SIBCSJ26E31072026E.xlsx :: SHEET=Statement 2,Unnamed: 1,object,45,3,6.25,45,NO,NO,0.022222,0
01_Raw_Data/RBI/Sectoral_Credit/SIBCSJ26E31072026E.xlsx :: SHEET=Statement 2,Unnamed: 2,object,44,4,8.3333,44,NO,NO,0.022727,0
01_Raw_Data/RBI/Sectoral_Credit/SIBCSJ26E31072026E.xlsx :: SHEET=Statement 2,Unnamed: 3,object,44,4,8.3333,44,NO,NO,0.022727,0
01_Raw_Data/RBI/Sectoral_Credit/SIBCSJ26E31072026E.xlsx :: SHEET=Statement 2,Unnamed: 4,object,44,4,8.3333,44,NO,NO,0.022727,0
01_Raw_Data/RBI/Sectoral_Credit/SIBCSJ26E31072026E.xlsx :: SHEET=Statement 2,Unnamed: 5,object,44,4,8.3333,44,NO,NO,0.022727,0
01_Raw_Data/RBI/Sectoral_Credit/SIBCSJ26E31072026E.xlsx :: SHEET=Statement 2,Unnamed: 6,object,46,2,4.1667,46,NO,NO,0.021739,0
01_Raw_Data/RBI/Sectoral_Credit/SIBCSJ26E31072026E.xlsx :: SHEET=Statement 2,Unnamed: 7,object,45,3,6.25,45,NO,NO,0.022222,0
01_Raw_Data/RBI/Sectoral_Credit/SIBCSJ26E31072026E.xlsx :: SHEET=Statement 2,Unnamed: 8,object,46,2,4.1667,46,NO,NO,0.021739,0
01_Raw_Data/RBI/Sectoral_Credit/SIBCSJ26E31072026E.xlsx :: SHEET=Statement 2,Unnamed: 9,object,45,3,6.25,45,NO,NO,0.022222,0
01_Raw_Data/RBI/Sectoral_Credit/TEST_RBI_Statements_I_II.xlsx :: SHEET=Statement 1,Statement 1: Deployment of Gross Bank Credit by Major Sectors,object,55,3,5.1724,55,NO,NO,0.018182,0
01_Raw_Data/RBI/Sectoral_Credit/TEST_RBI_Statements_I_II.xlsx :: SHEET=Statement 1,Unnamed: 1,object,46,12,20.6897,45,NO,NO,0.043478,0
01_Raw_Data/RBI/Sectoral_Credit/TEST_RBI_Statements_I_II.xlsx :: SHEET=Statement 1,Unnamed: 2,object,45,13,22.4138,45,NO,NO,0.022222,0
01_Raw_Data/RBI/Sectoral_Credit/TEST_RBI_Statements_I_II.xlsx :: SHEET=Statement 1,Unnamed: 3,object,45,13,22.4138,44,NO,NO,0.044444,0
01_Raw_Data/RBI/Sectoral_Credit/TEST_RBI_Statements_I_II.xlsx :: SHEET=Statement 1,Unnamed: 4,object,45,13,22.4138,44,NO,NO,0.044444,0
01_Raw_Data/RBI/Sectoral_Credit/TEST_RBI_Statements_I_II.xlsx :: SHEET=Statement 1,Unnamed: 5,object,45,13,22.4138,44,NO,NO,0.044444,0
01_Raw_Data/RBI/Sectoral_Credit/TEST_RBI_Statements_I_II.xlsx :: SHEET=Statement 1,Unnamed: 6,object,47,11,18.9655,46,NO,NO,0.042553,0
01_Raw_Data/RBI/Sectoral_Credit/TEST_RBI_Statements_I_II.xlsx :: SHEET=Statement 1,Unnamed: 7,object,46,12,20.6897,45,NO,NO,0.043478,0
01_Raw_Data/RBI/Sectoral_Credit/TEST_RBI_Statements_I_II.xlsx :: SHEET=Statement 1,Unnamed: 8,object,47,11,18.9655,47,NO,NO,0.021277,0
01_Raw_Data/RBI/Sectoral_Credit/TEST_RBI_Statements_I_II.xlsx :: SHEET=Statement 1,Unnamed: 9,object,46,12,20.6897,45,NO,NO,0.043478,0
01_Raw_Data/RBI/Sectoral_Credit/TEST_RBI_Statements_I_II.xlsx :: SHEET=Statement 2,Statement 2: Industry-wise Deployment of Gross Bank Credit,object,46,2,4.1667,46,NO,NO,0.021739,0
01_Raw_Data/RBI/Sectoral_Credit/TEST_RBI_Statements_I_II.xlsx :: SHEET=Statement 2,Unnamed: 1,object,45,3,6.25,45,NO,NO,0.022222,0
01_Raw_Data/RBI/Sectoral_Credit/TEST_RBI_Statements_I_II.xlsx :: SHEET=Statement 2,Unnamed: 2,object,44,4,8.3333,44,NO,NO,0.022727,0
01_Raw_Data/RBI/Sectoral_Credit/TEST_RBI_Statements_I_II.xlsx :: SHEET=Statement 2,Unnamed: 3,object,44,4,8.3333,44,NO,NO,0.022727,0
01_Raw_Data/RBI/Sectoral_Credit/TEST_RBI_Statements_I_II.xlsx :: SHEET=Statement 2,Unnamed: 4,object,44,4,8.3333,44,NO,NO,0.022727,0
01_Raw_Data/RBI/Sectoral_Credit/TEST_RBI_Statements_I_II.xlsx :: SHEET=Statement 2,Unnamed: 5,object,44,4,8.3333,44,NO,NO,0.022727,0
01_Raw_Data/RBI/Sectoral_Credit/TEST_RBI_Statements_I_II.xlsx :: SHEET=Statement 2,Unnamed: 6,object,46,2,4.1667,46,NO,NO,0.021739,0
01_Raw_Data/RBI/Sectoral_Credit/TEST_RBI_Statements_I_II.xlsx :: SHEET=Statement 2,Unnamed: 7,object,45,3,6.25,45,NO,NO,0.022222,0
01_Raw_Data/RBI/Sectoral_Credit/TEST_RBI_Statements_I_II.xlsx :: SHEET=Statement 2,Unnamed: 8,object,46,2,4.1667,46,NO,NO,0.021739,0
01_Raw_Data/RBI/Sectoral_Credit/TEST_RBI_Statements_I_II.xlsx :: SHEET=Statement 2,Unnamed: 9,object,45,3,6.25,45,NO,NO,0.022222,0
01_Raw_Data/RBI/Sectoral_Credit/SIBC27022026.xlsx :: SHEET=Statement 1,Statement 1: Deployment of Gross Bank Credit by Major Sectors,object,55,3,5.1724,55,NO,NO,0.018182,0
01_Raw_Data/RBI/Sectoral_Credit/SIBC27022026.xlsx :: SHEET=Statement 1,Unnamed: 1,object,45,13,22.4138,45,NO,NO,0.022222,0
01_Raw_Data/RBI/Sectoral_Credit/SIBC27022026.xlsx :: SHEET=Statement 1,Unnamed: 2,object,44,14,24.1379,44,NO,NO,0.022727,0
01_Raw_Data/RBI/Sectoral_Credit/SIBC27022026.xlsx :: SHEET=Statement 1,Unnamed: 3,object,44,14,24.1379,44,NO,NO,0.022727,0
01_Raw_Data/RBI/Sectoral_Credit/SIBC27022026.xlsx :: SHEET=Statement 1,Unnamed: 4,object,44,14,24.1379,44,NO,NO,0.022727,0
01_Raw_Data/RBI/Sectoral_Credit/SIBC27022026.xlsx :: SHEET=Statement 1,Unnamed: 5,object,44,14,24.1379,44,NO,NO,0.022727,0
01_Raw_Data/RBI/Sectoral_Credit/SIBC27022026.xlsx :: SHEET=Statement 1,Unnamed: 6,object,46,12,20.6897,46,NO,NO,0.021739,0
01_Raw_Data/RBI/Sectoral_Credit/SIBC27022026.xlsx :: SHEET=Statement 1,Unnamed: 7,object,45,13,22.4138,45,NO,NO,0.022222,0
01_Raw_Data/RBI/Sectoral_Credit/SIBC27022026.xlsx :: SHEET=Statement 1,Unnamed: 8,object,46,12,20.6897,46,NO,NO,0.021739,0
01_Raw_Data/RBI/Sectoral_Credit/SIBC27022026.xlsx :: SHEET=Statement 1,Unnamed: 9,object,45,13,22.4138,45,NO,NO,0.022222,0
01_Raw_Data/RBI/Sectoral_Credit/SIBC27022026.xlsx :: SHEET=Statement 2,Statement 2: Industry-wise Deployment of Gross Bank Credit,object,46,2,4.1667,46,NO,NO,0.021739,0
01_Raw_Data/RBI/Sectoral_Credit/SIBC27022026.xlsx :: SHEET=Statement 2,Unnamed: 1,object,45,3,6.25,45,NO,NO,0.022222,0
01_Raw_Data/RBI/Sectoral_Credit/SIBC27022026.xlsx :: SHEET=Statement 2,Unnamed: 2,object,44,4,8.3333,44,NO,NO,0.022727,0
01_Raw_Data/RBI/Sectoral_Credit/SIBC27022026.xlsx :: SHEET=Statement 2,Unnamed: 3,object,44,4,8.3333,44,NO,NO,0.022727,0
01_Raw_Data/RBI/Sectoral_Credit/SIBC27022026.xlsx :: SHEET=Statement 2,Unnamed: 4,object,44,4,8.3333,44,NO,NO,0.022727,0
01_Raw_Data/RBI/Sectoral_Credit/SIBC27022026.xlsx :: SHEET=Statement 2,Unnamed: 5,object,44,4,8.3333,44,NO,NO,0.022727,0
01_Raw_Data/RBI/Sectoral_Credit/SIBC27022026.xlsx :: SHEET=Statement 2,Unnamed: 6,object,46,2,4.1667,46,NO,NO,0.021739,0
01_Raw_Data/RBI/Sectoral_Credit/SIBC27022026.xlsx :: SHEET=Statement 2,Unnamed: 7,object,45,3,6.25,45,NO,NO,0.022222,0
01_Raw_Data/RBI/Sectoral_Credit/SIBC27022026.xlsx :: SHEET=Statement 2,Unnamed: 8,object,46,2,4.1667,46,NO,NO,0.021739,0
01_Raw_Data/RBI/Sectoral_Credit/SIBC27022026.xlsx :: SHEET=Statement 2,Unnamed: 9,object,45,3,6.25,45,NO,NO,0.022222,0
01_Raw_Data/RBI/Sectoral_Credit/Industry_Wise_Deployment_Gross_Bank_Credit_2019_2026.xlsx :: SHEET=New Format (2019 Onwards),Unnamed: 0,float64,0,52,100.0,0,YES,NO,,0
01_Raw_Data/RBI/Sectoral_Credit/Industry_Wise_Deployment_Gross_Bank_Credit_2019_2026.xlsx :: SHEET=New Format (2019 Onwards),Unnamed: 1,object,46,6,11.5385,46,NO,NO,0.021739,0
01_Raw_Data/RBI/Sectoral_Credit/Industry_Wise_Deployment_Gross_Bank_Credit_2019_2026.xlsx :: SHEET=New Format (2019 Onwards),Unnamed: 2,object,44,8,15.3846,42,NO,NO,0.068182,0
01_Raw_Data/RBI/Sectoral_Credit/Industry_Wise_Deployment_Gross_Bank_Credit_2019_2026.xlsx :: SHEET=New Format (2019 Onwards),Unnamed: 3,object,45,7,13.4615,45,NO,NO,0.022222,0
01_Raw_Data/RBI/Sectoral_Credit/Industry_Wise_Deployment_Gross_Bank_Credit_2019_2026.xlsx :: SHEET=New Format (2019 Onwards),Unnamed: 4,object,44,8,15.3846,44,NO,NO,0.022727,0
01_Raw_Data/RBI/Sectoral_Credit/Industry_Wise_Deployment_Gross_Bank_Credit_2019_2026.xlsx :: SHEET=New Format (2019 Onwards),Unnamed: 5,object,44,8,15.3846,44,NO,NO,0.022727,0
01_Raw_Data/RBI/Sectoral_Credit/Industry_Wise_Deployment_Gross_Bank_Credit_2019_2026.xlsx :: SHEET=New Format (2019 Onwards),Unnamed: 6,object,44,8,15.3846,44,NO,NO,0.022727,0
01_Raw_Data/RBI/Sectoral_Credit/Industry_Wise_Deployment_Gross_Bank_Credit_2019_2026.xlsx :: SHEET=New Format (2019 Onwards),Unnamed: 7,object,44,8,15.3846,44,NO,NO,0.022727,0
01_Raw_Data/RBI/Sectoral_Credit/Industry_Wise_Deployment_Gross_Bank_Credit_2019_2026.xlsx :: SHEET=New Format (2019 Onwards),Unnamed: 8,object,45,7,13.4615,45,NO,NO,0.022222,0
01_Raw_Data/RBI/Sectoral_Credit/Industry_Wise_Deployment_Gross_Bank_Credit_2019_2026.xlsx :: SHEET=New Format (2019 Onwards),Unnamed: 9,object,45,7,13.4615,45,NO,NO,0.022222,0
01_Raw_Data/RBI/Sectoral_Credit/Industry_Wise_Deployment_Gross_Bank_Credit_2019_2026.xlsx :: SHEET=New Format (2019 Onwards),Unnamed: 10,object,45,7,13.4615,45,NO,NO,0.022222,0
01_Raw_Data/RBI/Sectoral_Credit/PR2019SIBC300126.xlsx :: SHEET=Statement 1,Statement 1: Deployment of Gross Bank Credit by Major Sectors,object,55,3,5.1724,55,NO,NO,0.018182,0
01_Raw_Data/RBI/Sectoral_Credit/PR2019SIBC300126.xlsx :: SHEET=Statement 1,Unnamed: 1,object,45,13,22.4138,45,NO,NO,0.022222,0
01_Raw_Data/RBI/Sectoral_Credit/PR2019SIBC300126.xlsx :: SHEET=Statement 1,Unnamed: 2,object,44,14,24.1379,44,NO,NO,0.022727,0
01_Raw_Data/RBI/Sectoral_Credit/PR2019SIBC300126.xlsx :: SHEET=Statement 1,Unnamed: 3,object,44,14,24.1379,44,NO,NO,0.022727,0
01_Raw_Data/RBI/Sectoral_Credit/PR2019SIBC300126.xlsx :: SHEET=Statement 1,Unnamed: 4,object,44,14,24.1379,44,NO,NO,0.022727,0
01_Raw_Data/RBI/Sectoral_Credit/PR2019SIBC300126.xlsx :: SHEET=Statement 1,Unnamed: 5,object,44,14,24.1379,44,NO,NO,0.022727,0
01_Raw_Data/RBI/Sectoral_Credit/PR2019SIBC300126.xlsx :: SHEET=Statement 1,Unnamed: 6,object,46,12,20.6897,46,NO,NO,0.021739,0
01_Raw_Data/RBI/Sectoral_Credit/PR2019SIBC300126.xlsx :: SHEET=Statement 1,Unnamed: 7,object,45,13,22.4138,45,NO,NO,0.022222,0
01_Raw_Data/RBI/Sectoral_Credit/PR2019SIBC300126.xlsx :: SHEET=Statement 1,Unnamed: 8,object,46,12,20.6897,46,NO,NO,0.021739,0
01_Raw_Data/RBI/Sectoral_Credit/PR2019SIBC300126.xlsx :: SHEET=Statement 1,Unnamed: 9,object,45,13,22.4138,45,NO,NO,0.022222,0
01_Raw_Data/RBI/Sectoral_Credit/PR2019SIBC300126.xlsx :: SHEET=Statement 2,Statement 2: Industry-wise Deployment of Gross Bank Credit,object,46,2,4.1667,46,NO,NO,0.021739,0
01_Raw_Data/RBI/Sectoral_Credit/PR2019SIBC300126.xlsx :: SHEET=Statement 2,Unnamed: 1,object,45,3,6.25,45,NO,NO,0.022222,0
01_Raw_Data/RBI/Sectoral_Credit/PR2019SIBC300126.xlsx :: SHEET=Statement 2,Unnamed: 2,object,44,4,8.3333,44,NO,NO,0.022727,0
01_Raw_Data/RBI/Sectoral_Credit/PR2019SIBC300126.xlsx :: SHEET=Statement 2,Unnamed: 3,object,44,4,8.3333,44,NO,NO,0.022727,0
01_Raw_Data/RBI/Sectoral_Credit/PR2019SIBC300126.xlsx :: SHEET=Statement 2,Unnamed: 4,object,44,4,8.3333,44,NO,NO,0.022727,0
01_Raw_Data/RBI/Sectoral_Credit/PR2019SIBC300126.xlsx :: SHEET=Statement 2,Unnamed: 5,object,44,4,8.3333,44,NO,NO,0.022727,0
01_Raw_Data/RBI/Sectoral_Credit/PR2019SIBC300126.xlsx :: SHEET=Statement 2,Unnamed: 6,object,46,2,4.1667,46,NO,NO,0.021739,0
01_Raw_Data/RBI/Sectoral_Credit/PR2019SIBC300126.xlsx :: SHEET=Statement 2,Unnamed: 7,object,45,3,6.25,45,NO,NO,0.022222,0
01_Raw_Data/RBI/Sectoral_Credit/PR2019SIBC300126.xlsx :: SHEET=Statement 2,Unnamed: 8,object,46,2,4.1667,46,NO,NO,0.021739,0
01_Raw_Data/RBI/Sectoral_Credit/PR2019SIBC300126.xlsx :: SHEET=Statement 2,Unnamed: 9,object,45,3,6.25,45,NO,NO,0.022222,0
01_Raw_Data/RBI/Sectoral_Credit/RBI_Industry_Wise_Gross_Bank_Credit_1997_2007.xlsx.xlsx :: SHEET=Data from 1997-2007,Unnamed: 0,float64,0,42,100.0,0,YES,NO,,0
01_Raw_Data/RBI/Sectoral_Credit/RBI_Industry_Wise_Gross_Bank_Credit_1997_2007.xlsx.xlsx :: SHEET=Data from 1997-2007,Unnamed: 1,object,39,3,7.1429,39,NO,NO,0.025641,0
01_Raw_Data/RBI/Sectoral_Credit/RBI_Industry_Wise_Gross_Bank_Credit_1997_2007.xlsx.xlsx :: SHEET=Data from 1997-2007,Unnamed: 2,object,36,6,14.2857,29,NO,NO,0.222222,0
01_Raw_Data/RBI/Sectoral_Credit/RBI_Industry_Wise_Gross_Bank_Credit_1997_2007.xlsx.xlsx :: SHEET=Data from 1997-2007,Unnamed: 3,object,36,6,14.2857,29,NO,NO,0.222222,0
01_Raw_Data/RBI/Sectoral_Credit/RBI_Industry_Wise_Gross_Bank_Credit_1997_2007.xlsx.xlsx :: SHEET=Data from 1997-2007,Unnamed: 4,object,36,6,14.2857,29,NO,NO,0.222222,0
01_Raw_Data/RBI/Sectoral_Credit/RBI_Industry_Wise_Gross_Bank_Credit_1997_2007.xlsx.xlsx :: SHEET=Data from 1997-2007,Unnamed: 5,object,36,6,14.2857,29,NO,NO,0.222222,0
01_Raw_Data/RBI/Sectoral_Credit/RBI_Industry_Wise_Gross_Bank_Credit_1997_2007.xlsx.xlsx :: SHEET=Data from 1997-2007,Unnamed: 6,object,36,6,14.2857,29,NO,NO,0.222222,0
01_Raw_Data/RBI/Sectoral_Credit/RBI_Industry_Wise_Gross_Bank_Credit_1997_2007.xlsx.xlsx :: SHEET=Data from 1997-2007,Unnamed: 7,object,36,6,14.2857,29,NO,NO,0.222222,0
01_Raw_Data/RBI/Sectoral_Credit/RBI_Industry_Wise_Gross_Bank_Credit_1997_2007.xlsx.xlsx :: SHEET=Data from 1997-2007,Unnamed: 8,object,36,6,14.2857,29,NO,NO,0.222222,0
01_Raw_Data/RBI/Sectoral_Credit/RBI_Industry_Wise_Gross_Bank_Credit_1997_2007.xlsx.xlsx :: SHEET=Data from 1997-2007,Unnamed: 9,object,36,6,14.2857,29,NO,NO,0.222222,0
01_Raw_Data/RBI/Sectoral_Credit/RBI_Industry_Wise_Gross_Bank_Credit_1997_2007.xlsx.xlsx :: SHEET=Data from 1997-2007,Unnamed: 10,object,36,6,14.2857,35,NO,NO,0.055556,0
01_Raw_Data/RBI/Sectoral_Credit/RBI_Industry_Wise_Gross_Bank_Credit_1997_2007.xlsx.xlsx :: SHEET=Data from 1997-2007,Unnamed: 11,object,36,6,14.2857,35,NO,NO,0.055556,0
01_Raw_Data/RBI/Sectoral_Credit/RBI_Industry_Wise_Gross_Bank_Credit_1997_2007.xlsx.xlsx :: SHEET=Data from 1997-2007,Unnamed: 12,object,36,6,14.2857,35,NO,NO,0.055556,0
01_Raw_Data/RBI/Sectoral_Credit/RBI_Industry_Wise_Gross_Bank_Credit_1997_2007.xlsx.xlsx :: SHEET=Data from 1997-2007,Unnamed: 13,object,36,6,14.2857,35,NO,NO,0.055556,0
01_Raw_Data/RBI/Sectoral_Credit/RBI_Industry_Wise_Gross_Bank_Credit_1997_2007.xlsx.xlsx :: SHEET=Data from 1997-2007,Unnamed: 14,object,36,6,14.2857,35,NO,NO,0.055556,0
01_Raw_Data/RBI/Sectoral_Credit/RBI_Industry_Wise_Gross_Bank_Credit_1997_2007.xlsx.xlsx :: SHEET=Data from 1997-2007,Unnamed: 15,object,36,6,14.2857,35,NO,NO,0.055556,0
01_Raw_Data/RBI/Sectoral_Credit/RBI_Industry_Wise_Gross_Bank_Credit_1997_2007.xlsx.xlsx :: SHEET=Data from 1997-2007,Unnamed: 16,object,36,6,14.2857,35,NO,NO,0.055556,0
01_Raw_Data/RBI/Sectoral_Credit/RBI_Industry_Wise_Gross_Bank_Credit_1997_2007.xlsx.xlsx :: SHEET=Data from 1997-2007,Unnamed: 17,object,36,6,14.2857,34,NO,NO,0.083333,0
01_Raw_Data/RBI/Sectoral_Credit/RBI_Industry_Wise_Gross_Bank_Credit_1997_2007.xlsx.xlsx :: SHEET=Data from 1997-2007,Unnamed: 18,object,36,6,14.2857,35,NO,NO,0.055556,0
01_Raw_Data/RBI/Sectoral_Credit/RBI_Industry_Wise_Gross_Bank_Credit_1997_2007.xlsx.xlsx :: SHEET=Data from 1997-2007,Unnamed: 19,object,36,6,14.2857,34,NO,NO,0.055556,0
