scenario_id,project_id,company,state,allocation_share,credit_allocation_crore,allocation_rank
1,SEM-0002,Tata Electronics Private Limited,Gujarat,0.02132029367344766,106.6014683672383,12
1,SEM-0011,Crystal Matrix Limited,Gujarat,0.05398970318059429,269.94851590297145,10
1,SEM-0012,Suchi Semicon Private Limited,Gujarat,0.05130504317486633,256.52521587433165,11
1,SEM-0004,CG Power and Industrial Solutions Limited,Gujarat,0.06516968366040754,325.8484183020377,8
1,SEM-0005,Kaynes Technology India Limited,Gujarat,0.06515149394763257,325.75746973816285,9
1,SEM-0003,Tata Electronics Private Limited,Assam,0.10176900310613907,508.8450155306953,6
1,SEM-0001,Micron Technology Inc.,Gujarat,0.09306378236305157,465.3189118152579,7
1,SEM-0006,Vama Sundari Investments (Delhi) Private Limited / Foxconn,Uttar Pradesh,0.11294042071895997,564.7021035947998,1
1,SEM-0008,SiCSem Private Limited,Odisha,0.11180239964252474,559.0119982126237,2
1,SEM-0007,3D Glass Solutions Inc.,Odisha,0.11165615781119408,558.2807890559703,3
1,SEM-0010,Advanced System in Package Technologies Private Limited,Andhra Pradesh,0.10845138383153062,542.2569191576531,4
1,SEM-0009,Continental Device India Private Limited,Punjab,0.1033806348896516,516.903174448258,5
2,SEM-0002,Tata Electronics Private Limited,Gujarat,0.03147420619680592,157.37103098402963,12
2,SEM-0011,Crystal Matrix Limited,Gujarat,0.052915442133356666,264.57721066678334,10
2,SEM-0012,Suchi Semicon Private Limited,Gujarat,0.048116650437248595,240.583252186243,11
2,SEM-0004,CG Power and Industrial Solutions Limited,Gujarat,0.06432644802707306,321.6322401353653,8
2,SEM-0005,Kaynes Technology India Limited,Gujarat,0.0626752161933212,313.37608096660597,9
2,SEM-0003,Tata Electronics Private Limited,Assam,0.10940433902986811,547.0216951493405,4
2,SEM-0001,Micron Technology Inc.,Gujarat,0.09049203701219466,452.4601850609733,7
2,SEM-0006,Vama Sundari Investments (Delhi) Private Limited / Foxconn,Uttar Pradesh,0.11469398624501669,573.4699312250834,1
2,SEM-0008,SiCSem Private Limited,Odisha,0.1121111964197604,560.555982098802,2
2,SEM-0007,3D Glass Solutions Inc.,Odisha,0.11181491402169762,559.074570108488,3
2,SEM-0010,Advanced System in Package Technologies Private Limited,Andhra Pradesh,0.1051865596209015,525.9327981045075,5
2,SEM-0009,Continental Device India Private Limited,Punjab,0.09678900466275582,483.9450233137791,6
3,SEM-0002,Tata Electronics Private Limited,Gujarat,0.04611631219999565,230.58156099997825,11
3,SEM-0011,Crystal Matrix Limited,Gujarat,0.05136634033712128,256.8317016856064,10
3,SEM-0012,Suchi Semicon Private Limited,Gujarat,0.04351893656719061,217.59468283595305,12
3,SEM-0004,CG Power and Industrial Solutions Limited,Gujarat,0.0631104886123599,315.5524430617995,8
3,SEM-0005,Kaynes Technology India Limited,Gujarat,0.0591043836409863,295.5219182049315,9
3,SEM-0003,Tata Electronics Private Limited,Assam,0.12309631659344128,615.4815829672064,1
3,SEM-0001,Micron Technology Inc.,Gujarat,0.08678353864234616,433.9176932117308,6
3,SEM-0006,Vama Sundari Investments (Delhi) Private Limited / Foxconn,Uttar Pradesh,0.11783854728055748,589.1927364027874,2
3,SEM-0008,SiCSem Private Limited,Odisha,0.11266494265802002,563.3247132901001,3
3,SEM-0007,3D Glass Solutions Inc.,Odisha,0.11209960175436662,560.498008771833,4
3,SEM-0010,Advanced System in Package Technologies Private Limited,Andhra Pradesh,0.09933195148217892,496.6597574108946,5
3,SEM-0009,Continental Device India Private Limited,Punjab,0.08496864023143558,424.8432011571779,7
4,SEM-0002,Tata Electronics Private Limited,Gujarat,0.02132029367344766,106.6014683672383,12
4,SEM-0011,Crystal Matrix Limited,Gujarat,0.05398970318059429,269.94851590297145,10
4,SEM-0012,Suchi Semicon Private Limited,Gujarat,0.05130504317486633,256.52521587433165,11
4,SEM-0004,CG Power and Industrial Solutions Limited,Gujarat,0.06516968366040754,325.8484183020377,8
4,SEM-0005,Kaynes Technology India Limited,Gujarat,0.06515149394763257,325.75746973816285,9
4,SEM-0003,Tata Electronics Private Limited,Assam,0.10176900310613907,508.8450155306953,6
4,SEM-0001,Micron Technology Inc.,Gujarat,0.09306378236305157,465.3189118152579,7
4,SEM-0006,Vama Sundari Investments (Delhi) Private Limited / Foxconn,Uttar Pradesh,0.11294042071895997,564.7021035947998,1
4,SEM-0008,SiCSem Private Limited,Odisha,0.11180239964252474,559.0119982126237,2
4,SEM-0007,3D Glass Solutions Inc.,Odisha,0.11165615781119408,558.2807890559703,3
4,SEM-0010,Advanced System in Package Technologies Private Limited,Andhra Pradesh,0.10845138383153062,542.2569191576531,4
4,SEM-0009,Continental Device India Private Limited,Punjab,0.1033806348896516,516.903174448258,5
5,SEM-0002,Tata Electronics Private Limited,Gujarat,0.03147420619680592,157.37103098402963,12
5,SEM-0011,Crystal Matrix Limited,Gujarat,0.052915442133356666,264.57721066678334,10
5,SEM-0012,Suchi Semicon Private Limited,Gujarat,0.048116650437248595,240.583252186243,11
5,SEM-0004,CG Power and Industrial Solutions Limited,Gujarat,0.06432644802707306,321.6322401353653,8
5,SEM-0005,Kaynes Technology India Limited,Gujarat,0.0626752161933212,313.37608096660597,9
5,SEM-0003,Tata Electronics Private Limited,Assam,0.10940433902986811,547.0216951493405,4
5,SEM-0001,Micron Technology Inc.,Gujarat,0.09049203701219466,452.4601850609733,7
5,SEM-0006,Vama Sundari Investments (Delhi) Private Limited / Foxconn,Uttar Pradesh,0.11469398624501669,573.4699312250834,1
5,SEM-0008,SiCSem Private Limited,Odisha,0.1121111964197604,560.555982098802,2
5,SEM-0007,3D Glass Solutions Inc.,Odisha,0.11181491402169762,559.074570108488,3
5,SEM-0010,Advanced System in Package Technologies Private Limited,Andhra Pradesh,0.1051865596209015,525.9327981045075,5
5,SEM-0009,Continental Device India Private Limited,Punjab,0.09678900466275582,483.9450233137791,6
6,SEM-0002,Tata Electronics Private Limited,Gujarat,0.04611631219999565,230.58156099997825,11
6,SEM-0011,Crystal Matrix Limited,Gujarat,0.05136634033712128,256.8317016856064,10
6,SEM-0012,Suchi Semicon Private Limited,Gujarat,0.04351893656719061,217.59468283595305,12
6,SEM-0004,CG Power and Industrial Solutions Limited,Gujarat,0.0631104886123599,315.5524430617995,8
6,SEM-0005,Kaynes Technology India Limited,Gujarat,0.0591043836409863,295.5219182049315,9
6,SEM-0003,Tata Electronics Private Limited,Assam,0.12309631659344128,615.4815829672064,1
6,SEM-0001,Micron Technology Inc.,Gujarat,0.08678353864234616,433.9176932117308,6
6,SEM-0006,Vama Sundari Investments (Delhi) Private Limited / Foxconn,Uttar Pradesh,0.11783854728055748,589.1927364027874,2
6,SEM-0008,SiCSem Private Limited,Odisha,0.11266494265802002,563.3247132901001,3
6,SEM-0007,3D Glass Solutions Inc.,Odisha,0.11209960175436662,560.498008771833,4
6,SEM-0010,Advanced System in Package Technologies Private Limited,Andhra Pradesh,0.09933195148217892,496.6597574108946,5
6,SEM-0009,Continental Device India Private Limited,Punjab,0.08496864023143558,424.8432011571779,7
7,SEM-0002,Tata Electronics Private Limited,Gujarat,0.024058088527393454,120.29044263696727,12
7,SEM-0011,Crystal Matrix Limited,Gujarat,0.06092266263217906,304.6133131608953,10
7,SEM-0012,Suchi Semicon Private Limited,Gujarat,0.057893258390707775,289.46629195353887,11
7,SEM-0004,CG Power and Industrial Solutions Limited,Gujarat,0.07353829374109068,367.6914687054534,8
7,SEM-0005,Kaynes Technology India Limited,Gujarat,0.07351776823956943,367.58884119784716,9
7,SEM-0003,Tata Electronics Private Limited,Assam,0.09473215902322359,473.6607951161179,7
7,SEM-0001,Micron Technology Inc.,Gujarat,0.10501434685080108,525.0717342540054,2
7,SEM-0006,Vama Sundari Investments (Delhi) Private Limited / Foxconn,Uttar Pradesh,0.10513112607126329,525.6556303563165,1
7,SEM-0008,SiCSem Private Limited,Odisha,0.1040717937569612,520.3589687848059,3
7,SEM-0007,3D Glass Solutions Inc.,Odisha,0.10393566385494167,519.6783192747083,4
7,SEM-0010,Advanced System in Package Technologies Private Limited,Andhra Pradesh,0.100952484802295,504.762424011475,5
7,SEM-0009,Continental Device India Private Limited,Punjab,0.09623235410957381,481.1617705478691,6
8,SEM-0002,Tata Electronics Private Limited,Gujarat,0.03732730397559201,186.63651987796004,12
8,SEM-0011,Crystal Matrix Limited,Gujarat,0.0627558573253263,313.7792866266315,10
8,SEM-0012,Suchi Semicon Private Limited,Gujarat,0.05706465878528653,285.32329392643265,11
8,SEM-0004,CG Power and Industrial Solutions Limited,Gujarat,0.07628890985089719,381.44454925448593,8
8,SEM-0005,Kaynes Technology India Limited,Gujarat,0.07433060684534323,371.65303422671616,9
8,SEM-0003,Tata Electronics Private Limited,Assam,0.09844914111239696,492.2457055619848,5
8,SEM-0001,Micron Technology Inc.,Gujarat,0.10732038011708465,536.6019005854233,1
8,SEM-0006,Vama Sundari Investments (Delhi) Private Limited / Foxconn,Uttar Pradesh,0.10320910977302557,516.0455488651278,2
8,SEM-0008,SiCSem Private Limited,Odisha,0.10088494747539585,504.42473737697924,3
8,SEM-0007,3D Glass Solutions Inc.,Odisha,0.10061833330017526,503.09166650087633,4
8,SEM-0010,Advanced System in Package Technologies Private Limited,Andhra Pradesh,0.09465370882976187,473.2685441488094,6
8,SEM-0009,Continental Device India Private Limited,Punjab,0.0870970426097147,435.4852130485735,7
9,SEM-0002,Tata Electronics Private Limited,Gujarat,0.059034107059740645,295.1705352987032,11
9,SEM-0011,Crystal Matrix Limited,Gujarat,0.0657547381841382,328.77369092069097,10
9,SEM-0012,Suchi Semicon Private Limited,Gujarat,0.055709171828224255,278.5458591411213,12
9,SEM-0004,CG Power and Industrial Solutions Limited,Gujarat,0.08078857921633527,403.94289608167634,7
9,SEM-0005,Kaynes Technology India Limited,Gujarat,0.07566031074710042,378.30155373550207,8
9,SEM-0003,Tata Electronics Private Limited,Assam,0.10452966626416448,522.6483313208224,2
9,SEM-0001,Micron Technology Inc.,Gujarat,0.1110927666769479,555.4638333847395,1
9,SEM-0006,Vama Sundari Investments (Delhi) Private Limited / Foxconn,Uttar Pradesh,0.10006492770188169,500.32463850940843,3
9,SEM-0008,SiCSem Private Limited,Odisha,0.09567165924720727,478.3582962360364,4
9,SEM-0007,3D Glass Solutions Inc.,Odisha,0.09519158886313926,475.9579443156963,5
9,SEM-0010,Advanced System in Package Technologies Private Limited,Andhra Pradesh,0.0843496866936599,421.7484334682995,6
9,SEM-0009,Continental Device India Private Limited,Punjab,0.0721527975174608,360.76398758730403,9
10,SEM-0002,Tata Electronics Private Limited,Gujarat,0.024058088527393454,120.29044263696727,12
10,SEM-0011,Crystal Matrix Limited,Gujarat,0.06092266263217906,304.6133131608953,10
10,SEM-0012,Suchi Semicon Private Limited,Gujarat,0.057893258390707775,289.46629195353887,11
10,SEM-0004,CG Power and Industrial Solutions Limited,Gujarat,0.07353829374109068,367.6914687054534,8
10,SEM-0005,Kaynes Technology India Limited,Gujarat,0.07351776823956943,367.58884119784716,9
10,SEM-0003,Tata Electronics Private Limited,Assam,0.09473215902322359,473.6607951161179,7
10,SEM-0001,Micron Technology Inc.,Gujarat,0.10501434685080108,525.0717342540054,2
10,SEM-0006,Vama Sundari Investments (Delhi) Private Limited / Foxconn,Uttar Pradesh,0.10513112607126329,525.6556303563165,1
10,SEM-0008,SiCSem Private Limited,Odisha,0.1040717937569612,520.3589687848059,3
10,SEM-0007,3D Glass Solutions Inc.,Odisha,0.10393566385494167,519.6783192747083,4
10,SEM-0010,Advanced System in Package Technologies Private Limited,Andhra Pradesh,0.100952484802295,504.762424011475,5
10,SEM-0009,Continental Device India Private Limited,Punjab,0.09623235410957381,481.1617705478691,6
11,SEM-0002,Tata Electronics Private Limited,Gujarat,0.03732730397559201,186.63651987796004,12
11,SEM-0011,Crystal Matrix Limited,Gujarat,0.0627558573253263,313.7792866266315,10
11,SEM-0012,Suchi Semicon Private Limited,Gujarat,0.05706465878528653,285.32329392643265,11
11,SEM-0004,CG Power and Industrial Solutions Limited,Gujarat,0.07628890985089719,381.44454925448593,8
11,SEM-0005,Kaynes Technology India Limited,Gujarat,0.07433060684534323,371.65303422671616,9
11,SEM-0003,Tata Electronics Private Limited,Assam,0.09844914111239696,492.2457055619848,5
11,SEM-0001,Micron Technology Inc.,Gujarat,0.10732038011708465,536.6019005854233,1
11,SEM-0006,Vama Sundari Investments (Delhi) Private Limited / Foxconn,Uttar Pradesh,0.10320910977302557,516.0455488651278,2
11,SEM-0008,SiCSem Private Limited,Odisha,0.10088494747539585,504.42473737697924,3
11,SEM-0007,3D Glass Solutions Inc.,Odisha,0.10061833330017526,503.09166650087633,4
11,SEM-0010,Advanced System in Package Technologies Private Limited,Andhra Pradesh,0.09465370882976187,473.2685441488094,6
11,SEM-0009,Continental Device India Private Limited,Punjab,0.0870970426097147,435.4852130485735,7
12,SEM-0002,Tata Electronics Private Limited,Gujarat,0.059034107059740645,295.1705352987032,11
12,SEM-0011,Crystal Matrix Limited,Gujarat,0.0657547381841382,328.77369092069097,10
12,SEM-0012,Suchi Semicon Private Limited,Gujarat,0.055709171828224255,278.5458591411213,12
12,SEM-0004,CG Power and Industrial Solutions Limited,Gujarat,0.08078857921633527,403.94289608167634,7
12,SEM-0005,Kaynes Technology India Limited,Gujarat,0.07566031074710042,378.30155373550207,8
12,SEM-0003,Tata Electronics Private Limited,Assam,0.10452966626416448,522.6483313208224,2
12,SEM-0001,Micron Technology Inc.,Gujarat,0.1110927666769479,555.4638333847395,1
12,SEM-0006,Vama Sundari Investments (Delhi) Private Limited / Foxconn,Uttar Pradesh,0.10006492770188169,500.32463850940843,3
12,SEM-0008,SiCSem Private Limited,Odisha,0.09567165924720727,478.3582962360364,4
12,SEM-0007,3D Glass Solutions Inc.,Odisha,0.09519158886313926,475.9579443156963,5
12,SEM-0010,Advanced System in Package Technologies Private Limited,Andhra Pradesh,0.0843496866936599,421.7484334682995,6
12,SEM-0009,Continental Device India Private Limited,Punjab,0.0721527975174608,360.76398758730403,9
13,SEM-0002,Tata Electronics Private Limited,Gujarat,0.024058088527393454,120.29044263696727,12
13,SEM-0011,Crystal Matrix Limited,Gujarat,0.06092266263217906,304.6133131608953,10
13,SEM-0012,Suchi Semicon Private Limited,Gujarat,0.057893258390707775,289.46629195353887,11
13,SEM-0004,CG Power and Industrial Solutions Limited,Gujarat,0.07353829374109068,367.6914687054534,8
13,SEM-0005,Kaynes Technology India Limited,Gujarat,0.07351776823956943,367.58884119784716,9
13,SEM-0003,Tata Electronics Private Limited,Assam,0.09473215902322359,473.6607951161179,7
13,SEM-0001,Micron Technology Inc.,Gujarat,0.10501434685080108,525.0717342540054,2
13,SEM-0006,Vama Sundari Investments (Delhi) Private Limited / Foxconn,Uttar Pradesh,0.10513112607126329,525.6556303563165,1
13,SEM-0008,SiCSem Private Limited,Odisha,0.1040717937569612,520.3589687848059,3
13,SEM-0007,3D Glass Solutions Inc.,Odisha,0.10393566385494167,519.6783192747083,4
13,SEM-0010,Advanced System in Package Technologies Private Limited,Andhra Pradesh,0.100952484802295,504.762424011475,5
13,SEM-0009,Continental Device India Private Limited,Punjab,0.09623235410957381,481.1617705478691,6
14,SEM-0002,Tata Electronics Private Limited,Gujarat,0.03732730397559201,186.63651987796004,12
14,SEM-0011,Crystal Matrix Limited,Gujarat,0.0627558573253263,313.7792866266315,10
14,SEM-0012,Suchi Semicon Private Limited,Gujarat,0.05706465878528653,285.32329392643265,11
14,SEM-0004,CG Power and Industrial Solutions Limited,Gujarat,0.07628890985089719,381.44454925448593,8
14,SEM-0005,Kaynes Technology India Limited,Gujarat,0.07433060684534323,371.65303422671616,9
14,SEM-0003,Tata Electronics Private Limited,Assam,0.09844914111239696,492.2457055619848,5
14,SEM-0001,Micron Technology Inc.,Gujarat,0.10732038011708465,536.6019005854233,1
14,SEM-0006,Vama Sundari Investments (Delhi) Private Limited / Foxconn,Uttar Pradesh,0.10320910977302557,516.0455488651278,2
14,SEM-0008,SiCSem Private Limited,Odisha,0.10088494747539585,504.42473737697924,3
14,SEM-0007,3D Glass Solutions Inc.,Odisha,0.10061833330017526,503.09166650087633,4
14,SEM-0010,Advanced System in Package Technologies Private Limited,Andhra Pradesh,0.09465370882976187,473.2685441488094,6
14,SEM-0009,Continental Device India Private Limited,Punjab,0.0870970426097147,435.4852130485735,7
15,SEM-0002,Tata Electronics Private Limited,Gujarat,0.059034107059740645,295.1705352987032,11
15,SEM-0011,Crystal Matrix Limited,Gujarat,0.0657547381841382,328.77369092069097,10
15,SEM-0012,Suchi Semicon Private Limited,Gujarat,0.055709171828224255,278.5458591411213,12
15,SEM-0004,CG Power and Industrial Solutions Limited,Gujarat,0.08078857921633527,403.94289608167634,7
15,SEM-0005,Kaynes Technology India Limited,Gujarat,0.07566031074710042,378.30155373550207,8
15,SEM-0003,Tata Electronics Private Limited,Assam,0.10452966626416448,522.6483313208224,2
15,SEM-0001,Micron Technology Inc.,Gujarat,0.1110927666769479,555.4638333847395,1
15,SEM-0006,Vama Sundari Investments (Delhi) Private Limited / Foxconn,Uttar Pradesh,0.10006492770188169,500.32463850940843,3
15,SEM-0008,SiCSem Private Limited,Odisha,0.09567165924720727,478.3582962360364,4
15,SEM-0007,3D Glass Solutions Inc.,Odisha,0.09519158886313926,475.9579443156963,5
15,SEM-0010,Advanced System in Package Technologies Private Limited,Andhra Pradesh,0.0843496866936599,421.7484334682995,6
15,SEM-0009,Continental Device India Private Limited,Punjab,0.0721527975174608,360.76398758730403,9
16,SEM-0002,Tata Electronics Private Limited,Gujarat,0.024058088527393454,120.29044263696727,12
16,SEM-0011,Crystal Matrix Limited,Gujarat,0.06092266263217906,304.6133131608953,10
16,SEM-0012,Suchi Semicon Private Limited,Gujarat,0.057893258390707775,289.46629195353887,11
16,SEM-0004,CG Power and Industrial Solutions Limited,Gujarat,0.07353829374109068,367.6914687054534,8
16,SEM-0005,Kaynes Technology India Limited,Gujarat,0.07351776823956943,367.58884119784716,9
16,SEM-0003,Tata Electronics Private Limited,Assam,0.09473215902322359,473.6607951161179,7
16,SEM-0001,Micron Technology Inc.,Gujarat,0.10501434685080108,525.0717342540054,2
16,SEM-0006,Vama Sundari Investments (Delhi) Private Limited / Foxconn,Uttar Pradesh,0.10513112607126329,525.6556303563165,1
16,SEM-0008,SiCSem Private Limited,Odisha,0.1040717937569612,520.3589687848059,3
16,SEM-0007,3D Glass Solutions Inc.,Odisha,0.10393566385494167,519.6783192747083,4
16,SEM-0010,Advanced System in Package Technologies Private Limited,Andhra Pradesh,0.100952484802295,504.762424011475,5
16,SEM-0009,Continental Device India Private Limited,Punjab,0.09623235410957381,481.1617705478691,6
17,SEM-0002,Tata Electronics Private Limited,Gujarat,0.03732730397559201,186.63651987796004,12
17,SEM-0011,Crystal Matrix Limited,Gujarat,0.0627558573253263,313.7792866266315,10
17,SEM-0012,Suchi Semicon Private Limited,Gujarat,0.05706465878528653,285.32329392643265,11
17,SEM-0004,CG Power and Industrial Solutions Limited,Gujarat,0.07628890985089719,381.44454925448593,8
17,SEM-0005,Kaynes Technology India Limited,Gujarat,0.07433060684534323,371.65303422671616,9
17,SEM-0003,Tata Electronics Private Limited,Assam,0.09844914111239696,492.2457055619848,5
17,SEM-0001,Micron Technology Inc.,Gujarat,0.10732038011708465,536.6019005854233,1
17,SEM-0006,Vama Sundari Investments (Delhi) Private Limited / Foxconn,Uttar Pradesh,0.10320910977302557,516.0455488651278,2
17,SEM-0008,SiCSem Private Limited,Odisha,0.10088494747539585,504.42473737697924,3
17,SEM-0007,3D Glass Solutions Inc.,Odisha,0.10061833330017526,503.09166650087633,4
17,SEM-0010,Advanced System in Package Technologies Private Limited,Andhra Pradesh,0.09465370882976187,473.2685441488094,6
17,SEM-0009,Continental Device India Private Limited,Punjab,0.0870970426097147,435.4852130485735,7
18,SEM-0002,Tata Electronics Private Limited,Gujarat,0.059034107059740645,295.1705352987032,11
18,SEM-0011,Crystal Matrix Limited,Gujarat,0.0657547381841382,328.77369092069097,10
18,SEM-0012,Suchi Semicon Private Limited,Gujarat,0.055709171828224255,278.5458591411213,12
18,SEM-0004,CG Power and Industrial Solutions Limited,Gujarat,0.08078857921633527,403.94289608167634,7
18,SEM-0005,Kaynes Technology India Limited,Gujarat,0.07566031074710042,378.30155373550207,8
18,SEM-0003,Tata Electronics Private Limited,Assam,0.10452966626416448,522.6483313208224,2
18,SEM-0001,Micron Technology Inc.,Gujarat,0.1110927666769479,555.4638333847395,1
18,SEM-0006,Vama Sundari Investments (Delhi) Private Limited / Foxconn,Uttar Pradesh,0.10006492770188169,500.32463850940843,3
18,SEM-0008,SiCSem Private Limited,Odisha,0.09567165924720727,478.3582962360364,4
18,SEM-0007,3D Glass Solutions Inc.,Odisha,0.09519158886313926,475.9579443156963,5
18,SEM-0010,Advanced System in Package Technologies Private Limited,Andhra Pradesh,0.0843496866936599,421.7484334682995,6
18,SEM-0009,Continental Device India Private Limited,Punjab,0.0721527975174608,360.76398758730403,9
19,SEM-0002,Tata Electronics Private Limited,Gujarat,0.02132029367344766,106.6014683672383,12
19,SEM-0011,Crystal Matrix Limited,Gujarat,0.05398970318059429,269.94851590297145,10
19,SEM-0012,Suchi Semicon Private Limited,Gujarat,0.05130504317486633,256.52521587433165,11
19,SEM-0004,CG Power and Industrial Solutions Limited,Gujarat,0.06516968366040754,325.8484183020377,8
19,SEM-0005,Kaynes Technology India Limited,Gujarat,0.06515149394763257,325.75746973816285,9
19,SEM-0003,Tata Electronics Private Limited,Assam,0.10176900310613907,508.8450155306953,6
19,SEM-0001,Micron Technology Inc.,Gujarat,0.09306378236305157,465.3189118152579,7
19,SEM-0006,Vama Sundari Investments (Delhi) Private Limited / Foxconn,Uttar Pradesh,0.11294042071895997,564.7021035947998,1
19,SEM-0008,SiCSem Private Limited,Odisha,0.11180239964252474,559.0119982126237,2
19,SEM-0007,3D Glass Solutions Inc.,Odisha,0.11165615781119408,558.2807890559703,3
19,SEM-0010,Advanced System in Package Technologies Private Limited,Andhra Pradesh,0.10845138383153062,542.2569191576531,4
19,SEM-0009,Continental Device India Private Limited,Punjab,0.1033806348896516,516.903174448258,5
20,SEM-0002,Tata Electronics Private Limited,Gujarat,0.03147420619680592,157.37103098402963,12
20,SEM-0011,Crystal Matrix Limited,Gujarat,0.052915442133356666,264.57721066678334,10
20,SEM-0012,Suchi Semicon Private Limited,Gujarat,0.048116650437248595,240.583252186243,11
20,SEM-0004,CG Power and Industrial Solutions Limited,Gujarat,0.06432644802707306,321.6322401353653,8
20,SEM-0005,Kaynes Technology India Limited,Gujarat,0.0626752161933212,313.37608096660597,9
20,SEM-0003,Tata Electronics Private Limited,Assam,0.10940433902986811,547.0216951493405,4
20,SEM-0001,Micron Technology Inc.,Gujarat,0.09049203701219466,452.4601850609733,7
20,SEM-0006,Vama Sundari Investments (Delhi) Private Limited / Foxconn,Uttar Pradesh,0.11469398624501669,573.4699312250834,1
20,SEM-0008,SiCSem Private Limited,Odisha,0.1121111964197604,560.555982098802,2
20,SEM-0007,3D Glass Solutions Inc.,Odisha,0.11181491402169762,559.074570108488,3
20,SEM-0010,Advanced System in Package Technologies Private Limited,Andhra Pradesh,0.1051865596209015,525.9327981045075,5
20,SEM-0009,Continental Device India Private Limited,Punjab,0.09678900466275582,483.9450233137791,6
21,SEM-0002,Tata Electronics Private Limited,Gujarat,0.04611631219999565,230.58156099997825,11
21,SEM-0011,Crystal Matrix Limited,Gujarat,0.05136634033712128,256.8317016856064,10
21,SEM-0012,Suchi Semicon Private Limited,Gujarat,0.04351893656719061,217.59468283595305,12
21,SEM-0004,CG Power and Industrial Solutions Limited,Gujarat,0.0631104886123599,315.5524430617995,8
21,SEM-0005,Kaynes Technology India Limited,Gujarat,0.0591043836409863,295.5219182049315,9
21,SEM-0003,Tata Electronics Private Limited,Assam,0.12309631659344128,615.4815829672064,1
21,SEM-0001,Micron Technology Inc.,Gujarat,0.08678353864234616,433.9176932117308,6
21,SEM-0006,Vama Sundari Investments (Delhi) Private Limited / Foxconn,Uttar Pradesh,0.11783854728055748,589.1927364027874,2
21,SEM-0008,SiCSem Private Limited,Odisha,0.11266494265802002,563.3247132901001,3
21,SEM-0007,3D Glass Solutions Inc.,Odisha,0.11209960175436662,560.498008771833,4
21,SEM-0010,Advanced System in Package Technologies Private Limited,Andhra Pradesh,0.09933195148217892,496.6597574108946,5
21,SEM-0009,Continental Device India Private Limited,Punjab,0.08496864023143558,424.8432011571779,7
22,SEM-0002,Tata Electronics Private Limited,Gujarat,0.02132029367344766,106.6014683672383,12
22,SEM-0011,Crystal Matrix Limited,Gujarat,0.05398970318059429,269.94851590297145,10
22,SEM-0012,Suchi Semicon Private Limited,Gujarat,0.05130504317486633,256.52521587433165,11
22,SEM-0004,CG Power and Industrial Solutions Limited,Gujarat,0.06516968366040754,325.8484183020377,8
22,SEM-0005,Kaynes Technology India Limited,Gujarat,0.06515149394763257,325.75746973816285,9
22,SEM-0003,Tata Electronics Private Limited,Assam,0.10176900310613907,508.8450155306953,6
22,SEM-0001,Micron Technology Inc.,Gujarat,0.09306378236305157,465.3189118152579,7
22,SEM-0006,Vama Sundari Investments (Delhi) Private Limited / Foxconn,Uttar Pradesh,0.11294042071895997,564.7021035947998,1
22,SEM-0008,SiCSem Private Limited,Odisha,0.11180239964252474,559.0119982126237,2
22,SEM-0007,3D Glass Solutions Inc.,Odisha,0.11165615781119408,558.2807890559703,3
22,SEM-0010,Advanced System in Package Technologies Private Limited,Andhra Pradesh,0.10845138383153062,542.2569191576531,4
22,SEM-0009,Continental Device India Private Limited,Punjab,0.1033806348896516,516.903174448258,5
23,SEM-0002,Tata Electronics Private Limited,Gujarat,0.03147420619680592,157.37103098402963,12
23,SEM-0011,Crystal Matrix Limited,Gujarat,0.052915442133356666,264.57721066678334,10
23,SEM-0012,Suchi Semicon Private Limited,Gujarat,0.048116650437248595,240.583252186243,11
23,SEM-0004,CG Power and Industrial Solutions Limited,Gujarat,0.06432644802707306,321.6322401353653,8
23,SEM-0005,Kaynes Technology India Limited,Gujarat,0.0626752161933212,313.37608096660597,9
23,SEM-0003,Tata Electronics Private Limited,Assam,0.10940433902986811,547.0216951493405,4
23,SEM-0001,Micron Technology Inc.,Gujarat,0.09049203701219466,452.4601850609733,7
23,SEM-0006,Vama Sundari Investments (Delhi) Private Limited / Foxconn,Uttar Pradesh,0.11469398624501669,573.4699312250834,1
23,SEM-0008,SiCSem Private Limited,Odisha,0.1121111964197604,560.555982098802,2
23,SEM-0007,3D Glass Solutions Inc.,Odisha,0.11181491402169762,559.074570108488,3
23,SEM-0010,Advanced System in Package Technologies Private Limited,Andhra Pradesh,0.1051865596209015,525.9327981045075,5
23,SEM-0009,Continental Device India Private Limited,Punjab,0.09678900466275582,483.9450233137791,6
24,SEM-0002,Tata Electronics Private Limited,Gujarat,0.04611631219999565,230.58156099997825,11
24,SEM-0011,Crystal Matrix Limited,Gujarat,0.05136634033712128,256.8317016856064,10
24,SEM-0012,Suchi Semicon Private Limited,Gujarat,0.04351893656719061,217.59468283595305,12
24,SEM-0004,CG Power and Industrial Solutions Limited,Gujarat,0.0631104886123599,315.5524430617995,8
24,SEM-0005,Kaynes Technology India Limited,Gujarat,0.0591043836409863,295.5219182049315,9
24,SEM-0003,Tata Electronics Private Limited,Assam,0.12309631659344128,615.4815829672064,1
24,SEM-0001,Micron Technology Inc.,Gujarat,0.08678353864234616,433.9176932117308,6
24,SEM-0006,Vama Sundari Investments (Delhi) Private Limited / Foxconn,Uttar Pradesh,0.11783854728055748,589.1927364027874,2
24,SEM-0008,SiCSem Private Limited,Odisha,0.11266494265802002,563.3247132901001,3
24,SEM-0007,3D Glass Solutions Inc.,Odisha,0.11209960175436662,560.498008771833,4
24,SEM-0010,Advanced System in Package Technologies Private Limited,Andhra Pradesh,0.09933195148217892,496.6597574108946,5
24,SEM-0009,Continental Device India Private Limited,Punjab,0.08496864023143558,424.8432011571779,7
25,SEM-0002,Tata Electronics Private Limited,Gujarat,0.024058088527393454,120.29044263696727,12
25,SEM-0011,Crystal Matrix Limited,Gujarat,0.06092266263217906,304.6133131608953,10
25,SEM-0012,Suchi Semicon Private Limited,Gujarat,0.057893258390707775,289.46629195353887,11
25,SEM-0004,CG Power and Industrial Solutions Limited,Gujarat,0.07353829374109068,367.6914687054534,8
25,SEM-0005,Kaynes Technology India Limited,Gujarat,0.07351776823956943,367.58884119784716,9
25,SEM-0003,Tata Electronics Private Limited,Assam,0.09473215902322359,473.6607951161179,7
25,SEM-0001,Micron Technology Inc.,Gujarat,0.10501434685080108,525.0717342540054,2
25,SEM-0006,Vama Sundari Investments (Delhi) Private Limited / Foxconn,Uttar Pradesh,0.10513112607126329,525.6556303563165,1
25,SEM-0008,SiCSem Private Limited,Odisha,0.1040717937569612,520.3589687848059,3
25,SEM-0007,3D Glass Solutions Inc.,Odisha,0.10393566385494167,519.6783192747083,4
25,SEM-0010,Advanced System in Package Technologies Private Limited,Andhra Pradesh,0.100952484802295,504.762424011475,5
25,SEM-0009,Continental Device India Private Limited,Punjab,0.09623235410957381,481.1617705478691,6
26,SEM-0002,Tata Electronics Private Limited,Gujarat,0.03732730397559201,186.63651987796004,12
26,SEM-0011,Crystal Matrix Limited,Gujarat,0.0627558573253263,313.7792866266315,10
26,SEM-0012,Suchi Semicon Private Limited,Gujarat,0.05706465878528653,285.32329392643265,11
26,SEM-0004,CG Power and Industrial Solutions Limited,Gujarat,0.07628890985089719,381.44454925448593,8
26,SEM-0005,Kaynes Technology India Limited,Gujarat,0.07433060684534323,371.65303422671616,9
26,SEM-0003,Tata Electronics Private Limited,Assam,0.09844914111239696,492.2457055619848,5
26,SEM-0001,Micron Technology Inc.,Gujarat,0.10732038011708465,536.6019005854233,1
26,SEM-0006,Vama Sundari Investments (Delhi) Private Limited / Foxconn,Uttar Pradesh,0.10320910977302557,516.0455488651278,2
26,SEM-0008,SiCSem Private Limited,Odisha,0.10088494747539585,504.42473737697924,3
26,SEM-0007,3D Glass Solutions Inc.,Odisha,0.10061833330017526,503.09166650087633,4
26,SEM-0010,Advanced System in Package Technologies Private Limited,Andhra Pradesh,0.09465370882976187,473.2685441488094,6
26,SEM-0009,Continental Device India Private Limited,Punjab,0.0870970426097147,435.4852130485735,7
27,SEM-0002,Tata Electronics Private Limited,Gujarat,0.059034107059740645,295.1705352987032,11
27,SEM-0011,Crystal Matrix Limited,Gujarat,0.0657547381841382,328.77369092069097,10
27,SEM-0012,Suchi Semicon Private Limited,Gujarat,0.055709171828224255,278.5458591411213,12
27,SEM-0004,CG Power and Industrial Solutions Limited,Gujarat,0.08078857921633527,403.94289608167634,7
27,SEM-0005,Kaynes Technology India Limited,Gujarat,0.07566031074710042,378.30155373550207,8
27,SEM-0003,Tata Electronics Private Limited,Assam,0.10452966626416448,522.6483313208224,2
27,SEM-0001,Micron Technology Inc.,Gujarat,0.1110927666769479,555.4638333847395,1
27,SEM-0006,Vama Sundari Investments (Delhi) Private Limited / Foxconn,Uttar Pradesh,0.10006492770188169,500.32463850940843,3
27,SEM-0008,SiCSem Private Limited,Odisha,0.09567165924720727,478.3582962360364,4
27,SEM-0007,3D Glass Solutions Inc.,Odisha,0.09519158886313926,475.9579443156963,5
27,SEM-0010,Advanced System in Package Technologies Private Limited,Andhra Pradesh,0.0843496866936599,421.7484334682995,6
27,SEM-0009,Continental Device India Private Limited,Punjab,0.0721527975174608,360.76398758730403,9
28,SEM-0002,Tata Electronics Private Limited,Gujarat,0.024058088527393454,120.29044263696727,12
28,SEM-0011,Crystal Matrix Limited,Gujarat,0.06092266263217906,304.6133131608953,10
28,SEM-0012,Suchi Semicon Private Limited,Gujarat,0.057893258390707775,289.46629195353887,11
28,SEM-0004,CG Power and Industrial Solutions Limited,Gujarat,0.07353829374109068,367.6914687054534,8
28,SEM-0005,Kaynes Technology India Limited,Gujarat,0.07351776823956943,367.58884119784716,9
28,SEM-0003,Tata Electronics Private Limited,Assam,0.09473215902322359,473.6607951161179,7
28,SEM-0001,Micron Technology Inc.,Gujarat,0.10501434685080108,525.0717342540054,2
28,SEM-0006,Vama Sundari Investments (Delhi) Private Limited / Foxconn,Uttar Pradesh,0.10513112607126329,525.6556303563165,1
28,SEM-0008,SiCSem Private Limited,Odisha,0.1040717937569612,520.3589687848059,3
28,SEM-0007,3D Glass Solutions Inc.,Odisha,0.10393566385494167,519.6783192747083,4
28,SEM-0010,Advanced System in Package Technologies Private Limited,Andhra Pradesh,0.100952484802295,504.762424011475,5
28,SEM-0009,Continental Device India Private Limited,Punjab,0.09623235410957381,481.1617705478691,6
29,SEM-0002,Tata Electronics Private Limited,Gujarat,0.03732730397559201,186.63651987796004,12
29,SEM-0011,Crystal Matrix Limited,Gujarat,0.0627558573253263,313.7792866266315,10
29,SEM-0012,Suchi Semicon Private Limited,Gujarat,0.05706465878528653,285.32329392643265,11
29,SEM-0004,CG Power and Industrial Solutions Limited,Gujarat,0.07628890985089719,381.44454925448593,8
29,SEM-0005,Kaynes Technology India Limited,Gujarat,0.07433060684534323,371.65303422671616,9
29,SEM-0003,Tata Electronics Private Limited,Assam,0.09844914111239696,492.2457055619848,5
29,SEM-0001,Micron Technology Inc.,Gujarat,0.10732038011708465,536.6019005854233,1
29,SEM-0006,Vama Sundari Investments (Delhi) Private Limited / Foxconn,Uttar Pradesh,0.10320910977302557,516.0455488651278,2
29,SEM-0008,SiCSem Private Limited,Odisha,0.10088494747539585,504.42473737697924,3
29,SEM-0007,3D Glass Solutions Inc.,Odisha,0.10061833330017526,503.09166650087633,4
29,SEM-0010,Advanced System in Package Technologies Private Limited,Andhra Pradesh,0.09465370882976187,473.2685441488094,6
29,SEM-0009,Continental Device India Private Limited,Punjab,0.0870970426097147,435.4852130485735,7
30,SEM-0002,Tata Electronics Private Limited,Gujarat,0.059034107059740645,295.1705352987032,11
30,SEM-0011,Crystal Matrix Limited,Gujarat,0.0657547381841382,328.77369092069097,10
30,SEM-0012,Suchi Semicon Private Limited,Gujarat,0.055709171828224255,278.5458591411213,12
30,SEM-0004,CG Power and Industrial Solutions Limited,Gujarat,0.08078857921633527,403.94289608167634,7
30,SEM-0005,Kaynes Technology India Limited,Gujarat,0.07566031074710042,378.30155373550207,8
30,SEM-0003,Tata Electronics Private Limited,Assam,0.10452966626416448,522.6483313208224,2
30,SEM-0001,Micron Technology Inc.,Gujarat,0.1110927666769479,555.4638333847395,1
30,SEM-0006,Vama Sundari Investments (Delhi) Private Limited / Foxconn,Uttar Pradesh,0.10006492770188169,500.32463850940843,3
30,SEM-0008,SiCSem Private Limited,Odisha,0.09567165924720727,478.3582962360364,4
30,SEM-0007,3D Glass Solutions Inc.,Odisha,0.09519158886313926,475.9579443156963,5
30,SEM-0010,Advanced System in Package Technologies Private Limited,Andhra Pradesh,0.0843496866936599,421.7484334682995,6
30,SEM-0009,Continental Device India Private Limited,Punjab,0.0721527975174608,360.76398758730403,9
31,SEM-0002,Tata Electronics Private Limited,Gujarat,0.024058088527393454,120.29044263696727,12
31,SEM-0011,Crystal Matrix Limited,Gujarat,0.06092266263217906,304.6133131608953,10
31,SEM-0012,Suchi Semicon Private Limited,Gujarat,0.057893258390707775,289.46629195353887,11
31,SEM-0004,CG Power and Industrial Solutions Limited,Gujarat,0.07353829374109068,367.6914687054534,8
31,SEM-0005,Kaynes Technology India Limited,Gujarat,0.07351776823956943,367.58884119784716,9
31,SEM-0003,Tata Electronics Private Limited,Assam,0.09473215902322359,473.6607951161179,7
31,SEM-0001,Micron Technology Inc.,Gujarat,0.10501434685080108,525.0717342540054,2
31,SEM-0006,Vama Sundari Investments (Delhi) Private Limited / Foxconn,Uttar Pradesh,0.10513112607126329,525.6556303563165,1
31,SEM-0008,SiCSem Private Limited,Odisha,0.1040717937569612,520.3589687848059,3
31,SEM-0007,3D Glass Solutions Inc.,Odisha,0.10393566385494167,519.6783192747083,4
31,SEM-0010,Advanced System in Package Technologies Private Limited,Andhra Pradesh,0.100952484802295,504.762424011475,5
31,SEM-0009,Continental Device India Private Limited,Punjab,0.09623235410957381,481.1617705478691,6
32,SEM-0002,Tata Electronics Private Limited,Gujarat,0.03732730397559201,186.63651987796004,12
32,SEM-0011,Crystal Matrix Limited,Gujarat,0.0627558573253263,313.7792866266315,10
32,SEM-0012,Suchi Semicon Private Limited,Gujarat,0.05706465878528653,285.32329392643265,11
32,SEM-0004,CG Power and Industrial Solutions Limited,Gujarat,0.07628890985089719,381.44454925448593,8
32,SEM-0005,Kaynes Technology India Limited,Gujarat,0.07433060684534323,371.65303422671616,9
32,SEM-0003,Tata Electronics Private Limited,Assam,0.09844914111239696,492.2457055619848,5
32,SEM-0001,Micron Technology Inc.,Gujarat,0.10732038011708465,536.6019005854233,1
32,SEM-0006,Vama Sundari Investments (Delhi) Private Limited / Foxconn,Uttar Pradesh,0.10320910977302557,516.0455488651278,2
32,SEM-0008,SiCSem Private Limited,Odisha,0.10088494747539585,504.42473737697924,3
32,SEM-0007,3D Glass Solutions Inc.,Odisha,0.10061833330017526,503.09166650087633,4
32,SEM-0010,Advanced System in Package Technologies Private Limited,Andhra Pradesh,0.09465370882976187,473.2685441488094,6
32,SEM-0009,Continental Device India Private Limited,Punjab,0.0870970426097147,435.4852130485735,7
33,SEM-0002,Tata Electronics Private Limited,Gujarat,0.059034107059740645,295.1705352987032,11
33,SEM-0011,Crystal Matrix Limited,Gujarat,0.0657547381841382,328.77369092069097,10
33,SEM-0012,Suchi Semicon Private Limited,Gujarat,0.055709171828224255,278.5458591411213,12
33,SEM-0004,CG Power and Industrial Solutions Limited,Gujarat,0.08078857921633527,403.94289608167634,7
33,SEM-0005,Kaynes Technology India Limited,Gujarat,0.07566031074710042,378.30155373550207,8
33,SEM-0003,Tata Electronics Private Limited,Assam,0.10452966626416448,522.6483313208224,2
33,SEM-0001,Micron Technology Inc.,Gujarat,0.1110927666769479,555.4638333847395,1
33,SEM-0006,Vama Sundari Investments (Delhi) Private Limited / Foxconn,Uttar Pradesh,0.10006492770188169,500.32463850940843,3
33,SEM-0008,SiCSem Private Limited,Odisha,0.09567165924720727,478.3582962360364,4
33,SEM-0007,3D Glass Solutions Inc.,Odisha,0.09519158886313926,475.9579443156963,5
33,SEM-0010,Advanced System in Package Technologies Private Limited,Andhra Pradesh,0.0843496866936599,421.7484334682995,6
33,SEM-0009,Continental Device India Private Limited,Punjab,0.0721527975174608,360.76398758730403,9
34,SEM-0002,Tata Electronics Private Limited,Gujarat,0.024058088527393454,120.29044263696727,12
34,SEM-0011,Crystal Matrix Limited,Gujarat,0.06092266263217906,304.6133131608953,10
34,SEM-0012,Suchi Semicon Private Limited,Gujarat,0.057893258390707775,289.46629195353887,11
34,SEM-0004,CG Power and Industrial Solutions Limited,Gujarat,0.07353829374109068,367.6914687054534,8
34,SEM-0005,Kaynes Technology India Limited,Gujarat,0.07351776823956943,367.58884119784716,9
34,SEM-0003,Tata Electronics Private Limited,Assam,0.09473215902322359,473.6607951161179,7
34,SEM-0001,Micron Technology Inc.,Gujarat,0.10501434685080108,525.0717342540054,2
34,SEM-0006,Vama Sundari Investments (Delhi) Private Limited / Foxconn,Uttar Pradesh,0.10513112607126329,525.6556303563165,1
34,SEM-0008,SiCSem Private Limited,Odisha,0.1040717937569612,520.3589687848059,3
34,SEM-0007,3D Glass Solutions Inc.,Odisha,0.10393566385494167,519.6783192747083,4
34,SEM-0010,Advanced System in Package Technologies Private Limited,Andhra Pradesh,0.100952484802295,504.762424011475,5
34,SEM-0009,Continental Device India Private Limited,Punjab,0.09623235410957381,481.1617705478691,6
35,SEM-0002,Tata Electronics Private Limited,Gujarat,0.03732730397559201,186.63651987796004,12
35,SEM-0011,Crystal Matrix Limited,Gujarat,0.0627558573253263,313.7792866266315,10
35,SEM-0012,Suchi Semicon Private Limited,Gujarat,0.05706465878528653,285.32329392643265,11
35,SEM-0004,CG Power and Industrial Solutions Limited,Gujarat,0.07628890985089719,381.44454925448593,8
35,SEM-0005,Kaynes Technology India Limited,Gujarat,0.07433060684534323,371.65303422671616,9
35,SEM-0003,Tata Electronics Private Limited,Assam,0.09844914111239696,492.2457055619848,5
35,SEM-0001,Micron Technology Inc.,Gujarat,0.10732038011708465,536.6019005854233,1
35,SEM-0006,Vama Sundari Investments (Delhi) Private Limited / Foxconn,Uttar Pradesh,0.10320910977302557,516.0455488651278,2
35,SEM-0008,SiCSem Private Limited,Odisha,0.10088494747539585,504.42473737697924,3
35,SEM-0007,3D Glass Solutions Inc.,Odisha,0.10061833330017526,503.09166650087633,4
35,SEM-0010,Advanced System in Package Technologies Private Limited,Andhra Pradesh,0.09465370882976187,473.2685441488094,6
35,SEM-0009,Continental Device India Private Limited,Punjab,0.0870970426097147,435.4852130485735,7
36,SEM-0002,Tata Electronics Private Limited,Gujarat,0.059034107059740645,295.1705352987032,11
36,SEM-0011,Crystal Matrix Limited,Gujarat,0.0657547381841382,328.77369092069097,10
36,SEM-0012,Suchi Semicon Private Limited,Gujarat,0.055709171828224255,278.5458591411213,12
36,SEM-0004,CG Power and Industrial Solutions Limited,Gujarat,0.08078857921633527,403.94289608167634,7
36,SEM-0005,Kaynes Technology India Limited,Gujarat,0.07566031074710042,378.30155373550207,8
36,SEM-0003,Tata Electronics Private Limited,Assam,0.10452966626416448,522.6483313208224,2
36,SEM-0001,Micron Technology Inc.,Gujarat,0.1110927666769479,555.4638333847395,1
36,SEM-0006,Vama Sundari Investments (Delhi) Private Limited / Foxconn,Uttar Pradesh,0.10006492770188169,500.32463850940843,3
36,SEM-0008,SiCSem Private Limited,Odisha,0.09567165924720727,478.3582962360364,4
36,SEM-0007,3D Glass Solutions Inc.,Odisha,0.09519158886313926,475.9579443156963,5
36,SEM-0010,Advanced System in Package Technologies Private Limited,Andhra Pradesh,0.0843496866936599,421.7484334682995,6
36,SEM-0009,Continental Device India Private Limited,Punjab,0.0721527975174608,360.76398758730403,9
37,SEM-0002,Tata Electronics Private Limited,Gujarat,0.02132029367344766,106.6014683672383,12
37,SEM-0011,Crystal Matrix Limited,Gujarat,0.05398970318059429,269.94851590297145,10
37,SEM-0012,Suchi Semicon Private Limited,Gujarat,0.05130504317486633,256.52521587433165,11
37,SEM-0004,CG Power and Industrial Solutions Limited,Gujarat,0.06516968366040754,325.8484183020377,8
37,SEM-0005,Kaynes Technology India Limited,Gujarat,0.06515149394763257,325.75746973816285,9
37,SEM-0003,Tata Electronics Private Limited,Assam,0.10176900310613907,508.8450155306953,6
37,SEM-0001,Micron Technology Inc.,Gujarat,0.09306378236305157,465.3189118152579,7
37,SEM-0006,Vama Sundari Investments (Delhi) Private Limited / Foxconn,Uttar Pradesh,0.11294042071895997,564.7021035947998,1
37,SEM-0008,SiCSem Private Limited,Odisha,0.11180239964252474,559.0119982126237,2
37,SEM-0007,3D Glass Solutions Inc.,Odisha,0.11165615781119408,558.2807890559703,3
37,SEM-0010,Advanced System in Package Technologies Private Limited,Andhra Pradesh,0.10845138383153062,542.2569191576531,4
37,SEM-0009,Continental Device India Private Limited,Punjab,0.1033806348896516,516.903174448258,5
38,SEM-0002,Tata Electronics Private Limited,Gujarat,0.03147420619680592,157.37103098402963,12
38,SEM-0011,Crystal Matrix Limited,Gujarat,0.052915442133356666,264.57721066678334,10
38,SEM-0012,Suchi Semicon Private Limited,Gujarat,0.048116650437248595,240.583252186243,11
38,SEM-0004,CG Power and Industrial Solutions Limited,Gujarat,0.06432644802707306,321.6322401353653,8
38,SEM-0005,Kaynes Technology India Limited,Gujarat,0.0626752161933212,313.37608096660597,9
38,SEM-0003,Tata Electronics Private Limited,Assam,0.10940433902986811,547.0216951493405,4
38,SEM-0001,Micron Technology Inc.,Gujarat,0.09049203701219466,452.4601850609733,7
38,SEM-0006,Vama Sundari Investments (Delhi) Private Limited / Foxconn,Uttar Pradesh,0.11469398624501669,573.4699312250834,1
38,SEM-0008,SiCSem Private Limited,Odisha,0.1121111964197604,560.555982098802,2
38,SEM-0007,3D Glass Solutions Inc.,Odisha,0.11181491402169762,559.074570108488,3
38,SEM-0010,Advanced System in Package Technologies Private Limited,Andhra Pradesh,0.1051865596209015,525.9327981045075,5
38,SEM-0009,Continental Device India Private Limited,Punjab,0.09678900466275582,483.9450233137791,6
39,SEM-0002,Tata Electronics Private Limited,Gujarat,0.04611631219999565,230.58156099997825,11
39,SEM-0011,Crystal Matrix Limited,Gujarat,0.05136634033712128,256.8317016856064,10
39,SEM-0012,Suchi Semicon Private Limited,Gujarat,0.04351893656719061,217.59468283595305,12
39,SEM-0004,CG Power and Industrial Solutions Limited,Gujarat,0.0631104886123599,315.5524430617995,8
39,SEM-0005,Kaynes Technology India Limited,Gujarat,0.0591043836409863,295.5219182049315,9
39,SEM-0003,Tata Electronics Private Limited,Assam,0.12309631659344128,615.4815829672064,1
39,SEM-0001,Micron Technology Inc.,Gujarat,0.08678353864234616,433.9176932117308,6
39,SEM-0006,Vama Sundari Investments (Delhi) Private Limited / Foxconn,Uttar Pradesh,0.11783854728055748,589.1927364027874,2
39,SEM-0008,SiCSem Private Limited,Odisha,0.11266494265802002,563.3247132901001,3
39,SEM-0007,3D Glass Solutions Inc.,Odisha,0.11209960175436662,560.498008771833,4
39,SEM-0010,Advanced System in Package Technologies Private Limited,Andhra Pradesh,0.09933195148217892,496.6597574108946,5
39,SEM-0009,Continental Device India Private Limited,Punjab,0.08496864023143558,424.8432011571779,7
40,SEM-0002,Tata Electronics Private Limited,Gujarat,0.02132029367344766,106.6014683672383,12
40,SEM-0011,Crystal Matrix Limited,Gujarat,0.05398970318059429,269.94851590297145,10
40,SEM-0012,Suchi Semicon Private Limited,Gujarat,0.05130504317486633,256.52521587433165,11
40,SEM-0004,CG Power and Industrial Solutions Limited,Gujarat,0.06516968366040754,325.8484183020377,8
40,SEM-0005,Kaynes Technology India Limited,Gujarat,0.06515149394763257,325.75746973816285,9
40,SEM-0003,Tata Electronics Private Limited,Assam,0.10176900310613907,508.8450155306953,6
40,SEM-0001,Micron Technology Inc.,Gujarat,0.09306378236305157,465.3189118152579,7
40,SEM-0006,Vama Sundari Investments (Delhi) Private Limited / Foxconn,Uttar Pradesh,0.11294042071895997,564.7021035947998,1
40,SEM-0008,SiCSem Private Limited,Odisha,0.11180239964252474,559.0119982126237,2
40,SEM-0007,3D Glass Solutions Inc.,Odisha,0.11165615781119408,558.2807890559703,3
40,SEM-0010,Advanced System in Package Technologies Private Limited,Andhra Pradesh,0.10845138383153062,542.2569191576531,4
40,SEM-0009,Continental Device India Private Limited,Punjab,0.1033806348896516,516.903174448258,5
41,SEM-0002,Tata Electronics Private Limited,Gujarat,0.03147420619680592,157.37103098402963,12
41,SEM-0011,Crystal Matrix Limited,Gujarat,0.052915442133356666,264.57721066678334,10
41,SEM-0012,Suchi Semicon Private Limited,Gujarat,0.048116650437248595,240.583252186243,11
41,SEM-0004,CG Power and Industrial Solutions Limited,Gujarat,0.06432644802707306,321.6322401353653,8
41,SEM-0005,Kaynes Technology India Limited,Gujarat,0.0626752161933212,313.37608096660597,9
41,SEM-0003,Tata Electronics Private Limited,Assam,0.10940433902986811,547.0216951493405,4
41,SEM-0001,Micron Technology Inc.,Gujarat,0.09049203701219466,452.4601850609733,7
41,SEM-0006,Vama Sundari Investments (Delhi) Private Limited / Foxconn,Uttar Pradesh,0.11469398624501669,573.4699312250834,1
41,SEM-0008,SiCSem Private Limited,Odisha,0.1121111964197604,560.555982098802,2
41,SEM-0007,3D Glass Solutions Inc.,Odisha,0.11181491402169762,559.074570108488,3
41,SEM-0010,Advanced System in Package Technologies Private Limited,Andhra Pradesh,0.1051865596209015,525.9327981045075,5
41,SEM-0009,Continental Device India Private Limited,Punjab,0.09678900466275582,483.9450233137791,6
42,SEM-0002,Tata Electronics Private Limited,Gujarat,0.04611631219999565,230.58156099997825,11
42,SEM-0011,Crystal Matrix Limited,Gujarat,0.05136634033712128,256.8317016856064,10
42,SEM-0012,Suchi Semicon Private Limited,Gujarat,0.04351893656719061,217.59468283595305,12
42,SEM-0004,CG Power and Industrial Solutions Limited,Gujarat,0.0631104886123599,315.5524430617995,8
42,SEM-0005,Kaynes Technology India Limited,Gujarat,0.0591043836409863,295.5219182049315,9
42,SEM-0003,Tata Electronics Private Limited,Assam,0.12309631659344128,615.4815829672064,1
42,SEM-0001,Micron Technology Inc.,Gujarat,0.08678353864234616,433.9176932117308,6
42,SEM-0006,Vama Sundari Investments (Delhi) Private Limited / Foxconn,Uttar Pradesh,0.11783854728055748,589.1927364027874,2
42,SEM-0008,SiCSem Private Limited,Odisha,0.11266494265802002,563.3247132901001,3
42,SEM-0007,3D Glass Solutions Inc.,Odisha,0.11209960175436662,560.498008771833,4
42,SEM-0010,Advanced System in Package Technologies Private Limited,Andhra Pradesh,0.09933195148217892,496.6597574108946,5
42,SEM-0009,Continental Device India Private Limited,Punjab,0.08496864023143558,424.8432011571779,7
43,SEM-0002,Tata Electronics Private Limited,Gujarat,0.024058088527393454,120.29044263696727,12
43,SEM-0011,Crystal Matrix Limited,Gujarat,0.06092266263217906,304.6133131608953,10
43,SEM-0012,Suchi Semicon Private Limited,Gujarat,0.057893258390707775,289.46629195353887,11
43,SEM-0004,CG Power and Industrial Solutions Limited,Gujarat,0.07353829374109068,367.6914687054534,8
43,SEM-0005,Kaynes Technology India Limited,Gujarat,0.07351776823956943,367.58884119784716,9
43,SEM-0003,Tata Electronics Private Limited,Assam,0.09473215902322359,473.6607951161179,7
43,SEM-0001,Micron Technology Inc.,Gujarat,0.10501434685080108,525.0717342540054,2
43,SEM-0006,Vama Sundari Investments (Delhi) Private Limited / Foxconn,Uttar Pradesh,0.10513112607126329,525.6556303563165,1
43,SEM-0008,SiCSem Private Limited,Odisha,0.1040717937569612,520.3589687848059,3
43,SEM-0007,3D Glass Solutions Inc.,Odisha,0.10393566385494167,519.6783192747083,4
43,SEM-0010,Advanced System in Package Technologies Private Limited,Andhra Pradesh,0.100952484802295,504.762424011475,5
43,SEM-0009,Continental Device India Private Limited,Punjab,0.09623235410957381,481.1617705478691,6
44,SEM-0002,Tata Electronics Private Limited,Gujarat,0.03732730397559201,186.63651987796004,12
44,SEM-0011,Crystal Matrix Limited,Gujarat,0.0627558573253263,313.7792866266315,10
44,SEM-0012,Suchi Semicon Private Limited,Gujarat,0.05706465878528653,285.32329392643265,11
44,SEM-0004,CG Power and Industrial Solutions Limited,Gujarat,0.07628890985089719,381.44454925448593,8
44,SEM-0005,Kaynes Technology India Limited,Gujarat,0.07433060684534323,371.65303422671616,9
44,SEM-0003,Tata Electronics Private Limited,Assam,0.09844914111239696,492.2457055619848,5
44,SEM-0001,Micron Technology Inc.,Gujarat,0.10732038011708465,536.6019005854233,1
44,SEM-0006,Vama Sundari Investments (Delhi) Private Limited / Foxconn,Uttar Pradesh,0.10320910977302557,516.0455488651278,2
44,SEM-0008,SiCSem Private Limited,Odisha,0.10088494747539585,504.42473737697924,3
44,SEM-0007,3D Glass Solutions Inc.,Odisha,0.10061833330017526,503.09166650087633,4
44,SEM-0010,Advanced System in Package Technologies Private Limited,Andhra Pradesh,0.09465370882976187,473.2685441488094,6
44,SEM-0009,Continental Device India Private Limited,Punjab,0.0870970426097147,435.4852130485735,7
45,SEM-0002,Tata Electronics Private Limited,Gujarat,0.059034107059740645,295.1705352987032,11
45,SEM-0011,Crystal Matrix Limited,Gujarat,0.0657547381841382,328.77369092069097,10
45,SEM-0012,Suchi Semicon Private Limited,Gujarat,0.055709171828224255,278.5458591411213,12
45,SEM-0004,CG Power and Industrial Solutions Limited,Gujarat,0.08078857921633527,403.94289608167634,7
45,SEM-0005,Kaynes Technology India Limited,Gujarat,0.07566031074710042,378.30155373550207,8
45,SEM-0003,Tata Electronics Private Limited,Assam,0.10452966626416448,522.6483313208224,2
45,SEM-0001,Micron Technology Inc.,Gujarat,0.1110927666769479,555.4638333847395,1
45,SEM-0006,Vama Sundari Investments (Delhi) Private Limited / Foxconn,Uttar Pradesh,0.10006492770188169,500.32463850940843,3
45,SEM-0008,SiCSem Private Limited,Odisha,0.09567165924720727,478.3582962360364,4
45,SEM-0007,3D Glass Solutions Inc.,Odisha,0.09519158886313926,475.9579443156963,5
45,SEM-0010,Advanced System in Package Technologies Private Limited,Andhra Pradesh,0.0843496866936599,421.7484334682995,6
45,SEM-0009,Continental Device India Private Limited,Punjab,0.0721527975174608,360.76398758730403,9
46,SEM-0002,Tata Electronics Private Limited,Gujarat,0.024058088527393454,120.29044263696727,12
46,SEM-0011,Crystal Matrix Limited,Gujarat,0.06092266263217906,304.6133131608953,10
46,SEM-0012,Suchi Semicon Private Limited,Gujarat,0.057893258390707775,289.46629195353887,11
46,SEM-0004,CG Power and Industrial Solutions Limited,Gujarat,0.07353829374109068,367.6914687054534,8
46,SEM-0005,Kaynes Technology India Limited,Gujarat,0.07351776823956943,367.58884119784716,9
46,SEM-0003,Tata Electronics Private Limited,Assam,0.09473215902322359,473.6607951161179,7
46,SEM-0001,Micron Technology Inc.,Gujarat,0.10501434685080108,525.0717342540054,2
46,SEM-0006,Vama Sundari Investments (Delhi) Private Limited / Foxconn,Uttar Pradesh,0.10513112607126329,525.6556303563165,1
46,SEM-0008,SiCSem Private Limited,Odisha,0.1040717937569612,520.3589687848059,3
46,SEM-0007,3D Glass Solutions Inc.,Odisha,0.10393566385494167,519.6783192747083,4
46,SEM-0010,Advanced System in Package Technologies Private Limited,Andhra Pradesh,0.100952484802295,504.762424011475,5
46,SEM-0009,Continental Device India Private Limited,Punjab,0.09623235410957381,481.1617705478691,6
47,SEM-0002,Tata Electronics Private Limited,Gujarat,0.03732730397559201,186.63651987796004,12
47,SEM-0011,Crystal Matrix Limited,Gujarat,0.0627558573253263,313.7792866266315,10
47,SEM-0012,Suchi Semicon Private Limited,Gujarat,0.05706465878528653,285.32329392643265,11
47,SEM-0004,CG Power and Industrial Solutions Limited,Gujarat,0.07628890985089719,381.44454925448593,8
47,SEM-0005,Kaynes Technology India Limited,Gujarat,0.07433060684534323,371.65303422671616,9
47,SEM-0003,Tata Electronics Private Limited,Assam,0.09844914111239696,492.2457055619848,5
47,SEM-0001,Micron Technology Inc.,Gujarat,0.10732038011708465,536.6019005854233,1
47,SEM-0006,Vama Sundari Investments (Delhi) Private Limited / Foxconn,Uttar Pradesh,0.10320910977302557,516.0455488651278,2
47,SEM-0008,SiCSem Private Limited,Odisha,0.10088494747539585,504.42473737697924,3
47,SEM-0007,3D Glass Solutions Inc.,Odisha,0.10061833330017526,503.09166650087633,4
47,SEM-0010,Advanced System in Package Technologies Private Limited,Andhra Pradesh,0.09465370882976187,473.2685441488094,6
47,SEM-0009,Continental Device India Private Limited,Punjab,0.0870970426097147,435.4852130485735,7
48,SEM-0002,Tata Electronics Private Limited,Gujarat,0.059034107059740645,295.1705352987032,11
48,SEM-0011,Crystal Matrix Limited,Gujarat,0.0657547381841382,328.77369092069097,10
48,SEM-0012,Suchi Semicon Private Limited,Gujarat,0.055709171828224255,278.5458591411213,12
48,SEM-0004,CG Power and Industrial Solutions Limited,Gujarat,0.08078857921633527,403.94289608167634,7
48,SEM-0005,Kaynes Technology India Limited,Gujarat,0.07566031074710042,378.30155373550207,8
48,SEM-0003,Tata Electronics Private Limited,Assam,0.10452966626416448,522.6483313208224,2
48,SEM-0001,Micron Technology Inc.,Gujarat,0.1110927666769479,555.4638333847395,1
48,SEM-0006,Vama Sundari Investments (Delhi) Private Limited / Foxconn,Uttar Pradesh,0.10006492770188169,500.32463850940843,3
48,SEM-0008,SiCSem Private Limited,Odisha,0.09567165924720727,478.3582962360364,4
48,SEM-0007,3D Glass Solutions Inc.,Odisha,0.09519158886313926,475.9579443156963,5
48,SEM-0010,Advanced System in Package Technologies Private Limited,Andhra Pradesh,0.0843496866936599,421.7484334682995,6
48,SEM-0009,Continental Device India Private Limited,Punjab,0.0721527975174608,360.76398758730403,9
49,SEM-0002,Tata Electronics Private Limited,Gujarat,0.024058088527393454,120.29044263696727,12
49,SEM-0011,Crystal Matrix Limited,Gujarat,0.06092266263217906,304.6133131608953,10
49,SEM-0012,Suchi Semicon Private Limited,Gujarat,0.057893258390707775,289.46629195353887,11
49,SEM-0004,CG Power and Industrial Solutions Limited,Gujarat,0.07353829374109068,367.6914687054534,8
49,SEM-0005,Kaynes Technology India Limited,Gujarat,0.07351776823956943,367.58884119784716,9
49,SEM-0003,Tata Electronics Private Limited,Assam,0.09473215902322359,473.6607951161179,7
49,SEM-0001,Micron Technology Inc.,Gujarat,0.10501434685080108,525.0717342540054,2
49,SEM-0006,Vama Sundari Investments (Delhi) Private Limited / Foxconn,Uttar Pradesh,0.10513112607126329,525.6556303563165,1
49,SEM-0008,SiCSem Private Limited,Odisha,0.1040717937569612,520.3589687848059,3
49,SEM-0007,3D Glass Solutions Inc.,Odisha,0.10393566385494167,519.6783192747083,4
49,SEM-0010,Advanced System in Package Technologies Private Limited,Andhra Pradesh,0.100952484802295,504.762424011475,5
49,SEM-0009,Continental Device India Private Limited,Punjab,0.09623235410957381,481.1617705478691,6
50,SEM-0002,Tata Electronics Private Limited,Gujarat,0.03732730397559201,186.63651987796004,12
50,SEM-0011,Crystal Matrix Limited,Gujarat,0.0627558573253263,313.7792866266315,10
50,SEM-0012,Suchi Semicon Private Limited,Gujarat,0.05706465878528653,285.32329392643265,11
50,SEM-0004,CG Power and Industrial Solutions Limited,Gujarat,0.07628890985089719,381.44454925448593,8
50,SEM-0005,Kaynes Technology India Limited,Gujarat,0.07433060684534323,371.65303422671616,9
50,SEM-0003,Tata Electronics Private Limited,Assam,0.09844914111239696,492.2457055619848,5
50,SEM-0001,Micron Technology Inc.,Gujarat,0.10732038011708465,536.6019005854233,1
50,SEM-0006,Vama Sundari Investments (Delhi) Private Limited / Foxconn,Uttar Pradesh,0.10320910977302557,516.0455488651278,2
50,SEM-0008,SiCSem Private Limited,Odisha,0.10088494747539585,504.42473737697924,3
50,SEM-0007,3D Glass Solutions Inc.,Odisha,0.10061833330017526,503.09166650087633,4
50,SEM-0010,Advanced System in Package Technologies Private Limited,Andhra Pradesh,0.09465370882976187,473.2685441488094,6
50,SEM-0009,Continental Device India Private Limited,Punjab,0.0870970426097147,435.4852130485735,7
51,SEM-0002,Tata Electronics Private Limited,Gujarat,0.059034107059740645,295.1705352987032,11
51,SEM-0011,Crystal Matrix Limited,Gujarat,0.0657547381841382,328.77369092069097,10
51,SEM-0012,Suchi Semicon Private Limited,Gujarat,0.055709171828224255,278.5458591411213,12
51,SEM-0004,CG Power and Industrial Solutions Limited,Gujarat,0.08078857921633527,403.94289608167634,7
51,SEM-0005,Kaynes Technology India Limited,Gujarat,0.07566031074710042,378.30155373550207,8
51,SEM-0003,Tata Electronics Private Limited,Assam,0.10452966626416448,522.6483313208224,2
51,SEM-0001,Micron Technology Inc.,Gujarat,0.1110927666769479,555.4638333847395,1
51,SEM-0006,Vama Sundari Investments (Delhi) Private Limited / Foxconn,Uttar Pradesh,0.10006492770188169,500.32463850940843,3
51,SEM-0008,SiCSem Private Limited,Odisha,0.09567165924720727,478.3582962360364,4
51,SEM-0007,3D Glass Solutions Inc.,Odisha,0.09519158886313926,475.9579443156963,5
51,SEM-0010,Advanced System in Package Technologies Private Limited,Andhra Pradesh,0.0843496866936599,421.7484334682995,6
51,SEM-0009,Continental Device India Private Limited,Punjab,0.0721527975174608,360.76398758730403,9
52,SEM-0002,Tata Electronics Private Limited,Gujarat,0.024058088527393454,120.29044263696727,12
52,SEM-0011,Crystal Matrix Limited,Gujarat,0.06092266263217906,304.6133131608953,10
52,SEM-0012,Suchi Semicon Private Limited,Gujarat,0.057893258390707775,289.46629195353887,11
52,SEM-0004,CG Power and Industrial Solutions Limited,Gujarat,0.07353829374109068,367.6914687054534,8
52,SEM-0005,Kaynes Technology India Limited,Gujarat,0.07351776823956943,367.58884119784716,9
52,SEM-0003,Tata Electronics Private Limited,Assam,0.09473215902322359,473.6607951161179,7
52,SEM-0001,Micron Technology Inc.,Gujarat,0.10501434685080108,525.0717342540054,2
52,SEM-0006,Vama Sundari Investments (Delhi) Private Limited / Foxconn,Uttar Pradesh,0.10513112607126329,525.6556303563165,1
52,SEM-0008,SiCSem Private Limited,Odisha,0.1040717937569612,520.3589687848059,3
52,SEM-0007,3D Glass Solutions Inc.,Odisha,0.10393566385494167,519.6783192747083,4
52,SEM-0010,Advanced System in Package Technologies Private Limited,Andhra Pradesh,0.100952484802295,504.762424011475,5
52,SEM-0009,Continental Device India Private Limited,Punjab,0.09623235410957381,481.1617705478691,6
53,SEM-0002,Tata Electronics Private Limited,Gujarat,0.03732730397559201,186.63651987796004,12
53,SEM-0011,Crystal Matrix Limited,Gujarat,0.0627558573253263,313.7792866266315,10
53,SEM-0012,Suchi Semicon Private Limited,Gujarat,0.05706465878528653,285.32329392643265,11
53,SEM-0004,CG Power and Industrial Solutions Limited,Gujarat,0.07628890985089719,381.44454925448593,8
53,SEM-0005,Kaynes Technology India Limited,Gujarat,0.07433060684534323,371.65303422671616,9
53,SEM-0003,Tata Electronics Private Limited,Assam,0.09844914111239696,492.2457055619848,5
53,SEM-0001,Micron Technology Inc.,Gujarat,0.10732038011708465,536.6019005854233,1
53,SEM-0006,Vama Sundari Investments (Delhi) Private Limited / Foxconn,Uttar Pradesh,0.10320910977302557,516.0455488651278,2
53,SEM-0008,SiCSem Private Limited,Odisha,0.10088494747539585,504.42473737697924,3
53,SEM-0007,3D Glass Solutions Inc.,Odisha,0.10061833330017526,503.09166650087633,4
53,SEM-0010,Advanced System in Package Technologies Private Limited,Andhra Pradesh,0.09465370882976187,473.2685441488094,6
53,SEM-0009,Continental Device India Private Limited,Punjab,0.0870970426097147,435.4852130485735,7
54,SEM-0002,Tata Electronics Private Limited,Gujarat,0.059034107059740645,295.1705352987032,11
54,SEM-0011,Crystal Matrix Limited,Gujarat,0.0657547381841382,328.77369092069097,10
54,SEM-0012,Suchi Semicon Private Limited,Gujarat,0.055709171828224255,278.5458591411213,12
54,SEM-0004,CG Power and Industrial Solutions Limited,Gujarat,0.08078857921633527,403.94289608167634,7
54,SEM-0005,Kaynes Technology India Limited,Gujarat,0.07566031074710042,378.30155373550207,8
54,SEM-0003,Tata Electronics Private Limited,Assam,0.10452966626416448,522.6483313208224,2
54,SEM-0001,Micron Technology Inc.,Gujarat,0.1110927666769479,555.4638333847395,1
54,SEM-0006,Vama Sundari Investments (Delhi) Private Limited / Foxconn,Uttar Pradesh,0.10006492770188169,500.32463850940843,3
54,SEM-0008,SiCSem Private Limited,Odisha,0.09567165924720727,478.3582962360364,4
54,SEM-0007,3D Glass Solutions Inc.,Odisha,0.09519158886313926,475.9579443156963,5
54,SEM-0010,Advanced System in Package Technologies Private Limited,Andhra Pradesh,0.0843496866936599,421.7484334682995,6
54,SEM-0009,Continental Device India Private Limited,Punjab,0.0721527975174608,360.76398758730403,9
55,SEM-0002,Tata Electronics Private Limited,Gujarat,0.02132029367344766,213.2029367344766,12
55,SEM-0011,Crystal Matrix Limited,Gujarat,0.05398970318059429,539.8970318059429,10
55,SEM-0012,Suchi Semicon Private Limited,Gujarat,0.05130504317486633,513.0504317486633,11
55,SEM-0004,CG Power and Industrial Solutions Limited,Gujarat,0.06516968366040754,651.6968366040754,8
55,SEM-0005,Kaynes Technology India Limited,Gujarat,0.06515149394763257,651.5149394763257,9
55,SEM-0003,Tata Electronics Private Limited,Assam,0.10176900310613907,1017.6900310613906,6
55,SEM-0001,Micron Technology Inc.,Gujarat,0.09306378236305157,930.6378236305158,7
55,SEM-0006,Vama Sundari Investments (Delhi) Private Limited / Foxconn,Uttar Pradesh,0.11294042071895997,1129.4042071895997,1
55,SEM-0008,SiCSem Private Limited,Odisha,0.11180239964252474,1118.0239964252473,2
55,SEM-0007,3D Glass Solutions Inc.,Odisha,0.11165615781119408,1116.5615781119407,3
55,SEM-0010,Advanced System in Package Technologies Private Limited,Andhra Pradesh,0.10845138383153062,1084.5138383153062,4
55,SEM-0009,Continental Device India Private Limited,Punjab,0.1033806348896516,1033.806348896516,5
56,SEM-0002,Tata Electronics Private Limited,Gujarat,0.03147420619680592,314.74206196805926,12
56,SEM-0011,Crystal Matrix Limited,Gujarat,0.052915442133356666,529.1544213335667,10
56,SEM-0012,Suchi Semicon Private Limited,Gujarat,0.048116650437248595,481.166504372486,11
56,SEM-0004,CG Power and Industrial Solutions Limited,Gujarat,0.06432644802707306,643.2644802707306,8
56,SEM-0005,Kaynes Technology India Limited,Gujarat,0.0626752161933212,626.7521619332119,9
56,SEM-0003,Tata Electronics Private Limited,Assam,0.10940433902986811,1094.043390298681,4
56,SEM-0001,Micron Technology Inc.,Gujarat,0.09049203701219466,904.9203701219466,7
56,SEM-0006,Vama Sundari Investments (Delhi) Private Limited / Foxconn,Uttar Pradesh,0.11469398624501669,1146.9398624501669,1
56,SEM-0008,SiCSem Private Limited,Odisha,0.1121111964197604,1121.111964197604,2
56,SEM-0007,3D Glass Solutions Inc.,Odisha,0.11181491402169762,1118.149140216976,3
56,SEM-0010,Advanced System in Package Technologies Private Limited,Andhra Pradesh,0.1051865596209015,1051.865596209015,5
56,SEM-0009,Continental Device India Private Limited,Punjab,0.09678900466275582,967.8900466275581,6
57,SEM-0002,Tata Electronics Private Limited,Gujarat,0.04611631219999565,461.1631219999565,11
57,SEM-0011,Crystal Matrix Limited,Gujarat,0.05136634033712128,513.6634033712128,10
57,SEM-0012,Suchi Semicon Private Limited,Gujarat,0.04351893656719061,435.1893656719061,12
57,SEM-0004,CG Power and Industrial Solutions Limited,Gujarat,0.0631104886123599,631.104886123599,8
57,SEM-0005,Kaynes Technology India Limited,Gujarat,0.0591043836409863,591.043836409863,9
57,SEM-0003,Tata Electronics Private Limited,Assam,0.12309631659344128,1230.9631659344127,1
57,SEM-0001,Micron Technology Inc.,Gujarat,0.08678353864234616,867.8353864234616,6
57,SEM-0006,Vama Sundari Investments (Delhi) Private Limited / Foxconn,Uttar Pradesh,0.11783854728055748,1178.3854728055749,2
57,SEM-0008,SiCSem Private Limited,Odisha,0.11266494265802002,1126.6494265802003,3
57,SEM-0007,3D Glass Solutions Inc.,Odisha,0.11209960175436662,1120.996017543666,4
57,SEM-0010,Advanced System in Package Technologies Private Limited,Andhra Pradesh,0.09933195148217892,993.3195148217892,5
57,SEM-0009,Continental Device India Private Limited,Punjab,0.08496864023143558,849.6864023143557,7
58,SEM-0002,Tata Electronics Private Limited,Gujarat,0.02132029367344766,213.2029367344766,12
58,SEM-0011,Crystal Matrix Limited,Gujarat,0.05398970318059429,539.8970318059429,10
58,SEM-0012,Suchi Semicon Private Limited,Gujarat,0.05130504317486633,513.0504317486633,11
58,SEM-0004,CG Power and Industrial Solutions Limited,Gujarat,0.06516968366040754,651.6968366040754,8
58,SEM-0005,Kaynes Technology India Limited,Gujarat,0.06515149394763257,651.5149394763257,9
58,SEM-0003,Tata Electronics Private Limited,Assam,0.10176900310613907,1017.6900310613906,6
58,SEM-0001,Micron Technology Inc.,Gujarat,0.09306378236305157,930.6378236305158,7
58,SEM-0006,Vama Sundari Investments (Delhi) Private Limited / Foxconn,Uttar Pradesh,0.11294042071895997,1129.4042071895997,1
58,SEM-0008,SiCSem Private Limited,Odisha,0.11180239964252474,1118.0239964252473,2
58,SEM-0007,3D Glass Solutions Inc.,Odisha,0.11165615781119408,1116.5615781119407,3
58,SEM-0010,Advanced System in Package Technologies Private Limited,Andhra Pradesh,0.10845138383153062,1084.5138383153062,4
58,SEM-0009,Continental Device India Private Limited,Punjab,0.1033806348896516,1033.806348896516,5
59,SEM-0002,Tata Electronics Private Limited,Gujarat,0.03147420619680592,314.74206196805926,12
59,SEM-0011,Crystal Matrix Limited,Gujarat,0.052915442133356666,529.1544213335667,10
59,SEM-0012,Suchi Semicon Private Limited,Gujarat,0.048116650437248595,481.166504372486,11
59,SEM-0004,CG Power and Industrial Solutions Limited,Gujarat,0.06432644802707306,643.2644802707306,8
59,SEM-0005,Kaynes Technology India Limited,Gujarat,0.0626752161933212,626.7521619332119,9
59,SEM-0003,Tata Electronics Private Limited,Assam,0.10940433902986811,1094.043390298681,4
59,SEM-0001,Micron Technology Inc.,Gujarat,0.09049203701219466,904.9203701219466,7
59,SEM-0006,Vama Sundari Investments (Delhi) Private Limited / Foxconn,Uttar Pradesh,0.11469398624501669,1146.9398624501669,1
59,SEM-0008,SiCSem Private Limited,Odisha,0.1121111964197604,1121.111964197604,2
59,SEM-0007,3D Glass Solutions Inc.,Odisha,0.11181491402169762,1118.149140216976,3
59,SEM-0010,Advanced System in Package Technologies Private Limited,Andhra Pradesh,0.1051865596209015,1051.865596209015,5
59,SEM-0009,Continental Device India Private Limited,Punjab,0.09678900466275582,967.8900466275581,6
60,SEM-0002,Tata Electronics Private Limited,Gujarat,0.04611631219999565,461.1631219999565,11
60,SEM-0011,Crystal Matrix Limited,Gujarat,0.05136634033712128,513.6634033712128,10
60,SEM-0012,Suchi Semicon Private Limited,Gujarat,0.04351893656719061,435.1893656719061,12
60,SEM-0004,CG Power and Industrial Solutions Limited,Gujarat,0.0631104886123599,631.104886123599,8
60,SEM-0005,Kaynes Technology India Limited,Gujarat,0.0591043836409863,591.043836409863,9
60,SEM-0003,Tata Electronics Private Limited,Assam,0.12309631659344128,1230.9631659344127,1
60,SEM-0001,Micron Technology Inc.,Gujarat,0.08678353864234616,867.8353864234616,6
60,SEM-0006,Vama Sundari Investments (Delhi) Private Limited / Foxconn,Uttar Pradesh,0.11783854728055748,1178.3854728055749,2
60,SEM-0008,SiCSem Private Limited,Odisha,0.11266494265802002,1126.6494265802003,3
60,SEM-0007,3D Glass Solutions Inc.,Odisha,0.11209960175436662,1120.996017543666,4
60,SEM-0010,Advanced System in Package Technologies Private Limited,Andhra Pradesh,0.09933195148217892,993.3195148217892,5
60,SEM-0009,Continental Device India Private Limited,Punjab,0.08496864023143558,849.6864023143557,7
61,SEM-0002,Tata Electronics Private Limited,Gujarat,0.024058088527393454,240.58088527393454,12
61,SEM-0011,Crystal Matrix Limited,Gujarat,0.06092266263217906,609.2266263217906,10
61,SEM-0012,Suchi Semicon Private Limited,Gujarat,0.057893258390707775,578.9325839070777,11
61,SEM-0004,CG Power and Industrial Solutions Limited,Gujarat,0.07353829374109068,735.3829374109068,8
61,SEM-0005,Kaynes Technology India Limited,Gujarat,0.07351776823956943,735.1776823956943,9
61,SEM-0003,Tata Electronics Private Limited,Assam,0.09473215902322359,947.3215902322358,7
61,SEM-0001,Micron Technology Inc.,Gujarat,0.10501434685080108,1050.1434685080108,2
61,SEM-0006,Vama Sundari Investments (Delhi) Private Limited / Foxconn,Uttar Pradesh,0.10513112607126329,1051.311260712633,1
61,SEM-0008,SiCSem Private Limited,Odisha,0.1040717937569612,1040.7179375696119,3
61,SEM-0007,3D Glass Solutions Inc.,Odisha,0.10393566385494167,1039.3566385494166,4
61,SEM-0010,Advanced System in Package Technologies Private Limited,Andhra Pradesh,0.100952484802295,1009.52484802295,5
61,SEM-0009,Continental Device India Private Limited,Punjab,0.09623235410957381,962.3235410957382,6
62,SEM-0002,Tata Electronics Private Limited,Gujarat,0.03732730397559201,373.2730397559201,12
62,SEM-0011,Crystal Matrix Limited,Gujarat,0.0627558573253263,627.558573253263,10
62,SEM-0012,Suchi Semicon Private Limited,Gujarat,0.05706465878528653,570.6465878528653,11
62,SEM-0004,CG Power and Industrial Solutions Limited,Gujarat,0.07628890985089719,762.8890985089719,8
62,SEM-0005,Kaynes Technology India Limited,Gujarat,0.07433060684534323,743.3060684534323,9
62,SEM-0003,Tata Electronics Private Limited,Assam,0.09844914111239696,984.4914111239696,5
62,SEM-0001,Micron Technology Inc.,Gujarat,0.10732038011708465,1073.2038011708466,1
62,SEM-0006,Vama Sundari Investments (Delhi) Private Limited / Foxconn,Uttar Pradesh,0.10320910977302557,1032.0910977302556,2
62,SEM-0008,SiCSem Private Limited,Odisha,0.10088494747539585,1008.8494747539585,3
62,SEM-0007,3D Glass Solutions Inc.,Odisha,0.10061833330017526,1006.1833330017527,4
62,SEM-0010,Advanced System in Package Technologies Private Limited,Andhra Pradesh,0.09465370882976187,946.5370882976188,6
62,SEM-0009,Continental Device India Private Limited,Punjab,0.0870970426097147,870.970426097147,7
63,SEM-0002,Tata Electronics Private Limited,Gujarat,0.059034107059740645,590.3410705974064,11
63,SEM-0011,Crystal Matrix Limited,Gujarat,0.0657547381841382,657.5473818413819,10
63,SEM-0012,Suchi Semicon Private Limited,Gujarat,0.055709171828224255,557.0917182822426,12
63,SEM-0004,CG Power and Industrial Solutions Limited,Gujarat,0.08078857921633527,807.8857921633527,7
63,SEM-0005,Kaynes Technology India Limited,Gujarat,0.07566031074710042,756.6031074710041,8
63,SEM-0003,Tata Electronics Private Limited,Assam,0.10452966626416448,1045.2966626416448,2
63,SEM-0001,Micron Technology Inc.,Gujarat,0.1110927666769479,1110.927666769479,1
63,SEM-0006,Vama Sundari Investments (Delhi) Private Limited / Foxconn,Uttar Pradesh,0.10006492770188169,1000.6492770188169,3
63,SEM-0008,SiCSem Private Limited,Odisha,0.09567165924720727,956.7165924720728,4
63,SEM-0007,3D Glass Solutions Inc.,Odisha,0.09519158886313926,951.9158886313926,5
63,SEM-0010,Advanced System in Package Technologies Private Limited,Andhra Pradesh,0.0843496866936599,843.496866936599,6
63,SEM-0009,Continental Device India Private Limited,Punjab,0.0721527975174608,721.5279751746081,9
64,SEM-0002,Tata Electronics Private Limited,Gujarat,0.024058088527393454,240.58088527393454,12
64,SEM-0011,Crystal Matrix Limited,Gujarat,0.06092266263217906,609.2266263217906,10
64,SEM-0012,Suchi Semicon Private Limited,Gujarat,0.057893258390707775,578.9325839070777,11
64,SEM-0004,CG Power and Industrial Solutions Limited,Gujarat,0.07353829374109068,735.3829374109068,8
64,SEM-0005,Kaynes Technology India Limited,Gujarat,0.07351776823956943,735.1776823956943,9
64,SEM-0003,Tata Electronics Private Limited,Assam,0.09473215902322359,947.3215902322358,7
64,SEM-0001,Micron Technology Inc.,Gujarat,0.10501434685080108,1050.1434685080108,2
64,SEM-0006,Vama Sundari Investments (Delhi) Private Limited / Foxconn,Uttar Pradesh,0.10513112607126329,1051.311260712633,1
64,SEM-0008,SiCSem Private Limited,Odisha,0.1040717937569612,1040.7179375696119,3
64,SEM-0007,3D Glass Solutions Inc.,Odisha,0.10393566385494167,1039.3566385494166,4
64,SEM-0010,Advanced System in Package Technologies Private Limited,Andhra Pradesh,0.100952484802295,1009.52484802295,5
64,SEM-0009,Continental Device India Private Limited,Punjab,0.09623235410957381,962.3235410957382,6
65,SEM-0002,Tata Electronics Private Limited,Gujarat,0.03732730397559201,373.2730397559201,12
65,SEM-0011,Crystal Matrix Limited,Gujarat,0.0627558573253263,627.558573253263,10
65,SEM-0012,Suchi Semicon Private Limited,Gujarat,0.05706465878528653,570.6465878528653,11
65,SEM-0004,CG Power and Industrial Solutions Limited,Gujarat,0.07628890985089719,762.8890985089719,8
65,SEM-0005,Kaynes Technology India Limited,Gujarat,0.07433060684534323,743.3060684534323,9
65,SEM-0003,Tata Electronics Private Limited,Assam,0.09844914111239696,984.4914111239696,5
65,SEM-0001,Micron Technology Inc.,Gujarat,0.10732038011708465,1073.2038011708466,1
65,SEM-0006,Vama Sundari Investments (Delhi) Private Limited / Foxconn,Uttar Pradesh,0.10320910977302557,1032.0910977302556,2
65,SEM-0008,SiCSem Private Limited,Odisha,0.10088494747539585,1008.8494747539585,3
65,SEM-0007,3D Glass Solutions Inc.,Odisha,0.10061833330017526,1006.1833330017527,4
65,SEM-0010,Advanced System in Package Technologies Private Limited,Andhra Pradesh,0.09465370882976187,946.5370882976188,6
65,SEM-0009,Continental Device India Private Limited,Punjab,0.0870970426097147,870.970426097147,7
66,SEM-0002,Tata Electronics Private Limited,Gujarat,0.059034107059740645,590.3410705974064,11
66,SEM-0011,Crystal Matrix Limited,Gujarat,0.0657547381841382,657.5473818413819,10
66,SEM-0012,Suchi Semicon Private Limited,Gujarat,0.055709171828224255,557.0917182822426,12
66,SEM-0004,CG Power and Industrial Solutions Limited,Gujarat,0.08078857921633527,807.8857921633527,7
66,SEM-0005,Kaynes Technology India Limited,Gujarat,0.07566031074710042,756.6031074710041,8
66,SEM-0003,Tata Electronics Private Limited,Assam,0.10452966626416448,1045.2966626416448,2
66,SEM-0001,Micron Technology Inc.,Gujarat,0.1110927666769479,1110.927666769479,1
66,SEM-0006,Vama Sundari Investments (Delhi) Private Limited / Foxconn,Uttar Pradesh,0.10006492770188169,1000.6492770188169,3
66,SEM-0008,SiCSem Private Limited,Odisha,0.09567165924720727,956.7165924720728,4
66,SEM-0007,3D Glass Solutions Inc.,Odisha,0.09519158886313926,951.9158886313926,5
66,SEM-0010,Advanced System in Package Technologies Private Limited,Andhra Pradesh,0.0843496866936599,843.496866936599,6
66,SEM-0009,Continental Device India Private Limited,Punjab,0.0721527975174608,721.5279751746081,9
67,SEM-0002,Tata Electronics Private Limited,Gujarat,0.024058088527393454,240.58088527393454,12
67,SEM-0011,Crystal Matrix Limited,Gujarat,0.06092266263217906,609.2266263217906,10
67,SEM-0012,Suchi Semicon Private Limited,Gujarat,0.057893258390707775,578.9325839070777,11
67,SEM-0004,CG Power and Industrial Solutions Limited,Gujarat,0.07353829374109068,735.3829374109068,8
67,SEM-0005,Kaynes Technology India Limited,Gujarat,0.07351776823956943,735.1776823956943,9
67,SEM-0003,Tata Electronics Private Limited,Assam,0.09473215902322359,947.3215902322358,7
67,SEM-0001,Micron Technology Inc.,Gujarat,0.10501434685080108,1050.1434685080108,2
67,SEM-0006,Vama Sundari Investments (Delhi) Private Limited / Foxconn,Uttar Pradesh,0.10513112607126329,1051.311260712633,1
67,SEM-0008,SiCSem Private Limited,Odisha,0.1040717937569612,1040.7179375696119,3
67,SEM-0007,3D Glass Solutions Inc.,Odisha,0.10393566385494167,1039.3566385494166,4
67,SEM-0010,Advanced System in Package Technologies Private Limited,Andhra Pradesh,0.100952484802295,1009.52484802295,5
67,SEM-0009,Continental Device India Private Limited,Punjab,0.09623235410957381,962.3235410957382,6
68,SEM-0002,Tata Electronics Private Limited,Gujarat,0.03732730397559201,373.2730397559201,12
68,SEM-0011,Crystal Matrix Limited,Gujarat,0.0627558573253263,627.558573253263,10
68,SEM-0012,Suchi Semicon Private Limited,Gujarat,0.05706465878528653,570.6465878528653,11
68,SEM-0004,CG Power and Industrial Solutions Limited,Gujarat,0.07628890985089719,762.8890985089719,8
68,SEM-0005,Kaynes Technology India Limited,Gujarat,0.07433060684534323,743.3060684534323,9
68,SEM-0003,Tata Electronics Private Limited,Assam,0.09844914111239696,984.4914111239696,5
68,SEM-0001,Micron Technology Inc.,Gujarat,0.10732038011708465,1073.2038011708466,1
68,SEM-0006,Vama Sundari Investments (Delhi) Private Limited / Foxconn,Uttar Pradesh,0.10320910977302557,1032.0910977302556,2
68,SEM-0008,SiCSem Private Limited,Odisha,0.10088494747539585,1008.8494747539585,3
68,SEM-0007,3D Glass Solutions Inc.,Odisha,0.10061833330017526,1006.1833330017527,4
68,SEM-0010,Advanced System in Package Technologies Private Limited,Andhra Pradesh,0.09465370882976187,946.5370882976188,6
68,SEM-0009,Continental Device India Private Limited,Punjab,0.0870970426097147,870.970426097147,7
69,SEM-0002,Tata Electronics Private Limited,Gujarat,0.059034107059740645,590.3410705974064,11
69,SEM-0011,Crystal Matrix Limited,Gujarat,0.0657547381841382,657.5473818413819,10
69,SEM-0012,Suchi Semicon Private Limited,Gujarat,0.055709171828224255,557.0917182822426,12
69,SEM-0004,CG Power and Industrial Solutions Limited,Gujarat,0.08078857921633527,807.8857921633527,7
69,SEM-0005,Kaynes Technology India Limited,Gujarat,0.07566031074710042,756.6031074710041,8
69,SEM-0003,Tata Electronics Private Limited,Assam,0.10452966626416448,1045.2966626416448,2
69,SEM-0001,Micron Technology Inc.,Gujarat,0.1110927666769479,1110.927666769479,1
69,SEM-0006,Vama Sundari Investments (Delhi) Private Limited / Foxconn,Uttar Pradesh,0.10006492770188169,1000.6492770188169,3
69,SEM-0008,SiCSem Private Limited,Odisha,0.09567165924720727,956.7165924720728,4
69,SEM-0007,3D Glass Solutions Inc.,Odisha,0.09519158886313926,951.9158886313926,5
69,SEM-0010,Advanced System in Package Technologies Private Limited,Andhra Pradesh,0.0843496866936599,843.496866936599,6
69,SEM-0009,Continental Device India Private Limited,Punjab,0.0721527975174608,721.5279751746081,9
70,SEM-0002,Tata Electronics Private Limited,Gujarat,0.024058088527393454,240.58088527393454,12
70,SEM-0011,Crystal Matrix Limited,Gujarat,0.06092266263217906,609.2266263217906,10
70,SEM-0012,Suchi Semicon Private Limited,Gujarat,0.057893258390707775,578.9325839070777,11
70,SEM-0004,CG Power and Industrial Solutions Limited,Gujarat,0.07353829374109068,735.3829374109068,8
70,SEM-0005,Kaynes Technology India Limited,Gujarat,0.07351776823956943,735.1776823956943,9
70,SEM-0003,Tata Electronics Private Limited,Assam,0.09473215902322359,947.3215902322358,7
70,SEM-0001,Micron Technology Inc.,Gujarat,0.10501434685080108,1050.1434685080108,2
70,SEM-0006,Vama Sundari Investments (Delhi) Private Limited / Foxconn,Uttar Pradesh,0.10513112607126329,1051.311260712633,1
70,SEM-0008,SiCSem Private Limited,Odisha,0.1040717937569612,1040.7179375696119,3
70,SEM-0007,3D Glass Solutions Inc.,Odisha,0.10393566385494167,1039.3566385494166,4
70,SEM-0010,Advanced System in Package Technologies Private Limited,Andhra Pradesh,0.100952484802295,1009.52484802295,5
70,SEM-0009,Continental Device India Private Limited,Punjab,0.09623235410957381,962.3235410957382,6
71,SEM-0002,Tata Electronics Private Limited,Gujarat,0.03732730397559201,373.2730397559201,12
71,SEM-0011,Crystal Matrix Limited,Gujarat,0.0627558573253263,627.558573253263,10
71,SEM-0012,Suchi Semicon Private Limited,Gujarat,0.05706465878528653,570.6465878528653,11
71,SEM-0004,CG Power and Industrial Solutions Limited,Gujarat,0.07628890985089719,762.8890985089719,8
71,SEM-0005,Kaynes Technology India Limited,Gujarat,0.07433060684534323,743.3060684534323,9
71,SEM-0003,Tata Electronics Private Limited,Assam,0.09844914111239696,984.4914111239696,5
71,SEM-0001,Micron Technology Inc.,Gujarat,0.10732038011708465,1073.2038011708466,1
71,SEM-0006,Vama Sundari Investments (Delhi) Private Limited / Foxconn,Uttar Pradesh,0.10320910977302557,1032.0910977302556,2
71,SEM-0008,SiCSem Private Limited,Odisha,0.10088494747539585,1008.8494747539585,3
71,SEM-0007,3D Glass Solutions Inc.,Odisha,0.10061833330017526,1006.1833330017527,4
71,SEM-0010,Advanced System in Package Technologies Private Limited,Andhra Pradesh,0.09465370882976187,946.5370882976188,6
71,SEM-0009,Continental Device India Private Limited,Punjab,0.0870970426097147,870.970426097147,7
72,SEM-0002,Tata Electronics Private Limited,Gujarat,0.059034107059740645,590.3410705974064,11
72,SEM-0011,Crystal Matrix Limited,Gujarat,0.0657547381841382,657.5473818413819,10
72,SEM-0012,Suchi Semicon Private Limited,Gujarat,0.055709171828224255,557.0917182822426,12
72,SEM-0004,CG Power and Industrial Solutions Limited,Gujarat,0.08078857921633527,807.8857921633527,7
72,SEM-0005,Kaynes Technology India Limited,Gujarat,0.07566031074710042,756.6031074710041,8
72,SEM-0003,Tata Electronics Private Limited,Assam,0.10452966626416448,1045.2966626416448,2
72,SEM-0001,Micron Technology Inc.,Gujarat,0.1110927666769479,1110.927666769479,1
72,SEM-0006,Vama Sundari Investments (Delhi) Private Limited / Foxconn,Uttar Pradesh,0.10006492770188169,1000.6492770188169,3
72,SEM-0008,SiCSem Private Limited,Odisha,0.09567165924720727,956.7165924720728,4
72,SEM-0007,3D Glass Solutions Inc.,Odisha,0.09519158886313926,951.9158886313926,5
72,SEM-0010,Advanced System in Package Technologies Private Limited,Andhra Pradesh,0.0843496866936599,843.496866936599,6
72,SEM-0009,Continental Device India Private Limited,Punjab,0.0721527975174608,721.5279751746081,9
73,SEM-0002,Tata Electronics Private Limited,Gujarat,0.02132029367344766,213.2029367344766,12
73,SEM-0011,Crystal Matrix Limited,Gujarat,0.05398970318059429,539.8970318059429,10
73,SEM-0012,Suchi Semicon Private Limited,Gujarat,0.05130504317486633,513.0504317486633,11
73,SEM-0004,CG Power and Industrial Solutions Limited,Gujarat,0.06516968366040754,651.6968366040754,8
73,SEM-0005,Kaynes Technology India Limited,Gujarat,0.06515149394763257,651.5149394763257,9
73,SEM-0003,Tata Electronics Private Limited,Assam,0.10176900310613907,1017.6900310613906,6
73,SEM-0001,Micron Technology Inc.,Gujarat,0.09306378236305157,930.6378236305158,7
73,SEM-0006,Vama Sundari Investments (Delhi) Private Limited / Foxconn,Uttar Pradesh,0.11294042071895997,1129.4042071895997,1
73,SEM-0008,SiCSem Private Limited,Odisha,0.11180239964252474,1118.0239964252473,2
73,SEM-0007,3D Glass Solutions Inc.,Odisha,0.11165615781119408,1116.5615781119407,3
73,SEM-0010,Advanced System in Package Technologies Private Limited,Andhra Pradesh,0.10845138383153062,1084.5138383153062,4
73,SEM-0009,Continental Device India Private Limited,Punjab,0.1033806348896516,1033.806348896516,5
74,SEM-0002,Tata Electronics Private Limited,Gujarat,0.03147420619680592,314.74206196805926,12
74,SEM-0011,Crystal Matrix Limited,Gujarat,0.052915442133356666,529.1544213335667,10
74,SEM-0012,Suchi Semicon Private Limited,Gujarat,0.048116650437248595,481.166504372486,11
74,SEM-0004,CG Power and Industrial Solutions Limited,Gujarat,0.06432644802707306,643.2644802707306,8
74,SEM-0005,Kaynes Technology India Limited,Gujarat,0.0626752161933212,626.7521619332119,9
74,SEM-0003,Tata Electronics Private Limited,Assam,0.10940433902986811,1094.043390298681,4
74,SEM-0001,Micron Technology Inc.,Gujarat,0.09049203701219466,904.9203701219466,7
74,SEM-0006,Vama Sundari Investments (Delhi) Private Limited / Foxconn,Uttar Pradesh,0.11469398624501669,1146.9398624501669,1
74,SEM-0008,SiCSem Private Limited,Odisha,0.1121111964197604,1121.111964197604,2
74,SEM-0007,3D Glass Solutions Inc.,Odisha,0.11181491402169762,1118.149140216976,3
74,SEM-0010,Advanced System in Package Technologies Private Limited,Andhra Pradesh,0.1051865596209015,1051.865596209015,5
74,SEM-0009,Continental Device India Private Limited,Punjab,0.09678900466275582,967.8900466275581,6
75,SEM-0002,Tata Electronics Private Limited,Gujarat,0.04611631219999565,461.1631219999565,11
75,SEM-0011,Crystal Matrix Limited,Gujarat,0.05136634033712128,513.6634033712128,10
75,SEM-0012,Suchi Semicon Private Limited,Gujarat,0.04351893656719061,435.1893656719061,12
75,SEM-0004,CG Power and Industrial Solutions Limited,Gujarat,0.0631104886123599,631.104886123599,8
75,SEM-0005,Kaynes Technology India Limited,Gujarat,0.0591043836409863,591.043836409863,9
75,SEM-0003,Tata Electronics Private Limited,Assam,0.12309631659344128,1230.9631659344127,1
75,SEM-0001,Micron Technology Inc.,Gujarat,0.08678353864234616,867.8353864234616,6
75,SEM-0006,Vama Sundari Investments (Delhi) Private Limited / Foxconn,Uttar Pradesh,0.11783854728055748,1178.3854728055749,2
75,SEM-0008,SiCSem Private Limited,Odisha,0.11266494265802002,1126.6494265802003,3
75,SEM-0007,3D Glass Solutions Inc.,Odisha,0.11209960175436662,1120.996017543666,4
75,SEM-0010,Advanced System in Package Technologies Private Limited,Andhra Pradesh,0.09933195148217892,993.3195148217892,5
75,SEM-0009,Continental Device India Private Limited,Punjab,0.08496864023143558,849.6864023143557,7
76,SEM-0002,Tata Electronics Private Limited,Gujarat,0.02132029367344766,213.2029367344766,12
76,SEM-0011,Crystal Matrix Limited,Gujarat,0.05398970318059429,539.8970318059429,10
76,SEM-0012,Suchi Semicon Private Limited,Gujarat,0.05130504317486633,513.0504317486633,11
76,SEM-0004,CG Power and Industrial Solutions Limited,Gujarat,0.06516968366040754,651.6968366040754,8
76,SEM-0005,Kaynes Technology India Limited,Gujarat,0.06515149394763257,651.5149394763257,9
76,SEM-0003,Tata Electronics Private Limited,Assam,0.10176900310613907,1017.6900310613906,6
76,SEM-0001,Micron Technology Inc.,Gujarat,0.09306378236305157,930.6378236305158,7
76,SEM-0006,Vama Sundari Investments (Delhi) Private Limited / Foxconn,Uttar Pradesh,0.11294042071895997,1129.4042071895997,1
76,SEM-0008,SiCSem Private Limited,Odisha,0.11180239964252474,1118.0239964252473,2
76,SEM-0007,3D Glass Solutions Inc.,Odisha,0.11165615781119408,1116.5615781119407,3
76,SEM-0010,Advanced System in Package Technologies Private Limited,Andhra Pradesh,0.10845138383153062,1084.5138383153062,4
76,SEM-0009,Continental Device India Private Limited,Punjab,0.1033806348896516,1033.806348896516,5
77,SEM-0002,Tata Electronics Private Limited,Gujarat,0.03147420619680592,314.74206196805926,12
77,SEM-0011,Crystal Matrix Limited,Gujarat,0.052915442133356666,529.1544213335667,10
77,SEM-0012,Suchi Semicon Private Limited,Gujarat,0.048116650437248595,481.166504372486,11
77,SEM-0004,CG Power and Industrial Solutions Limited,Gujarat,0.06432644802707306,643.2644802707306,8
77,SEM-0005,Kaynes Technology India Limited,Gujarat,0.0626752161933212,626.7521619332119,9
77,SEM-0003,Tata Electronics Private Limited,Assam,0.10940433902986811,1094.043390298681,4
77,SEM-0001,Micron Technology Inc.,Gujarat,0.09049203701219466,904.9203701219466,7
77,SEM-0006,Vama Sundari Investments (Delhi) Private Limited / Foxconn,Uttar Pradesh,0.11469398624501669,1146.9398624501669,1
77,SEM-0008,SiCSem Private Limited,Odisha,0.1121111964197604,1121.111964197604,2
77,SEM-0007,3D Glass Solutions Inc.,Odisha,0.11181491402169762,1118.149140216976,3
77,SEM-0010,Advanced System in Package Technologies Private Limited,Andhra Pradesh,0.1051865596209015,1051.865596209015,5
77,SEM-0009,Continental Device India Private Limited,Punjab,0.09678900466275582,967.8900466275581,6
78,SEM-0002,Tata Electronics Private Limited,Gujarat,0.04611631219999565,461.1631219999565,11
78,SEM-0011,Crystal Matrix Limited,Gujarat,0.05136634033712128,513.6634033712128,10
78,SEM-0012,Suchi Semicon Private Limited,Gujarat,0.04351893656719061,435.1893656719061,12
78,SEM-0004,CG Power and Industrial Solutions Limited,Gujarat,0.0631104886123599,631.104886123599,8
78,SEM-0005,Kaynes Technology India Limited,Gujarat,0.0591043836409863,591.043836409863,9
78,SEM-0003,Tata Electronics Private Limited,Assam,0.12309631659344128,1230.9631659344127,1
78,SEM-0001,Micron Technology Inc.,Gujarat,0.08678353864234616,867.8353864234616,6
78,SEM-0006,Vama Sundari Investments (Delhi) Private Limited / Foxconn,Uttar Pradesh,0.11783854728055748,1178.3854728055749,2
78,SEM-0008,SiCSem Private Limited,Odisha,0.11266494265802002,1126.6494265802003,3
78,SEM-0007,3D Glass Solutions Inc.,Odisha,0.11209960175436662,1120.996017543666,4
78,SEM-0010,Advanced System in Package Technologies Private Limited,Andhra Pradesh,0.09933195148217892,993.3195148217892,5
78,SEM-0009,Continental Device India Private Limited,Punjab,0.08496864023143558,849.6864023143557,7
79,SEM-0002,Tata Electronics Private Limited,Gujarat,0.024058088527393454,240.58088527393454,12
79,SEM-0011,Crystal Matrix Limited,Gujarat,0.06092266263217906,609.2266263217906,10
79,SEM-0012,Suchi Semicon Private Limited,Gujarat,0.057893258390707775,578.9325839070777,11
79,SEM-0004,CG Power and Industrial Solutions Limited,Gujarat,0.07353829374109068,735.3829374109068,8
79,SEM-0005,Kaynes Technology India Limited,Gujarat,0.07351776823956943,735.1776823956943,9
79,SEM-0003,Tata Electronics Private Limited,Assam,0.09473215902322359,947.3215902322358,7
79,SEM-0001,Micron Technology Inc.,Gujarat,0.10501434685080108,1050.1434685080108,2
79,SEM-0006,Vama Sundari Investments (Delhi) Private Limited / Foxconn,Uttar Pradesh,0.10513112607126329,1051.311260712633,1
79,SEM-0008,SiCSem Private Limited,Odisha,0.1040717937569612,1040.7179375696119,3
79,SEM-0007,3D Glass Solutions Inc.,Odisha,0.10393566385494167,1039.3566385494166,4
79,SEM-0010,Advanced System in Package Technologies Private Limited,Andhra Pradesh,0.100952484802295,1009.52484802295,5
79,SEM-0009,Continental Device India Private Limited,Punjab,0.09623235410957381,962.3235410957382,6
80,SEM-0002,Tata Electronics Private Limited,Gujarat,0.03732730397559201,373.2730397559201,12
80,SEM-0011,Crystal Matrix Limited,Gujarat,0.0627558573253263,627.558573253263,10
80,SEM-0012,Suchi Semicon Private Limited,Gujarat,0.05706465878528653,570.6465878528653,11
80,SEM-0004,CG Power and Industrial Solutions Limited,Gujarat,0.07628890985089719,762.8890985089719,8
80,SEM-0005,Kaynes Technology India Limited,Gujarat,0.07433060684534323,743.3060684534323,9
80,SEM-0003,Tata Electronics Private Limited,Assam,0.09844914111239696,984.4914111239696,5
80,SEM-0001,Micron Technology Inc.,Gujarat,0.10732038011708465,1073.2038011708466,1
80,SEM-0006,Vama Sundari Investments (Delhi) Private Limited / Foxconn,Uttar Pradesh,0.10320910977302557,1032.0910977302556,2
80,SEM-0008,SiCSem Private Limited,Odisha,0.10088494747539585,1008.8494747539585,3
80,SEM-0007,3D Glass Solutions Inc.,Odisha,0.10061833330017526,1006.1833330017527,4
80,SEM-0010,Advanced System in Package Technologies Private Limited,Andhra Pradesh,0.09465370882976187,946.5370882976188,6
80,SEM-0009,Continental Device India Private Limited,Punjab,0.0870970426097147,870.970426097147,7
81,SEM-0002,Tata Electronics Private Limited,Gujarat,0.059034107059740645,590.3410705974064,11
81,SEM-0011,Crystal Matrix Limited,Gujarat,0.0657547381841382,657.5473818413819,10
81,SEM-0012,Suchi Semicon Private Limited,Gujarat,0.055709171828224255,557.0917182822426,12
81,SEM-0004,CG Power and Industrial Solutions Limited,Gujarat,0.08078857921633527,807.8857921633527,7
81,SEM-0005,Kaynes Technology India Limited,Gujarat,0.07566031074710042,756.6031074710041,8
81,SEM-0003,Tata Electronics Private Limited,Assam,0.10452966626416448,1045.2966626416448,2
81,SEM-0001,Micron Technology Inc.,Gujarat,0.1110927666769479,1110.927666769479,1
81,SEM-0006,Vama Sundari Investments (Delhi) Private Limited / Foxconn,Uttar Pradesh,0.10006492770188169,1000.6492770188169,3
81,SEM-0008,SiCSem Private Limited,Odisha,0.09567165924720727,956.7165924720728,4
81,SEM-0007,3D Glass Solutions Inc.,Odisha,0.09519158886313926,951.9158886313926,5
81,SEM-0010,Advanced System in Package Technologies Private Limited,Andhra Pradesh,0.0843496866936599,843.496866936599,6
81,SEM-0009,Continental Device India Private Limited,Punjab,0.0721527975174608,721.5279751746081,9
82,SEM-0002,Tata Electronics Private Limited,Gujarat,0.024058088527393454,240.58088527393454,12
82,SEM-0011,Crystal Matrix Limited,Gujarat,0.06092266263217906,609.2266263217906,10
82,SEM-0012,Suchi Semicon Private Limited,Gujarat,0.057893258390707775,578.9325839070777,11
82,SEM-0004,CG Power and Industrial Solutions Limited,Gujarat,0.07353829374109068,735.3829374109068,8
82,SEM-0005,Kaynes Technology India Limited,Gujarat,0.07351776823956943,735.1776823956943,9
82,SEM-0003,Tata Electronics Private Limited,Assam,0.09473215902322359,947.3215902322358,7
82,SEM-0001,Micron Technology Inc.,Gujarat,0.10501434685080108,1050.1434685080108,2
82,SEM-0006,Vama Sundari Investments (Delhi) Private Limited / Foxconn,Uttar Pradesh,0.10513112607126329,1051.311260712633,1
82,SEM-0008,SiCSem Private Limited,Odisha,0.1040717937569612,1040.7179375696119,3
82,SEM-0007,3D Glass Solutions Inc.,Odisha,0.10393566385494167,1039.3566385494166,4
82,SEM-0010,Advanced System in Package Technologies Private Limited,Andhra Pradesh,0.100952484802295,1009.52484802295,5
82,SEM-0009,Continental Device India Private Limited,Punjab,0.09623235410957381,962.3235410957382,6
83,SEM-0002,Tata Electronics Private Limited,Gujarat,0.03732730397559201,373.2730397559201,12
83,SEM-0011,Crystal Matrix Limited,Gujarat,0.0627558573253263,627.558573253263,10
83,SEM-0012,Suchi Semicon Private Limited,Gujarat,0.05706465878528653,570.6465878528653,11
83,SEM-0004,CG Power and Industrial Solutions Limited,Gujarat,0.07628890985089719,762.8890985089719,8
83,SEM-0005,Kaynes Technology India Limited,Gujarat,0.07433060684534323,743.3060684534323,9
83,SEM-0003,Tata Electronics Private Limited,Assam,0.09844914111239696,984.4914111239696,5
83,SEM-0001,Micron Technology Inc.,Gujarat,0.10732038011708465,1073.2038011708466,1
83,SEM-0006,Vama Sundari Investments (Delhi) Private Limited / Foxconn,Uttar Pradesh,0.10320910977302557,1032.0910977302556,2
83,SEM-0008,SiCSem Private Limited,Odisha,0.10088494747539585,1008.8494747539585,3
83,SEM-0007,3D Glass Solutions Inc.,Odisha,0.10061833330017526,1006.1833330017527,4
83,SEM-0010,Advanced System in Package Technologies Private Limited,Andhra Pradesh,0.09465370882976187,946.5370882976188,6
83,SEM-0009,Continental Device India Private Limited,Punjab,0.0870970426097147,870.970426097147,7
84,SEM-0002,Tata Electronics Private Limited,Gujarat,0.059034107059740645,590.3410705974064,11
84,SEM-0011,Crystal Matrix Limited,Gujarat,0.0657547381841382,657.5473818413819,10
84,SEM-0012,Suchi Semicon Private Limited,Gujarat,0.055709171828224255,557.0917182822426,12
84,SEM-0004,CG Power and Industrial Solutions Limited,Gujarat,0.08078857921633527,807.8857921633527,7
84,SEM-0005,Kaynes Technology India Limited,Gujarat,0.07566031074710042,756.6031074710041,8
84,SEM-0003,Tata Electronics Private Limited,Assam,0.10452966626416448,1045.2966626416448,2
84,SEM-0001,Micron Technology Inc.,Gujarat,0.1110927666769479,1110.927666769479,1
84,SEM-0006,Vama Sundari Investments (Delhi) Private Limited / Foxconn,Uttar Pradesh,0.10006492770188169,1000.6492770188169,3
84,SEM-0008,SiCSem Private Limited,Odisha,0.09567165924720727,956.7165924720728,4
84,SEM-0007,3D Glass Solutions Inc.,Odisha,0.09519158886313926,951.9158886313926,5
84,SEM-0010,Advanced System in Package Technologies Private Limited,Andhra Pradesh,0.0843496866936599,843.496866936599,6
84,SEM-0009,Continental Device India Private Limited,Punjab,0.0721527975174608,721.5279751746081,9
85,SEM-0002,Tata Electronics Private Limited,Gujarat,0.024058088527393454,240.58088527393454,12
85,SEM-0011,Crystal Matrix Limited,Gujarat,0.06092266263217906,609.2266263217906,10
85,SEM-0012,Suchi Semicon Private Limited,Gujarat,0.057893258390707775,578.9325839070777,11
85,SEM-0004,CG Power and Industrial Solutions Limited,Gujarat,0.07353829374109068,735.3829374109068,8
85,SEM-0005,Kaynes Technology India Limited,Gujarat,0.07351776823956943,735.1776823956943,9
85,SEM-0003,Tata Electronics Private Limited,Assam,0.09473215902322359,947.3215902322358,7
85,SEM-0001,Micron Technology Inc.,Gujarat,0.10501434685080108,1050.1434685080108,2
85,SEM-0006,Vama Sundari Investments (Delhi) Private Limited / Foxconn,Uttar Pradesh,0.10513112607126329,1051.311260712633,1
85,SEM-0008,SiCSem Private Limited,Odisha,0.1040717937569612,1040.7179375696119,3
85,SEM-0007,3D Glass Solutions Inc.,Odisha,0.10393566385494167,1039.3566385494166,4
85,SEM-0010,Advanced System in Package Technologies Private Limited,Andhra Pradesh,0.100952484802295,1009.52484802295,5
85,SEM-0009,Continental Device India Private Limited,Punjab,0.09623235410957381,962.3235410957382,6
86,SEM-0002,Tata Electronics Private Limited,Gujarat,0.03732730397559201,373.2730397559201,12
86,SEM-0011,Crystal Matrix Limited,Gujarat,0.0627558573253263,627.558573253263,10
86,SEM-0012,Suchi Semicon Private Limited,Gujarat,0.05706465878528653,570.6465878528653,11
86,SEM-0004,CG Power and Industrial Solutions Limited,Gujarat,0.07628890985089719,762.8890985089719,8
86,SEM-0005,Kaynes Technology India Limited,Gujarat,0.07433060684534323,743.3060684534323,9
86,SEM-0003,Tata Electronics Private Limited,Assam,0.09844914111239696,984.4914111239696,5
86,SEM-0001,Micron Technology Inc.,Gujarat,0.10732038011708465,1073.2038011708466,1
86,SEM-0006,Vama Sundari Investments (Delhi) Private Limited / Foxconn,Uttar Pradesh,0.10320910977302557,1032.0910977302556,2
86,SEM-0008,SiCSem Private Limited,Odisha,0.10088494747539585,1008.8494747539585,3
86,SEM-0007,3D Glass Solutions Inc.,Odisha,0.10061833330017526,1006.1833330017527,4
86,SEM-0010,Advanced System in Package Technologies Private Limited,Andhra Pradesh,0.09465370882976187,946.5370882976188,6
86,SEM-0009,Continental Device India Private Limited,Punjab,0.0870970426097147,870.970426097147,7
87,SEM-0002,Tata Electronics Private Limited,Gujarat,0.059034107059740645,590.3410705974064,11
87,SEM-0011,Crystal Matrix Limited,Gujarat,0.0657547381841382,657.5473818413819,10
87,SEM-0012,Suchi Semicon Private Limited,Gujarat,0.055709171828224255,557.0917182822426,12
87,SEM-0004,CG Power and Industrial Solutions Limited,Gujarat,0.08078857921633527,807.8857921633527,7
87,SEM-0005,Kaynes Technology India Limited,Gujarat,0.07566031074710042,756.6031074710041,8
87,SEM-0003,Tata Electronics Private Limited,Assam,0.10452966626416448,1045.2966626416448,2
87,SEM-0001,Micron Technology Inc.,Gujarat,0.1110927666769479,1110.927666769479,1
87,SEM-0006,Vama Sundari Investments (Delhi) Private Limited / Foxconn,Uttar Pradesh,0.10006492770188169,1000.6492770188169,3
87,SEM-0008,SiCSem Private Limited,Odisha,0.09567165924720727,956.7165924720728,4
87,SEM-0007,3D Glass Solutions Inc.,Odisha,0.09519158886313926,951.9158886313926,5
87,SEM-0010,Advanced System in Package Technologies Private Limited,Andhra Pradesh,0.0843496866936599,843.496866936599,6
87,SEM-0009,Continental Device India Private Limited,Punjab,0.0721527975174608,721.5279751746081,9
88,SEM-0002,Tata Electronics Private Limited,Gujarat,0.024058088527393454,240.58088527393454,12
88,SEM-0011,Crystal Matrix Limited,Gujarat,0.06092266263217906,609.2266263217906,10
88,SEM-0012,Suchi Semicon Private Limited,Gujarat,0.057893258390707775,578.9325839070777,11
88,SEM-0004,CG Power and Industrial Solutions Limited,Gujarat,0.07353829374109068,735.3829374109068,8
88,SEM-0005,Kaynes Technology India Limited,Gujarat,0.07351776823956943,735.1776823956943,9
88,SEM-0003,Tata Electronics Private Limited,Assam,0.09473215902322359,947.3215902322358,7
88,SEM-0001,Micron Technology Inc.,Gujarat,0.10501434685080108,1050.1434685080108,2
88,SEM-0006,Vama Sundari Investments (Delhi) Private Limited / Foxconn,Uttar Pradesh,0.10513112607126329,1051.311260712633,1
88,SEM-0008,SiCSem Private Limited,Odisha,0.1040717937569612,1040.7179375696119,3
88,SEM-0007,3D Glass Solutions Inc.,Odisha,0.10393566385494167,1039.3566385494166,4
88,SEM-0010,Advanced System in Package Technologies Private Limited,Andhra Pradesh,0.100952484802295,1009.52484802295,5
88,SEM-0009,Continental Device India Private Limited,Punjab,0.09623235410957381,962.3235410957382,6
89,SEM-0002,Tata Electronics Private Limited,Gujarat,0.03732730397559201,373.2730397559201,12
89,SEM-0011,Crystal Matrix Limited,Gujarat,0.0627558573253263,627.558573253263,10
89,SEM-0012,Suchi Semicon Private Limited,Gujarat,0.05706465878528653,570.6465878528653,11
89,SEM-0004,CG Power and Industrial Solutions Limited,Gujarat,0.07628890985089719,762.8890985089719,8
89,SEM-0005,Kaynes Technology India Limited,Gujarat,0.07433060684534323,743.3060684534323,9
89,SEM-0003,Tata Electronics Private Limited,Assam,0.09844914111239696,984.4914111239696,5
89,SEM-0001,Micron Technology Inc.,Gujarat,0.10732038011708465,1073.2038011708466,1
89,SEM-0006,Vama Sundari Investments (Delhi) Private Limited / Foxconn,Uttar Pradesh,0.10320910977302557,1032.0910977302556,2
89,SEM-0008,SiCSem Private Limited,Odisha,0.10088494747539585,1008.8494747539585,3
89,SEM-0007,3D Glass Solutions Inc.,Odisha,0.10061833330017526,1006.1833330017527,4
89,SEM-0010,Advanced System in Package Technologies Private Limited,Andhra Pradesh,0.09465370882976187,946.5370882976188,6
89,SEM-0009,Continental Device India Private Limited,Punjab,0.0870970426097147,870.970426097147,7
90,SEM-0002,Tata Electronics Private Limited,Gujarat,0.059034107059740645,590.3410705974064,11
90,SEM-0011,Crystal Matrix Limited,Gujarat,0.0657547381841382,657.5473818413819,10
90,SEM-0012,Suchi Semicon Private Limited,Gujarat,0.055709171828224255,557.0917182822426,12
90,SEM-0004,CG Power and Industrial Solutions Limited,Gujarat,0.08078857921633527,807.8857921633527,7
90,SEM-0005,Kaynes Technology India Limited,Gujarat,0.07566031074710042,756.6031074710041,8
90,SEM-0003,Tata Electronics Private Limited,Assam,0.10452966626416448,1045.2966626416448,2
90,SEM-0001,Micron Technology Inc.,Gujarat,0.1110927666769479,1110.927666769479,1
90,SEM-0006,Vama Sundari Investments (Delhi) Private Limited / Foxconn,Uttar Pradesh,0.10006492770188169,1000.6492770188169,3
90,SEM-0008,SiCSem Private Limited,Odisha,0.09567165924720727,956.7165924720728,4
90,SEM-0007,3D Glass Solutions Inc.,Odisha,0.09519158886313926,951.9158886313926,5
90,SEM-0010,Advanced System in Package Technologies Private Limited,Andhra Pradesh,0.0843496866936599,843.496866936599,6
90,SEM-0009,Continental Device India Private Limited,Punjab,0.0721527975174608,721.5279751746081,9
91,SEM-0002,Tata Electronics Private Limited,Gujarat,0.02132029367344766,213.2029367344766,12
91,SEM-0011,Crystal Matrix Limited,Gujarat,0.05398970318059429,539.8970318059429,10
91,SEM-0012,Suchi Semicon Private Limited,Gujarat,0.05130504317486633,513.0504317486633,11
91,SEM-0004,CG Power and Industrial Solutions Limited,Gujarat,0.06516968366040754,651.6968366040754,8
91,SEM-0005,Kaynes Technology India Limited,Gujarat,0.06515149394763257,651.5149394763257,9
91,SEM-0003,Tata Electronics Private Limited,Assam,0.10176900310613907,1017.6900310613906,6
91,SEM-0001,Micron Technology Inc.,Gujarat,0.09306378236305157,930.6378236305158,7
91,SEM-0006,Vama Sundari Investments (Delhi) Private Limited / Foxconn,Uttar Pradesh,0.11294042071895997,1129.4042071895997,1
91,SEM-0008,SiCSem Private Limited,Odisha,0.11180239964252474,1118.0239964252473,2
91,SEM-0007,3D Glass Solutions Inc.,Odisha,0.11165615781119408,1116.5615781119407,3
91,SEM-0010,Advanced System in Package Technologies Private Limited,Andhra Pradesh,0.10845138383153062,1084.5138383153062,4
91,SEM-0009,Continental Device India Private Limited,Punjab,0.1033806348896516,1033.806348896516,5
92,SEM-0002,Tata Electronics Private Limited,Gujarat,0.03147420619680592,314.74206196805926,12
92,SEM-0011,Crystal Matrix Limited,Gujarat,0.052915442133356666,529.1544213335667,10
92,SEM-0012,Suchi Semicon Private Limited,Gujarat,0.048116650437248595,481.166504372486,11
92,SEM-0004,CG Power and Industrial Solutions Limited,Gujarat,0.06432644802707306,643.2644802707306,8
92,SEM-0005,Kaynes Technology India Limited,Gujarat,0.0626752161933212,626.7521619332119,9
92,SEM-0003,Tata Electronics Private Limited,Assam,0.10940433902986811,1094.043390298681,4
92,SEM-0001,Micron Technology Inc.,Gujarat,0.09049203701219466,904.9203701219466,7
92,SEM-0006,Vama Sundari Investments (Delhi) Private Limited / Foxconn,Uttar Pradesh,0.11469398624501669,1146.9398624501669,1
92,SEM-0008,SiCSem Private Limited,Odisha,0.1121111964197604,1121.111964197604,2
92,SEM-0007,3D Glass Solutions Inc.,Odisha,0.11181491402169762,1118.149140216976,3
92,SEM-0010,Advanced System in Package Technologies Private Limited,Andhra Pradesh,0.1051865596209015,1051.865596209015,5
92,SEM-0009,Continental Device India Private Limited,Punjab,0.09678900466275582,967.8900466275581,6
93,SEM-0002,Tata Electronics Private Limited,Gujarat,0.04611631219999565,461.1631219999565,11
93,SEM-0011,Crystal Matrix Limited,Gujarat,0.05136634033712128,513.6634033712128,10
93,SEM-0012,Suchi Semicon Private Limited,Gujarat,0.04351893656719061,435.1893656719061,12
93,SEM-0004,CG Power and Industrial Solutions Limited,Gujarat,0.0631104886123599,631.104886123599,8
93,SEM-0005,Kaynes Technology India Limited,Gujarat,0.0591043836409863,591.043836409863,9
93,SEM-0003,Tata Electronics Private Limited,Assam,0.12309631659344128,1230.9631659344127,1
93,SEM-0001,Micron Technology Inc.,Gujarat,0.08678353864234616,867.8353864234616,6
93,SEM-0006,Vama Sundari Investments (Delhi) Private Limited / Foxconn,Uttar Pradesh,0.11783854728055748,1178.3854728055749,2
93,SEM-0008,SiCSem Private Limited,Odisha,0.11266494265802002,1126.6494265802003,3
93,SEM-0007,3D Glass Solutions Inc.,Odisha,0.11209960175436662,1120.996017543666,4
93,SEM-0010,Advanced System in Package Technologies Private Limited,Andhra Pradesh,0.09933195148217892,993.3195148217892,5
93,SEM-0009,Continental Device India Private Limited,Punjab,0.08496864023143558,849.6864023143557,7
94,SEM-0002,Tata Electronics Private Limited,Gujarat,0.02132029367344766,213.2029367344766,12
94,SEM-0011,Crystal Matrix Limited,Gujarat,0.05398970318059429,539.8970318059429,10
94,SEM-0012,Suchi Semicon Private Limited,Gujarat,0.05130504317486633,513.0504317486633,11
94,SEM-0004,CG Power and Industrial Solutions Limited,Gujarat,0.06516968366040754,651.6968366040754,8
94,SEM-0005,Kaynes Technology India Limited,Gujarat,0.06515149394763257,651.5149394763257,9
94,SEM-0003,Tata Electronics Private Limited,Assam,0.10176900310613907,1017.6900310613906,6
94,SEM-0001,Micron Technology Inc.,Gujarat,0.09306378236305157,930.6378236305158,7
94,SEM-0006,Vama Sundari Investments (Delhi) Private Limited / Foxconn,Uttar Pradesh,0.11294042071895997,1129.4042071895997,1
94,SEM-0008,SiCSem Private Limited,Odisha,0.11180239964252474,1118.0239964252473,2
94,SEM-0007,3D Glass Solutions Inc.,Odisha,0.11165615781119408,1116.5615781119407,3
94,SEM-0010,Advanced System in Package Technologies Private Limited,Andhra Pradesh,0.10845138383153062,1084.5138383153062,4
94,SEM-0009,Continental Device India Private Limited,Punjab,0.1033806348896516,1033.806348896516,5
95,SEM-0002,Tata Electronics Private Limited,Gujarat,0.03147420619680592,314.74206196805926,12
95,SEM-0011,Crystal Matrix Limited,Gujarat,0.052915442133356666,529.1544213335667,10
95,SEM-0012,Suchi Semicon Private Limited,Gujarat,0.048116650437248595,481.166504372486,11
95,SEM-0004,CG Power and Industrial Solutions Limited,Gujarat,0.06432644802707306,643.2644802707306,8
95,SEM-0005,Kaynes Technology India Limited,Gujarat,0.0626752161933212,626.7521619332119,9
95,SEM-0003,Tata Electronics Private Limited,Assam,0.10940433902986811,1094.043390298681,4
95,SEM-0001,Micron Technology Inc.,Gujarat,0.09049203701219466,904.9203701219466,7
95,SEM-0006,Vama Sundari Investments (Delhi) Private Limited / Foxconn,Uttar Pradesh,0.11469398624501669,1146.9398624501669,1
95,SEM-0008,SiCSem Private Limited,Odisha,0.1121111964197604,1121.111964197604,2
95,SEM-0007,3D Glass Solutions Inc.,Odisha,0.11181491402169762,1118.149140216976,3
95,SEM-0010,Advanced System in Package Technologies Private Limited,Andhra Pradesh,0.1051865596209015,1051.865596209015,5
95,SEM-0009,Continental Device India Private Limited,Punjab,0.09678900466275582,967.8900466275581,6
96,SEM-0002,Tata Electronics Private Limited,Gujarat,0.04611631219999565,461.1631219999565,11
96,SEM-0011,Crystal Matrix Limited,Gujarat,0.05136634033712128,513.6634033712128,10
96,SEM-0012,Suchi Semicon Private Limited,Gujarat,0.04351893656719061,435.1893656719061,12
96,SEM-0004,CG Power and Industrial Solutions Limited,Gujarat,0.0631104886123599,631.104886123599,8
96,SEM-0005,Kaynes Technology India Limited,Gujarat,0.0591043836409863,591.043836409863,9
96,SEM-0003,Tata Electronics Private Limited,Assam,0.12309631659344128,1230.9631659344127,1
96,SEM-0001,Micron Technology Inc.,Gujarat,0.08678353864234616,867.8353864234616,6
96,SEM-0006,Vama Sundari Investments (Delhi) Private Limited / Foxconn,Uttar Pradesh,0.11783854728055748,1178.3854728055749,2
96,SEM-0008,SiCSem Private Limited,Odisha,0.11266494265802002,1126.6494265802003,3
96,SEM-0007,3D Glass Solutions Inc.,Odisha,0.11209960175436662,1120.996017543666,4
96,SEM-0010,Advanced System in Package Technologies Private Limited,Andhra Pradesh,0.09933195148217892,993.3195148217892,5
96,SEM-0009,Continental Device India Private Limited,Punjab,0.08496864023143558,849.6864023143557,7
97,SEM-0002,Tata Electronics Private Limited,Gujarat,0.024058088527393454,240.58088527393454,12
97,SEM-0011,Crystal Matrix Limited,Gujarat,0.06092266263217906,609.2266263217906,10
97,SEM-0012,Suchi Semicon Private Limited,Gujarat,0.057893258390707775,578.9325839070777,11
97,SEM-0004,CG Power and Industrial Solutions Limited,Gujarat,0.07353829374109068,735.3829374109068,8
97,SEM-0005,Kaynes Technology India Limited,Gujarat,0.07351776823956943,735.1776823956943,9
97,SEM-0003,Tata Electronics Private Limited,Assam,0.09473215902322359,947.3215902322358,7
97,SEM-0001,Micron Technology Inc.,Gujarat,0.10501434685080108,1050.1434685080108,2
97,SEM-0006,Vama Sundari Investments (Delhi) Private Limited / Foxconn,Uttar Pradesh,0.10513112607126329,1051.311260712633,1
97,SEM-0008,SiCSem Private Limited,Odisha,0.1040717937569612,1040.7179375696119,3
97,SEM-0007,3D Glass Solutions Inc.,Odisha,0.10393566385494167,1039.3566385494166,4
97,SEM-0010,Advanced System in Package Technologies Private Limited,Andhra Pradesh,0.100952484802295,1009.52484802295,5
97,SEM-0009,Continental Device India Private Limited,Punjab,0.09623235410957381,962.3235410957382,6
98,SEM-0002,Tata Electronics Private Limited,Gujarat,0.03732730397559201,373.2730397559201,12
98,SEM-0011,Crystal Matrix Limited,Gujarat,0.0627558573253263,627.558573253263,10
98,SEM-0012,Suchi Semicon Private Limited,Gujarat,0.05706465878528653,570.6465878528653,11
98,SEM-0004,CG Power and Industrial Solutions Limited,Gujarat,0.07628890985089719,762.8890985089719,8
98,SEM-0005,Kaynes Technology India Limited,Gujarat,0.07433060684534323,743.3060684534323,9
98,SEM-0003,Tata Electronics Private Limited,Assam,0.09844914111239696,984.4914111239696,5
98,SEM-0001,Micron Technology Inc.,Gujarat,0.10732038011708465,1073.2038011708466,1
98,SEM-0006,Vama Sundari Investments (Delhi) Private Limited / Foxconn,Uttar Pradesh,0.10320910977302557,1032.0910977302556,2
98,SEM-0008,SiCSem Private Limited,Odisha,0.10088494747539585,1008.8494747539585,3
98,SEM-0007,3D Glass Solutions Inc.,Odisha,0.10061833330017526,1006.1833330017527,4
98,SEM-0010,Advanced System in Package Technologies Private Limited,Andhra Pradesh,0.09465370882976187,946.5370882976188,6
98,SEM-0009,Continental Device India Private Limited,Punjab,0.0870970426097147,870.970426097147,7
99,SEM-0002,Tata Electronics Private Limited,Gujarat,0.059034107059740645,590.3410705974064,11
99,SEM-0011,Crystal Matrix Limited,Gujarat,0.0657547381841382,657.5473818413819,10
99,SEM-0012,Suchi Semicon Private Limited,Gujarat,0.055709171828224255,557.0917182822426,12
99,SEM-0004,CG Power and Industrial Solutions Limited,Gujarat,0.08078857921633527,807.8857921633527,7
99,SEM-0005,Kaynes Technology India Limited,Gujarat,0.07566031074710042,756.6031074710041,8
99,SEM-0003,Tata Electronics Private Limited,Assam,0.10452966626416448,1045.2966626416448,2
99,SEM-0001,Micron Technology Inc.,Gujarat,0.1110927666769479,1110.927666769479,1
99,SEM-0006,Vama Sundari Investments (Delhi) Private Limited / Foxconn,Uttar Pradesh,0.10006492770188169,1000.6492770188169,3
99,SEM-0008,SiCSem Private Limited,Odisha,0.09567165924720727,956.7165924720728,4
99,SEM-0007,3D Glass Solutions Inc.,Odisha,0.09519158886313926,951.9158886313926,5
99,SEM-0010,Advanced System in Package Technologies Private Limited,Andhra Pradesh,0.0843496866936599,843.496866936599,6
99,SEM-0009,Continental Device India Private Limited,Punjab,0.0721527975174608,721.5279751746081,9
100,SEM-0002,Tata Electronics Private Limited,Gujarat,0.024058088527393454,240.58088527393454,12
100,SEM-0011,Crystal Matrix Limited,Gujarat,0.06092266263217906,609.2266263217906,10
100,SEM-0012,Suchi Semicon Private Limited,Gujarat,0.057893258390707775,578.9325839070777,11
100,SEM-0004,CG Power and Industrial Solutions Limited,Gujarat,0.07353829374109068,735.3829374109068,8
100,SEM-0005,Kaynes Technology India Limited,Gujarat,0.07351776823956943,735.1776823956943,9
100,SEM-0003,Tata Electronics Private Limited,Assam,0.09473215902322359,947.3215902322358,7
100,SEM-0001,Micron Technology Inc.,Gujarat,0.10501434685080108,1050.1434685080108,2
100,SEM-0006,Vama Sundari Investments (Delhi) Private Limited / Foxconn,Uttar Pradesh,0.10513112607126329,1051.311260712633,1
100,SEM-0008,SiCSem Private Limited,Odisha,0.1040717937569612,1040.7179375696119,3
100,SEM-0007,3D Glass Solutions Inc.,Odisha,0.10393566385494167,1039.3566385494166,4
100,SEM-0010,Advanced System in Package Technologies Private Limited,Andhra Pradesh,0.100952484802295,1009.52484802295,5
100,SEM-0009,Continental Device India Private Limited,Punjab,0.09623235410957381,962.3235410957382,6
101,SEM-0002,Tata Electronics Private Limited,Gujarat,0.03732730397559201,373.2730397559201,12
101,SEM-0011,Crystal Matrix Limited,Gujarat,0.0627558573253263,627.558573253263,10
101,SEM-0012,Suchi Semicon Private Limited,Gujarat,0.05706465878528653,570.6465878528653,11
101,SEM-0004,CG Power and Industrial Solutions Limited,Gujarat,0.07628890985089719,762.8890985089719,8
101,SEM-0005,Kaynes Technology India Limited,Gujarat,0.07433060684534323,743.3060684534323,9
101,SEM-0003,Tata Electronics Private Limited,Assam,0.09844914111239696,984.4914111239696,5
101,SEM-0001,Micron Technology Inc.,Gujarat,0.10732038011708465,1073.2038011708466,1
101,SEM-0006,Vama Sundari Investments (Delhi) Private Limited / Foxconn,Uttar Pradesh,0.10320910977302557,1032.0910977302556,2
101,SEM-0008,SiCSem Private Limited,Odisha,0.10088494747539585,1008.8494747539585,3
101,SEM-0007,3D Glass Solutions Inc.,Odisha,0.10061833330017526,1006.1833330017527,4
101,SEM-0010,Advanced System in Package Technologies Private Limited,Andhra Pradesh,0.09465370882976187,946.5370882976188,6
101,SEM-0009,Continental Device India Private Limited,Punjab,0.0870970426097147,870.970426097147,7
102,SEM-0002,Tata Electronics Private Limited,Gujarat,0.059034107059740645,590.3410705974064,11
102,SEM-0011,Crystal Matrix Limited,Gujarat,0.0657547381841382,657.5473818413819,10
102,SEM-0012,Suchi Semicon Private Limited,Gujarat,0.055709171828224255,557.0917182822426,12
102,SEM-0004,CG Power and Industrial Solutions Limited,Gujarat,0.08078857921633527,807.8857921633527,7
102,SEM-0005,Kaynes Technology India Limited,Gujarat,0.07566031074710042,756.6031074710041,8
102,SEM-0003,Tata Electronics Private Limited,Assam,0.10452966626416448,1045.2966626416448,2
102,SEM-0001,Micron Technology Inc.,Gujarat,0.1110927666769479,1110.927666769479,1
102,SEM-0006,Vama Sundari Investments (Delhi) Private Limited / Foxconn,Uttar Pradesh,0.10006492770188169,1000.6492770188169,3
102,SEM-0008,SiCSem Private Limited,Odisha,0.09567165924720727,956.7165924720728,4
102,SEM-0007,3D Glass Solutions Inc.,Odisha,0.09519158886313926,951.9158886313926,5
102,SEM-0010,Advanced System in Package Technologies Private Limited,Andhra Pradesh,0.0843496866936599,843.496866936599,6
102,SEM-0009,Continental Device India Private Limited,Punjab,0.0721527975174608,721.5279751746081,9
103,SEM-0002,Tata Electronics Private Limited,Gujarat,0.024058088527393454,240.58088527393454,12
103,SEM-0011,Crystal Matrix Limited,Gujarat,0.06092266263217906,609.2266263217906,10
103,SEM-0012,Suchi Semicon Private Limited,Gujarat,0.057893258390707775,578.9325839070777,11
103,SEM-0004,CG Power and Industrial Solutions Limited,Gujarat,0.07353829374109068,735.3829374109068,8
103,SEM-0005,Kaynes Technology India Limited,Gujarat,0.07351776823956943,735.1776823956943,9
103,SEM-0003,Tata Electronics Private Limited,Assam,0.09473215902322359,947.3215902322358,7
103,SEM-0001,Micron Technology Inc.,Gujarat,0.10501434685080108,1050.1434685080108,2
103,SEM-0006,Vama Sundari Investments (Delhi) Private Limited / Foxconn,Uttar Pradesh,0.10513112607126329,1051.311260712633,1
103,SEM-0008,SiCSem Private Limited,Odisha,0.1040717937569612,1040.7179375696119,3
103,SEM-0007,3D Glass Solutions Inc.,Odisha,0.10393566385494167,1039.3566385494166,4
103,SEM-0010,Advanced System in Package Technologies Private Limited,Andhra Pradesh,0.100952484802295,1009.52484802295,5
103,SEM-0009,Continental Device India Private Limited,Punjab,0.09623235410957381,962.3235410957382,6
104,SEM-0002,Tata Electronics Private Limited,Gujarat,0.03732730397559201,373.2730397559201,12
104,SEM-0011,Crystal Matrix Limited,Gujarat,0.0627558573253263,627.558573253263,10
104,SEM-0012,Suchi Semicon Private Limited,Gujarat,0.05706465878528653,570.6465878528653,11
104,SEM-0004,CG Power and Industrial Solutions Limited,Gujarat,0.07628890985089719,762.8890985089719,8
104,SEM-0005,Kaynes Technology India Limited,Gujarat,0.07433060684534323,743.3060684534323,9
104,SEM-0003,Tata Electronics Private Limited,Assam,0.09844914111239696,984.4914111239696,5
104,SEM-0001,Micron Technology Inc.,Gujarat,0.10732038011708465,1073.2038011708466,1
104,SEM-0006,Vama Sundari Investments (Delhi) Private Limited / Foxconn,Uttar Pradesh,0.10320910977302557,1032.0910977302556,2
104,SEM-0008,SiCSem Private Limited,Odisha,0.10088494747539585,1008.8494747539585,3
104,SEM-0007,3D Glass Solutions Inc.,Odisha,0.10061833330017526,1006.1833330017527,4
104,SEM-0010,Advanced System in Package Technologies Private Limited,Andhra Pradesh,0.09465370882976187,946.5370882976188,6
104,SEM-0009,Continental Device India Private Limited,Punjab,0.0870970426097147,870.970426097147,7
105,SEM-0002,Tata Electronics Private Limited,Gujarat,0.059034107059740645,590.3410705974064,11
105,SEM-0011,Crystal Matrix Limited,Gujarat,0.0657547381841382,657.5473818413819,10
105,SEM-0012,Suchi Semicon Private Limited,Gujarat,0.055709171828224255,557.0917182822426,12
105,SEM-0004,CG Power and Industrial Solutions Limited,Gujarat,0.08078857921633527,807.8857921633527,7
105,SEM-0005,Kaynes Technology India Limited,Gujarat,0.07566031074710042,756.6031074710041,8
105,SEM-0003,Tata Electronics Private Limited,Assam,0.10452966626416448,1045.2966626416448,2
105,SEM-0001,Micron Technology Inc.,Gujarat,0.1110927666769479,1110.927666769479,1
105,SEM-0006,Vama Sundari Investments (Delhi) Private Limited / Foxconn,Uttar Pradesh,0.10006492770188169,1000.6492770188169,3
105,SEM-0008,SiCSem Private Limited,Odisha,0.09567165924720727,956.7165924720728,4
105,SEM-0007,3D Glass Solutions Inc.,Odisha,0.09519158886313926,951.9158886313926,5
105,SEM-0010,Advanced System in Package Technologies Private Limited,Andhra Pradesh,0.0843496866936599,843.496866936599,6
105,SEM-0009,Continental Device India Private Limited,Punjab,0.0721527975174608,721.5279751746081,9
106,SEM-0002,Tata Electronics Private Limited,Gujarat,0.024058088527393454,240.58088527393454,12
106,SEM-0011,Crystal Matrix Limited,Gujarat,0.06092266263217906,609.2266263217906,10
106,SEM-0012,Suchi Semicon Private Limited,Gujarat,0.057893258390707775,578.9325839070777,11
106,SEM-0004,CG Power and Industrial Solutions Limited,Gujarat,0.07353829374109068,735.3829374109068,8
106,SEM-0005,Kaynes Technology India Limited,Gujarat,0.07351776823956943,735.1776823956943,9
106,SEM-0003,Tata Electronics Private Limited,Assam,0.09473215902322359,947.3215902322358,7
106,SEM-0001,Micron Technology Inc.,Gujarat,0.10501434685080108,1050.1434685080108,2
106,SEM-0006,Vama Sundari Investments (Delhi) Private Limited / Foxconn,Uttar Pradesh,0.10513112607126329,1051.311260712633,1
106,SEM-0008,SiCSem Private Limited,Odisha,0.1040717937569612,1040.7179375696119,3
106,SEM-0007,3D Glass Solutions Inc.,Odisha,0.10393566385494167,1039.3566385494166,4
106,SEM-0010,Advanced System in Package Technologies Private Limited,Andhra Pradesh,0.100952484802295,1009.52484802295,5
106,SEM-0009,Continental Device India Private Limited,Punjab,0.09623235410957381,962.3235410957382,6
107,SEM-0002,Tata Electronics Private Limited,Gujarat,0.03732730397559201,373.2730397559201,12
107,SEM-0011,Crystal Matrix Limited,Gujarat,0.0627558573253263,627.558573253263,10
107,SEM-0012,Suchi Semicon Private Limited,Gujarat,0.05706465878528653,570.6465878528653,11
107,SEM-0004,CG Power and Industrial Solutions Limited,Gujarat,0.07628890985089719,762.8890985089719,8
107,SEM-0005,Kaynes Technology India Limited,Gujarat,0.07433060684534323,743.3060684534323,9
107,SEM-0003,Tata Electronics Private Limited,Assam,0.09844914111239696,984.4914111239696,5
107,SEM-0001,Micron Technology Inc.,Gujarat,0.10732038011708465,1073.2038011708466,1
107,SEM-0006,Vama Sundari Investments (Delhi) Private Limited / Foxconn,Uttar Pradesh,0.10320910977302557,1032.0910977302556,2
107,SEM-0008,SiCSem Private Limited,Odisha,0.10088494747539585,1008.8494747539585,3
107,SEM-0007,3D Glass Solutions Inc.,Odisha,0.10061833330017526,1006.1833330017527,4
107,SEM-0010,Advanced System in Package Technologies Private Limited,Andhra Pradesh,0.09465370882976187,946.5370882976188,6
107,SEM-0009,Continental Device India Private Limited,Punjab,0.0870970426097147,870.970426097147,7
108,SEM-0002,Tata Electronics Private Limited,Gujarat,0.059034107059740645,590.3410705974064,11
108,SEM-0011,Crystal Matrix Limited,Gujarat,0.0657547381841382,657.5473818413819,10
108,SEM-0012,Suchi Semicon Private Limited,Gujarat,0.055709171828224255,557.0917182822426,12
108,SEM-0004,CG Power and Industrial Solutions Limited,Gujarat,0.08078857921633527,807.8857921633527,7
108,SEM-0005,Kaynes Technology India Limited,Gujarat,0.07566031074710042,756.6031074710041,8
108,SEM-0003,Tata Electronics Private Limited,Assam,0.10452966626416448,1045.2966626416448,2
108,SEM-0001,Micron Technology Inc.,Gujarat,0.1110927666769479,1110.927666769479,1
108,SEM-0006,Vama Sundari Investments (Delhi) Private Limited / Foxconn,Uttar Pradesh,0.10006492770188169,1000.6492770188169,3
108,SEM-0008,SiCSem Private Limited,Odisha,0.09567165924720727,956.7165924720728,4
108,SEM-0007,3D Glass Solutions Inc.,Odisha,0.09519158886313926,951.9158886313926,5
108,SEM-0010,Advanced System in Package Technologies Private Limited,Andhra Pradesh,0.0843496866936599,843.496866936599,6
108,SEM-0009,Continental Device India Private Limited,Punjab,0.0721527975174608,721.5279751746081,9
109,SEM-0002,Tata Electronics Private Limited,Gujarat,0.02132029367344766,426.4058734689532,12
109,SEM-0011,Crystal Matrix Limited,Gujarat,0.05398970318059429,1079.7940636118858,10
109,SEM-0012,Suchi Semicon Private Limited,Gujarat,0.05130504317486633,1026.1008634973266,11
109,SEM-0004,CG Power and Industrial Solutions Limited,Gujarat,0.06516968366040754,1303.3936732081509,8
109,SEM-0005,Kaynes Technology India Limited,Gujarat,0.06515149394763257,1303.0298789526514,9
109,SEM-0003,Tata Electronics Private Limited,Assam,0.10176900310613907,2035.3800621227813,6
109,SEM-0001,Micron Technology Inc.,Gujarat,0.09306378236305157,1861.2756472610315,7
109,SEM-0006,Vama Sundari Investments (Delhi) Private Limited / Foxconn,Uttar Pradesh,0.11294042071895997,2258.8084143791993,1
109,SEM-0008,SiCSem Private Limited,Odisha,0.11180239964252474,2236.0479928504947,2
109,SEM-0007,3D Glass Solutions Inc.,Odisha,0.11165615781119408,2233.1231562238813,3
109,SEM-0010,Advanced System in Package Technologies Private Limited,Andhra Pradesh,0.10845138383153062,2169.0276766306124,4
109,SEM-0009,Continental Device India Private Limited,Punjab,0.1033806348896516,2067.612697793032,5
110,SEM-0002,Tata Electronics Private Limited,Gujarat,0.03147420619680592,629.4841239361185,12
110,SEM-0011,Crystal Matrix Limited,Gujarat,0.052915442133356666,1058.3088426671334,10
110,SEM-0012,Suchi Semicon Private Limited,Gujarat,0.048116650437248595,962.333008744972,11
110,SEM-0004,CG Power and Industrial Solutions Limited,Gujarat,0.06432644802707306,1286.5289605414612,8
110,SEM-0005,Kaynes Technology India Limited,Gujarat,0.0626752161933212,1253.5043238664239,9
110,SEM-0003,Tata Electronics Private Limited,Assam,0.10940433902986811,2188.086780597362,4
110,SEM-0001,Micron Technology Inc.,Gujarat,0.09049203701219466,1809.8407402438932,7
110,SEM-0006,Vama Sundari Investments (Delhi) Private Limited / Foxconn,Uttar Pradesh,0.11469398624501669,2293.8797249003337,1
110,SEM-0008,SiCSem Private Limited,Odisha,0.1121111964197604,2242.223928395208,2
110,SEM-0007,3D Glass Solutions Inc.,Odisha,0.11181491402169762,2236.298280433952,3
110,SEM-0010,Advanced System in Package Technologies Private Limited,Andhra Pradesh,0.1051865596209015,2103.73119241803,5
110,SEM-0009,Continental Device India Private Limited,Punjab,0.09678900466275582,1935.7800932551163,6
111,SEM-0002,Tata Electronics Private Limited,Gujarat,0.04611631219999565,922.326243999913,11
111,SEM-0011,Crystal Matrix Limited,Gujarat,0.05136634033712128,1027.3268067424256,10
111,SEM-0012,Suchi Semicon Private Limited,Gujarat,0.04351893656719061,870.3787313438122,12
111,SEM-0004,CG Power and Industrial Solutions Limited,Gujarat,0.0631104886123599,1262.209772247198,8
111,SEM-0005,Kaynes Technology India Limited,Gujarat,0.0591043836409863,1182.087672819726,9
111,SEM-0003,Tata Electronics Private Limited,Assam,0.12309631659344128,2461.9263318688254,1
111,SEM-0001,Micron Technology Inc.,Gujarat,0.08678353864234616,1735.6707728469232,6
111,SEM-0006,Vama Sundari Investments (Delhi) Private Limited / Foxconn,Uttar Pradesh,0.11783854728055748,2356.7709456111497,2
111,SEM-0008,SiCSem Private Limited,Odisha,0.11266494265802002,2253.2988531604005,3
111,SEM-0007,3D Glass Solutions Inc.,Odisha,0.11209960175436662,2241.992035087332,4
111,SEM-0010,Advanced System in Package Technologies Private Limited,Andhra Pradesh,0.09933195148217892,1986.6390296435784,5
111,SEM-0009,Continental Device India Private Limited,Punjab,0.08496864023143558,1699.3728046287115,7
112,SEM-0002,Tata Electronics Private Limited,Gujarat,0.02132029367344766,426.4058734689532,12
112,SEM-0011,Crystal Matrix Limited,Gujarat,0.05398970318059429,1079.7940636118858,10
112,SEM-0012,Suchi Semicon Private Limited,Gujarat,0.05130504317486633,1026.1008634973266,11
112,SEM-0004,CG Power and Industrial Solutions Limited,Gujarat,0.06516968366040754,1303.3936732081509,8
112,SEM-0005,Kaynes Technology India Limited,Gujarat,0.06515149394763257,1303.0298789526514,9
112,SEM-0003,Tata Electronics Private Limited,Assam,0.10176900310613907,2035.3800621227813,6
112,SEM-0001,Micron Technology Inc.,Gujarat,0.09306378236305157,1861.2756472610315,7
112,SEM-0006,Vama Sundari Investments (Delhi) Private Limited / Foxconn,Uttar Pradesh,0.11294042071895997,2258.8084143791993,1
112,SEM-0008,SiCSem Private Limited,Odisha,0.11180239964252474,2236.0479928504947,2
112,SEM-0007,3D Glass Solutions Inc.,Odisha,0.11165615781119408,2233.1231562238813,3
112,SEM-0010,Advanced System in Package Technologies Private Limited,Andhra Pradesh,0.10845138383153062,2169.0276766306124,4
112,SEM-0009,Continental Device India Private Limited,Punjab,0.1033806348896516,2067.612697793032,5
113,SEM-0002,Tata Electronics Private Limited,Gujarat,0.03147420619680592,629.4841239361185,12
113,SEM-0011,Crystal Matrix Limited,Gujarat,0.052915442133356666,1058.3088426671334,10
113,SEM-0012,Suchi Semicon Private Limited,Gujarat,0.048116650437248595,962.333008744972,11
113,SEM-0004,CG Power and Industrial Solutions Limited,Gujarat,0.06432644802707306,1286.5289605414612,8
113,SEM-0005,Kaynes Technology India Limited,Gujarat,0.0626752161933212,1253.5043238664239,9
113,SEM-0003,Tata Electronics Private Limited,Assam,0.10940433902986811,2188.086780597362,4
113,SEM-0001,Micron Technology Inc.,Gujarat,0.09049203701219466,1809.8407402438932,7
113,SEM-0006,Vama Sundari Investments (Delhi) Private Limited / Foxconn,Uttar Pradesh,0.11469398624501669,2293.8797249003337,1
113,SEM-0008,SiCSem Private Limited,Odisha,0.1121111964197604,2242.223928395208,2
113,SEM-0007,3D Glass Solutions Inc.,Odisha,0.11181491402169762,2236.298280433952,3
113,SEM-0010,Advanced System in Package Technologies Private Limited,Andhra Pradesh,0.1051865596209015,2103.73119241803,5
113,SEM-0009,Continental Device India Private Limited,Punjab,0.09678900466275582,1935.7800932551163,6
114,SEM-0002,Tata Electronics Private Limited,Gujarat,0.04611631219999565,922.326243999913,11
114,SEM-0011,Crystal Matrix Limited,Gujarat,0.05136634033712128,1027.3268067424256,10
114,SEM-0012,Suchi Semicon Private Limited,Gujarat,0.04351893656719061,870.3787313438122,12
114,SEM-0004,CG Power and Industrial Solutions Limited,Gujarat,0.0631104886123599,1262.209772247198,8
114,SEM-0005,Kaynes Technology India Limited,Gujarat,0.0591043836409863,1182.087672819726,9
114,SEM-0003,Tata Electronics Private Limited,Assam,0.12309631659344128,2461.9263318688254,1
114,SEM-0001,Micron Technology Inc.,Gujarat,0.08678353864234616,1735.6707728469232,6
114,SEM-0006,Vama Sundari Investments (Delhi) Private Limited / Foxconn,Uttar Pradesh,0.11783854728055748,2356.7709456111497,2
114,SEM-0008,SiCSem Private Limited,Odisha,0.11266494265802002,2253.2988531604005,3
114,SEM-0007,3D Glass Solutions Inc.,Odisha,0.11209960175436662,2241.992035087332,4
114,SEM-0010,Advanced System in Package Technologies Private Limited,Andhra Pradesh,0.09933195148217892,1986.6390296435784,5
114,SEM-0009,Continental Device India Private Limited,Punjab,0.08496864023143558,1699.3728046287115,7
115,SEM-0002,Tata Electronics Private Limited,Gujarat,0.024058088527393454,481.1617705478691,12
115,SEM-0011,Crystal Matrix Limited,Gujarat,0.06092266263217906,1218.4532526435812,10
115,SEM-0012,Suchi Semicon Private Limited,Gujarat,0.057893258390707775,1157.8651678141555,11
115,SEM-0004,CG Power and Industrial Solutions Limited,Gujarat,0.07353829374109068,1470.7658748218137,8
115,SEM-0005,Kaynes Technology India Limited,Gujarat,0.07351776823956943,1470.3553647913886,9
115,SEM-0003,Tata Electronics Private Limited,Assam,0.09473215902322359,1894.6431804644717,7
115,SEM-0001,Micron Technology Inc.,Gujarat,0.10501434685080108,2100.2869370160215,2
115,SEM-0006,Vama Sundari Investments (Delhi) Private Limited / Foxconn,Uttar Pradesh,0.10513112607126329,2102.622521425266,1
115,SEM-0008,SiCSem Private Limited,Odisha,0.1040717937569612,2081.4358751392238,3
115,SEM-0007,3D Glass Solutions Inc.,Odisha,0.10393566385494167,2078.7132770988333,4
115,SEM-0010,Advanced System in Package Technologies Private Limited,Andhra Pradesh,0.100952484802295,2019.0496960459,5
115,SEM-0009,Continental Device India Private Limited,Punjab,0.09623235410957381,1924.6470821914763,6
116,SEM-0002,Tata Electronics Private Limited,Gujarat,0.03732730397559201,746.5460795118402,12
116,SEM-0011,Crystal Matrix Limited,Gujarat,0.0627558573253263,1255.117146506526,10
116,SEM-0012,Suchi Semicon Private Limited,Gujarat,0.05706465878528653,1141.2931757057306,11
116,SEM-0004,CG Power and Industrial Solutions Limited,Gujarat,0.07628890985089719,1525.7781970179437,8
116,SEM-0005,Kaynes Technology India Limited,Gujarat,0.07433060684534323,1486.6121369068646,9
116,SEM-0003,Tata Electronics Private Limited,Assam,0.09844914111239696,1968.982822247939,5
116,SEM-0001,Micron Technology Inc.,Gujarat,0.10732038011708465,2146.4076023416933,1
116,SEM-0006,Vama Sundari Investments (Delhi) Private Limited / Foxconn,Uttar Pradesh,0.10320910977302557,2064.182195460511,2
116,SEM-0008,SiCSem Private Limited,Odisha,0.10088494747539585,2017.698949507917,3
116,SEM-0007,3D Glass Solutions Inc.,Odisha,0.10061833330017526,2012.3666660035053,4
116,SEM-0010,Advanced System in Package Technologies Private Limited,Andhra Pradesh,0.09465370882976187,1893.0741765952375,6
116,SEM-0009,Continental Device India Private Limited,Punjab,0.0870970426097147,1741.940852194294,7
117,SEM-0002,Tata Electronics Private Limited,Gujarat,0.059034107059740645,1180.6821411948129,11
117,SEM-0011,Crystal Matrix Limited,Gujarat,0.0657547381841382,1315.0947636827639,10
117,SEM-0012,Suchi Semicon Private Limited,Gujarat,0.055709171828224255,1114.1834365644852,12
117,SEM-0004,CG Power and Industrial Solutions Limited,Gujarat,0.08078857921633527,1615.7715843267054,7
117,SEM-0005,Kaynes Technology India Limited,Gujarat,0.07566031074710042,1513.2062149420083,8
117,SEM-0003,Tata Electronics Private Limited,Assam,0.10452966626416448,2090.5933252832897,2
117,SEM-0001,Micron Technology Inc.,Gujarat,0.1110927666769479,2221.855333538958,1
117,SEM-0006,Vama Sundari Investments (Delhi) Private Limited / Foxconn,Uttar Pradesh,0.10006492770188169,2001.2985540376337,3
117,SEM-0008,SiCSem Private Limited,Odisha,0.09567165924720727,1913.4331849441455,4
117,SEM-0007,3D Glass Solutions Inc.,Odisha,0.09519158886313926,1903.8317772627852,5
117,SEM-0010,Advanced System in Package Technologies Private Limited,Andhra Pradesh,0.0843496866936599,1686.993733873198,6
117,SEM-0009,Continental Device India Private Limited,Punjab,0.0721527975174608,1443.0559503492161,9
118,SEM-0002,Tata Electronics Private Limited,Gujarat,0.024058088527393454,481.1617705478691,12
118,SEM-0011,Crystal Matrix Limited,Gujarat,0.06092266263217906,1218.4532526435812,10
118,SEM-0012,Suchi Semicon Private Limited,Gujarat,0.057893258390707775,1157.8651678141555,11
118,SEM-0004,CG Power and Industrial Solutions Limited,Gujarat,0.07353829374109068,1470.7658748218137,8
118,SEM-0005,Kaynes Technology India Limited,Gujarat,0.07351776823956943,1470.3553647913886,9
118,SEM-0003,Tata Electronics Private Limited,Assam,0.09473215902322359,1894.6431804644717,7
118,SEM-0001,Micron Technology Inc.,Gujarat,0.10501434685080108,2100.2869370160215,2
118,SEM-0006,Vama Sundari Investments (Delhi) Private Limited / Foxconn,Uttar Pradesh,0.10513112607126329,2102.622521425266,1
118,SEM-0008,SiCSem Private Limited,Odisha,0.1040717937569612,2081.4358751392238,3
118,SEM-0007,3D Glass Solutions Inc.,Odisha,0.10393566385494167,2078.7132770988333,4
118,SEM-0010,Advanced System in Package Technologies Private Limited,Andhra Pradesh,0.100952484802295,2019.0496960459,5
118,SEM-0009,Continental Device India Private Limited,Punjab,0.09623235410957381,1924.6470821914763,6
119,SEM-0002,Tata Electronics Private Limited,Gujarat,0.03732730397559201,746.5460795118402,12
119,SEM-0011,Crystal Matrix Limited,Gujarat,0.0627558573253263,1255.117146506526,10
119,SEM-0012,Suchi Semicon Private Limited,Gujarat,0.05706465878528653,1141.2931757057306,11
119,SEM-0004,CG Power and Industrial Solutions Limited,Gujarat,0.07628890985089719,1525.7781970179437,8
119,SEM-0005,Kaynes Technology India Limited,Gujarat,0.07433060684534323,1486.6121369068646,9
119,SEM-0003,Tata Electronics Private Limited,Assam,0.09844914111239696,1968.982822247939,5
119,SEM-0001,Micron Technology Inc.,Gujarat,0.10732038011708465,2146.4076023416933,1
119,SEM-0006,Vama Sundari Investments (Delhi) Private Limited / Foxconn,Uttar Pradesh,0.10320910977302557,2064.182195460511,2
119,SEM-0008,SiCSem Private Limited,Odisha,0.10088494747539585,2017.698949507917,3
119,SEM-0007,3D Glass Solutions Inc.,Odisha,0.10061833330017526,2012.3666660035053,4
119,SEM-0010,Advanced System in Package Technologies Private Limited,Andhra Pradesh,0.09465370882976187,1893.0741765952375,6
119,SEM-0009,Continental Device India Private Limited,Punjab,0.0870970426097147,1741.940852194294,7
120,SEM-0002,Tata Electronics Private Limited,Gujarat,0.059034107059740645,1180.6821411948129,11
120,SEM-0011,Crystal Matrix Limited,Gujarat,0.0657547381841382,1315.0947636827639,10
120,SEM-0012,Suchi Semicon Private Limited,Gujarat,0.055709171828224255,1114.1834365644852,12
120,SEM-0004,CG Power and Industrial Solutions Limited,Gujarat,0.08078857921633527,1615.7715843267054,7
120,SEM-0005,Kaynes Technology India Limited,Gujarat,0.07566031074710042,1513.2062149420083,8
120,SEM-0003,Tata Electronics Private Limited,Assam,0.10452966626416448,2090.5933252832897,2
120,SEM-0001,Micron Technology Inc.,Gujarat,0.1110927666769479,2221.855333538958,1
120,SEM-0006,Vama Sundari Investments (Delhi) Private Limited / Foxconn,Uttar Pradesh,0.10006492770188169,2001.2985540376337,3
120,SEM-0008,SiCSem Private Limited,Odisha,0.09567165924720727,1913.4331849441455,4
120,SEM-0007,3D Glass Solutions Inc.,Odisha,0.09519158886313926,1903.8317772627852,5
120,SEM-0010,Advanced System in Package Technologies Private Limited,Andhra Pradesh,0.0843496866936599,1686.993733873198,6
120,SEM-0009,Continental Device India Private Limited,Punjab,0.0721527975174608,1443.0559503492161,9
121,SEM-0002,Tata Electronics Private Limited,Gujarat,0.024058088527393454,481.1617705478691,12
121,SEM-0011,Crystal Matrix Limited,Gujarat,0.06092266263217906,1218.4532526435812,10
121,SEM-0012,Suchi Semicon Private Limited,Gujarat,0.057893258390707775,1157.8651678141555,11
121,SEM-0004,CG Power and Industrial Solutions Limited,Gujarat,0.07353829374109068,1470.7658748218137,8
121,SEM-0005,Kaynes Technology India Limited,Gujarat,0.07351776823956943,1470.3553647913886,9
121,SEM-0003,Tata Electronics Private Limited,Assam,0.09473215902322359,1894.6431804644717,7
121,SEM-0001,Micron Technology Inc.,Gujarat,0.10501434685080108,2100.2869370160215,2
121,SEM-0006,Vama Sundari Investments (Delhi) Private Limited / Foxconn,Uttar Pradesh,0.10513112607126329,2102.622521425266,1
121,SEM-0008,SiCSem Private Limited,Odisha,0.1040717937569612,2081.4358751392238,3
121,SEM-0007,3D Glass Solutions Inc.,Odisha,0.10393566385494167,2078.7132770988333,4
121,SEM-0010,Advanced System in Package Technologies Private Limited,Andhra Pradesh,0.100952484802295,2019.0496960459,5
121,SEM-0009,Continental Device India Private Limited,Punjab,0.09623235410957381,1924.6470821914763,6
122,SEM-0002,Tata Electronics Private Limited,Gujarat,0.03732730397559201,746.5460795118402,12
122,SEM-0011,Crystal Matrix Limited,Gujarat,0.0627558573253263,1255.117146506526,10
122,SEM-0012,Suchi Semicon Private Limited,Gujarat,0.05706465878528653,1141.2931757057306,11
122,SEM-0004,CG Power and Industrial Solutions Limited,Gujarat,0.07628890985089719,1525.7781970179437,8
122,SEM-0005,Kaynes Technology India Limited,Gujarat,0.07433060684534323,1486.6121369068646,9
122,SEM-0003,Tata Electronics Private Limited,Assam,0.09844914111239696,1968.982822247939,5
122,SEM-0001,Micron Technology Inc.,Gujarat,0.10732038011708465,2146.4076023416933,1
122,SEM-0006,Vama Sundari Investments (Delhi) Private Limited / Foxconn,Uttar Pradesh,0.10320910977302557,2064.182195460511,2
122,SEM-0008,SiCSem Private Limited,Odisha,0.10088494747539585,2017.698949507917,3
122,SEM-0007,3D Glass Solutions Inc.,Odisha,0.10061833330017526,2012.3666660035053,4
122,SEM-0010,Advanced System in Package Technologies Private Limited,Andhra Pradesh,0.09465370882976187,1893.0741765952375,6
122,SEM-0009,Continental Device India Private Limited,Punjab,0.0870970426097147,1741.940852194294,7
123,SEM-0002,Tata Electronics Private Limited,Gujarat,0.059034107059740645,1180.6821411948129,11
123,SEM-0011,Crystal Matrix Limited,Gujarat,0.0657547381841382,1315.0947636827639,10
123,SEM-0012,Suchi Semicon Private Limited,Gujarat,0.055709171828224255,1114.1834365644852,12
123,SEM-0004,CG Power and Industrial Solutions Limited,Gujarat,0.08078857921633527,1615.7715843267054,7
123,SEM-0005,Kaynes Technology India Limited,Gujarat,0.07566031074710042,1513.2062149420083,8
123,SEM-0003,Tata Electronics Private Limited,Assam,0.10452966626416448,2090.5933252832897,2
123,SEM-0001,Micron Technology Inc.,Gujarat,0.1110927666769479,2221.855333538958,1
123,SEM-0006,Vama Sundari Investments (Delhi) Private Limited / Foxconn,Uttar Pradesh,0.10006492770188169,2001.2985540376337,3
123,SEM-0008,SiCSem Private Limited,Odisha,0.09567165924720727,1913.4331849441455,4
123,SEM-0007,3D Glass Solutions Inc.,Odisha,0.09519158886313926,1903.8317772627852,5
123,SEM-0010,Advanced System in Package Technologies Private Limited,Andhra Pradesh,0.0843496866936599,1686.993733873198,6
123,SEM-0009,Continental Device India Private Limited,Punjab,0.0721527975174608,1443.0559503492161,9
124,SEM-0002,Tata Electronics Private Limited,Gujarat,0.024058088527393454,481.1617705478691,12
124,SEM-0011,Crystal Matrix Limited,Gujarat,0.06092266263217906,1218.4532526435812,10
124,SEM-0012,Suchi Semicon Private Limited,Gujarat,0.057893258390707775,1157.8651678141555,11
124,SEM-0004,CG Power and Industrial Solutions Limited,Gujarat,0.07353829374109068,1470.7658748218137,8
124,SEM-0005,Kaynes Technology India Limited,Gujarat,0.07351776823956943,1470.3553647913886,9
124,SEM-0003,Tata Electronics Private Limited,Assam,0.09473215902322359,1894.6431804644717,7
124,SEM-0001,Micron Technology Inc.,Gujarat,0.10501434685080108,2100.2869370160215,2
124,SEM-0006,Vama Sundari Investments (Delhi) Private Limited / Foxconn,Uttar Pradesh,0.10513112607126329,2102.622521425266,1
124,SEM-0008,SiCSem Private Limited,Odisha,0.1040717937569612,2081.4358751392238,3
124,SEM-0007,3D Glass Solutions Inc.,Odisha,0.10393566385494167,2078.7132770988333,4
124,SEM-0010,Advanced System in Package Technologies Private Limited,Andhra Pradesh,0.100952484802295,2019.0496960459,5
124,SEM-0009,Continental Device India Private Limited,Punjab,0.09623235410957381,1924.6470821914763,6
125,SEM-0002,Tata Electronics Private Limited,Gujarat,0.03732730397559201,746.5460795118402,12
125,SEM-0011,Crystal Matrix Limited,Gujarat,0.0627558573253263,1255.117146506526,10
125,SEM-0012,Suchi Semicon Private Limited,Gujarat,0.05706465878528653,1141.2931757057306,11
125,SEM-0004,CG Power and Industrial Solutions Limited,Gujarat,0.07628890985089719,1525.7781970179437,8
125,SEM-0005,Kaynes Technology India Limited,Gujarat,0.07433060684534323,1486.6121369068646,9
125,SEM-0003,Tata Electronics Private Limited,Assam,0.09844914111239696,1968.982822247939,5
125,SEM-0001,Micron Technology Inc.,Gujarat,0.10732038011708465,2146.4076023416933,1
125,SEM-0006,Vama Sundari Investments (Delhi) Private Limited / Foxconn,Uttar Pradesh,0.10320910977302557,2064.182195460511,2
125,SEM-0008,SiCSem Private Limited,Odisha,0.10088494747539585,2017.698949507917,3
125,SEM-0007,3D Glass Solutions Inc.,Odisha,0.10061833330017526,2012.3666660035053,4
125,SEM-0010,Advanced System in Package Technologies Private Limited,Andhra Pradesh,0.09465370882976187,1893.0741765952375,6
125,SEM-0009,Continental Device India Private Limited,Punjab,0.0870970426097147,1741.940852194294,7
126,SEM-0002,Tata Electronics Private Limited,Gujarat,0.059034107059740645,1180.6821411948129,11
126,SEM-0011,Crystal Matrix Limited,Gujarat,0.0657547381841382,1315.0947636827639,10
126,SEM-0012,Suchi Semicon Private Limited,Gujarat,0.055709171828224255,1114.1834365644852,12
126,SEM-0004,CG Power and Industrial Solutions Limited,Gujarat,0.08078857921633527,1615.7715843267054,7
126,SEM-0005,Kaynes Technology India Limited,Gujarat,0.07566031074710042,1513.2062149420083,8
126,SEM-0003,Tata Electronics Private Limited,Assam,0.10452966626416448,2090.5933252832897,2
126,SEM-0001,Micron Technology Inc.,Gujarat,0.1110927666769479,2221.855333538958,1
126,SEM-0006,Vama Sundari Investments (Delhi) Private Limited / Foxconn,Uttar Pradesh,0.10006492770188169,2001.2985540376337,3
126,SEM-0008,SiCSem Private Limited,Odisha,0.09567165924720727,1913.4331849441455,4
126,SEM-0007,3D Glass Solutions Inc.,Odisha,0.09519158886313926,1903.8317772627852,5
126,SEM-0010,Advanced System in Package Technologies Private Limited,Andhra Pradesh,0.0843496866936599,1686.993733873198,6
126,SEM-0009,Continental Device India Private Limited,Punjab,0.0721527975174608,1443.0559503492161,9
127,SEM-0002,Tata Electronics Private Limited,Gujarat,0.02132029367344766,426.4058734689532,12
127,SEM-0011,Crystal Matrix Limited,Gujarat,0.05398970318059429,1079.7940636118858,10
127,SEM-0012,Suchi Semicon Private Limited,Gujarat,0.05130504317486633,1026.1008634973266,11
127,SEM-0004,CG Power and Industrial Solutions Limited,Gujarat,0.06516968366040754,1303.3936732081509,8
127,SEM-0005,Kaynes Technology India Limited,Gujarat,0.06515149394763257,1303.0298789526514,9
127,SEM-0003,Tata Electronics Private Limited,Assam,0.10176900310613907,2035.3800621227813,6
127,SEM-0001,Micron Technology Inc.,Gujarat,0.09306378236305157,1861.2756472610315,7
127,SEM-0006,Vama Sundari Investments (Delhi) Private Limited / Foxconn,Uttar Pradesh,0.11294042071895997,2258.8084143791993,1
127,SEM-0008,SiCSem Private Limited,Odisha,0.11180239964252474,2236.0479928504947,2
127,SEM-0007,3D Glass Solutions Inc.,Odisha,0.11165615781119408,2233.1231562238813,3
127,SEM-0010,Advanced System in Package Technologies Private Limited,Andhra Pradesh,0.10845138383153062,2169.0276766306124,4
127,SEM-0009,Continental Device India Private Limited,Punjab,0.1033806348896516,2067.612697793032,5
128,SEM-0002,Tata Electronics Private Limited,Gujarat,0.03147420619680592,629.4841239361185,12
128,SEM-0011,Crystal Matrix Limited,Gujarat,0.052915442133356666,1058.3088426671334,10
128,SEM-0012,Suchi Semicon Private Limited,Gujarat,0.048116650437248595,962.333008744972,11
128,SEM-0004,CG Power and Industrial Solutions Limited,Gujarat,0.06432644802707306,1286.5289605414612,8
128,SEM-0005,Kaynes Technology India Limited,Gujarat,0.0626752161933212,1253.5043238664239,9
128,SEM-0003,Tata Electronics Private Limited,Assam,0.10940433902986811,2188.086780597362,4
128,SEM-0001,Micron Technology Inc.,Gujarat,0.09049203701219466,1809.8407402438932,7
128,SEM-0006,Vama Sundari Investments (Delhi) Private Limited / Foxconn,Uttar Pradesh,0.11469398624501669,2293.8797249003337,1
128,SEM-0008,SiCSem Private Limited,Odisha,0.1121111964197604,2242.223928395208,2
128,SEM-0007,3D Glass Solutions Inc.,Odisha,0.11181491402169762,2236.298280433952,3
128,SEM-0010,Advanced System in Package Technologies Private Limited,Andhra Pradesh,0.1051865596209015,2103.73119241803,5
128,SEM-0009,Continental Device India Private Limited,Punjab,0.09678900466275582,1935.7800932551163,6
129,SEM-0002,Tata Electronics Private Limited,Gujarat,0.04611631219999565,922.326243999913,11
129,SEM-0011,Crystal Matrix Limited,Gujarat,0.05136634033712128,1027.3268067424256,10
129,SEM-0012,Suchi Semicon Private Limited,Gujarat,0.04351893656719061,870.3787313438122,12
129,SEM-0004,CG Power and Industrial Solutions Limited,Gujarat,0.0631104886123599,1262.209772247198,8
129,SEM-0005,Kaynes Technology India Limited,Gujarat,0.0591043836409863,1182.087672819726,9
129,SEM-0003,Tata Electronics Private Limited,Assam,0.12309631659344128,2461.9263318688254,1
129,SEM-0001,Micron Technology Inc.,Gujarat,0.08678353864234616,1735.6707728469232,6
129,SEM-0006,Vama Sundari Investments (Delhi) Private Limited / Foxconn,Uttar Pradesh,0.11783854728055748,2356.7709456111497,2
129,SEM-0008,SiCSem Private Limited,Odisha,0.11266494265802002,2253.2988531604005,3
129,SEM-0007,3D Glass Solutions Inc.,Odisha,0.11209960175436662,2241.992035087332,4
129,SEM-0010,Advanced System in Package Technologies Private Limited,Andhra Pradesh,0.09933195148217892,1986.6390296435784,5
129,SEM-0009,Continental Device India Private Limited,Punjab,0.08496864023143558,1699.3728046287115,7
130,SEM-0002,Tata Electronics Private Limited,Gujarat,0.02132029367344766,426.4058734689532,12
130,SEM-0011,Crystal Matrix Limited,Gujarat,0.05398970318059429,1079.7940636118858,10
130,SEM-0012,Suchi Semicon Private Limited,Gujarat,0.05130504317486633,1026.1008634973266,11
130,SEM-0004,CG Power and Industrial Solutions Limited,Gujarat,0.06516968366040754,1303.3936732081509,8
130,SEM-0005,Kaynes Technology India Limited,Gujarat,0.06515149394763257,1303.0298789526514,9
130,SEM-0003,Tata Electronics Private Limited,Assam,0.10176900310613907,2035.3800621227813,6
130,SEM-0001,Micron Technology Inc.,Gujarat,0.09306378236305157,1861.2756472610315,7
130,SEM-0006,Vama Sundari Investments (Delhi) Private Limited / Foxconn,Uttar Pradesh,0.11294042071895997,2258.8084143791993,1
130,SEM-0008,SiCSem Private Limited,Odisha,0.11180239964252474,2236.0479928504947,2
130,SEM-0007,3D Glass Solutions Inc.,Odisha,0.11165615781119408,2233.1231562238813,3
130,SEM-0010,Advanced System in Package Technologies Private Limited,Andhra Pradesh,0.10845138383153062,2169.0276766306124,4
130,SEM-0009,Continental Device India Private Limited,Punjab,0.1033806348896516,2067.612697793032,5
131,SEM-0002,Tata Electronics Private Limited,Gujarat,0.03147420619680592,629.4841239361185,12
131,SEM-0011,Crystal Matrix Limited,Gujarat,0.052915442133356666,1058.3088426671334,10
131,SEM-0012,Suchi Semicon Private Limited,Gujarat,0.048116650437248595,962.333008744972,11
131,SEM-0004,CG Power and Industrial Solutions Limited,Gujarat,0.06432644802707306,1286.5289605414612,8
131,SEM-0005,Kaynes Technology India Limited,Gujarat,0.0626752161933212,1253.5043238664239,9
131,SEM-0003,Tata Electronics Private Limited,Assam,0.10940433902986811,2188.086780597362,4
131,SEM-0001,Micron Technology Inc.,Gujarat,0.09049203701219466,1809.8407402438932,7
131,SEM-0006,Vama Sundari Investments (Delhi) Private Limited / Foxconn,Uttar Pradesh,0.11469398624501669,2293.8797249003337,1
131,SEM-0008,SiCSem Private Limited,Odisha,0.1121111964197604,2242.223928395208,2
131,SEM-0007,3D Glass Solutions Inc.,Odisha,0.11181491402169762,2236.298280433952,3
131,SEM-0010,Advanced System in Package Technologies Private Limited,Andhra Pradesh,0.1051865596209015,2103.73119241803,5
131,SEM-0009,Continental Device India Private Limited,Punjab,0.09678900466275582,1935.7800932551163,6
132,SEM-0002,Tata Electronics Private Limited,Gujarat,0.04611631219999565,922.326243999913,11
132,SEM-0011,Crystal Matrix Limited,Gujarat,0.05136634033712128,1027.3268067424256,10
132,SEM-0012,Suchi Semicon Private Limited,Gujarat,0.04351893656719061,870.3787313438122,12
132,SEM-0004,CG Power and Industrial Solutions Limited,Gujarat,0.0631104886123599,1262.209772247198,8
132,SEM-0005,Kaynes Technology India Limited,Gujarat,0.0591043836409863,1182.087672819726,9
132,SEM-0003,Tata Electronics Private Limited,Assam,0.12309631659344128,2461.9263318688254,1
132,SEM-0001,Micron Technology Inc.,Gujarat,0.08678353864234616,1735.6707728469232,6
132,SEM-0006,Vama Sundari Investments (Delhi) Private Limited / Foxconn,Uttar Pradesh,0.11783854728055748,2356.7709456111497,2
132,SEM-0008,SiCSem Private Limited,Odisha,0.11266494265802002,2253.2988531604005,3
132,SEM-0007,3D Glass Solutions Inc.,Odisha,0.11209960175436662,2241.992035087332,4
132,SEM-0010,Advanced System in Package Technologies Private Limited,Andhra Pradesh,0.09933195148217892,1986.6390296435784,5
132,SEM-0009,Continental Device India Private Limited,Punjab,0.08496864023143558,1699.3728046287115,7
133,SEM-0002,Tata Electronics Private Limited,Gujarat,0.024058088527393454,481.1617705478691,12
133,SEM-0011,Crystal Matrix Limited,Gujarat,0.06092266263217906,1218.4532526435812,10
133,SEM-0012,Suchi Semicon Private Limited,Gujarat,0.057893258390707775,1157.8651678141555,11
133,SEM-0004,CG Power and Industrial Solutions Limited,Gujarat,0.07353829374109068,1470.7658748218137,8
133,SEM-0005,Kaynes Technology India Limited,Gujarat,0.07351776823956943,1470.3553647913886,9
133,SEM-0003,Tata Electronics Private Limited,Assam,0.09473215902322359,1894.6431804644717,7
133,SEM-0001,Micron Technology Inc.,Gujarat,0.10501434685080108,2100.2869370160215,2
133,SEM-0006,Vama Sundari Investments (Delhi) Private Limited / Foxconn,Uttar Pradesh,0.10513112607126329,2102.622521425266,1
133,SEM-0008,SiCSem Private Limited,Odisha,0.1040717937569612,2081.4358751392238,3
133,SEM-0007,3D Glass Solutions Inc.,Odisha,0.10393566385494167,2078.7132770988333,4
133,SEM-0010,Advanced System in Package Technologies Private Limited,Andhra Pradesh,0.100952484802295,2019.0496960459,5
133,SEM-0009,Continental Device India Private Limited,Punjab,0.09623235410957381,1924.6470821914763,6
134,SEM-0002,Tata Electronics Private Limited,Gujarat,0.03732730397559201,746.5460795118402,12
134,SEM-0011,Crystal Matrix Limited,Gujarat,0.0627558573253263,1255.117146506526,10
134,SEM-0012,Suchi Semicon Private Limited,Gujarat,0.05706465878528653,1141.2931757057306,11
134,SEM-0004,CG Power and Industrial Solutions Limited,Gujarat,0.07628890985089719,1525.7781970179437,8
134,SEM-0005,Kaynes Technology India Limited,Gujarat,0.07433060684534323,1486.6121369068646,9
134,SEM-0003,Tata Electronics Private Limited,Assam,0.09844914111239696,1968.982822247939,5
134,SEM-0001,Micron Technology Inc.,Gujarat,0.10732038011708465,2146.4076023416933,1
134,SEM-0006,Vama Sundari Investments (Delhi) Private Limited / Foxconn,Uttar Pradesh,0.10320910977302557,2064.182195460511,2
134,SEM-0008,SiCSem Private Limited,Odisha,0.10088494747539585,2017.698949507917,3
134,SEM-0007,3D Glass Solutions Inc.,Odisha,0.10061833330017526,2012.3666660035053,4
134,SEM-0010,Advanced System in Package Technologies Private Limited,Andhra Pradesh,0.09465370882976187,1893.0741765952375,6
134,SEM-0009,Continental Device India Private Limited,Punjab,0.0870970426097147,1741.940852194294,7
135,SEM-0002,Tata Electronics Private Limited,Gujarat,0.059034107059740645,1180.6821411948129,11
135,SEM-0011,Crystal Matrix Limited,Gujarat,0.0657547381841382,1315.0947636827639,10
135,SEM-0012,Suchi Semicon Private Limited,Gujarat,0.055709171828224255,1114.1834365644852,12
135,SEM-0004,CG Power and Industrial Solutions Limited,Gujarat,0.08078857921633527,1615.7715843267054,7
135,SEM-0005,Kaynes Technology India Limited,Gujarat,0.07566031074710042,1513.2062149420083,8
135,SEM-0003,Tata Electronics Private Limited,Assam,0.10452966626416448,2090.5933252832897,2
135,SEM-0001,Micron Technology Inc.,Gujarat,0.1110927666769479,2221.855333538958,1
135,SEM-0006,Vama Sundari Investments (Delhi) Private Limited / Foxconn,Uttar Pradesh,0.10006492770188169,2001.2985540376337,3
135,SEM-0008,SiCSem Private Limited,Odisha,0.09567165924720727,1913.4331849441455,4
135,SEM-0007,3D Glass Solutions Inc.,Odisha,0.09519158886313926,1903.8317772627852,5
135,SEM-0010,Advanced System in Package Technologies Private Limited,Andhra Pradesh,0.0843496866936599,1686.993733873198,6
135,SEM-0009,Continental Device India Private Limited,Punjab,0.0721527975174608,1443.0559503492161,9
136,SEM-0002,Tata Electronics Private Limited,Gujarat,0.024058088527393454,481.1617705478691,12
136,SEM-0011,Crystal Matrix Limited,Gujarat,0.06092266263217906,1218.4532526435812,10
136,SEM-0012,Suchi Semicon Private Limited,Gujarat,0.057893258390707775,1157.8651678141555,11
136,SEM-0004,CG Power and Industrial Solutions Limited,Gujarat,0.07353829374109068,1470.7658748218137,8
136,SEM-0005,Kaynes Technology India Limited,Gujarat,0.07351776823956943,1470.3553647913886,9
136,SEM-0003,Tata Electronics Private Limited,Assam,0.09473215902322359,1894.6431804644717,7
136,SEM-0001,Micron Technology Inc.,Gujarat,0.10501434685080108,2100.2869370160215,2
136,SEM-0006,Vama Sundari Investments (Delhi) Private Limited / Foxconn,Uttar Pradesh,0.10513112607126329,2102.622521425266,1
136,SEM-0008,SiCSem Private Limited,Odisha,0.1040717937569612,2081.4358751392238,3
136,SEM-0007,3D Glass Solutions Inc.,Odisha,0.10393566385494167,2078.7132770988333,4
136,SEM-0010,Advanced System in Package Technologies Private Limited,Andhra Pradesh,0.100952484802295,2019.0496960459,5
136,SEM-0009,Continental Device India Private Limited,Punjab,0.09623235410957381,1924.6470821914763,6
137,SEM-0002,Tata Electronics Private Limited,Gujarat,0.03732730397559201,746.5460795118402,12
137,SEM-0011,Crystal Matrix Limited,Gujarat,0.0627558573253263,1255.117146506526,10
137,SEM-0012,Suchi Semicon Private Limited,Gujarat,0.05706465878528653,1141.2931757057306,11
137,SEM-0004,CG Power and Industrial Solutions Limited,Gujarat,0.07628890985089719,1525.7781970179437,8
137,SEM-0005,Kaynes Technology India Limited,Gujarat,0.07433060684534323,1486.6121369068646,9
137,SEM-0003,Tata Electronics Private Limited,Assam,0.09844914111239696,1968.982822247939,5
137,SEM-0001,Micron Technology Inc.,Gujarat,0.10732038011708465,2146.4076023416933,1
137,SEM-0006,Vama Sundari Investments (Delhi) Private Limited / Foxconn,Uttar Pradesh,0.10320910977302557,2064.182195460511,2
137,SEM-0008,SiCSem Private Limited,Odisha,0.10088494747539585,2017.698949507917,3
137,SEM-0007,3D Glass Solutions Inc.,Odisha,0.10061833330017526,2012.3666660035053,4
137,SEM-0010,Advanced System in Package Technologies Private Limited,Andhra Pradesh,0.09465370882976187,1893.0741765952375,6
137,SEM-0009,Continental Device India Private Limited,Punjab,0.0870970426097147,1741.940852194294,7
138,SEM-0002,Tata Electronics Private Limited,Gujarat,0.059034107059740645,1180.6821411948129,11
138,SEM-0011,Crystal Matrix Limited,Gujarat,0.0657547381841382,1315.0947636827639,10
138,SEM-0012,Suchi Semicon Private Limited,Gujarat,0.055709171828224255,1114.1834365644852,12
138,SEM-0004,CG Power and Industrial Solutions Limited,Gujarat,0.08078857921633527,1615.7715843267054,7
138,SEM-0005,Kaynes Technology India Limited,Gujarat,0.07566031074710042,1513.2062149420083,8
138,SEM-0003,Tata Electronics Private Limited,Assam,0.10452966626416448,2090.5933252832897,2
138,SEM-0001,Micron Technology Inc.,Gujarat,0.1110927666769479,2221.855333538958,1
138,SEM-0006,Vama Sundari Investments (Delhi) Private Limited / Foxconn,Uttar Pradesh,0.10006492770188169,2001.2985540376337,3
138,SEM-0008,SiCSem Private Limited,Odisha,0.09567165924720727,1913.4331849441455,4
138,SEM-0007,3D Glass Solutions Inc.,Odisha,0.09519158886313926,1903.8317772627852,5
138,SEM-0010,Advanced System in Package Technologies Private Limited,Andhra Pradesh,0.0843496866936599,1686.993733873198,6
138,SEM-0009,Continental Device India Private Limited,Punjab,0.0721527975174608,1443.0559503492161,9
139,SEM-0002,Tata Electronics Private Limited,Gujarat,0.024058088527393454,481.1617705478691,12
139,SEM-0011,Crystal Matrix Limited,Gujarat,0.06092266263217906,1218.4532526435812,10
139,SEM-0012,Suchi Semicon Private Limited,Gujarat,0.057893258390707775,1157.8651678141555,11
139,SEM-0004,CG Power and Industrial Solutions Limited,Gujarat,0.07353829374109068,1470.7658748218137,8
139,SEM-0005,Kaynes Technology India Limited,Gujarat,0.07351776823956943,1470.3553647913886,9
139,SEM-0003,Tata Electronics Private Limited,Assam,0.09473215902322359,1894.6431804644717,7
139,SEM-0001,Micron Technology Inc.,Gujarat,0.10501434685080108,2100.2869370160215,2
139,SEM-0006,Vama Sundari Investments (Delhi) Private Limited / Foxconn,Uttar Pradesh,0.10513112607126329,2102.622521425266,1
139,SEM-0008,SiCSem Private Limited,Odisha,0.1040717937569612,2081.4358751392238,3
139,SEM-0007,3D Glass Solutions Inc.,Odisha,0.10393566385494167,2078.7132770988333,4
139,SEM-0010,Advanced System in Package Technologies Private Limited,Andhra Pradesh,0.100952484802295,2019.0496960459,5
139,SEM-0009,Continental Device India Private Limited,Punjab,0.09623235410957381,1924.6470821914763,6
140,SEM-0002,Tata Electronics Private Limited,Gujarat,0.03732730397559201,746.5460795118402,12
140,SEM-0011,Crystal Matrix Limited,Gujarat,0.0627558573253263,1255.117146506526,10
140,SEM-0012,Suchi Semicon Private Limited,Gujarat,0.05706465878528653,1141.2931757057306,11
140,SEM-0004,CG Power and Industrial Solutions Limited,Gujarat,0.07628890985089719,1525.7781970179437,8
140,SEM-0005,Kaynes Technology India Limited,Gujarat,0.07433060684534323,1486.6121369068646,9
140,SEM-0003,Tata Electronics Private Limited,Assam,0.09844914111239696,1968.982822247939,5
140,SEM-0001,Micron Technology Inc.,Gujarat,0.10732038011708465,2146.4076023416933,1
140,SEM-0006,Vama Sundari Investments (Delhi) Private Limited / Foxconn,Uttar Pradesh,0.10320910977302557,2064.182195460511,2
140,SEM-0008,SiCSem Private Limited,Odisha,0.10088494747539585,2017.698949507917,3
140,SEM-0007,3D Glass Solutions Inc.,Odisha,0.10061833330017526,2012.3666660035053,4
140,SEM-0010,Advanced System in Package Technologies Private Limited,Andhra Pradesh,0.09465370882976187,1893.0741765952375,6
140,SEM-0009,Continental Device India Private Limited,Punjab,0.0870970426097147,1741.940852194294,7
141,SEM-0002,Tata Electronics Private Limited,Gujarat,0.059034107059740645,1180.6821411948129,11
141,SEM-0011,Crystal Matrix Limited,Gujarat,0.0657547381841382,1315.0947636827639,10
141,SEM-0012,Suchi Semicon Private Limited,Gujarat,0.055709171828224255,1114.1834365644852,12
141,SEM-0004,CG Power and Industrial Solutions Limited,Gujarat,0.08078857921633527,1615.7715843267054,7
141,SEM-0005,Kaynes Technology India Limited,Gujarat,0.07566031074710042,1513.2062149420083,8
141,SEM-0003,Tata Electronics Private Limited,Assam,0.10452966626416448,2090.5933252832897,2
141,SEM-0001,Micron Technology Inc.,Gujarat,0.1110927666769479,2221.855333538958,1
141,SEM-0006,Vama Sundari Investments (Delhi) Private Limited / Foxconn,Uttar Pradesh,0.10006492770188169,2001.2985540376337,3
141,SEM-0008,SiCSem Private Limited,Odisha,0.09567165924720727,1913.4331849441455,4
141,SEM-0007,3D Glass Solutions Inc.,Odisha,0.09519158886313926,1903.8317772627852,5
141,SEM-0010,Advanced System in Package Technologies Private Limited,Andhra Pradesh,0.0843496866936599,1686.993733873198,6
141,SEM-0009,Continental Device India Private Limited,Punjab,0.0721527975174608,1443.0559503492161,9
142,SEM-0002,Tata Electronics Private Limited,Gujarat,0.024058088527393454,481.1617705478691,12
142,SEM-0011,Crystal Matrix Limited,Gujarat,0.06092266263217906,1218.4532526435812,10
142,SEM-0012,Suchi Semicon Private Limited,Gujarat,0.057893258390707775,1157.8651678141555,11
142,SEM-0004,CG Power and Industrial Solutions Limited,Gujarat,0.07353829374109068,1470.7658748218137,8
142,SEM-0005,Kaynes Technology India Limited,Gujarat,0.07351776823956943,1470.3553647913886,9
142,SEM-0003,Tata Electronics Private Limited,Assam,0.09473215902322359,1894.6431804644717,7
142,SEM-0001,Micron Technology Inc.,Gujarat,0.10501434685080108,2100.2869370160215,2
142,SEM-0006,Vama Sundari Investments (Delhi) Private Limited / Foxconn,Uttar Pradesh,0.10513112607126329,2102.622521425266,1
142,SEM-0008,SiCSem Private Limited,Odisha,0.1040717937569612,2081.4358751392238,3
142,SEM-0007,3D Glass Solutions Inc.,Odisha,0.10393566385494167,2078.7132770988333,4
142,SEM-0010,Advanced System in Package Technologies Private Limited,Andhra Pradesh,0.100952484802295,2019.0496960459,5
142,SEM-0009,Continental Device India Private Limited,Punjab,0.09623235410957381,1924.6470821914763,6
143,SEM-0002,Tata Electronics Private Limited,Gujarat,0.03732730397559201,746.5460795118402,12
143,SEM-0011,Crystal Matrix Limited,Gujarat,0.0627558573253263,1255.117146506526,10
143,SEM-0012,Suchi Semicon Private Limited,Gujarat,0.05706465878528653,1141.2931757057306,11
143,SEM-0004,CG Power and Industrial Solutions Limited,Gujarat,0.07628890985089719,1525.7781970179437,8
143,SEM-0005,Kaynes Technology India Limited,Gujarat,0.07433060684534323,1486.6121369068646,9
143,SEM-0003,Tata Electronics Private Limited,Assam,0.09844914111239696,1968.982822247939,5
143,SEM-0001,Micron Technology Inc.,Gujarat,0.10732038011708465,2146.4076023416933,1
143,SEM-0006,Vama Sundari Investments (Delhi) Private Limited / Foxconn,Uttar Pradesh,0.10320910977302557,2064.182195460511,2
143,SEM-0008,SiCSem Private Limited,Odisha,0.10088494747539585,2017.698949507917,3
143,SEM-0007,3D Glass Solutions Inc.,Odisha,0.10061833330017526,2012.3666660035053,4
143,SEM-0010,Advanced System in Package Technologies Private Limited,Andhra Pradesh,0.09465370882976187,1893.0741765952375,6
143,SEM-0009,Continental Device India Private Limited,Punjab,0.0870970426097147,1741.940852194294,7
144,SEM-0002,Tata Electronics Private Limited,Gujarat,0.059034107059740645,1180.6821411948129,11
144,SEM-0011,Crystal Matrix Limited,Gujarat,0.0657547381841382,1315.0947636827639,10
144,SEM-0012,Suchi Semicon Private Limited,Gujarat,0.055709171828224255,1114.1834365644852,12
144,SEM-0004,CG Power and Industrial Solutions Limited,Gujarat,0.08078857921633527,1615.7715843267054,7
144,SEM-0005,Kaynes Technology India Limited,Gujarat,0.07566031074710042,1513.2062149420083,8
144,SEM-0003,Tata Electronics Private Limited,Assam,0.10452966626416448,2090.5933252832897,2
144,SEM-0001,Micron Technology Inc.,Gujarat,0.1110927666769479,2221.855333538958,1
144,SEM-0006,Vama Sundari Investments (Delhi) Private Limited / Foxconn,Uttar Pradesh,0.10006492770188169,2001.2985540376337,3
144,SEM-0008,SiCSem Private Limited,Odisha,0.09567165924720727,1913.4331849441455,4
144,SEM-0007,3D Glass Solutions Inc.,Odisha,0.09519158886313926,1903.8317772627852,5
144,SEM-0010,Advanced System in Package Technologies Private Limited,Andhra Pradesh,0.0843496866936599,1686.993733873198,6
144,SEM-0009,Continental Device India Private Limited,Punjab,0.0721527975174608,1443.0559503492161,9
145,SEM-0002,Tata Electronics Private Limited,Gujarat,0.02132029367344766,426.4058734689532,12
145,SEM-0011,Crystal Matrix Limited,Gujarat,0.05398970318059429,1079.7940636118858,10
145,SEM-0012,Suchi Semicon Private Limited,Gujarat,0.05130504317486633,1026.1008634973266,11
145,SEM-0004,CG Power and Industrial Solutions Limited,Gujarat,0.06516968366040754,1303.3936732081509,8
145,SEM-0005,Kaynes Technology India Limited,Gujarat,0.06515149394763257,1303.0298789526514,9
145,SEM-0003,Tata Electronics Private Limited,Assam,0.10176900310613907,2035.3800621227813,6
145,SEM-0001,Micron Technology Inc.,Gujarat,0.09306378236305157,1861.2756472610315,7
145,SEM-0006,Vama Sundari Investments (Delhi) Private Limited / Foxconn,Uttar Pradesh,0.11294042071895997,2258.8084143791993,1
145,SEM-0008,SiCSem Private Limited,Odisha,0.11180239964252474,2236.0479928504947,2
145,SEM-0007,3D Glass Solutions Inc.,Odisha,0.11165615781119408,2233.1231562238813,3
145,SEM-0010,Advanced System in Package Technologies Private Limited,Andhra Pradesh,0.10845138383153062,2169.0276766306124,4
145,SEM-0009,Continental Device India Private Limited,Punjab,0.1033806348896516,2067.612697793032,5
146,SEM-0002,Tata Electronics Private Limited,Gujarat,0.03147420619680592,629.4841239361185,12
146,SEM-0011,Crystal Matrix Limited,Gujarat,0.052915442133356666,1058.3088426671334,10
146,SEM-0012,Suchi Semicon Private Limited,Gujarat,0.048116650437248595,962.333008744972,11
146,SEM-0004,CG Power and Industrial Solutions Limited,Gujarat,0.06432644802707306,1286.5289605414612,8
146,SEM-0005,Kaynes Technology India Limited,Gujarat,0.0626752161933212,1253.5043238664239,9
146,SEM-0003,Tata Electronics Private Limited,Assam,0.10940433902986811,2188.086780597362,4
146,SEM-0001,Micron Technology Inc.,Gujarat,0.09049203701219466,1809.8407402438932,7
146,SEM-0006,Vama Sundari Investments (Delhi) Private Limited / Foxconn,Uttar Pradesh,0.11469398624501669,2293.8797249003337,1
146,SEM-0008,SiCSem Private Limited,Odisha,0.1121111964197604,2242.223928395208,2
146,SEM-0007,3D Glass Solutions Inc.,Odisha,0.11181491402169762,2236.298280433952,3
146,SEM-0010,Advanced System in Package Technologies Private Limited,Andhra Pradesh,0.1051865596209015,2103.73119241803,5
146,SEM-0009,Continental Device India Private Limited,Punjab,0.09678900466275582,1935.7800932551163,6
147,SEM-0002,Tata Electronics Private Limited,Gujarat,0.04611631219999565,922.326243999913,11
147,SEM-0011,Crystal Matrix Limited,Gujarat,0.05136634033712128,1027.3268067424256,10
147,SEM-0012,Suchi Semicon Private Limited,Gujarat,0.04351893656719061,870.3787313438122,12
147,SEM-0004,CG Power and Industrial Solutions Limited,Gujarat,0.0631104886123599,1262.209772247198,8
147,SEM-0005,Kaynes Technology India Limited,Gujarat,0.0591043836409863,1182.087672819726,9
147,SEM-0003,Tata Electronics Private Limited,Assam,0.12309631659344128,2461.9263318688254,1
147,SEM-0001,Micron Technology Inc.,Gujarat,0.08678353864234616,1735.6707728469232,6
147,SEM-0006,Vama Sundari Investments (Delhi) Private Limited / Foxconn,Uttar Pradesh,0.11783854728055748,2356.7709456111497,2
147,SEM-0008,SiCSem Private Limited,Odisha,0.11266494265802002,2253.2988531604005,3
147,SEM-0007,3D Glass Solutions Inc.,Odisha,0.11209960175436662,2241.992035087332,4
147,SEM-0010,Advanced System in Package Technologies Private Limited,Andhra Pradesh,0.09933195148217892,1986.6390296435784,5
147,SEM-0009,Continental Device India Private Limited,Punjab,0.08496864023143558,1699.3728046287115,7
148,SEM-0002,Tata Electronics Private Limited,Gujarat,0.02132029367344766,426.4058734689532,12
148,SEM-0011,Crystal Matrix Limited,Gujarat,0.05398970318059429,1079.7940636118858,10
148,SEM-0012,Suchi Semicon Private Limited,Gujarat,0.05130504317486633,1026.1008634973266,11
148,SEM-0004,CG Power and Industrial Solutions Limited,Gujarat,0.06516968366040754,1303.3936732081509,8
148,SEM-0005,Kaynes Technology India Limited,Gujarat,0.06515149394763257,1303.0298789526514,9
148,SEM-0003,Tata Electronics Private Limited,Assam,0.10176900310613907,2035.3800621227813,6
148,SEM-0001,Micron Technology Inc.,Gujarat,0.09306378236305157,1861.2756472610315,7
148,SEM-0006,Vama Sundari Investments (Delhi) Private Limited / Foxconn,Uttar Pradesh,0.11294042071895997,2258.8084143791993,1
148,SEM-0008,SiCSem Private Limited,Odisha,0.11180239964252474,2236.0479928504947,2
148,SEM-0007,3D Glass Solutions Inc.,Odisha,0.11165615781119408,2233.1231562238813,3
148,SEM-0010,Advanced System in Package Technologies Private Limited,Andhra Pradesh,0.10845138383153062,2169.0276766306124,4
148,SEM-0009,Continental Device India Private Limited,Punjab,0.1033806348896516,2067.612697793032,5
149,SEM-0002,Tata Electronics Private Limited,Gujarat,0.03147420619680592,629.4841239361185,12
149,SEM-0011,Crystal Matrix Limited,Gujarat,0.052915442133356666,1058.3088426671334,10
149,SEM-0012,Suchi Semicon Private Limited,Gujarat,0.048116650437248595,962.333008744972,11
149,SEM-0004,CG Power and Industrial Solutions Limited,Gujarat,0.06432644802707306,1286.5289605414612,8
149,SEM-0005,Kaynes Technology India Limited,Gujarat,0.0626752161933212,1253.5043238664239,9
149,SEM-0003,Tata Electronics Private Limited,Assam,0.10940433902986811,2188.086780597362,4
149,SEM-0001,Micron Technology Inc.,Gujarat,0.09049203701219466,1809.8407402438932,7
149,SEM-0006,Vama Sundari Investments (Delhi) Private Limited / Foxconn,Uttar Pradesh,0.11469398624501669,2293.8797249003337,1
149,SEM-0008,SiCSem Private Limited,Odisha,0.1121111964197604,2242.223928395208,2
149,SEM-0007,3D Glass Solutions Inc.,Odisha,0.11181491402169762,2236.298280433952,3
149,SEM-0010,Advanced System in Package Technologies Private Limited,Andhra Pradesh,0.1051865596209015,2103.73119241803,5
149,SEM-0009,Continental Device India Private Limited,Punjab,0.09678900466275582,1935.7800932551163,6
150,SEM-0002,Tata Electronics Private Limited,Gujarat,0.04611631219999565,922.326243999913,11
150,SEM-0011,Crystal Matrix Limited,Gujarat,0.05136634033712128,1027.3268067424256,10
150,SEM-0012,Suchi Semicon Private Limited,Gujarat,0.04351893656719061,870.3787313438122,12
150,SEM-0004,CG Power and Industrial Solutions Limited,Gujarat,0.0631104886123599,1262.209772247198,8
150,SEM-0005,Kaynes Technology India Limited,Gujarat,0.0591043836409863,1182.087672819726,9
150,SEM-0003,Tata Electronics Private Limited,Assam,0.12309631659344128,2461.9263318688254,1
150,SEM-0001,Micron Technology Inc.,Gujarat,0.08678353864234616,1735.6707728469232,6
150,SEM-0006,Vama Sundari Investments (Delhi) Private Limited / Foxconn,Uttar Pradesh,0.11783854728055748,2356.7709456111497,2
150,SEM-0008,SiCSem Private Limited,Odisha,0.11266494265802002,2253.2988531604005,3
150,SEM-0007,3D Glass Solutions Inc.,Odisha,0.11209960175436662,2241.992035087332,4
150,SEM-0010,Advanced System in Package Technologies Private Limited,Andhra Pradesh,0.09933195148217892,1986.6390296435784,5
150,SEM-0009,Continental Device India Private Limited,Punjab,0.08496864023143558,1699.3728046287115,7
151,SEM-0002,Tata Electronics Private Limited,Gujarat,0.024058088527393454,481.1617705478691,12
151,SEM-0011,Crystal Matrix Limited,Gujarat,0.06092266263217906,1218.4532526435812,10
151,SEM-0012,Suchi Semicon Private Limited,Gujarat,0.057893258390707775,1157.8651678141555,11
151,SEM-0004,CG Power and Industrial Solutions Limited,Gujarat,0.07353829374109068,1470.7658748218137,8
151,SEM-0005,Kaynes Technology India Limited,Gujarat,0.07351776823956943,1470.3553647913886,9
151,SEM-0003,Tata Electronics Private Limited,Assam,0.09473215902322359,1894.6431804644717,7
151,SEM-0001,Micron Technology Inc.,Gujarat,0.10501434685080108,2100.2869370160215,2
151,SEM-0006,Vama Sundari Investments (Delhi) Private Limited / Foxconn,Uttar Pradesh,0.10513112607126329,2102.622521425266,1
151,SEM-0008,SiCSem Private Limited,Odisha,0.1040717937569612,2081.4358751392238,3
151,SEM-0007,3D Glass Solutions Inc.,Odisha,0.10393566385494167,2078.7132770988333,4
151,SEM-0010,Advanced System in Package Technologies Private Limited,Andhra Pradesh,0.100952484802295,2019.0496960459,5
151,SEM-0009,Continental Device India Private Limited,Punjab,0.09623235410957381,1924.6470821914763,6
152,SEM-0002,Tata Electronics Private Limited,Gujarat,0.03732730397559201,746.5460795118402,12
152,SEM-0011,Crystal Matrix Limited,Gujarat,0.0627558573253263,1255.117146506526,10
152,SEM-0012,Suchi Semicon Private Limited,Gujarat,0.05706465878528653,1141.2931757057306,11
152,SEM-0004,CG Power and Industrial Solutions Limited,Gujarat,0.07628890985089719,1525.7781970179437,8
152,SEM-0005,Kaynes Technology India Limited,Gujarat,0.07433060684534323,1486.6121369068646,9
152,SEM-0003,Tata Electronics Private Limited,Assam,0.09844914111239696,1968.982822247939,5
152,SEM-0001,Micron Technology Inc.,Gujarat,0.10732038011708465,2146.4076023416933,1
152,SEM-0006,Vama Sundari Investments (Delhi) Private Limited / Foxconn,Uttar Pradesh,0.10320910977302557,2064.182195460511,2
152,SEM-0008,SiCSem Private Limited,Odisha,0.10088494747539585,2017.698949507917,3
152,SEM-0007,3D Glass Solutions Inc.,Odisha,0.10061833330017526,2012.3666660035053,4
152,SEM-0010,Advanced System in Package Technologies Private Limited,Andhra Pradesh,0.09465370882976187,1893.0741765952375,6
152,SEM-0009,Continental Device India Private Limited,Punjab,0.0870970426097147,1741.940852194294,7
153,SEM-0002,Tata Electronics Private Limited,Gujarat,0.059034107059740645,1180.6821411948129,11
153,SEM-0011,Crystal Matrix Limited,Gujarat,0.0657547381841382,1315.0947636827639,10
153,SEM-0012,Suchi Semicon Private Limited,Gujarat,0.055709171828224255,1114.1834365644852,12
153,SEM-0004,CG Power and Industrial Solutions Limited,Gujarat,0.08078857921633527,1615.7715843267054,7
153,SEM-0005,Kaynes Technology India Limited,Gujarat,0.07566031074710042,1513.2062149420083,8
153,SEM-0003,Tata Electronics Private Limited,Assam,0.10452966626416448,2090.5933252832897,2
153,SEM-0001,Micron Technology Inc.,Gujarat,0.1110927666769479,2221.855333538958,1
153,SEM-0006,Vama Sundari Investments (Delhi) Private Limited / Foxconn,Uttar Pradesh,0.10006492770188169,2001.2985540376337,3
153,SEM-0008,SiCSem Private Limited,Odisha,0.09567165924720727,1913.4331849441455,4
153,SEM-0007,3D Glass Solutions Inc.,Odisha,0.09519158886313926,1903.8317772627852,5
153,SEM-0010,Advanced System in Package Technologies Private Limited,Andhra Pradesh,0.0843496866936599,1686.993733873198,6
153,SEM-0009,Continental Device India Private Limited,Punjab,0.0721527975174608,1443.0559503492161,9
154,SEM-0002,Tata Electronics Private Limited,Gujarat,0.024058088527393454,481.1617705478691,12
154,SEM-0011,Crystal Matrix Limited,Gujarat,0.06092266263217906,1218.4532526435812,10
154,SEM-0012,Suchi Semicon Private Limited,Gujarat,0.057893258390707775,1157.8651678141555,11
154,SEM-0004,CG Power and Industrial Solutions Limited,Gujarat,0.07353829374109068,1470.7658748218137,8
154,SEM-0005,Kaynes Technology India Limited,Gujarat,0.07351776823956943,1470.3553647913886,9
154,SEM-0003,Tata Electronics Private Limited,Assam,0.09473215902322359,1894.6431804644717,7
154,SEM-0001,Micron Technology Inc.,Gujarat,0.10501434685080108,2100.2869370160215,2
154,SEM-0006,Vama Sundari Investments (Delhi) Private Limited / Foxconn,Uttar Pradesh,0.10513112607126329,2102.622521425266,1
154,SEM-0008,SiCSem Private Limited,Odisha,0.1040717937569612,2081.4358751392238,3
154,SEM-0007,3D Glass Solutions Inc.,Odisha,0.10393566385494167,2078.7132770988333,4
154,SEM-0010,Advanced System in Package Technologies Private Limited,Andhra Pradesh,0.100952484802295,2019.0496960459,5
154,SEM-0009,Continental Device India Private Limited,Punjab,0.09623235410957381,1924.6470821914763,6
155,SEM-0002,Tata Electronics Private Limited,Gujarat,0.03732730397559201,746.5460795118402,12
155,SEM-0011,Crystal Matrix Limited,Gujarat,0.0627558573253263,1255.117146506526,10
155,SEM-0012,Suchi Semicon Private Limited,Gujarat,0.05706465878528653,1141.2931757057306,11
155,SEM-0004,CG Power and Industrial Solutions Limited,Gujarat,0.07628890985089719,1525.7781970179437,8
155,SEM-0005,Kaynes Technology India Limited,Gujarat,0.07433060684534323,1486.6121369068646,9
155,SEM-0003,Tata Electronics Private Limited,Assam,0.09844914111239696,1968.982822247939,5
155,SEM-0001,Micron Technology Inc.,Gujarat,0.10732038011708465,2146.4076023416933,1
155,SEM-0006,Vama Sundari Investments (Delhi) Private Limited / Foxconn,Uttar Pradesh,0.10320910977302557,2064.182195460511,2
155,SEM-0008,SiCSem Private Limited,Odisha,0.10088494747539585,2017.698949507917,3
155,SEM-0007,3D Glass Solutions Inc.,Odisha,0.10061833330017526,2012.3666660035053,4
155,SEM-0010,Advanced System in Package Technologies Private Limited,Andhra Pradesh,0.09465370882976187,1893.0741765952375,6
155,SEM-0009,Continental Device India Private Limited,Punjab,0.0870970426097147,1741.940852194294,7
156,SEM-0002,Tata Electronics Private Limited,Gujarat,0.059034107059740645,1180.6821411948129,11
156,SEM-0011,Crystal Matrix Limited,Gujarat,0.0657547381841382,1315.0947636827639,10
156,SEM-0012,Suchi Semicon Private Limited,Gujarat,0.055709171828224255,1114.1834365644852,12
156,SEM-0004,CG Power and Industrial Solutions Limited,Gujarat,0.08078857921633527,1615.7715843267054,7
156,SEM-0005,Kaynes Technology India Limited,Gujarat,0.07566031074710042,1513.2062149420083,8
156,SEM-0003,Tata Electronics Private Limited,Assam,0.10452966626416448,2090.5933252832897,2
156,SEM-0001,Micron Technology Inc.,Gujarat,0.1110927666769479,2221.855333538958,1
156,SEM-0006,Vama Sundari Investments (Delhi) Private Limited / Foxconn,Uttar Pradesh,0.10006492770188169,2001.2985540376337,3
156,SEM-0008,SiCSem Private Limited,Odisha,0.09567165924720727,1913.4331849441455,4
156,SEM-0007,3D Glass Solutions Inc.,Odisha,0.09519158886313926,1903.8317772627852,5
156,SEM-0010,Advanced System in Package Technologies Private Limited,Andhra Pradesh,0.0843496866936599,1686.993733873198,6
156,SEM-0009,Continental Device India Private Limited,Punjab,0.0721527975174608,1443.0559503492161,9
157,SEM-0002,Tata Electronics Private Limited,Gujarat,0.024058088527393454,481.1617705478691,12
157,SEM-0011,Crystal Matrix Limited,Gujarat,0.06092266263217906,1218.4532526435812,10
157,SEM-0012,Suchi Semicon Private Limited,Gujarat,0.057893258390707775,1157.8651678141555,11
157,SEM-0004,CG Power and Industrial Solutions Limited,Gujarat,0.07353829374109068,1470.7658748218137,8
157,SEM-0005,Kaynes Technology India Limited,Gujarat,0.07351776823956943,1470.3553647913886,9
157,SEM-0003,Tata Electronics Private Limited,Assam,0.09473215902322359,1894.6431804644717,7
157,SEM-0001,Micron Technology Inc.,Gujarat,0.10501434685080108,2100.2869370160215,2
157,SEM-0006,Vama Sundari Investments (Delhi) Private Limited / Foxconn,Uttar Pradesh,0.10513112607126329,2102.622521425266,1
157,SEM-0008,SiCSem Private Limited,Odisha,0.1040717937569612,2081.4358751392238,3
157,SEM-0007,3D Glass Solutions Inc.,Odisha,0.10393566385494167,2078.7132770988333,4
157,SEM-0010,Advanced System in Package Technologies Private Limited,Andhra Pradesh,0.100952484802295,2019.0496960459,5
157,SEM-0009,Continental Device India Private Limited,Punjab,0.09623235410957381,1924.6470821914763,6
158,SEM-0002,Tata Electronics Private Limited,Gujarat,0.03732730397559201,746.5460795118402,12
158,SEM-0011,Crystal Matrix Limited,Gujarat,0.0627558573253263,1255.117146506526,10
158,SEM-0012,Suchi Semicon Private Limited,Gujarat,0.05706465878528653,1141.2931757057306,11
158,SEM-0004,CG Power and Industrial Solutions Limited,Gujarat,0.07628890985089719,1525.7781970179437,8
158,SEM-0005,Kaynes Technology India Limited,Gujarat,0.07433060684534323,1486.6121369068646,9
158,SEM-0003,Tata Electronics Private Limited,Assam,0.09844914111239696,1968.982822247939,5
158,SEM-0001,Micron Technology Inc.,Gujarat,0.10732038011708465,2146.4076023416933,1
158,SEM-0006,Vama Sundari Investments (Delhi) Private Limited / Foxconn,Uttar Pradesh,0.10320910977302557,2064.182195460511,2
158,SEM-0008,SiCSem Private Limited,Odisha,0.10088494747539585,2017.698949507917,3
158,SEM-0007,3D Glass Solutions Inc.,Odisha,0.10061833330017526,2012.3666660035053,4
158,SEM-0010,Advanced System in Package Technologies Private Limited,Andhra Pradesh,0.09465370882976187,1893.0741765952375,6
158,SEM-0009,Continental Device India Private Limited,Punjab,0.0870970426097147,1741.940852194294,7
159,SEM-0002,Tata Electronics Private Limited,Gujarat,0.059034107059740645,1180.6821411948129,11
159,SEM-0011,Crystal Matrix Limited,Gujarat,0.0657547381841382,1315.0947636827639,10
159,SEM-0012,Suchi Semicon Private Limited,Gujarat,0.055709171828224255,1114.1834365644852,12
159,SEM-0004,CG Power and Industrial Solutions Limited,Gujarat,0.08078857921633527,1615.7715843267054,7
159,SEM-0005,Kaynes Technology India Limited,Gujarat,0.07566031074710042,1513.2062149420083,8
159,SEM-0003,Tata Electronics Private Limited,Assam,0.10452966626416448,2090.5933252832897,2
159,SEM-0001,Micron Technology Inc.,Gujarat,0.1110927666769479,2221.855333538958,1
159,SEM-0006,Vama Sundari Investments (Delhi) Private Limited / Foxconn,Uttar Pradesh,0.10006492770188169,2001.2985540376337,3
159,SEM-0008,SiCSem Private Limited,Odisha,0.09567165924720727,1913.4331849441455,4
159,SEM-0007,3D Glass Solutions Inc.,Odisha,0.09519158886313926,1903.8317772627852,5
159,SEM-0010,Advanced System in Package Technologies Private Limited,Andhra Pradesh,0.0843496866936599,1686.993733873198,6
159,SEM-0009,Continental Device India Private Limited,Punjab,0.0721527975174608,1443.0559503492161,9
160,SEM-0002,Tata Electronics Private Limited,Gujarat,0.024058088527393454,481.1617705478691,12
160,SEM-0011,Crystal Matrix Limited,Gujarat,0.06092266263217906,1218.4532526435812,10
160,SEM-0012,Suchi Semicon Private Limited,Gujarat,0.057893258390707775,1157.8651678141555,11
160,SEM-0004,CG Power and Industrial Solutions Limited,Gujarat,0.07353829374109068,1470.7658748218137,8
160,SEM-0005,Kaynes Technology India Limited,Gujarat,0.07351776823956943,1470.3553647913886,9
160,SEM-0003,Tata Electronics Private Limited,Assam,0.09473215902322359,1894.6431804644717,7
160,SEM-0001,Micron Technology Inc.,Gujarat,0.10501434685080108,2100.2869370160215,2
160,SEM-0006,Vama Sundari Investments (Delhi) Private Limited / Foxconn,Uttar Pradesh,0.10513112607126329,2102.622521425266,1
160,SEM-0008,SiCSem Private Limited,Odisha,0.1040717937569612,2081.4358751392238,3
160,SEM-0007,3D Glass Solutions Inc.,Odisha,0.10393566385494167,2078.7132770988333,4
160,SEM-0010,Advanced System in Package Technologies Private Limited,Andhra Pradesh,0.100952484802295,2019.0496960459,5
160,SEM-0009,Continental Device India Private Limited,Punjab,0.09623235410957381,1924.6470821914763,6
161,SEM-0002,Tata Electronics Private Limited,Gujarat,0.03732730397559201,746.5460795118402,12
161,SEM-0011,Crystal Matrix Limited,Gujarat,0.0627558573253263,1255.117146506526,10
161,SEM-0012,Suchi Semicon Private Limited,Gujarat,0.05706465878528653,1141.2931757057306,11
161,SEM-0004,CG Power and Industrial Solutions Limited,Gujarat,0.07628890985089719,1525.7781970179437,8
161,SEM-0005,Kaynes Technology India Limited,Gujarat,0.07433060684534323,1486.6121369068646,9
161,SEM-0003,Tata Electronics Private Limited,Assam,0.09844914111239696,1968.982822247939,5
161,SEM-0001,Micron Technology Inc.,Gujarat,0.10732038011708465,2146.4076023416933,1
161,SEM-0006,Vama Sundari Investments (Delhi) Private Limited / Foxconn,Uttar Pradesh,0.10320910977302557,2064.182195460511,2
161,SEM-0008,SiCSem Private Limited,Odisha,0.10088494747539585,2017.698949507917,3
161,SEM-0007,3D Glass Solutions Inc.,Odisha,0.10061833330017526,2012.3666660035053,4
161,SEM-0010,Advanced System in Package Technologies Private Limited,Andhra Pradesh,0.09465370882976187,1893.0741765952375,6
161,SEM-0009,Continental Device India Private Limited,Punjab,0.0870970426097147,1741.940852194294,7
162,SEM-0002,Tata Electronics Private Limited,Gujarat,0.059034107059740645,1180.6821411948129,11
162,SEM-0011,Crystal Matrix Limited,Gujarat,0.0657547381841382,1315.0947636827639,10
162,SEM-0012,Suchi Semicon Private Limited,Gujarat,0.055709171828224255,1114.1834365644852,12
162,SEM-0004,CG Power and Industrial Solutions Limited,Gujarat,0.08078857921633527,1615.7715843267054,7
162,SEM-0005,Kaynes Technology India Limited,Gujarat,0.07566031074710042,1513.2062149420083,8
162,SEM-0003,Tata Electronics Private Limited,Assam,0.10452966626416448,2090.5933252832897,2
162,SEM-0001,Micron Technology Inc.,Gujarat,0.1110927666769479,2221.855333538958,1
162,SEM-0006,Vama Sundari Investments (Delhi) Private Limited / Foxconn,Uttar Pradesh,0.10006492770188169,2001.2985540376337,3
162,SEM-0008,SiCSem Private Limited,Odisha,0.09567165924720727,1913.4331849441455,4
162,SEM-0007,3D Glass Solutions Inc.,Odisha,0.09519158886313926,1903.8317772627852,5
162,SEM-0010,Advanced System in Package Technologies Private Limited,Andhra Pradesh,0.0843496866936599,1686.993733873198,6
162,SEM-0009,Continental Device India Private Limited,Punjab,0.0721527975174608,1443.0559503492161,9
