scenario_1,scenario_2,spearman_rho,p_value
1,2,0.9790209790209792,3.0898013985487064e-08
1,3,0.8741258741258742,0.0002007130733242317
1,4,1.0,0.0
1,5,0.9790209790209792,3.0898013985487064e-08
1,6,0.8741258741258742,0.0002007130733242317
1,7,0.8951048951048951,8.36658642909172e-05
1,8,0.8321678321678322,0.0007854416778536138
1,9,0.6923076923076924,0.0125930304960941
1,10,0.8951048951048951,8.36658642909172e-05
1,11,0.8321678321678322,0.0007854416778536138
1,12,0.6923076923076924,0.0125930304960941
1,13,0.8951048951048951,8.36658642909172e-05
1,14,0.8321678321678322,0.0007854416778536138
1,15,0.6923076923076924,0.0125930304960941
1,16,0.8951048951048951,8.36658642909172e-05
1,17,0.8321678321678322,0.0007854416778536138
1,18,0.6923076923076924,0.0125930304960941
1,19,1.0,0.0
1,20,0.9790209790209792,3.0898013985487064e-08
1,21,0.8741258741258742,0.0002007130733242317
1,22,1.0,0.0
1,23,0.9790209790209792,3.0898013985487064e-08
1,24,0.8741258741258742,0.0002007130733242317
1,25,0.8951048951048951,8.36658642909172e-05
1,26,0.8321678321678322,0.0007854416778536138
1,27,0.6923076923076924,0.0125930304960941
1,28,0.8951048951048951,8.36658642909172e-05
1,29,0.8321678321678322,0.0007854416778536138
1,30,0.6923076923076924,0.0125930304960941
1,31,0.8951048951048951,8.36658642909172e-05
1,32,0.8321678321678322,0.0007854416778536138
1,33,0.6923076923076924,0.0125930304960941
1,34,0.8951048951048951,8.36658642909172e-05
1,35,0.8321678321678322,0.0007854416778536138
1,36,0.6923076923076924,0.0125930304960941
1,37,1.0,0.0
1,38,0.9790209790209792,3.0898013985487064e-08
1,39,0.8741258741258742,0.0002007130733242317
1,40,1.0,0.0
1,41,0.9790209790209792,3.0898013985487064e-08
1,42,0.8741258741258742,0.0002007130733242317
1,43,0.8951048951048951,8.36658642909172e-05
1,44,0.8321678321678322,0.0007854416778536138
1,45,0.6923076923076924,0.0125930304960941
1,46,0.8951048951048951,8.36658642909172e-05
1,47,0.8321678321678322,0.0007854416778536138
1,48,0.6923076923076924,0.0125930304960941
1,49,0.8951048951048951,8.36658642909172e-05
1,50,0.8321678321678322,0.0007854416778536138
1,51,0.6923076923076924,0.0125930304960941
1,52,0.8951048951048951,8.36658642909172e-05
1,53,0.8321678321678322,0.0007854416778536138
1,54,0.6923076923076924,0.0125930304960941
1,55,1.0,0.0
1,56,0.9790209790209792,3.0898013985487064e-08
1,57,0.8741258741258742,0.0002007130733242317
1,58,1.0,0.0
1,59,0.9790209790209792,3.0898013985487064e-08
1,60,0.8741258741258742,0.0002007130733242317
1,61,0.8951048951048951,8.36658642909172e-05
1,62,0.8321678321678322,0.0007854416778536138
1,63,0.6923076923076924,0.0125930304960941
1,64,0.8951048951048951,8.36658642909172e-05
1,65,0.8321678321678322,0.0007854416778536138
1,66,0.6923076923076924,0.0125930304960941
1,67,0.8951048951048951,8.36658642909172e-05
1,68,0.8321678321678322,0.0007854416778536138
1,69,0.6923076923076924,0.0125930304960941
1,70,0.8951048951048951,8.36658642909172e-05
1,71,0.8321678321678322,0.0007854416778536138
1,72,0.6923076923076924,0.0125930304960941
1,73,1.0,0.0
1,74,0.9790209790209792,3.0898013985487064e-08
1,75,0.8741258741258742,0.0002007130733242317
1,76,1.0,0.0
1,77,0.9790209790209792,3.0898013985487064e-08
1,78,0.8741258741258742,0.0002007130733242317
1,79,0.8951048951048951,8.36658642909172e-05
1,80,0.8321678321678322,0.0007854416778536138
1,81,0.6923076923076924,0.0125930304960941
1,82,0.8951048951048951,8.36658642909172e-05
1,83,0.8321678321678322,0.0007854416778536138
1,84,0.6923076923076924,0.0125930304960941
1,85,0.8951048951048951,8.36658642909172e-05
1,86,0.8321678321678322,0.0007854416778536138
1,87,0.6923076923076924,0.0125930304960941
1,88,0.8951048951048951,8.36658642909172e-05
1,89,0.8321678321678322,0.0007854416778536138
1,90,0.6923076923076924,0.0125930304960941
1,91,1.0,0.0
1,92,0.9790209790209792,3.0898013985487064e-08
1,93,0.8741258741258742,0.0002007130733242317
1,94,1.0,0.0
1,95,0.9790209790209792,3.0898013985487064e-08
1,96,0.8741258741258742,0.0002007130733242317
1,97,0.8951048951048951,8.36658642909172e-05
1,98,0.8321678321678322,0.0007854416778536138
1,99,0.6923076923076924,0.0125930304960941
1,100,0.8951048951048951,8.36658642909172e-05
1,101,0.8321678321678322,0.0007854416778536138
1,102,0.6923076923076924,0.0125930304960941
1,103,0.8951048951048951,8.36658642909172e-05
1,104,0.8321678321678322,0.0007854416778536138
1,105,0.6923076923076924,0.0125930304960941
1,106,0.8951048951048951,8.36658642909172e-05
1,107,0.8321678321678322,0.0007854416778536138
1,108,0.6923076923076924,0.0125930304960941
1,109,1.0,0.0
1,110,0.9790209790209792,3.0898013985487064e-08
1,111,0.8741258741258742,0.0002007130733242317
1,112,1.0,0.0
1,113,0.9790209790209792,3.0898013985487064e-08
1,114,0.8741258741258742,0.0002007130733242317
1,115,0.8951048951048951,8.36658642909172e-05
1,116,0.8321678321678322,0.0007854416778536138
1,117,0.6923076923076924,0.0125930304960941
1,118,0.8951048951048951,8.36658642909172e-05
1,119,0.8321678321678322,0.0007854416778536138
1,120,0.6923076923076924,0.0125930304960941
1,121,0.8951048951048951,8.36658642909172e-05
1,122,0.8321678321678322,0.0007854416778536138
1,123,0.6923076923076924,0.0125930304960941
1,124,0.8951048951048951,8.36658642909172e-05
1,125,0.8321678321678322,0.0007854416778536138
1,126,0.6923076923076924,0.0125930304960941
1,127,1.0,0.0
1,128,0.9790209790209792,3.0898013985487064e-08
1,129,0.8741258741258742,0.0002007130733242317
1,130,1.0,0.0
1,131,0.9790209790209792,3.0898013985487064e-08
1,132,0.8741258741258742,0.0002007130733242317
1,133,0.8951048951048951,8.36658642909172e-05
1,134,0.8321678321678322,0.0007854416778536138
1,135,0.6923076923076924,0.0125930304960941
1,136,0.8951048951048951,8.36658642909172e-05
1,137,0.8321678321678322,0.0007854416778536138
1,138,0.6923076923076924,0.0125930304960941
1,139,0.8951048951048951,8.36658642909172e-05
1,140,0.8321678321678322,0.0007854416778536138
1,141,0.6923076923076924,0.0125930304960941
1,142,0.8951048951048951,8.36658642909172e-05
1,143,0.8321678321678322,0.0007854416778536138
1,144,0.6923076923076924,0.0125930304960941
1,145,1.0,0.0
1,146,0.9790209790209792,3.0898013985487064e-08
1,147,0.8741258741258742,0.0002007130733242317
1,148,1.0,0.0
1,149,0.9790209790209792,3.0898013985487064e-08
1,150,0.8741258741258742,0.0002007130733242317
1,151,0.8951048951048951,8.36658642909172e-05
1,152,0.8321678321678322,0.0007854416778536138
1,153,0.6923076923076924,0.0125930304960941
1,154,0.8951048951048951,8.36658642909172e-05
1,155,0.8321678321678322,0.0007854416778536138
1,156,0.6923076923076924,0.0125930304960941
1,157,0.8951048951048951,8.36658642909172e-05
1,158,0.8321678321678322,0.0007854416778536138
1,159,0.6923076923076924,0.0125930304960941
1,160,0.8951048951048951,8.36658642909172e-05
1,161,0.8321678321678322,0.0007854416778536138
1,162,0.6923076923076924,0.0125930304960941
2,3,0.9440559440559443,3.927261080965951e-06
2,4,0.9790209790209792,3.0898013985487064e-08
2,5,1.0,0.0
2,6,0.9440559440559443,3.927261080965951e-06
2,7,0.8741258741258742,0.0002007130733242317
2,8,0.8531468531468532,0.0004181179404149969
2,9,0.7692307692307694,0.0034464502618274493
2,10,0.8741258741258742,0.0002007130733242317
2,11,0.8531468531468532,0.0004181179404149969
2,12,0.7692307692307694,0.0034464502618274493
2,13,0.8741258741258742,0.0002007130733242317
2,14,0.8531468531468532,0.0004181179404149969
2,15,0.7692307692307694,0.0034464502618274493
2,16,0.8741258741258742,0.0002007130733242317
2,17,0.8531468531468532,0.0004181179404149969
2,18,0.7692307692307694,0.0034464502618274493
2,19,0.9790209790209792,3.0898013985487064e-08
2,20,1.0,0.0
2,21,0.9440559440559443,3.927261080965951e-06
2,22,0.9790209790209792,3.0898013985487064e-08
2,23,1.0,0.0
2,24,0.9440559440559443,3.927261080965951e-06
2,25,0.8741258741258742,0.0002007130733242317
2,26,0.8531468531468532,0.0004181179404149969
2,27,0.7692307692307694,0.0034464502618274493
2,28,0.8741258741258742,0.0002007130733242317
2,29,0.8531468531468532,0.0004181179404149969
2,30,0.7692307692307694,0.0034464502618274493
2,31,0.8741258741258742,0.0002007130733242317
2,32,0.8531468531468532,0.0004181179404149969
2,33,0.7692307692307694,0.0034464502618274493
2,34,0.8741258741258742,0.0002007130733242317
2,35,0.8531468531468532,0.0004181179404149969
2,36,0.7692307692307694,0.0034464502618274493
2,37,0.9790209790209792,3.0898013985487064e-08
2,38,1.0,0.0
2,39,0.9440559440559443,3.927261080965951e-06
2,40,0.9790209790209792,3.0898013985487064e-08
2,41,1.0,0.0
2,42,0.9440559440559443,3.927261080965951e-06
2,43,0.8741258741258742,0.0002007130733242317
2,44,0.8531468531468532,0.0004181179404149969
2,45,0.7692307692307694,0.0034464502618274493
2,46,0.8741258741258742,0.0002007130733242317
2,47,0.8531468531468532,0.0004181179404149969
2,48,0.7692307692307694,0.0034464502618274493
2,49,0.8741258741258742,0.0002007130733242317
2,50,0.8531468531468532,0.0004181179404149969
2,51,0.7692307692307694,0.0034464502618274493
2,52,0.8741258741258742,0.0002007130733242317
2,53,0.8531468531468532,0.0004181179404149969
2,54,0.7692307692307694,0.0034464502618274493
2,55,0.9790209790209792,3.0898013985487064e-08
2,56,1.0,0.0
2,57,0.9440559440559443,3.927261080965951e-06
2,58,0.9790209790209792,3.0898013985487064e-08
2,59,1.0,0.0
2,60,0.9440559440559443,3.927261080965951e-06
2,61,0.8741258741258742,0.0002007130733242317
2,62,0.8531468531468532,0.0004181179404149969
2,63,0.7692307692307694,0.0034464502618274493
2,64,0.8741258741258742,0.0002007130733242317
2,65,0.8531468531468532,0.0004181179404149969
2,66,0.7692307692307694,0.0034464502618274493
2,67,0.8741258741258742,0.0002007130733242317
2,68,0.8531468531468532,0.0004181179404149969
2,69,0.7692307692307694,0.0034464502618274493
2,70,0.8741258741258742,0.0002007130733242317
2,71,0.8531468531468532,0.0004181179404149969
2,72,0.7692307692307694,0.0034464502618274493
2,73,0.9790209790209792,3.0898013985487064e-08
2,74,1.0,0.0
2,75,0.9440559440559443,3.927261080965951e-06
2,76,0.9790209790209792,3.0898013985487064e-08
2,77,1.0,0.0
2,78,0.9440559440559443,3.927261080965951e-06
2,79,0.8741258741258742,0.0002007130733242317
2,80,0.8531468531468532,0.0004181179404149969
2,81,0.7692307692307694,0.0034464502618274493
2,82,0.8741258741258742,0.0002007130733242317
2,83,0.8531468531468532,0.0004181179404149969
2,84,0.7692307692307694,0.0034464502618274493
2,85,0.8741258741258742,0.0002007130733242317
2,86,0.8531468531468532,0.0004181179404149969
2,87,0.7692307692307694,0.0034464502618274493
2,88,0.8741258741258742,0.0002007130733242317
2,89,0.8531468531468532,0.0004181179404149969
2,90,0.7692307692307694,0.0034464502618274493
2,91,0.9790209790209792,3.0898013985487064e-08
2,92,1.0,0.0
2,93,0.9440559440559443,3.927261080965951e-06
2,94,0.9790209790209792,3.0898013985487064e-08
2,95,1.0,0.0
2,96,0.9440559440559443,3.927261080965951e-06
2,97,0.8741258741258742,0.0002007130733242317
2,98,0.8531468531468532,0.0004181179404149969
2,99,0.7692307692307694,0.0034464502618274493
2,100,0.8741258741258742,0.0002007130733242317
2,101,0.8531468531468532,0.0004181179404149969
2,102,0.7692307692307694,0.0034464502618274493
2,103,0.8741258741258742,0.0002007130733242317
2,104,0.8531468531468532,0.0004181179404149969
2,105,0.7692307692307694,0.0034464502618274493
2,106,0.8741258741258742,0.0002007130733242317
2,107,0.8531468531468532,0.0004181179404149969
2,108,0.7692307692307694,0.0034464502618274493
2,109,0.9790209790209792,3.0898013985487064e-08
2,110,1.0,0.0
2,111,0.9440559440559443,3.927261080965951e-06
2,112,0.9790209790209792,3.0898013985487064e-08
2,113,1.0,0.0
2,114,0.9440559440559443,3.927261080965951e-06
2,115,0.8741258741258742,0.0002007130733242317
2,116,0.8531468531468532,0.0004181179404149969
2,117,0.7692307692307694,0.0034464502618274493
2,118,0.8741258741258742,0.0002007130733242317
2,119,0.8531468531468532,0.0004181179404149969
2,120,0.7692307692307694,0.0034464502618274493
2,121,0.8741258741258742,0.0002007130733242317
2,122,0.8531468531468532,0.0004181179404149969
2,123,0.7692307692307694,0.0034464502618274493
2,124,0.8741258741258742,0.0002007130733242317
2,125,0.8531468531468532,0.0004181179404149969
2,126,0.7692307692307694,0.0034464502618274493
2,127,0.9790209790209792,3.0898013985487064e-08
2,128,1.0,0.0
2,129,0.9440559440559443,3.927261080965951e-06
2,130,0.9790209790209792,3.0898013985487064e-08
2,131,1.0,0.0
2,132,0.9440559440559443,3.927261080965951e-06
2,133,0.8741258741258742,0.0002007130733242317
2,134,0.8531468531468532,0.0004181179404149969
2,135,0.7692307692307694,0.0034464502618274493
2,136,0.8741258741258742,0.0002007130733242317
2,137,0.8531468531468532,0.0004181179404149969
2,138,0.7692307692307694,0.0034464502618274493
2,139,0.8741258741258742,0.0002007130733242317
2,140,0.8531468531468532,0.0004181179404149969
2,141,0.7692307692307694,0.0034464502618274493
2,142,0.8741258741258742,0.0002007130733242317
2,143,0.8531468531468532,0.0004181179404149969
2,144,0.7692307692307694,0.0034464502618274493
2,145,0.9790209790209792,3.0898013985487064e-08
2,146,1.0,0.0
2,147,0.9440559440559443,3.927261080965951e-06
2,148,0.9790209790209792,3.0898013985487064e-08
2,149,1.0,0.0
2,150,0.9440559440559443,3.927261080965951e-06
2,151,0.8741258741258742,0.0002007130733242317
2,152,0.8531468531468532,0.0004181179404149969
2,153,0.7692307692307694,0.0034464502618274493
2,154,0.8741258741258742,0.0002007130733242317
2,155,0.8531468531468532,0.0004181179404149969
2,156,0.7692307692307694,0.0034464502618274493
2,157,0.8741258741258742,0.0002007130733242317
2,158,0.8531468531468532,0.0004181179404149969
2,159,0.7692307692307694,0.0034464502618274493
2,160,0.8741258741258742,0.0002007130733242317
2,161,0.8531468531468532,0.0004181179404149969
2,162,0.7692307692307694,0.0034464502618274493
3,4,0.8741258741258742,0.0002007130733242317
3,5,0.9440559440559443,3.927261080965951e-06
3,6,1.0,0.0
3,7,0.8041958041958043,0.0016147689860699299
3,8,0.8461538461538463,0.0005211337004810046
3,9,0.8741258741258742,0.0002007130733242317
3,10,0.8041958041958043,0.0016147689860699299
3,11,0.8461538461538463,0.0005211337004810046
3,12,0.8741258741258742,0.0002007130733242317
3,13,0.8041958041958043,0.0016147689860699299
3,14,0.8461538461538463,0.0005211337004810046
3,15,0.8741258741258742,0.0002007130733242317
3,16,0.8041958041958043,0.0016147689860699299
3,17,0.8461538461538463,0.0005211337004810046
3,18,0.8741258741258742,0.0002007130733242317
3,19,0.8741258741258742,0.0002007130733242317
3,20,0.9440559440559443,3.927261080965951e-06
3,21,1.0,0.0
3,22,0.8741258741258742,0.0002007130733242317
3,23,0.9440559440559443,3.927261080965951e-06
3,24,1.0,0.0
3,25,0.8041958041958043,0.0016147689860699299
3,26,0.8461538461538463,0.0005211337004810046
3,27,0.8741258741258742,0.0002007130733242317
3,28,0.8041958041958043,0.0016147689860699299
3,29,0.8461538461538463,0.0005211337004810046
3,30,0.8741258741258742,0.0002007130733242317
3,31,0.8041958041958043,0.0016147689860699299
3,32,0.8461538461538463,0.0005211337004810046
3,33,0.8741258741258742,0.0002007130733242317
3,34,0.8041958041958043,0.0016147689860699299
3,35,0.8461538461538463,0.0005211337004810046
3,36,0.8741258741258742,0.0002007130733242317
3,37,0.8741258741258742,0.0002007130733242317
3,38,0.9440559440559443,3.927261080965951e-06
3,39,1.0,0.0
3,40,0.8741258741258742,0.0002007130733242317
3,41,0.9440559440559443,3.927261080965951e-06
3,42,1.0,0.0
3,43,0.8041958041958043,0.0016147689860699299
3,44,0.8461538461538463,0.0005211337004810046
3,45,0.8741258741258742,0.0002007130733242317
3,46,0.8041958041958043,0.0016147689860699299
3,47,0.8461538461538463,0.0005211337004810046
3,48,0.8741258741258742,0.0002007130733242317
3,49,0.8041958041958043,0.0016147689860699299
3,50,0.8461538461538463,0.0005211337004810046
3,51,0.8741258741258742,0.0002007130733242317
3,52,0.8041958041958043,0.0016147689860699299
3,53,0.8461538461538463,0.0005211337004810046
3,54,0.8741258741258742,0.0002007130733242317
3,55,0.8741258741258742,0.0002007130733242317
3,56,0.9440559440559443,3.927261080965951e-06
3,57,1.0,0.0
3,58,0.8741258741258742,0.0002007130733242317
3,59,0.9440559440559443,3.927261080965951e-06
3,60,1.0,0.0
3,61,0.8041958041958043,0.0016147689860699299
3,62,0.8461538461538463,0.0005211337004810046
3,63,0.8741258741258742,0.0002007130733242317
3,64,0.8041958041958043,0.0016147689860699299
3,65,0.8461538461538463,0.0005211337004810046
3,66,0.8741258741258742,0.0002007130733242317
3,67,0.8041958041958043,0.0016147689860699299
3,68,0.8461538461538463,0.0005211337004810046
3,69,0.8741258741258742,0.0002007130733242317
3,70,0.8041958041958043,0.0016147689860699299
3,71,0.8461538461538463,0.0005211337004810046
3,72,0.8741258741258742,0.0002007130733242317
3,73,0.8741258741258742,0.0002007130733242317
3,74,0.9440559440559443,3.927261080965951e-06
3,75,1.0,0.0
3,76,0.8741258741258742,0.0002007130733242317
3,77,0.9440559440559443,3.927261080965951e-06
3,78,1.0,0.0
3,79,0.8041958041958043,0.0016147689860699299
3,80,0.8461538461538463,0.0005211337004810046
3,81,0.8741258741258742,0.0002007130733242317
3,82,0.8041958041958043,0.0016147689860699299
3,83,0.8461538461538463,0.0005211337004810046
3,84,0.8741258741258742,0.0002007130733242317
3,85,0.8041958041958043,0.0016147689860699299
3,86,0.8461538461538463,0.0005211337004810046
3,87,0.8741258741258742,0.0002007130733242317
3,88,0.8041958041958043,0.0016147689860699299
3,89,0.8461538461538463,0.0005211337004810046
3,90,0.8741258741258742,0.0002007130733242317
3,91,0.8741258741258742,0.0002007130733242317
3,92,0.9440559440559443,3.927261080965951e-06
3,93,1.0,0.0
3,94,0.8741258741258742,0.0002007130733242317
3,95,0.9440559440559443,3.927261080965951e-06
3,96,1.0,0.0
3,97,0.8041958041958043,0.0016147689860699299
3,98,0.8461538461538463,0.0005211337004810046
3,99,0.8741258741258742,0.0002007130733242317
3,100,0.8041958041958043,0.0016147689860699299
3,101,0.8461538461538463,0.0005211337004810046
3,102,0.8741258741258742,0.0002007130733242317
3,103,0.8041958041958043,0.0016147689860699299
3,104,0.8461538461538463,0.0005211337004810046
3,105,0.8741258741258742,0.0002007130733242317
3,106,0.8041958041958043,0.0016147689860699299
3,107,0.8461538461538463,0.0005211337004810046
3,108,0.8741258741258742,0.0002007130733242317
3,109,0.8741258741258742,0.0002007130733242317
3,110,0.9440559440559443,3.927261080965951e-06
3,111,1.0,0.0
3,112,0.8741258741258742,0.0002007130733242317
3,113,0.9440559440559443,3.927261080965951e-06
3,114,1.0,0.0
3,115,0.8041958041958043,0.0016147689860699299
3,116,0.8461538461538463,0.0005211337004810046
3,117,0.8741258741258742,0.0002007130733242317
3,118,0.8041958041958043,0.0016147689860699299
3,119,0.8461538461538463,0.0005211337004810046
3,120,0.8741258741258742,0.0002007130733242317
3,121,0.8041958041958043,0.0016147689860699299
3,122,0.8461538461538463,0.0005211337004810046
3,123,0.8741258741258742,0.0002007130733242317
3,124,0.8041958041958043,0.0016147689860699299
3,125,0.8461538461538463,0.0005211337004810046
3,126,0.8741258741258742,0.0002007130733242317
3,127,0.8741258741258742,0.0002007130733242317
3,128,0.9440559440559443,3.927261080965951e-06
3,129,1.0,0.0
3,130,0.8741258741258742,0.0002007130733242317
3,131,0.9440559440559443,3.927261080965951e-06
3,132,1.0,0.0
3,133,0.8041958041958043,0.0016147689860699299
3,134,0.8461538461538463,0.0005211337004810046
3,135,0.8741258741258742,0.0002007130733242317
3,136,0.8041958041958043,0.0016147689860699299
3,137,0.8461538461538463,0.0005211337004810046
3,138,0.8741258741258742,0.0002007130733242317
3,139,0.8041958041958043,0.0016147689860699299
3,140,0.8461538461538463,0.0005211337004810046
3,141,0.8741258741258742,0.0002007130733242317
3,142,0.8041958041958043,0.0016147689860699299
3,143,0.8461538461538463,0.0005211337004810046
3,144,0.8741258741258742,0.0002007130733242317
3,145,0.8741258741258742,0.0002007130733242317
3,146,0.9440559440559443,3.927261080965951e-06
3,147,1.0,0.0
3,148,0.8741258741258742,0.0002007130733242317
3,149,0.9440559440559443,3.927261080965951e-06
3,150,1.0,0.0
3,151,0.8041958041958043,0.0016147689860699299
3,152,0.8461538461538463,0.0005211337004810046
3,153,0.8741258741258742,0.0002007130733242317
3,154,0.8041958041958043,0.0016147689860699299
3,155,0.8461538461538463,0.0005211337004810046
3,156,0.8741258741258742,0.0002007130733242317
3,157,0.8041958041958043,0.0016147689860699299
3,158,0.8461538461538463,0.0005211337004810046
3,159,0.8741258741258742,0.0002007130733242317
3,160,0.8041958041958043,0.0016147689860699299
3,161,0.8461538461538463,0.0005211337004810046
3,162,0.8741258741258742,0.0002007130733242317
4,5,0.9790209790209792,3.0898013985487064e-08
4,6,0.8741258741258742,0.0002007130733242317
4,7,0.8951048951048951,8.36658642909172e-05
4,8,0.8321678321678322,0.0007854416778536138
4,9,0.6923076923076924,0.0125930304960941
4,10,0.8951048951048951,8.36658642909172e-05
4,11,0.8321678321678322,0.0007854416778536138
4,12,0.6923076923076924,0.0125930304960941
4,13,0.8951048951048951,8.36658642909172e-05
4,14,0.8321678321678322,0.0007854416778536138
4,15,0.6923076923076924,0.0125930304960941
4,16,0.8951048951048951,8.36658642909172e-05
4,17,0.8321678321678322,0.0007854416778536138
4,18,0.6923076923076924,0.0125930304960941
4,19,1.0,0.0
4,20,0.9790209790209792,3.0898013985487064e-08
4,21,0.8741258741258742,0.0002007130733242317
4,22,1.0,0.0
4,23,0.9790209790209792,3.0898013985487064e-08
4,24,0.8741258741258742,0.0002007130733242317
4,25,0.8951048951048951,8.36658642909172e-05
4,26,0.8321678321678322,0.0007854416778536138
4,27,0.6923076923076924,0.0125930304960941
4,28,0.8951048951048951,8.36658642909172e-05
4,29,0.8321678321678322,0.0007854416778536138
4,30,0.6923076923076924,0.0125930304960941
4,31,0.8951048951048951,8.36658642909172e-05
4,32,0.8321678321678322,0.0007854416778536138
4,33,0.6923076923076924,0.0125930304960941
4,34,0.8951048951048951,8.36658642909172e-05
4,35,0.8321678321678322,0.0007854416778536138
4,36,0.6923076923076924,0.0125930304960941
4,37,1.0,0.0
4,38,0.9790209790209792,3.0898013985487064e-08
4,39,0.8741258741258742,0.0002007130733242317
4,40,1.0,0.0
4,41,0.9790209790209792,3.0898013985487064e-08
4,42,0.8741258741258742,0.0002007130733242317
4,43,0.8951048951048951,8.36658642909172e-05
4,44,0.8321678321678322,0.0007854416778536138
4,45,0.6923076923076924,0.0125930304960941
4,46,0.8951048951048951,8.36658642909172e-05
4,47,0.8321678321678322,0.0007854416778536138
4,48,0.6923076923076924,0.0125930304960941
4,49,0.8951048951048951,8.36658642909172e-05
4,50,0.8321678321678322,0.0007854416778536138
4,51,0.6923076923076924,0.0125930304960941
4,52,0.8951048951048951,8.36658642909172e-05
4,53,0.8321678321678322,0.0007854416778536138
4,54,0.6923076923076924,0.0125930304960941
4,55,1.0,0.0
4,56,0.9790209790209792,3.0898013985487064e-08
4,57,0.8741258741258742,0.0002007130733242317
4,58,1.0,0.0
4,59,0.9790209790209792,3.0898013985487064e-08
4,60,0.8741258741258742,0.0002007130733242317
4,61,0.8951048951048951,8.36658642909172e-05
4,62,0.8321678321678322,0.0007854416778536138
4,63,0.6923076923076924,0.0125930304960941
4,64,0.8951048951048951,8.36658642909172e-05
4,65,0.8321678321678322,0.0007854416778536138
4,66,0.6923076923076924,0.0125930304960941
4,67,0.8951048951048951,8.36658642909172e-05
4,68,0.8321678321678322,0.0007854416778536138
4,69,0.6923076923076924,0.0125930304960941
4,70,0.8951048951048951,8.36658642909172e-05
4,71,0.8321678321678322,0.0007854416778536138
4,72,0.6923076923076924,0.0125930304960941
4,73,1.0,0.0
4,74,0.9790209790209792,3.0898013985487064e-08
4,75,0.8741258741258742,0.0002007130733242317
4,76,1.0,0.0
4,77,0.9790209790209792,3.0898013985487064e-08
4,78,0.8741258741258742,0.0002007130733242317
4,79,0.8951048951048951,8.36658642909172e-05
4,80,0.8321678321678322,0.0007854416778536138
4,81,0.6923076923076924,0.0125930304960941
4,82,0.8951048951048951,8.36658642909172e-05
4,83,0.8321678321678322,0.0007854416778536138
4,84,0.6923076923076924,0.0125930304960941
4,85,0.8951048951048951,8.36658642909172e-05
4,86,0.8321678321678322,0.0007854416778536138
4,87,0.6923076923076924,0.0125930304960941
4,88,0.8951048951048951,8.36658642909172e-05
4,89,0.8321678321678322,0.0007854416778536138
4,90,0.6923076923076924,0.0125930304960941
4,91,1.0,0.0
4,92,0.9790209790209792,3.0898013985487064e-08
4,93,0.8741258741258742,0.0002007130733242317
4,94,1.0,0.0
4,95,0.9790209790209792,3.0898013985487064e-08
4,96,0.8741258741258742,0.0002007130733242317
4,97,0.8951048951048951,8.36658642909172e-05
4,98,0.8321678321678322,0.0007854416778536138
4,99,0.6923076923076924,0.0125930304960941
4,100,0.8951048951048951,8.36658642909172e-05
4,101,0.8321678321678322,0.0007854416778536138
4,102,0.6923076923076924,0.0125930304960941
4,103,0.8951048951048951,8.36658642909172e-05
4,104,0.8321678321678322,0.0007854416778536138
4,105,0.6923076923076924,0.0125930304960941
4,106,0.8951048951048951,8.36658642909172e-05
4,107,0.8321678321678322,0.0007854416778536138
4,108,0.6923076923076924,0.0125930304960941
4,109,1.0,0.0
4,110,0.9790209790209792,3.0898013985487064e-08
4,111,0.8741258741258742,0.0002007130733242317
4,112,1.0,0.0
4,113,0.9790209790209792,3.0898013985487064e-08
4,114,0.8741258741258742,0.0002007130733242317
4,115,0.8951048951048951,8.36658642909172e-05
4,116,0.8321678321678322,0.0007854416778536138
4,117,0.6923076923076924,0.0125930304960941
4,118,0.8951048951048951,8.36658642909172e-05
4,119,0.8321678321678322,0.0007854416778536138
4,120,0.6923076923076924,0.0125930304960941
4,121,0.8951048951048951,8.36658642909172e-05
4,122,0.8321678321678322,0.0007854416778536138
4,123,0.6923076923076924,0.0125930304960941
4,124,0.8951048951048951,8.36658642909172e-05
4,125,0.8321678321678322,0.0007854416778536138
4,126,0.6923076923076924,0.0125930304960941
4,127,1.0,0.0
4,128,0.9790209790209792,3.0898013985487064e-08
4,129,0.8741258741258742,0.0002007130733242317
4,130,1.0,0.0
4,131,0.9790209790209792,3.0898013985487064e-08
4,132,0.8741258741258742,0.0002007130733242317
4,133,0.8951048951048951,8.36658642909172e-05
4,134,0.8321678321678322,0.0007854416778536138
4,135,0.6923076923076924,0.0125930304960941
4,136,0.8951048951048951,8.36658642909172e-05
4,137,0.8321678321678322,0.0007854416778536138
4,138,0.6923076923076924,0.0125930304960941
4,139,0.8951048951048951,8.36658642909172e-05
4,140,0.8321678321678322,0.0007854416778536138
4,141,0.6923076923076924,0.0125930304960941
4,142,0.8951048951048951,8.36658642909172e-05
4,143,0.8321678321678322,0.0007854416778536138
4,144,0.6923076923076924,0.0125930304960941
4,145,1.0,0.0
4,146,0.9790209790209792,3.0898013985487064e-08
4,147,0.8741258741258742,0.0002007130733242317
4,148,1.0,0.0
4,149,0.9790209790209792,3.0898013985487064e-08
4,150,0.8741258741258742,0.0002007130733242317
4,151,0.8951048951048951,8.36658642909172e-05
4,152,0.8321678321678322,0.0007854416778536138
4,153,0.6923076923076924,0.0125930304960941
4,154,0.8951048951048951,8.36658642909172e-05
4,155,0.8321678321678322,0.0007854416778536138
4,156,0.6923076923076924,0.0125930304960941
4,157,0.8951048951048951,8.36658642909172e-05
4,158,0.8321678321678322,0.0007854416778536138
4,159,0.6923076923076924,0.0125930304960941
4,160,0.8951048951048951,8.36658642909172e-05
4,161,0.8321678321678322,0.0007854416778536138
4,162,0.6923076923076924,0.0125930304960941
5,6,0.9440559440559443,3.927261080965951e-06
5,7,0.8741258741258742,0.0002007130733242317
5,8,0.8531468531468532,0.0004181179404149969
5,9,0.7692307692307694,0.0034464502618274493
5,10,0.8741258741258742,0.0002007130733242317
5,11,0.8531468531468532,0.0004181179404149969
5,12,0.7692307692307694,0.0034464502618274493
5,13,0.8741258741258742,0.0002007130733242317
5,14,0.8531468531468532,0.0004181179404149969
5,15,0.7692307692307694,0.0034464502618274493
5,16,0.8741258741258742,0.0002007130733242317
5,17,0.8531468531468532,0.0004181179404149969
5,18,0.7692307692307694,0.0034464502618274493
5,19,0.9790209790209792,3.0898013985487064e-08
5,20,1.0,0.0
5,21,0.9440559440559443,3.927261080965951e-06
5,22,0.9790209790209792,3.0898013985487064e-08
5,23,1.0,0.0
5,24,0.9440559440559443,3.927261080965951e-06
5,25,0.8741258741258742,0.0002007130733242317
5,26,0.8531468531468532,0.0004181179404149969
5,27,0.7692307692307694,0.0034464502618274493
5,28,0.8741258741258742,0.0002007130733242317
5,29,0.8531468531468532,0.0004181179404149969
5,30,0.7692307692307694,0.0034464502618274493
5,31,0.8741258741258742,0.0002007130733242317
5,32,0.8531468531468532,0.0004181179404149969
5,33,0.7692307692307694,0.0034464502618274493
5,34,0.8741258741258742,0.0002007130733242317
5,35,0.8531468531468532,0.0004181179404149969
5,36,0.7692307692307694,0.0034464502618274493
5,37,0.9790209790209792,3.0898013985487064e-08
5,38,1.0,0.0
5,39,0.9440559440559443,3.927261080965951e-06
5,40,0.9790209790209792,3.0898013985487064e-08
5,41,1.0,0.0
5,42,0.9440559440559443,3.927261080965951e-06
5,43,0.8741258741258742,0.0002007130733242317
5,44,0.8531468531468532,0.0004181179404149969
5,45,0.7692307692307694,0.0034464502618274493
5,46,0.8741258741258742,0.0002007130733242317
5,47,0.8531468531468532,0.0004181179404149969
5,48,0.7692307692307694,0.0034464502618274493
5,49,0.8741258741258742,0.0002007130733242317
5,50,0.8531468531468532,0.0004181179404149969
5,51,0.7692307692307694,0.0034464502618274493
5,52,0.8741258741258742,0.0002007130733242317
5,53,0.8531468531468532,0.0004181179404149969
5,54,0.7692307692307694,0.0034464502618274493
5,55,0.9790209790209792,3.0898013985487064e-08
5,56,1.0,0.0
5,57,0.9440559440559443,3.927261080965951e-06
5,58,0.9790209790209792,3.0898013985487064e-08
5,59,1.0,0.0
5,60,0.9440559440559443,3.927261080965951e-06
5,61,0.8741258741258742,0.0002007130733242317
5,62,0.8531468531468532,0.0004181179404149969
5,63,0.7692307692307694,0.0034464502618274493
5,64,0.8741258741258742,0.0002007130733242317
5,65,0.8531468531468532,0.0004181179404149969
5,66,0.7692307692307694,0.0034464502618274493
5,67,0.8741258741258742,0.0002007130733242317
5,68,0.8531468531468532,0.0004181179404149969
5,69,0.7692307692307694,0.0034464502618274493
5,70,0.8741258741258742,0.0002007130733242317
5,71,0.8531468531468532,0.0004181179404149969
5,72,0.7692307692307694,0.0034464502618274493
5,73,0.9790209790209792,3.0898013985487064e-08
5,74,1.0,0.0
5,75,0.9440559440559443,3.927261080965951e-06
5,76,0.9790209790209792,3.0898013985487064e-08
5,77,1.0,0.0
5,78,0.9440559440559443,3.927261080965951e-06
5,79,0.8741258741258742,0.0002007130733242317
5,80,0.8531468531468532,0.0004181179404149969
5,81,0.7692307692307694,0.0034464502618274493
5,82,0.8741258741258742,0.0002007130733242317
5,83,0.8531468531468532,0.0004181179404149969
5,84,0.7692307692307694,0.0034464502618274493
5,85,0.8741258741258742,0.0002007130733242317
5,86,0.8531468531468532,0.0004181179404149969
5,87,0.7692307692307694,0.0034464502618274493
5,88,0.8741258741258742,0.0002007130733242317
5,89,0.8531468531468532,0.0004181179404149969
5,90,0.7692307692307694,0.0034464502618274493
5,91,0.9790209790209792,3.0898013985487064e-08
5,92,1.0,0.0
5,93,0.9440559440559443,3.927261080965951e-06
5,94,0.9790209790209792,3.0898013985487064e-08
5,95,1.0,0.0
5,96,0.9440559440559443,3.927261080965951e-06
5,97,0.8741258741258742,0.0002007130733242317
5,98,0.8531468531468532,0.0004181179404149969
5,99,0.7692307692307694,0.0034464502618274493
5,100,0.8741258741258742,0.0002007130733242317
5,101,0.8531468531468532,0.0004181179404149969
5,102,0.7692307692307694,0.0034464502618274493
5,103,0.8741258741258742,0.0002007130733242317
5,104,0.8531468531468532,0.0004181179404149969
5,105,0.7692307692307694,0.0034464502618274493
5,106,0.8741258741258742,0.0002007130733242317
5,107,0.8531468531468532,0.0004181179404149969
5,108,0.7692307692307694,0.0034464502618274493
5,109,0.9790209790209792,3.0898013985487064e-08
5,110,1.0,0.0
5,111,0.9440559440559443,3.927261080965951e-06
5,112,0.9790209790209792,3.0898013985487064e-08
5,113,1.0,0.0
5,114,0.9440559440559443,3.927261080965951e-06
5,115,0.8741258741258742,0.0002007130733242317
5,116,0.8531468531468532,0.0004181179404149969
5,117,0.7692307692307694,0.0034464502618274493
5,118,0.8741258741258742,0.0002007130733242317
5,119,0.8531468531468532,0.0004181179404149969
5,120,0.7692307692307694,0.0034464502618274493
5,121,0.8741258741258742,0.0002007130733242317
5,122,0.8531468531468532,0.0004181179404149969
5,123,0.7692307692307694,0.0034464502618274493
5,124,0.8741258741258742,0.0002007130733242317
5,125,0.8531468531468532,0.0004181179404149969
5,126,0.7692307692307694,0.0034464502618274493
5,127,0.9790209790209792,3.0898013985487064e-08
5,128,1.0,0.0
5,129,0.9440559440559443,3.927261080965951e-06
5,130,0.9790209790209792,3.0898013985487064e-08
5,131,1.0,0.0
5,132,0.9440559440559443,3.927261080965951e-06
5,133,0.8741258741258742,0.0002007130733242317
5,134,0.8531468531468532,0.0004181179404149969
5,135,0.7692307692307694,0.0034464502618274493
5,136,0.8741258741258742,0.0002007130733242317
5,137,0.8531468531468532,0.0004181179404149969
5,138,0.7692307692307694,0.0034464502618274493
5,139,0.8741258741258742,0.0002007130733242317
5,140,0.8531468531468532,0.0004181179404149969
5,141,0.7692307692307694,0.0034464502618274493
5,142,0.8741258741258742,0.0002007130733242317
5,143,0.8531468531468532,0.0004181179404149969
5,144,0.7692307692307694,0.0034464502618274493
5,145,0.9790209790209792,3.0898013985487064e-08
5,146,1.0,0.0
5,147,0.9440559440559443,3.927261080965951e-06
5,148,0.9790209790209792,3.0898013985487064e-08
5,149,1.0,0.0
5,150,0.9440559440559443,3.927261080965951e-06
5,151,0.8741258741258742,0.0002007130733242317
5,152,0.8531468531468532,0.0004181179404149969
5,153,0.7692307692307694,0.0034464502618274493
5,154,0.8741258741258742,0.0002007130733242317
5,155,0.8531468531468532,0.0004181179404149969
5,156,0.7692307692307694,0.0034464502618274493
5,157,0.8741258741258742,0.0002007130733242317
5,158,0.8531468531468532,0.0004181179404149969
5,159,0.7692307692307694,0.0034464502618274493
5,160,0.8741258741258742,0.0002007130733242317
5,161,0.8531468531468532,0.0004181179404149969
5,162,0.7692307692307694,0.0034464502618274493
6,7,0.8041958041958043,0.0016147689860699299
6,8,0.8461538461538463,0.0005211337004810046
6,9,0.8741258741258742,0.0002007130733242317
6,10,0.8041958041958043,0.0016147689860699299
6,11,0.8461538461538463,0.0005211337004810046
6,12,0.8741258741258742,0.0002007130733242317
6,13,0.8041958041958043,0.0016147689860699299
6,14,0.8461538461538463,0.0005211337004810046
6,15,0.8741258741258742,0.0002007130733242317
6,16,0.8041958041958043,0.0016147689860699299
6,17,0.8461538461538463,0.0005211337004810046
6,18,0.8741258741258742,0.0002007130733242317
6,19,0.8741258741258742,0.0002007130733242317
6,20,0.9440559440559443,3.927261080965951e-06
6,21,1.0,0.0
6,22,0.8741258741258742,0.0002007130733242317
6,23,0.9440559440559443,3.927261080965951e-06
6,24,1.0,0.0
6,25,0.8041958041958043,0.0016147689860699299
6,26,0.8461538461538463,0.0005211337004810046
6,27,0.8741258741258742,0.0002007130733242317
6,28,0.8041958041958043,0.0016147689860699299
6,29,0.8461538461538463,0.0005211337004810046
6,30,0.8741258741258742,0.0002007130733242317
6,31,0.8041958041958043,0.0016147689860699299
6,32,0.8461538461538463,0.0005211337004810046
6,33,0.8741258741258742,0.0002007130733242317
6,34,0.8041958041958043,0.0016147689860699299
6,35,0.8461538461538463,0.0005211337004810046
6,36,0.8741258741258742,0.0002007130733242317
6,37,0.8741258741258742,0.0002007130733242317
6,38,0.9440559440559443,3.927261080965951e-06
6,39,1.0,0.0
6,40,0.8741258741258742,0.0002007130733242317
6,41,0.9440559440559443,3.927261080965951e-06
6,42,1.0,0.0
6,43,0.8041958041958043,0.0016147689860699299
6,44,0.8461538461538463,0.0005211337004810046
6,45,0.8741258741258742,0.0002007130733242317
6,46,0.8041958041958043,0.0016147689860699299
6,47,0.8461538461538463,0.0005211337004810046
6,48,0.8741258741258742,0.0002007130733242317
6,49,0.8041958041958043,0.0016147689860699299
6,50,0.8461538461538463,0.0005211337004810046
6,51,0.8741258741258742,0.0002007130733242317
6,52,0.8041958041958043,0.0016147689860699299
6,53,0.8461538461538463,0.0005211337004810046
6,54,0.8741258741258742,0.0002007130733242317
6,55,0.8741258741258742,0.0002007130733242317
6,56,0.9440559440559443,3.927261080965951e-06
6,57,1.0,0.0
6,58,0.8741258741258742,0.0002007130733242317
6,59,0.9440559440559443,3.927261080965951e-06
6,60,1.0,0.0
6,61,0.8041958041958043,0.0016147689860699299
6,62,0.8461538461538463,0.0005211337004810046
6,63,0.8741258741258742,0.0002007130733242317
6,64,0.8041958041958043,0.0016147689860699299
6,65,0.8461538461538463,0.0005211337004810046
6,66,0.8741258741258742,0.0002007130733242317
6,67,0.8041958041958043,0.0016147689860699299
6,68,0.8461538461538463,0.0005211337004810046
6,69,0.8741258741258742,0.0002007130733242317
6,70,0.8041958041958043,0.0016147689860699299
6,71,0.8461538461538463,0.0005211337004810046
6,72,0.8741258741258742,0.0002007130733242317
6,73,0.8741258741258742,0.0002007130733242317
6,74,0.9440559440559443,3.927261080965951e-06
6,75,1.0,0.0
6,76,0.8741258741258742,0.0002007130733242317
6,77,0.9440559440559443,3.927261080965951e-06
6,78,1.0,0.0
6,79,0.8041958041958043,0.0016147689860699299
6,80,0.8461538461538463,0.0005211337004810046
6,81,0.8741258741258742,0.0002007130733242317
6,82,0.8041958041958043,0.0016147689860699299
6,83,0.8461538461538463,0.0005211337004810046
6,84,0.8741258741258742,0.0002007130733242317
6,85,0.8041958041958043,0.0016147689860699299
6,86,0.8461538461538463,0.0005211337004810046
6,87,0.8741258741258742,0.0002007130733242317
6,88,0.8041958041958043,0.0016147689860699299
6,89,0.8461538461538463,0.0005211337004810046
6,90,0.8741258741258742,0.0002007130733242317
6,91,0.8741258741258742,0.0002007130733242317
6,92,0.9440559440559443,3.927261080965951e-06
6,93,1.0,0.0
6,94,0.8741258741258742,0.0002007130733242317
6,95,0.9440559440559443,3.927261080965951e-06
6,96,1.0,0.0
6,97,0.8041958041958043,0.0016147689860699299
6,98,0.8461538461538463,0.0005211337004810046
6,99,0.8741258741258742,0.0002007130733242317
6,100,0.8041958041958043,0.0016147689860699299
6,101,0.8461538461538463,0.0005211337004810046
6,102,0.8741258741258742,0.0002007130733242317
6,103,0.8041958041958043,0.0016147689860699299
6,104,0.8461538461538463,0.0005211337004810046
6,105,0.8741258741258742,0.0002007130733242317
6,106,0.8041958041958043,0.0016147689860699299
6,107,0.8461538461538463,0.0005211337004810046
6,108,0.8741258741258742,0.0002007130733242317
6,109,0.8741258741258742,0.0002007130733242317
6,110,0.9440559440559443,3.927261080965951e-06
6,111,1.0,0.0
6,112,0.8741258741258742,0.0002007130733242317
6,113,0.9440559440559443,3.927261080965951e-06
6,114,1.0,0.0
6,115,0.8041958041958043,0.0016147689860699299
6,116,0.8461538461538463,0.0005211337004810046
6,117,0.8741258741258742,0.0002007130733242317
6,118,0.8041958041958043,0.0016147689860699299
6,119,0.8461538461538463,0.0005211337004810046
6,120,0.8741258741258742,0.0002007130733242317
6,121,0.8041958041958043,0.0016147689860699299
6,122,0.8461538461538463,0.0005211337004810046
6,123,0.8741258741258742,0.0002007130733242317
6,124,0.8041958041958043,0.0016147689860699299
6,125,0.8461538461538463,0.0005211337004810046
6,126,0.8741258741258742,0.0002007130733242317
6,127,0.8741258741258742,0.0002007130733242317
6,128,0.9440559440559443,3.927261080965951e-06
6,129,1.0,0.0
6,130,0.8741258741258742,0.0002007130733242317
6,131,0.9440559440559443,3.927261080965951e-06
6,132,1.0,0.0
6,133,0.8041958041958043,0.0016147689860699299
6,134,0.8461538461538463,0.0005211337004810046
6,135,0.8741258741258742,0.0002007130733242317
6,136,0.8041958041958043,0.0016147689860699299
6,137,0.8461538461538463,0.0005211337004810046
6,138,0.8741258741258742,0.0002007130733242317
6,139,0.8041958041958043,0.0016147689860699299
6,140,0.8461538461538463,0.0005211337004810046
6,141,0.8741258741258742,0.0002007130733242317
6,142,0.8041958041958043,0.0016147689860699299
6,143,0.8461538461538463,0.0005211337004810046
6,144,0.8741258741258742,0.0002007130733242317
6,145,0.8741258741258742,0.0002007130733242317
6,146,0.9440559440559443,3.927261080965951e-06
6,147,1.0,0.0
6,148,0.8741258741258742,0.0002007130733242317
6,149,0.9440559440559443,3.927261080965951e-06
6,150,1.0,0.0
6,151,0.8041958041958043,0.0016147689860699299
6,152,0.8461538461538463,0.0005211337004810046
6,153,0.8741258741258742,0.0002007130733242317
6,154,0.8041958041958043,0.0016147689860699299
6,155,0.8461538461538463,0.0005211337004810046
6,156,0.8741258741258742,0.0002007130733242317
6,157,0.8041958041958043,0.0016147689860699299
6,158,0.8461538461538463,0.0005211337004810046
6,159,0.8741258741258742,0.0002007130733242317
6,160,0.8041958041958043,0.0016147689860699299
6,161,0.8461538461538463,0.0005211337004810046
6,162,0.8741258741258742,0.0002007130733242317
7,8,0.9720279720279721,1.2868115751495034e-07
7,9,0.8391608391608393,0.0006428259886278202
7,10,1.0,0.0
7,11,0.9720279720279721,1.2868115751495034e-07
7,12,0.8391608391608393,0.0006428259886278202
7,13,1.0,0.0
7,14,0.9720279720279721,1.2868115751495034e-07
7,15,0.8391608391608393,0.0006428259886278202
7,16,1.0,0.0
7,17,0.9720279720279721,1.2868115751495034e-07
7,18,0.8391608391608393,0.0006428259886278202
7,19,0.8951048951048951,8.36658642909172e-05
7,20,0.8741258741258742,0.0002007130733242317
7,21,0.8041958041958043,0.0016147689860699299
7,22,0.8951048951048951,8.36658642909172e-05
7,23,0.8741258741258742,0.0002007130733242317
7,24,0.8041958041958043,0.0016147689860699299
7,25,1.0,0.0
7,26,0.9720279720279721,1.2868115751495034e-07
7,27,0.8391608391608393,0.0006428259886278202
7,28,1.0,0.0
7,29,0.9720279720279721,1.2868115751495034e-07
7,30,0.8391608391608393,0.0006428259886278202
7,31,1.0,0.0
7,32,0.9720279720279721,1.2868115751495034e-07
7,33,0.8391608391608393,0.0006428259886278202
7,34,1.0,0.0
7,35,0.9720279720279721,1.2868115751495034e-07
7,36,0.8391608391608393,0.0006428259886278202
7,37,0.8951048951048951,8.36658642909172e-05
7,38,0.8741258741258742,0.0002007130733242317
7,39,0.8041958041958043,0.0016147689860699299
7,40,0.8951048951048951,8.36658642909172e-05
7,41,0.8741258741258742,0.0002007130733242317
7,42,0.8041958041958043,0.0016147689860699299
7,43,1.0,0.0
7,44,0.9720279720279721,1.2868115751495034e-07
7,45,0.8391608391608393,0.0006428259886278202
7,46,1.0,0.0
7,47,0.9720279720279721,1.2868115751495034e-07
7,48,0.8391608391608393,0.0006428259886278202
7,49,1.0,0.0
7,50,0.9720279720279721,1.2868115751495034e-07
7,51,0.8391608391608393,0.0006428259886278202
7,52,1.0,0.0
7,53,0.9720279720279721,1.2868115751495034e-07
7,54,0.8391608391608393,0.0006428259886278202
7,55,0.8951048951048951,8.36658642909172e-05
7,56,0.8741258741258742,0.0002007130733242317
7,57,0.8041958041958043,0.0016147689860699299
7,58,0.8951048951048951,8.36658642909172e-05
7,59,0.8741258741258742,0.0002007130733242317
7,60,0.8041958041958043,0.0016147689860699299
7,61,1.0,0.0
7,62,0.9720279720279721,1.2868115751495034e-07
7,63,0.8391608391608393,0.0006428259886278202
7,64,1.0,0.0
7,65,0.9720279720279721,1.2868115751495034e-07
7,66,0.8391608391608393,0.0006428259886278202
7,67,1.0,0.0
7,68,0.9720279720279721,1.2868115751495034e-07
7,69,0.8391608391608393,0.0006428259886278202
7,70,1.0,0.0
7,71,0.9720279720279721,1.2868115751495034e-07
7,72,0.8391608391608393,0.0006428259886278202
7,73,0.8951048951048951,8.36658642909172e-05
7,74,0.8741258741258742,0.0002007130733242317
7,75,0.8041958041958043,0.0016147689860699299
7,76,0.8951048951048951,8.36658642909172e-05
7,77,0.8741258741258742,0.0002007130733242317
7,78,0.8041958041958043,0.0016147689860699299
7,79,1.0,0.0
7,80,0.9720279720279721,1.2868115751495034e-07
7,81,0.8391608391608393,0.0006428259886278202
7,82,1.0,0.0
7,83,0.9720279720279721,1.2868115751495034e-07
7,84,0.8391608391608393,0.0006428259886278202
7,85,1.0,0.0
7,86,0.9720279720279721,1.2868115751495034e-07
7,87,0.8391608391608393,0.0006428259886278202
7,88,1.0,0.0
7,89,0.9720279720279721,1.2868115751495034e-07
7,90,0.8391608391608393,0.0006428259886278202
7,91,0.8951048951048951,8.36658642909172e-05
7,92,0.8741258741258742,0.0002007130733242317
7,93,0.8041958041958043,0.0016147689860699299
7,94,0.8951048951048951,8.36658642909172e-05
7,95,0.8741258741258742,0.0002007130733242317
7,96,0.8041958041958043,0.0016147689860699299
7,97,1.0,0.0
7,98,0.9720279720279721,1.2868115751495034e-07
7,99,0.8391608391608393,0.0006428259886278202
7,100,1.0,0.0
7,101,0.9720279720279721,1.2868115751495034e-07
7,102,0.8391608391608393,0.0006428259886278202
7,103,1.0,0.0
7,104,0.9720279720279721,1.2868115751495034e-07
7,105,0.8391608391608393,0.0006428259886278202
7,106,1.0,0.0
7,107,0.9720279720279721,1.2868115751495034e-07
7,108,0.8391608391608393,0.0006428259886278202
7,109,0.8951048951048951,8.36658642909172e-05
7,110,0.8741258741258742,0.0002007130733242317
7,111,0.8041958041958043,0.0016147689860699299
7,112,0.8951048951048951,8.36658642909172e-05
7,113,0.8741258741258742,0.0002007130733242317
7,114,0.8041958041958043,0.0016147689860699299
7,115,1.0,0.0
7,116,0.9720279720279721,1.2868115751495034e-07
7,117,0.8391608391608393,0.0006428259886278202
7,118,1.0,0.0
7,119,0.9720279720279721,1.2868115751495034e-07
7,120,0.8391608391608393,0.0006428259886278202
7,121,1.0,0.0
7,122,0.9720279720279721,1.2868115751495034e-07
7,123,0.8391608391608393,0.0006428259886278202
7,124,1.0,0.0
7,125,0.9720279720279721,1.2868115751495034e-07
7,126,0.8391608391608393,0.0006428259886278202
7,127,0.8951048951048951,8.36658642909172e-05
7,128,0.8741258741258742,0.0002007130733242317
7,129,0.8041958041958043,0.0016147689860699299
7,130,0.8951048951048951,8.36658642909172e-05
7,131,0.8741258741258742,0.0002007130733242317
7,132,0.8041958041958043,0.0016147689860699299
7,133,1.0,0.0
7,134,0.9720279720279721,1.2868115751495034e-07
7,135,0.8391608391608393,0.0006428259886278202
7,136,1.0,0.0
7,137,0.9720279720279721,1.2868115751495034e-07
7,138,0.8391608391608393,0.0006428259886278202
7,139,1.0,0.0
7,140,0.9720279720279721,1.2868115751495034e-07
7,141,0.8391608391608393,0.0006428259886278202
7,142,1.0,0.0
7,143,0.9720279720279721,1.2868115751495034e-07
7,144,0.8391608391608393,0.0006428259886278202
7,145,0.8951048951048951,8.36658642909172e-05
7,146,0.8741258741258742,0.0002007130733242317
7,147,0.8041958041958043,0.0016147689860699299
7,148,0.8951048951048951,8.36658642909172e-05
7,149,0.8741258741258742,0.0002007130733242317
7,150,0.8041958041958043,0.0016147689860699299
7,151,1.0,0.0
7,152,0.9720279720279721,1.2868115751495034e-07
7,153,0.8391608391608393,0.0006428259886278202
7,154,1.0,0.0
7,155,0.9720279720279721,1.2868115751495034e-07
7,156,0.8391608391608393,0.0006428259886278202
7,157,1.0,0.0
7,158,0.9720279720279721,1.2868115751495034e-07
7,159,0.8391608391608393,0.0006428259886278202
7,160,1.0,0.0
7,161,0.9720279720279721,1.2868115751495034e-07
7,162,0.8391608391608393,0.0006428259886278202
8,9,0.9300699300699302,1.170222792865967e-05
8,10,0.9720279720279721,1.2868115751495034e-07
8,11,1.0,0.0
8,12,0.9300699300699302,1.170222792865967e-05
8,13,0.9720279720279721,1.2868115751495034e-07
8,14,1.0,0.0
8,15,0.9300699300699302,1.170222792865967e-05
8,16,0.9720279720279721,1.2868115751495034e-07
8,17,1.0,0.0
8,18,0.9300699300699302,1.170222792865967e-05
8,19,0.8321678321678322,0.0007854416778536138
8,20,0.8531468531468532,0.0004181179404149969
8,21,0.8461538461538463,0.0005211337004810046
8,22,0.8321678321678322,0.0007854416778536138
8,23,0.8531468531468532,0.0004181179404149969
8,24,0.8461538461538463,0.0005211337004810046
8,25,0.9720279720279721,1.2868115751495034e-07
8,26,1.0,0.0
8,27,0.9300699300699302,1.170222792865967e-05
8,28,0.9720279720279721,1.2868115751495034e-07
8,29,1.0,0.0
8,30,0.9300699300699302,1.170222792865967e-05
8,31,0.9720279720279721,1.2868115751495034e-07
8,32,1.0,0.0
8,33,0.9300699300699302,1.170222792865967e-05
8,34,0.9720279720279721,1.2868115751495034e-07
8,35,1.0,0.0
8,36,0.9300699300699302,1.170222792865967e-05
8,37,0.8321678321678322,0.0007854416778536138
8,38,0.8531468531468532,0.0004181179404149969
8,39,0.8461538461538463,0.0005211337004810046
8,40,0.8321678321678322,0.0007854416778536138
8,41,0.8531468531468532,0.0004181179404149969
8,42,0.8461538461538463,0.0005211337004810046
8,43,0.9720279720279721,1.2868115751495034e-07
8,44,1.0,0.0
8,45,0.9300699300699302,1.170222792865967e-05
8,46,0.9720279720279721,1.2868115751495034e-07
8,47,1.0,0.0
8,48,0.9300699300699302,1.170222792865967e-05
8,49,0.9720279720279721,1.2868115751495034e-07
8,50,1.0,0.0
8,51,0.9300699300699302,1.170222792865967e-05
8,52,0.9720279720279721,1.2868115751495034e-07
8,53,1.0,0.0
8,54,0.9300699300699302,1.170222792865967e-05
8,55,0.8321678321678322,0.0007854416778536138
8,56,0.8531468531468532,0.0004181179404149969
8,57,0.8461538461538463,0.0005211337004810046
8,58,0.8321678321678322,0.0007854416778536138
8,59,0.8531468531468532,0.0004181179404149969
8,60,0.8461538461538463,0.0005211337004810046
8,61,0.9720279720279721,1.2868115751495034e-07
8,62,1.0,0.0
8,63,0.9300699300699302,1.170222792865967e-05
8,64,0.9720279720279721,1.2868115751495034e-07
8,65,1.0,0.0
8,66,0.9300699300699302,1.170222792865967e-05
8,67,0.9720279720279721,1.2868115751495034e-07
8,68,1.0,0.0
8,69,0.9300699300699302,1.170222792865967e-05
8,70,0.9720279720279721,1.2868115751495034e-07
8,71,1.0,0.0
8,72,0.9300699300699302,1.170222792865967e-05
8,73,0.8321678321678322,0.0007854416778536138
8,74,0.8531468531468532,0.0004181179404149969
8,75,0.8461538461538463,0.0005211337004810046
8,76,0.8321678321678322,0.0007854416778536138
8,77,0.8531468531468532,0.0004181179404149969
8,78,0.8461538461538463,0.0005211337004810046
8,79,0.9720279720279721,1.2868115751495034e-07
8,80,1.0,0.0
8,81,0.9300699300699302,1.170222792865967e-05
8,82,0.9720279720279721,1.2868115751495034e-07
8,83,1.0,0.0
8,84,0.9300699300699302,1.170222792865967e-05
8,85,0.9720279720279721,1.2868115751495034e-07
8,86,1.0,0.0
8,87,0.9300699300699302,1.170222792865967e-05
8,88,0.9720279720279721,1.2868115751495034e-07
8,89,1.0,0.0
8,90,0.9300699300699302,1.170222792865967e-05
8,91,0.8321678321678322,0.0007854416778536138
8,92,0.8531468531468532,0.0004181179404149969
8,93,0.8461538461538463,0.0005211337004810046
8,94,0.8321678321678322,0.0007854416778536138
8,95,0.8531468531468532,0.0004181179404149969
8,96,0.8461538461538463,0.0005211337004810046
8,97,0.9720279720279721,1.2868115751495034e-07
8,98,1.0,0.0
8,99,0.9300699300699302,1.170222792865967e-05
8,100,0.9720279720279721,1.2868115751495034e-07
8,101,1.0,0.0
8,102,0.9300699300699302,1.170222792865967e-05
8,103,0.9720279720279721,1.2868115751495034e-07
8,104,1.0,0.0
8,105,0.9300699300699302,1.170222792865967e-05
8,106,0.9720279720279721,1.2868115751495034e-07
8,107,1.0,0.0
8,108,0.9300699300699302,1.170222792865967e-05
8,109,0.8321678321678322,0.0007854416778536138
8,110,0.8531468531468532,0.0004181179404149969
8,111,0.8461538461538463,0.0005211337004810046
8,112,0.8321678321678322,0.0007854416778536138
8,113,0.8531468531468532,0.0004181179404149969
8,114,0.8461538461538463,0.0005211337004810046
8,115,0.9720279720279721,1.2868115751495034e-07
8,116,1.0,0.0
8,117,0.9300699300699302,1.170222792865967e-05
8,118,0.9720279720279721,1.2868115751495034e-07
8,119,1.0,0.0
8,120,0.9300699300699302,1.170222792865967e-05
8,121,0.9720279720279721,1.2868115751495034e-07
8,122,1.0,0.0
8,123,0.9300699300699302,1.170222792865967e-05
8,124,0.9720279720279721,1.2868115751495034e-07
8,125,1.0,0.0
8,126,0.9300699300699302,1.170222792865967e-05
8,127,0.8321678321678322,0.0007854416778536138
8,128,0.8531468531468532,0.0004181179404149969
8,129,0.8461538461538463,0.0005211337004810046
8,130,0.8321678321678322,0.0007854416778536138
8,131,0.8531468531468532,0.0004181179404149969
8,132,0.8461538461538463,0.0005211337004810046
8,133,0.9720279720279721,1.2868115751495034e-07
8,134,1.0,0.0
8,135,0.9300699300699302,1.170222792865967e-05
8,136,0.9720279720279721,1.2868115751495034e-07
8,137,1.0,0.0
8,138,0.9300699300699302,1.170222792865967e-05
8,139,0.9720279720279721,1.2868115751495034e-07
8,140,1.0,0.0
8,141,0.9300699300699302,1.170222792865967e-05
8,142,0.9720279720279721,1.2868115751495034e-07
8,143,1.0,0.0
8,144,0.9300699300699302,1.170222792865967e-05
8,145,0.8321678321678322,0.0007854416778536138
8,146,0.8531468531468532,0.0004181179404149969
8,147,0.8461538461538463,0.0005211337004810046
8,148,0.8321678321678322,0.0007854416778536138
8,149,0.8531468531468532,0.0004181179404149969
8,150,0.8461538461538463,0.0005211337004810046
8,151,0.9720279720279721,1.2868115751495034e-07
8,152,1.0,0.0
8,153,0.9300699300699302,1.170222792865967e-05
8,154,0.9720279720279721,1.2868115751495034e-07
8,155,1.0,0.0
8,156,0.9300699300699302,1.170222792865967e-05
8,157,0.9720279720279721,1.2868115751495034e-07
8,158,1.0,0.0
8,159,0.9300699300699302,1.170222792865967e-05
8,160,0.9720279720279721,1.2868115751495034e-07
8,161,1.0,0.0
8,162,0.9300699300699302,1.170222792865967e-05
9,10,0.8391608391608393,0.0006428259886278202
9,11,0.9300699300699302,1.170222792865967e-05
9,12,1.0,0.0
9,13,0.8391608391608393,0.0006428259886278202
9,14,0.9300699300699302,1.170222792865967e-05
9,15,1.0,0.0
9,16,0.8391608391608393,0.0006428259886278202
9,17,0.9300699300699302,1.170222792865967e-05
9,18,1.0,0.0
9,19,0.6923076923076924,0.0125930304960941
9,20,0.7692307692307694,0.0034464502618274493
9,21,0.8741258741258742,0.0002007130733242317
9,22,0.6923076923076924,0.0125930304960941
9,23,0.7692307692307694,0.0034464502618274493
9,24,0.8741258741258742,0.0002007130733242317
9,25,0.8391608391608393,0.0006428259886278202
9,26,0.9300699300699302,1.170222792865967e-05
9,27,1.0,0.0
9,28,0.8391608391608393,0.0006428259886278202
9,29,0.9300699300699302,1.170222792865967e-05
9,30,1.0,0.0
9,31,0.8391608391608393,0.0006428259886278202
9,32,0.9300699300699302,1.170222792865967e-05
9,33,1.0,0.0
9,34,0.8391608391608393,0.0006428259886278202
9,35,0.9300699300699302,1.170222792865967e-05
9,36,1.0,0.0
9,37,0.6923076923076924,0.0125930304960941
9,38,0.7692307692307694,0.0034464502618274493
9,39,0.8741258741258742,0.0002007130733242317
9,40,0.6923076923076924,0.0125930304960941
9,41,0.7692307692307694,0.0034464502618274493
9,42,0.8741258741258742,0.0002007130733242317
9,43,0.8391608391608393,0.0006428259886278202
9,44,0.9300699300699302,1.170222792865967e-05
9,45,1.0,0.0
9,46,0.8391608391608393,0.0006428259886278202
9,47,0.9300699300699302,1.170222792865967e-05
9,48,1.0,0.0
9,49,0.8391608391608393,0.0006428259886278202
9,50,0.9300699300699302,1.170222792865967e-05
9,51,1.0,0.0
9,52,0.8391608391608393,0.0006428259886278202
9,53,0.9300699300699302,1.170222792865967e-05
9,54,1.0,0.0
9,55,0.6923076923076924,0.0125930304960941
9,56,0.7692307692307694,0.0034464502618274493
9,57,0.8741258741258742,0.0002007130733242317
9,58,0.6923076923076924,0.0125930304960941
9,59,0.7692307692307694,0.0034464502618274493
9,60,0.8741258741258742,0.0002007130733242317
9,61,0.8391608391608393,0.0006428259886278202
9,62,0.9300699300699302,1.170222792865967e-05
9,63,1.0,0.0
9,64,0.8391608391608393,0.0006428259886278202
9,65,0.9300699300699302,1.170222792865967e-05
9,66,1.0,0.0
9,67,0.8391608391608393,0.0006428259886278202
9,68,0.9300699300699302,1.170222792865967e-05
9,69,1.0,0.0
9,70,0.8391608391608393,0.0006428259886278202
9,71,0.9300699300699302,1.170222792865967e-05
9,72,1.0,0.0
9,73,0.6923076923076924,0.0125930304960941
9,74,0.7692307692307694,0.0034464502618274493
9,75,0.8741258741258742,0.0002007130733242317
9,76,0.6923076923076924,0.0125930304960941
9,77,0.7692307692307694,0.0034464502618274493
9,78,0.8741258741258742,0.0002007130733242317
9,79,0.8391608391608393,0.0006428259886278202
9,80,0.9300699300699302,1.170222792865967e-05
9,81,1.0,0.0
9,82,0.8391608391608393,0.0006428259886278202
9,83,0.9300699300699302,1.170222792865967e-05
9,84,1.0,0.0
9,85,0.8391608391608393,0.0006428259886278202
9,86,0.9300699300699302,1.170222792865967e-05
9,87,1.0,0.0
9,88,0.8391608391608393,0.0006428259886278202
9,89,0.9300699300699302,1.170222792865967e-05
9,90,1.0,0.0
9,91,0.6923076923076924,0.0125930304960941
9,92,0.7692307692307694,0.0034464502618274493
9,93,0.8741258741258742,0.0002007130733242317
9,94,0.6923076923076924,0.0125930304960941
9,95,0.7692307692307694,0.0034464502618274493
9,96,0.8741258741258742,0.0002007130733242317
9,97,0.8391608391608393,0.0006428259886278202
9,98,0.9300699300699302,1.170222792865967e-05
9,99,1.0,0.0
9,100,0.8391608391608393,0.0006428259886278202
9,101,0.9300699300699302,1.170222792865967e-05
9,102,1.0,0.0
9,103,0.8391608391608393,0.0006428259886278202
9,104,0.9300699300699302,1.170222792865967e-05
9,105,1.0,0.0
9,106,0.8391608391608393,0.0006428259886278202
9,107,0.9300699300699302,1.170222792865967e-05
9,108,1.0,0.0
9,109,0.6923076923076924,0.0125930304960941
9,110,0.7692307692307694,0.0034464502618274493
9,111,0.8741258741258742,0.0002007130733242317
9,112,0.6923076923076924,0.0125930304960941
9,113,0.7692307692307694,0.0034464502618274493
9,114,0.8741258741258742,0.0002007130733242317
9,115,0.8391608391608393,0.0006428259886278202
9,116,0.9300699300699302,1.170222792865967e-05
9,117,1.0,0.0
9,118,0.8391608391608393,0.0006428259886278202
9,119,0.9300699300699302,1.170222792865967e-05
9,120,1.0,0.0
9,121,0.8391608391608393,0.0006428259886278202
9,122,0.9300699300699302,1.170222792865967e-05
9,123,1.0,0.0
9,124,0.8391608391608393,0.0006428259886278202
9,125,0.9300699300699302,1.170222792865967e-05
9,126,1.0,0.0
9,127,0.6923076923076924,0.0125930304960941
9,128,0.7692307692307694,0.0034464502618274493
9,129,0.8741258741258742,0.0002007130733242317
9,130,0.6923076923076924,0.0125930304960941
9,131,0.7692307692307694,0.0034464502618274493
9,132,0.8741258741258742,0.0002007130733242317
9,133,0.8391608391608393,0.0006428259886278202
9,134,0.9300699300699302,1.170222792865967e-05
9,135,1.0,0.0
9,136,0.8391608391608393,0.0006428259886278202
9,137,0.9300699300699302,1.170222792865967e-05
9,138,1.0,0.0
9,139,0.8391608391608393,0.0006428259886278202
9,140,0.9300699300699302,1.170222792865967e-05
9,141,1.0,0.0
9,142,0.8391608391608393,0.0006428259886278202
9,143,0.9300699300699302,1.170222792865967e-05
9,144,1.0,0.0
9,145,0.6923076923076924,0.0125930304960941
9,146,0.7692307692307694,0.0034464502618274493
9,147,0.8741258741258742,0.0002007130733242317
9,148,0.6923076923076924,0.0125930304960941
9,149,0.7692307692307694,0.0034464502618274493
9,150,0.8741258741258742,0.0002007130733242317
9,151,0.8391608391608393,0.0006428259886278202
9,152,0.9300699300699302,1.170222792865967e-05
9,153,1.0,0.0
9,154,0.8391608391608393,0.0006428259886278202
9,155,0.9300699300699302,1.170222792865967e-05
9,156,1.0,0.0
9,157,0.8391608391608393,0.0006428259886278202
9,158,0.9300699300699302,1.170222792865967e-05
9,159,1.0,0.0
9,160,0.8391608391608393,0.0006428259886278202
9,161,0.9300699300699302,1.170222792865967e-05
9,162,1.0,0.0
10,11,0.9720279720279721,1.2868115751495034e-07
10,12,0.8391608391608393,0.0006428259886278202
10,13,1.0,0.0
10,14,0.9720279720279721,1.2868115751495034e-07
10,15,0.8391608391608393,0.0006428259886278202
10,16,1.0,0.0
10,17,0.9720279720279721,1.2868115751495034e-07
10,18,0.8391608391608393,0.0006428259886278202
10,19,0.8951048951048951,8.36658642909172e-05
10,20,0.8741258741258742,0.0002007130733242317
10,21,0.8041958041958043,0.0016147689860699299
10,22,0.8951048951048951,8.36658642909172e-05
10,23,0.8741258741258742,0.0002007130733242317
10,24,0.8041958041958043,0.0016147689860699299
10,25,1.0,0.0
10,26,0.9720279720279721,1.2868115751495034e-07
10,27,0.8391608391608393,0.0006428259886278202
10,28,1.0,0.0
10,29,0.9720279720279721,1.2868115751495034e-07
10,30,0.8391608391608393,0.0006428259886278202
10,31,1.0,0.0
10,32,0.9720279720279721,1.2868115751495034e-07
10,33,0.8391608391608393,0.0006428259886278202
10,34,1.0,0.0
10,35,0.9720279720279721,1.2868115751495034e-07
10,36,0.8391608391608393,0.0006428259886278202
10,37,0.8951048951048951,8.36658642909172e-05
10,38,0.8741258741258742,0.0002007130733242317
10,39,0.8041958041958043,0.0016147689860699299
10,40,0.8951048951048951,8.36658642909172e-05
10,41,0.8741258741258742,0.0002007130733242317
10,42,0.8041958041958043,0.0016147689860699299
10,43,1.0,0.0
10,44,0.9720279720279721,1.2868115751495034e-07
10,45,0.8391608391608393,0.0006428259886278202
10,46,1.0,0.0
10,47,0.9720279720279721,1.2868115751495034e-07
10,48,0.8391608391608393,0.0006428259886278202
10,49,1.0,0.0
10,50,0.9720279720279721,1.2868115751495034e-07
10,51,0.8391608391608393,0.0006428259886278202
10,52,1.0,0.0
10,53,0.9720279720279721,1.2868115751495034e-07
10,54,0.8391608391608393,0.0006428259886278202
10,55,0.8951048951048951,8.36658642909172e-05
10,56,0.8741258741258742,0.0002007130733242317
10,57,0.8041958041958043,0.0016147689860699299
10,58,0.8951048951048951,8.36658642909172e-05
10,59,0.8741258741258742,0.0002007130733242317
10,60,0.8041958041958043,0.0016147689860699299
10,61,1.0,0.0
10,62,0.9720279720279721,1.2868115751495034e-07
10,63,0.8391608391608393,0.0006428259886278202
10,64,1.0,0.0
10,65,0.9720279720279721,1.2868115751495034e-07
10,66,0.8391608391608393,0.0006428259886278202
10,67,1.0,0.0
10,68,0.9720279720279721,1.2868115751495034e-07
10,69,0.8391608391608393,0.0006428259886278202
10,70,1.0,0.0
10,71,0.9720279720279721,1.2868115751495034e-07
10,72,0.8391608391608393,0.0006428259886278202
10,73,0.8951048951048951,8.36658642909172e-05
10,74,0.8741258741258742,0.0002007130733242317
10,75,0.8041958041958043,0.0016147689860699299
10,76,0.8951048951048951,8.36658642909172e-05
10,77,0.8741258741258742,0.0002007130733242317
10,78,0.8041958041958043,0.0016147689860699299
10,79,1.0,0.0
10,80,0.9720279720279721,1.2868115751495034e-07
10,81,0.8391608391608393,0.0006428259886278202
10,82,1.0,0.0
10,83,0.9720279720279721,1.2868115751495034e-07
10,84,0.8391608391608393,0.0006428259886278202
10,85,1.0,0.0
10,86,0.9720279720279721,1.2868115751495034e-07
10,87,0.8391608391608393,0.0006428259886278202
10,88,1.0,0.0
10,89,0.9720279720279721,1.2868115751495034e-07
10,90,0.8391608391608393,0.0006428259886278202
10,91,0.8951048951048951,8.36658642909172e-05
10,92,0.8741258741258742,0.0002007130733242317
10,93,0.8041958041958043,0.0016147689860699299
10,94,0.8951048951048951,8.36658642909172e-05
10,95,0.8741258741258742,0.0002007130733242317
10,96,0.8041958041958043,0.0016147689860699299
10,97,1.0,0.0
10,98,0.9720279720279721,1.2868115751495034e-07
10,99,0.8391608391608393,0.0006428259886278202
10,100,1.0,0.0
10,101,0.9720279720279721,1.2868115751495034e-07
10,102,0.8391608391608393,0.0006428259886278202
10,103,1.0,0.0
10,104,0.9720279720279721,1.2868115751495034e-07
10,105,0.8391608391608393,0.0006428259886278202
10,106,1.0,0.0
10,107,0.9720279720279721,1.2868115751495034e-07
10,108,0.8391608391608393,0.0006428259886278202
10,109,0.8951048951048951,8.36658642909172e-05
10,110,0.8741258741258742,0.0002007130733242317
10,111,0.8041958041958043,0.0016147689860699299
10,112,0.8951048951048951,8.36658642909172e-05
10,113,0.8741258741258742,0.0002007130733242317
10,114,0.8041958041958043,0.0016147689860699299
10,115,1.0,0.0
10,116,0.9720279720279721,1.2868115751495034e-07
10,117,0.8391608391608393,0.0006428259886278202
10,118,1.0,0.0
10,119,0.9720279720279721,1.2868115751495034e-07
10,120,0.8391608391608393,0.0006428259886278202
10,121,1.0,0.0
10,122,0.9720279720279721,1.2868115751495034e-07
10,123,0.8391608391608393,0.0006428259886278202
10,124,1.0,0.0
10,125,0.9720279720279721,1.2868115751495034e-07
10,126,0.8391608391608393,0.0006428259886278202
10,127,0.8951048951048951,8.36658642909172e-05
10,128,0.8741258741258742,0.0002007130733242317
10,129,0.8041958041958043,0.0016147689860699299
10,130,0.8951048951048951,8.36658642909172e-05
10,131,0.8741258741258742,0.0002007130733242317
10,132,0.8041958041958043,0.0016147689860699299
10,133,1.0,0.0
10,134,0.9720279720279721,1.2868115751495034e-07
10,135,0.8391608391608393,0.0006428259886278202
10,136,1.0,0.0
10,137,0.9720279720279721,1.2868115751495034e-07
10,138,0.8391608391608393,0.0006428259886278202
10,139,1.0,0.0
10,140,0.9720279720279721,1.2868115751495034e-07
10,141,0.8391608391608393,0.0006428259886278202
10,142,1.0,0.0
10,143,0.9720279720279721,1.2868115751495034e-07
10,144,0.8391608391608393,0.0006428259886278202
10,145,0.8951048951048951,8.36658642909172e-05
10,146,0.8741258741258742,0.0002007130733242317
10,147,0.8041958041958043,0.0016147689860699299
10,148,0.8951048951048951,8.36658642909172e-05
10,149,0.8741258741258742,0.0002007130733242317
10,150,0.8041958041958043,0.0016147689860699299
10,151,1.0,0.0
10,152,0.9720279720279721,1.2868115751495034e-07
10,153,0.8391608391608393,0.0006428259886278202
10,154,1.0,0.0
10,155,0.9720279720279721,1.2868115751495034e-07
10,156,0.8391608391608393,0.0006428259886278202
10,157,1.0,0.0
10,158,0.9720279720279721,1.2868115751495034e-07
10,159,0.8391608391608393,0.0006428259886278202
10,160,1.0,0.0
10,161,0.9720279720279721,1.2868115751495034e-07
10,162,0.8391608391608393,0.0006428259886278202
11,12,0.9300699300699302,1.170222792865967e-05
11,13,0.9720279720279721,1.2868115751495034e-07
11,14,1.0,0.0
11,15,0.9300699300699302,1.170222792865967e-05
11,16,0.9720279720279721,1.2868115751495034e-07
11,17,1.0,0.0
11,18,0.9300699300699302,1.170222792865967e-05
11,19,0.8321678321678322,0.0007854416778536138
11,20,0.8531468531468532,0.0004181179404149969
11,21,0.8461538461538463,0.0005211337004810046
11,22,0.8321678321678322,0.0007854416778536138
11,23,0.8531468531468532,0.0004181179404149969
11,24,0.8461538461538463,0.0005211337004810046
11,25,0.9720279720279721,1.2868115751495034e-07
11,26,1.0,0.0
11,27,0.9300699300699302,1.170222792865967e-05
11,28,0.9720279720279721,1.2868115751495034e-07
11,29,1.0,0.0
11,30,0.9300699300699302,1.170222792865967e-05
11,31,0.9720279720279721,1.2868115751495034e-07
11,32,1.0,0.0
11,33,0.9300699300699302,1.170222792865967e-05
11,34,0.9720279720279721,1.2868115751495034e-07
11,35,1.0,0.0
11,36,0.9300699300699302,1.170222792865967e-05
11,37,0.8321678321678322,0.0007854416778536138
11,38,0.8531468531468532,0.0004181179404149969
11,39,0.8461538461538463,0.0005211337004810046
11,40,0.8321678321678322,0.0007854416778536138
11,41,0.8531468531468532,0.0004181179404149969
11,42,0.8461538461538463,0.0005211337004810046
11,43,0.9720279720279721,1.2868115751495034e-07
11,44,1.0,0.0
11,45,0.9300699300699302,1.170222792865967e-05
11,46,0.9720279720279721,1.2868115751495034e-07
11,47,1.0,0.0
11,48,0.9300699300699302,1.170222792865967e-05
11,49,0.9720279720279721,1.2868115751495034e-07
11,50,1.0,0.0
11,51,0.9300699300699302,1.170222792865967e-05
11,52,0.9720279720279721,1.2868115751495034e-07
11,53,1.0,0.0
11,54,0.9300699300699302,1.170222792865967e-05
11,55,0.8321678321678322,0.0007854416778536138
11,56,0.8531468531468532,0.0004181179404149969
11,57,0.8461538461538463,0.0005211337004810046
11,58,0.8321678321678322,0.0007854416778536138
11,59,0.8531468531468532,0.0004181179404149969
11,60,0.8461538461538463,0.0005211337004810046
11,61,0.9720279720279721,1.2868115751495034e-07
11,62,1.0,0.0
11,63,0.9300699300699302,1.170222792865967e-05
11,64,0.9720279720279721,1.2868115751495034e-07
11,65,1.0,0.0
11,66,0.9300699300699302,1.170222792865967e-05
11,67,0.9720279720279721,1.2868115751495034e-07
11,68,1.0,0.0
11,69,0.9300699300699302,1.170222792865967e-05
11,70,0.9720279720279721,1.2868115751495034e-07
11,71,1.0,0.0
11,72,0.9300699300699302,1.170222792865967e-05
11,73,0.8321678321678322,0.0007854416778536138
11,74,0.8531468531468532,0.0004181179404149969
11,75,0.8461538461538463,0.0005211337004810046
11,76,0.8321678321678322,0.0007854416778536138
11,77,0.8531468531468532,0.0004181179404149969
11,78,0.8461538461538463,0.0005211337004810046
11,79,0.9720279720279721,1.2868115751495034e-07
11,80,1.0,0.0
11,81,0.9300699300699302,1.170222792865967e-05
11,82,0.9720279720279721,1.2868115751495034e-07
11,83,1.0,0.0
11,84,0.9300699300699302,1.170222792865967e-05
11,85,0.9720279720279721,1.2868115751495034e-07
11,86,1.0,0.0
11,87,0.9300699300699302,1.170222792865967e-05
11,88,0.9720279720279721,1.2868115751495034e-07
11,89,1.0,0.0
11,90,0.9300699300699302,1.170222792865967e-05
11,91,0.8321678321678322,0.0007854416778536138
11,92,0.8531468531468532,0.0004181179404149969
11,93,0.8461538461538463,0.0005211337004810046
11,94,0.8321678321678322,0.0007854416778536138
11,95,0.8531468531468532,0.0004181179404149969
11,96,0.8461538461538463,0.0005211337004810046
11,97,0.9720279720279721,1.2868115751495034e-07
11,98,1.0,0.0
11,99,0.9300699300699302,1.170222792865967e-05
11,100,0.9720279720279721,1.2868115751495034e-07
11,101,1.0,0.0
11,102,0.9300699300699302,1.170222792865967e-05
11,103,0.9720279720279721,1.2868115751495034e-07
11,104,1.0,0.0
11,105,0.9300699300699302,1.170222792865967e-05
11,106,0.9720279720279721,1.2868115751495034e-07
11,107,1.0,0.0
11,108,0.9300699300699302,1.170222792865967e-05
11,109,0.8321678321678322,0.0007854416778536138
11,110,0.8531468531468532,0.0004181179404149969
11,111,0.8461538461538463,0.0005211337004810046
11,112,0.8321678321678322,0.0007854416778536138
11,113,0.8531468531468532,0.0004181179404149969
11,114,0.8461538461538463,0.0005211337004810046
11,115,0.9720279720279721,1.2868115751495034e-07
11,116,1.0,0.0
11,117,0.9300699300699302,1.170222792865967e-05
11,118,0.9720279720279721,1.2868115751495034e-07
11,119,1.0,0.0
11,120,0.9300699300699302,1.170222792865967e-05
11,121,0.9720279720279721,1.2868115751495034e-07
11,122,1.0,0.0
11,123,0.9300699300699302,1.170222792865967e-05
11,124,0.9720279720279721,1.2868115751495034e-07
11,125,1.0,0.0
11,126,0.9300699300699302,1.170222792865967e-05
11,127,0.8321678321678322,0.0007854416778536138
11,128,0.8531468531468532,0.0004181179404149969
11,129,0.8461538461538463,0.0005211337004810046
11,130,0.8321678321678322,0.0007854416778536138
11,131,0.8531468531468532,0.0004181179404149969
11,132,0.8461538461538463,0.0005211337004810046
11,133,0.9720279720279721,1.2868115751495034e-07
11,134,1.0,0.0
11,135,0.9300699300699302,1.170222792865967e-05
11,136,0.9720279720279721,1.2868115751495034e-07
11,137,1.0,0.0
11,138,0.9300699300699302,1.170222792865967e-05
11,139,0.9720279720279721,1.2868115751495034e-07
11,140,1.0,0.0
11,141,0.9300699300699302,1.170222792865967e-05
11,142,0.9720279720279721,1.2868115751495034e-07
11,143,1.0,0.0
11,144,0.9300699300699302,1.170222792865967e-05
11,145,0.8321678321678322,0.0007854416778536138
11,146,0.8531468531468532,0.0004181179404149969
11,147,0.8461538461538463,0.0005211337004810046
11,148,0.8321678321678322,0.0007854416778536138
11,149,0.8531468531468532,0.0004181179404149969
11,150,0.8461538461538463,0.0005211337004810046
11,151,0.9720279720279721,1.2868115751495034e-07
11,152,1.0,0.0
11,153,0.9300699300699302,1.170222792865967e-05
11,154,0.9720279720279721,1.2868115751495034e-07
11,155,1.0,0.0
11,156,0.9300699300699302,1.170222792865967e-05
11,157,0.9720279720279721,1.2868115751495034e-07
11,158,1.0,0.0
11,159,0.9300699300699302,1.170222792865967e-05
11,160,0.9720279720279721,1.2868115751495034e-07
11,161,1.0,0.0
11,162,0.9300699300699302,1.170222792865967e-05
12,13,0.8391608391608393,0.0006428259886278202
12,14,0.9300699300699302,1.170222792865967e-05
12,15,1.0,0.0
12,16,0.8391608391608393,0.0006428259886278202
12,17,0.9300699300699302,1.170222792865967e-05
12,18,1.0,0.0
12,19,0.6923076923076924,0.0125930304960941
12,20,0.7692307692307694,0.0034464502618274493
12,21,0.8741258741258742,0.0002007130733242317
12,22,0.6923076923076924,0.0125930304960941
12,23,0.7692307692307694,0.0034464502618274493
12,24,0.8741258741258742,0.0002007130733242317
12,25,0.8391608391608393,0.0006428259886278202
12,26,0.9300699300699302,1.170222792865967e-05
12,27,1.0,0.0
12,28,0.8391608391608393,0.0006428259886278202
12,29,0.9300699300699302,1.170222792865967e-05
12,30,1.0,0.0
12,31,0.8391608391608393,0.0006428259886278202
12,32,0.9300699300699302,1.170222792865967e-05
12,33,1.0,0.0
12,34,0.8391608391608393,0.0006428259886278202
12,35,0.9300699300699302,1.170222792865967e-05
12,36,1.0,0.0
12,37,0.6923076923076924,0.0125930304960941
12,38,0.7692307692307694,0.0034464502618274493
12,39,0.8741258741258742,0.0002007130733242317
12,40,0.6923076923076924,0.0125930304960941
12,41,0.7692307692307694,0.0034464502618274493
12,42,0.8741258741258742,0.0002007130733242317
12,43,0.8391608391608393,0.0006428259886278202
12,44,0.9300699300699302,1.170222792865967e-05
12,45,1.0,0.0
12,46,0.8391608391608393,0.0006428259886278202
12,47,0.9300699300699302,1.170222792865967e-05
12,48,1.0,0.0
12,49,0.8391608391608393,0.0006428259886278202
12,50,0.9300699300699302,1.170222792865967e-05
12,51,1.0,0.0
12,52,0.8391608391608393,0.0006428259886278202
12,53,0.9300699300699302,1.170222792865967e-05
12,54,1.0,0.0
12,55,0.6923076923076924,0.0125930304960941
12,56,0.7692307692307694,0.0034464502618274493
12,57,0.8741258741258742,0.0002007130733242317
12,58,0.6923076923076924,0.0125930304960941
12,59,0.7692307692307694,0.0034464502618274493
12,60,0.8741258741258742,0.0002007130733242317
12,61,0.8391608391608393,0.0006428259886278202
12,62,0.9300699300699302,1.170222792865967e-05
12,63,1.0,0.0
12,64,0.8391608391608393,0.0006428259886278202
12,65,0.9300699300699302,1.170222792865967e-05
12,66,1.0,0.0
12,67,0.8391608391608393,0.0006428259886278202
12,68,0.9300699300699302,1.170222792865967e-05
12,69,1.0,0.0
12,70,0.8391608391608393,0.0006428259886278202
12,71,0.9300699300699302,1.170222792865967e-05
12,72,1.0,0.0
12,73,0.6923076923076924,0.0125930304960941
12,74,0.7692307692307694,0.0034464502618274493
12,75,0.8741258741258742,0.0002007130733242317
12,76,0.6923076923076924,0.0125930304960941
12,77,0.7692307692307694,0.0034464502618274493
12,78,0.8741258741258742,0.0002007130733242317
12,79,0.8391608391608393,0.0006428259886278202
12,80,0.9300699300699302,1.170222792865967e-05
12,81,1.0,0.0
12,82,0.8391608391608393,0.0006428259886278202
12,83,0.9300699300699302,1.170222792865967e-05
12,84,1.0,0.0
12,85,0.8391608391608393,0.0006428259886278202
12,86,0.9300699300699302,1.170222792865967e-05
12,87,1.0,0.0
12,88,0.8391608391608393,0.0006428259886278202
12,89,0.9300699300699302,1.170222792865967e-05
12,90,1.0,0.0
12,91,0.6923076923076924,0.0125930304960941
12,92,0.7692307692307694,0.0034464502618274493
12,93,0.8741258741258742,0.0002007130733242317
12,94,0.6923076923076924,0.0125930304960941
12,95,0.7692307692307694,0.0034464502618274493
12,96,0.8741258741258742,0.0002007130733242317
12,97,0.8391608391608393,0.0006428259886278202
12,98,0.9300699300699302,1.170222792865967e-05
12,99,1.0,0.0
12,100,0.8391608391608393,0.0006428259886278202
12,101,0.9300699300699302,1.170222792865967e-05
12,102,1.0,0.0
12,103,0.8391608391608393,0.0006428259886278202
12,104,0.9300699300699302,1.170222792865967e-05
12,105,1.0,0.0
12,106,0.8391608391608393,0.0006428259886278202
12,107,0.9300699300699302,1.170222792865967e-05
12,108,1.0,0.0
12,109,0.6923076923076924,0.0125930304960941
12,110,0.7692307692307694,0.0034464502618274493
12,111,0.8741258741258742,0.0002007130733242317
12,112,0.6923076923076924,0.0125930304960941
12,113,0.7692307692307694,0.0034464502618274493
12,114,0.8741258741258742,0.0002007130733242317
12,115,0.8391608391608393,0.0006428259886278202
12,116,0.9300699300699302,1.170222792865967e-05
12,117,1.0,0.0
12,118,0.8391608391608393,0.0006428259886278202
12,119,0.9300699300699302,1.170222792865967e-05
12,120,1.0,0.0
12,121,0.8391608391608393,0.0006428259886278202
12,122,0.9300699300699302,1.170222792865967e-05
12,123,1.0,0.0
12,124,0.8391608391608393,0.0006428259886278202
12,125,0.9300699300699302,1.170222792865967e-05
12,126,1.0,0.0
12,127,0.6923076923076924,0.0125930304960941
12,128,0.7692307692307694,0.0034464502618274493
12,129,0.8741258741258742,0.0002007130733242317
12,130,0.6923076923076924,0.0125930304960941
12,131,0.7692307692307694,0.0034464502618274493
12,132,0.8741258741258742,0.0002007130733242317
12,133,0.8391608391608393,0.0006428259886278202
12,134,0.9300699300699302,1.170222792865967e-05
12,135,1.0,0.0
12,136,0.8391608391608393,0.0006428259886278202
12,137,0.9300699300699302,1.170222792865967e-05
12,138,1.0,0.0
12,139,0.8391608391608393,0.0006428259886278202
12,140,0.9300699300699302,1.170222792865967e-05
12,141,1.0,0.0
12,142,0.8391608391608393,0.0006428259886278202
12,143,0.9300699300699302,1.170222792865967e-05
12,144,1.0,0.0
12,145,0.6923076923076924,0.0125930304960941
12,146,0.7692307692307694,0.0034464502618274493
12,147,0.8741258741258742,0.0002007130733242317
12,148,0.6923076923076924,0.0125930304960941
12,149,0.7692307692307694,0.0034464502618274493
12,150,0.8741258741258742,0.0002007130733242317
12,151,0.8391608391608393,0.0006428259886278202
12,152,0.9300699300699302,1.170222792865967e-05
12,153,1.0,0.0
12,154,0.8391608391608393,0.0006428259886278202
12,155,0.9300699300699302,1.170222792865967e-05
12,156,1.0,0.0
12,157,0.8391608391608393,0.0006428259886278202
12,158,0.9300699300699302,1.170222792865967e-05
12,159,1.0,0.0
12,160,0.8391608391608393,0.0006428259886278202
12,161,0.9300699300699302,1.170222792865967e-05
12,162,1.0,0.0
13,14,0.9720279720279721,1.2868115751495034e-07
13,15,0.8391608391608393,0.0006428259886278202
13,16,1.0,0.0
13,17,0.9720279720279721,1.2868115751495034e-07
13,18,0.8391608391608393,0.0006428259886278202
13,19,0.8951048951048951,8.36658642909172e-05
13,20,0.8741258741258742,0.0002007130733242317
13,21,0.8041958041958043,0.0016147689860699299
13,22,0.8951048951048951,8.36658642909172e-05
13,23,0.8741258741258742,0.0002007130733242317
13,24,0.8041958041958043,0.0016147689860699299
13,25,1.0,0.0
13,26,0.9720279720279721,1.2868115751495034e-07
13,27,0.8391608391608393,0.0006428259886278202
13,28,1.0,0.0
13,29,0.9720279720279721,1.2868115751495034e-07
13,30,0.8391608391608393,0.0006428259886278202
13,31,1.0,0.0
13,32,0.9720279720279721,1.2868115751495034e-07
13,33,0.8391608391608393,0.0006428259886278202
13,34,1.0,0.0
13,35,0.9720279720279721,1.2868115751495034e-07
13,36,0.8391608391608393,0.0006428259886278202
13,37,0.8951048951048951,8.36658642909172e-05
13,38,0.8741258741258742,0.0002007130733242317
13,39,0.8041958041958043,0.0016147689860699299
13,40,0.8951048951048951,8.36658642909172e-05
13,41,0.8741258741258742,0.0002007130733242317
13,42,0.8041958041958043,0.0016147689860699299
13,43,1.0,0.0
13,44,0.9720279720279721,1.2868115751495034e-07
13,45,0.8391608391608393,0.0006428259886278202
13,46,1.0,0.0
13,47,0.9720279720279721,1.2868115751495034e-07
13,48,0.8391608391608393,0.0006428259886278202
13,49,1.0,0.0
13,50,0.9720279720279721,1.2868115751495034e-07
13,51,0.8391608391608393,0.0006428259886278202
13,52,1.0,0.0
13,53,0.9720279720279721,1.2868115751495034e-07
13,54,0.8391608391608393,0.0006428259886278202
13,55,0.8951048951048951,8.36658642909172e-05
13,56,0.8741258741258742,0.0002007130733242317
13,57,0.8041958041958043,0.0016147689860699299
13,58,0.8951048951048951,8.36658642909172e-05
13,59,0.8741258741258742,0.0002007130733242317
13,60,0.8041958041958043,0.0016147689860699299
13,61,1.0,0.0
13,62,0.9720279720279721,1.2868115751495034e-07
13,63,0.8391608391608393,0.0006428259886278202
13,64,1.0,0.0
13,65,0.9720279720279721,1.2868115751495034e-07
13,66,0.8391608391608393,0.0006428259886278202
13,67,1.0,0.0
13,68,0.9720279720279721,1.2868115751495034e-07
13,69,0.8391608391608393,0.0006428259886278202
13,70,1.0,0.0
13,71,0.9720279720279721,1.2868115751495034e-07
13,72,0.8391608391608393,0.0006428259886278202
13,73,0.8951048951048951,8.36658642909172e-05
13,74,0.8741258741258742,0.0002007130733242317
13,75,0.8041958041958043,0.0016147689860699299
13,76,0.8951048951048951,8.36658642909172e-05
13,77,0.8741258741258742,0.0002007130733242317
13,78,0.8041958041958043,0.0016147689860699299
13,79,1.0,0.0
13,80,0.9720279720279721,1.2868115751495034e-07
13,81,0.8391608391608393,0.0006428259886278202
13,82,1.0,0.0
13,83,0.9720279720279721,1.2868115751495034e-07
13,84,0.8391608391608393,0.0006428259886278202
13,85,1.0,0.0
13,86,0.9720279720279721,1.2868115751495034e-07
13,87,0.8391608391608393,0.0006428259886278202
13,88,1.0,0.0
13,89,0.9720279720279721,1.2868115751495034e-07
13,90,0.8391608391608393,0.0006428259886278202
13,91,0.8951048951048951,8.36658642909172e-05
13,92,0.8741258741258742,0.0002007130733242317
13,93,0.8041958041958043,0.0016147689860699299
13,94,0.8951048951048951,8.36658642909172e-05
13,95,0.8741258741258742,0.0002007130733242317
13,96,0.8041958041958043,0.0016147689860699299
13,97,1.0,0.0
13,98,0.9720279720279721,1.2868115751495034e-07
13,99,0.8391608391608393,0.0006428259886278202
13,100,1.0,0.0
13,101,0.9720279720279721,1.2868115751495034e-07
13,102,0.8391608391608393,0.0006428259886278202
13,103,1.0,0.0
13,104,0.9720279720279721,1.2868115751495034e-07
13,105,0.8391608391608393,0.0006428259886278202
13,106,1.0,0.0
13,107,0.9720279720279721,1.2868115751495034e-07
13,108,0.8391608391608393,0.0006428259886278202
13,109,0.8951048951048951,8.36658642909172e-05
13,110,0.8741258741258742,0.0002007130733242317
13,111,0.8041958041958043,0.0016147689860699299
13,112,0.8951048951048951,8.36658642909172e-05
13,113,0.8741258741258742,0.0002007130733242317
13,114,0.8041958041958043,0.0016147689860699299
13,115,1.0,0.0
13,116,0.9720279720279721,1.2868115751495034e-07
13,117,0.8391608391608393,0.0006428259886278202
13,118,1.0,0.0
13,119,0.9720279720279721,1.2868115751495034e-07
13,120,0.8391608391608393,0.0006428259886278202
13,121,1.0,0.0
13,122,0.9720279720279721,1.2868115751495034e-07
13,123,0.8391608391608393,0.0006428259886278202
13,124,1.0,0.0
13,125,0.9720279720279721,1.2868115751495034e-07
13,126,0.8391608391608393,0.0006428259886278202
13,127,0.8951048951048951,8.36658642909172e-05
13,128,0.8741258741258742,0.0002007130733242317
13,129,0.8041958041958043,0.0016147689860699299
13,130,0.8951048951048951,8.36658642909172e-05
13,131,0.8741258741258742,0.0002007130733242317
13,132,0.8041958041958043,0.0016147689860699299
13,133,1.0,0.0
13,134,0.9720279720279721,1.2868115751495034e-07
13,135,0.8391608391608393,0.0006428259886278202
13,136,1.0,0.0
13,137,0.9720279720279721,1.2868115751495034e-07
13,138,0.8391608391608393,0.0006428259886278202
13,139,1.0,0.0
13,140,0.9720279720279721,1.2868115751495034e-07
13,141,0.8391608391608393,0.0006428259886278202
13,142,1.0,0.0
13,143,0.9720279720279721,1.2868115751495034e-07
13,144,0.8391608391608393,0.0006428259886278202
13,145,0.8951048951048951,8.36658642909172e-05
13,146,0.8741258741258742,0.0002007130733242317
13,147,0.8041958041958043,0.0016147689860699299
13,148,0.8951048951048951,8.36658642909172e-05
13,149,0.8741258741258742,0.0002007130733242317
13,150,0.8041958041958043,0.0016147689860699299
13,151,1.0,0.0
13,152,0.9720279720279721,1.2868115751495034e-07
13,153,0.8391608391608393,0.0006428259886278202
13,154,1.0,0.0
13,155,0.9720279720279721,1.2868115751495034e-07
13,156,0.8391608391608393,0.0006428259886278202
13,157,1.0,0.0
13,158,0.9720279720279721,1.2868115751495034e-07
13,159,0.8391608391608393,0.0006428259886278202
13,160,1.0,0.0
13,161,0.9720279720279721,1.2868115751495034e-07
13,162,0.8391608391608393,0.0006428259886278202
14,15,0.9300699300699302,1.170222792865967e-05
14,16,0.9720279720279721,1.2868115751495034e-07
14,17,1.0,0.0
14,18,0.9300699300699302,1.170222792865967e-05
14,19,0.8321678321678322,0.0007854416778536138
14,20,0.8531468531468532,0.0004181179404149969
14,21,0.8461538461538463,0.0005211337004810046
14,22,0.8321678321678322,0.0007854416778536138
14,23,0.8531468531468532,0.0004181179404149969
14,24,0.8461538461538463,0.0005211337004810046
14,25,0.9720279720279721,1.2868115751495034e-07
14,26,1.0,0.0
14,27,0.9300699300699302,1.170222792865967e-05
14,28,0.9720279720279721,1.2868115751495034e-07
14,29,1.0,0.0
14,30,0.9300699300699302,1.170222792865967e-05
14,31,0.9720279720279721,1.2868115751495034e-07
14,32,1.0,0.0
14,33,0.9300699300699302,1.170222792865967e-05
14,34,0.9720279720279721,1.2868115751495034e-07
14,35,1.0,0.0
14,36,0.9300699300699302,1.170222792865967e-05
14,37,0.8321678321678322,0.0007854416778536138
14,38,0.8531468531468532,0.0004181179404149969
14,39,0.8461538461538463,0.0005211337004810046
14,40,0.8321678321678322,0.0007854416778536138
14,41,0.8531468531468532,0.0004181179404149969
14,42,0.8461538461538463,0.0005211337004810046
14,43,0.9720279720279721,1.2868115751495034e-07
14,44,1.0,0.0
14,45,0.9300699300699302,1.170222792865967e-05
14,46,0.9720279720279721,1.2868115751495034e-07
14,47,1.0,0.0
14,48,0.9300699300699302,1.170222792865967e-05
14,49,0.9720279720279721,1.2868115751495034e-07
14,50,1.0,0.0
14,51,0.9300699300699302,1.170222792865967e-05
14,52,0.9720279720279721,1.2868115751495034e-07
14,53,1.0,0.0
14,54,0.9300699300699302,1.170222792865967e-05
14,55,0.8321678321678322,0.0007854416778536138
14,56,0.8531468531468532,0.0004181179404149969
14,57,0.8461538461538463,0.0005211337004810046
14,58,0.8321678321678322,0.0007854416778536138
14,59,0.8531468531468532,0.0004181179404149969
14,60,0.8461538461538463,0.0005211337004810046
14,61,0.9720279720279721,1.2868115751495034e-07
14,62,1.0,0.0
14,63,0.9300699300699302,1.170222792865967e-05
14,64,0.9720279720279721,1.2868115751495034e-07
14,65,1.0,0.0
14,66,0.9300699300699302,1.170222792865967e-05
14,67,0.9720279720279721,1.2868115751495034e-07
14,68,1.0,0.0
14,69,0.9300699300699302,1.170222792865967e-05
14,70,0.9720279720279721,1.2868115751495034e-07
14,71,1.0,0.0
14,72,0.9300699300699302,1.170222792865967e-05
14,73,0.8321678321678322,0.0007854416778536138
14,74,0.8531468531468532,0.0004181179404149969
14,75,0.8461538461538463,0.0005211337004810046
14,76,0.8321678321678322,0.0007854416778536138
14,77,0.8531468531468532,0.0004181179404149969
14,78,0.8461538461538463,0.0005211337004810046
14,79,0.9720279720279721,1.2868115751495034e-07
14,80,1.0,0.0
14,81,0.9300699300699302,1.170222792865967e-05
14,82,0.9720279720279721,1.2868115751495034e-07
14,83,1.0,0.0
14,84,0.9300699300699302,1.170222792865967e-05
14,85,0.9720279720279721,1.2868115751495034e-07
14,86,1.0,0.0
14,87,0.9300699300699302,1.170222792865967e-05
14,88,0.9720279720279721,1.2868115751495034e-07
14,89,1.0,0.0
14,90,0.9300699300699302,1.170222792865967e-05
14,91,0.8321678321678322,0.0007854416778536138
14,92,0.8531468531468532,0.0004181179404149969
14,93,0.8461538461538463,0.0005211337004810046
14,94,0.8321678321678322,0.0007854416778536138
14,95,0.8531468531468532,0.0004181179404149969
14,96,0.8461538461538463,0.0005211337004810046
14,97,0.9720279720279721,1.2868115751495034e-07
14,98,1.0,0.0
14,99,0.9300699300699302,1.170222792865967e-05
14,100,0.9720279720279721,1.2868115751495034e-07
14,101,1.0,0.0
14,102,0.9300699300699302,1.170222792865967e-05
14,103,0.9720279720279721,1.2868115751495034e-07
14,104,1.0,0.0
14,105,0.9300699300699302,1.170222792865967e-05
14,106,0.9720279720279721,1.2868115751495034e-07
14,107,1.0,0.0
14,108,0.9300699300699302,1.170222792865967e-05
14,109,0.8321678321678322,0.0007854416778536138
14,110,0.8531468531468532,0.0004181179404149969
14,111,0.8461538461538463,0.0005211337004810046
14,112,0.8321678321678322,0.0007854416778536138
14,113,0.8531468531468532,0.0004181179404149969
14,114,0.8461538461538463,0.0005211337004810046
14,115,0.9720279720279721,1.2868115751495034e-07
14,116,1.0,0.0
14,117,0.9300699300699302,1.170222792865967e-05
14,118,0.9720279720279721,1.2868115751495034e-07
14,119,1.0,0.0
14,120,0.9300699300699302,1.170222792865967e-05
14,121,0.9720279720279721,1.2868115751495034e-07
14,122,1.0,0.0
14,123,0.9300699300699302,1.170222792865967e-05
14,124,0.9720279720279721,1.2868115751495034e-07
14,125,1.0,0.0
14,126,0.9300699300699302,1.170222792865967e-05
14,127,0.8321678321678322,0.0007854416778536138
14,128,0.8531468531468532,0.0004181179404149969
14,129,0.8461538461538463,0.0005211337004810046
14,130,0.8321678321678322,0.0007854416778536138
14,131,0.8531468531468532,0.0004181179404149969
14,132,0.8461538461538463,0.0005211337004810046
14,133,0.9720279720279721,1.2868115751495034e-07
14,134,1.0,0.0
14,135,0.9300699300699302,1.170222792865967e-05
14,136,0.9720279720279721,1.2868115751495034e-07
14,137,1.0,0.0
14,138,0.9300699300699302,1.170222792865967e-05
14,139,0.9720279720279721,1.2868115751495034e-07
14,140,1.0,0.0
14,141,0.9300699300699302,1.170222792865967e-05
14,142,0.9720279720279721,1.2868115751495034e-07
14,143,1.0,0.0
14,144,0.9300699300699302,1.170222792865967e-05
14,145,0.8321678321678322,0.0007854416778536138
14,146,0.8531468531468532,0.0004181179404149969
14,147,0.8461538461538463,0.0005211337004810046
14,148,0.8321678321678322,0.0007854416778536138
14,149,0.8531468531468532,0.0004181179404149969
14,150,0.8461538461538463,0.0005211337004810046
14,151,0.9720279720279721,1.2868115751495034e-07
14,152,1.0,0.0
14,153,0.9300699300699302,1.170222792865967e-05
14,154,0.9720279720279721,1.2868115751495034e-07
14,155,1.0,0.0
14,156,0.9300699300699302,1.170222792865967e-05
14,157,0.9720279720279721,1.2868115751495034e-07
14,158,1.0,0.0
14,159,0.9300699300699302,1.170222792865967e-05
14,160,0.9720279720279721,1.2868115751495034e-07
14,161,1.0,0.0
14,162,0.9300699300699302,1.170222792865967e-05
15,16,0.8391608391608393,0.0006428259886278202
15,17,0.9300699300699302,1.170222792865967e-05
15,18,1.0,0.0
15,19,0.6923076923076924,0.0125930304960941
15,20,0.7692307692307694,0.0034464502618274493
15,21,0.8741258741258742,0.0002007130733242317
15,22,0.6923076923076924,0.0125930304960941
15,23,0.7692307692307694,0.0034464502618274493
15,24,0.8741258741258742,0.0002007130733242317
15,25,0.8391608391608393,0.0006428259886278202
15,26,0.9300699300699302,1.170222792865967e-05
15,27,1.0,0.0
15,28,0.8391608391608393,0.0006428259886278202
15,29,0.9300699300699302,1.170222792865967e-05
15,30,1.0,0.0
15,31,0.8391608391608393,0.0006428259886278202
15,32,0.9300699300699302,1.170222792865967e-05
15,33,1.0,0.0
15,34,0.8391608391608393,0.0006428259886278202
15,35,0.9300699300699302,1.170222792865967e-05
15,36,1.0,0.0
15,37,0.6923076923076924,0.0125930304960941
15,38,0.7692307692307694,0.0034464502618274493
15,39,0.8741258741258742,0.0002007130733242317
15,40,0.6923076923076924,0.0125930304960941
15,41,0.7692307692307694,0.0034464502618274493
15,42,0.8741258741258742,0.0002007130733242317
15,43,0.8391608391608393,0.0006428259886278202
15,44,0.9300699300699302,1.170222792865967e-05
15,45,1.0,0.0
15,46,0.8391608391608393,0.0006428259886278202
15,47,0.9300699300699302,1.170222792865967e-05
15,48,1.0,0.0
15,49,0.8391608391608393,0.0006428259886278202
15,50,0.9300699300699302,1.170222792865967e-05
15,51,1.0,0.0
15,52,0.8391608391608393,0.0006428259886278202
15,53,0.9300699300699302,1.170222792865967e-05
15,54,1.0,0.0
15,55,0.6923076923076924,0.0125930304960941
15,56,0.7692307692307694,0.0034464502618274493
15,57,0.8741258741258742,0.0002007130733242317
15,58,0.6923076923076924,0.0125930304960941
15,59,0.7692307692307694,0.0034464502618274493
15,60,0.8741258741258742,0.0002007130733242317
15,61,0.8391608391608393,0.0006428259886278202
15,62,0.9300699300699302,1.170222792865967e-05
15,63,1.0,0.0
15,64,0.8391608391608393,0.0006428259886278202
15,65,0.9300699300699302,1.170222792865967e-05
15,66,1.0,0.0
15,67,0.8391608391608393,0.0006428259886278202
15,68,0.9300699300699302,1.170222792865967e-05
15,69,1.0,0.0
15,70,0.8391608391608393,0.0006428259886278202
15,71,0.9300699300699302,1.170222792865967e-05
15,72,1.0,0.0
15,73,0.6923076923076924,0.0125930304960941
15,74,0.7692307692307694,0.0034464502618274493
15,75,0.8741258741258742,0.0002007130733242317
15,76,0.6923076923076924,0.0125930304960941
15,77,0.7692307692307694,0.0034464502618274493
15,78,0.8741258741258742,0.0002007130733242317
15,79,0.8391608391608393,0.0006428259886278202
15,80,0.9300699300699302,1.170222792865967e-05
15,81,1.0,0.0
15,82,0.8391608391608393,0.0006428259886278202
15,83,0.9300699300699302,1.170222792865967e-05
15,84,1.0,0.0
15,85,0.8391608391608393,0.0006428259886278202
15,86,0.9300699300699302,1.170222792865967e-05
15,87,1.0,0.0
15,88,0.8391608391608393,0.0006428259886278202
15,89,0.9300699300699302,1.170222792865967e-05
15,90,1.0,0.0
15,91,0.6923076923076924,0.0125930304960941
15,92,0.7692307692307694,0.0034464502618274493
15,93,0.8741258741258742,0.0002007130733242317
15,94,0.6923076923076924,0.0125930304960941
15,95,0.7692307692307694,0.0034464502618274493
15,96,0.8741258741258742,0.0002007130733242317
15,97,0.8391608391608393,0.0006428259886278202
15,98,0.9300699300699302,1.170222792865967e-05
15,99,1.0,0.0
15,100,0.8391608391608393,0.0006428259886278202
15,101,0.9300699300699302,1.170222792865967e-05
15,102,1.0,0.0
15,103,0.8391608391608393,0.0006428259886278202
15,104,0.9300699300699302,1.170222792865967e-05
15,105,1.0,0.0
15,106,0.8391608391608393,0.0006428259886278202
15,107,0.9300699300699302,1.170222792865967e-05
15,108,1.0,0.0
15,109,0.6923076923076924,0.0125930304960941
15,110,0.7692307692307694,0.0034464502618274493
15,111,0.8741258741258742,0.0002007130733242317
15,112,0.6923076923076924,0.0125930304960941
15,113,0.7692307692307694,0.0034464502618274493
15,114,0.8741258741258742,0.0002007130733242317
15,115,0.8391608391608393,0.0006428259886278202
15,116,0.9300699300699302,1.170222792865967e-05
15,117,1.0,0.0
15,118,0.8391608391608393,0.0006428259886278202
15,119,0.9300699300699302,1.170222792865967e-05
15,120,1.0,0.0
15,121,0.8391608391608393,0.0006428259886278202
15,122,0.9300699300699302,1.170222792865967e-05
15,123,1.0,0.0
15,124,0.8391608391608393,0.0006428259886278202
15,125,0.9300699300699302,1.170222792865967e-05
15,126,1.0,0.0
15,127,0.6923076923076924,0.0125930304960941
15,128,0.7692307692307694,0.0034464502618274493
15,129,0.8741258741258742,0.0002007130733242317
15,130,0.6923076923076924,0.0125930304960941
15,131,0.7692307692307694,0.0034464502618274493
15,132,0.8741258741258742,0.0002007130733242317
15,133,0.8391608391608393,0.0006428259886278202
15,134,0.9300699300699302,1.170222792865967e-05
15,135,1.0,0.0
15,136,0.8391608391608393,0.0006428259886278202
15,137,0.9300699300699302,1.170222792865967e-05
15,138,1.0,0.0
15,139,0.8391608391608393,0.0006428259886278202
15,140,0.9300699300699302,1.170222792865967e-05
15,141,1.0,0.0
15,142,0.8391608391608393,0.0006428259886278202
15,143,0.9300699300699302,1.170222792865967e-05
15,144,1.0,0.0
15,145,0.6923076923076924,0.0125930304960941
15,146,0.7692307692307694,0.0034464502618274493
15,147,0.8741258741258742,0.0002007130733242317
15,148,0.6923076923076924,0.0125930304960941
15,149,0.7692307692307694,0.0034464502618274493
15,150,0.8741258741258742,0.0002007130733242317
15,151,0.8391608391608393,0.0006428259886278202
15,152,0.9300699300699302,1.170222792865967e-05
15,153,1.0,0.0
15,154,0.8391608391608393,0.0006428259886278202
15,155,0.9300699300699302,1.170222792865967e-05
15,156,1.0,0.0
15,157,0.8391608391608393,0.0006428259886278202
15,158,0.9300699300699302,1.170222792865967e-05
15,159,1.0,0.0
15,160,0.8391608391608393,0.0006428259886278202
15,161,0.9300699300699302,1.170222792865967e-05
15,162,1.0,0.0
16,17,0.9720279720279721,1.2868115751495034e-07
16,18,0.8391608391608393,0.0006428259886278202
16,19,0.8951048951048951,8.36658642909172e-05
16,20,0.8741258741258742,0.0002007130733242317
16,21,0.8041958041958043,0.0016147689860699299
16,22,0.8951048951048951,8.36658642909172e-05
16,23,0.8741258741258742,0.0002007130733242317
16,24,0.8041958041958043,0.0016147689860699299
16,25,1.0,0.0
16,26,0.9720279720279721,1.2868115751495034e-07
16,27,0.8391608391608393,0.0006428259886278202
16,28,1.0,0.0
16,29,0.9720279720279721,1.2868115751495034e-07
16,30,0.8391608391608393,0.0006428259886278202
16,31,1.0,0.0
16,32,0.9720279720279721,1.2868115751495034e-07
16,33,0.8391608391608393,0.0006428259886278202
16,34,1.0,0.0
16,35,0.9720279720279721,1.2868115751495034e-07
16,36,0.8391608391608393,0.0006428259886278202
16,37,0.8951048951048951,8.36658642909172e-05
16,38,0.8741258741258742,0.0002007130733242317
16,39,0.8041958041958043,0.0016147689860699299
16,40,0.8951048951048951,8.36658642909172e-05
16,41,0.8741258741258742,0.0002007130733242317
16,42,0.8041958041958043,0.0016147689860699299
16,43,1.0,0.0
16,44,0.9720279720279721,1.2868115751495034e-07
16,45,0.8391608391608393,0.0006428259886278202
16,46,1.0,0.0
16,47,0.9720279720279721,1.2868115751495034e-07
16,48,0.8391608391608393,0.0006428259886278202
16,49,1.0,0.0
16,50,0.9720279720279721,1.2868115751495034e-07
16,51,0.8391608391608393,0.0006428259886278202
16,52,1.0,0.0
16,53,0.9720279720279721,1.2868115751495034e-07
16,54,0.8391608391608393,0.0006428259886278202
16,55,0.8951048951048951,8.36658642909172e-05
16,56,0.8741258741258742,0.0002007130733242317
16,57,0.8041958041958043,0.0016147689860699299
16,58,0.8951048951048951,8.36658642909172e-05
16,59,0.8741258741258742,0.0002007130733242317
16,60,0.8041958041958043,0.0016147689860699299
16,61,1.0,0.0
16,62,0.9720279720279721,1.2868115751495034e-07
16,63,0.8391608391608393,0.0006428259886278202
16,64,1.0,0.0
16,65,0.9720279720279721,1.2868115751495034e-07
16,66,0.8391608391608393,0.0006428259886278202
16,67,1.0,0.0
16,68,0.9720279720279721,1.2868115751495034e-07
16,69,0.8391608391608393,0.0006428259886278202
16,70,1.0,0.0
16,71,0.9720279720279721,1.2868115751495034e-07
16,72,0.8391608391608393,0.0006428259886278202
16,73,0.8951048951048951,8.36658642909172e-05
16,74,0.8741258741258742,0.0002007130733242317
16,75,0.8041958041958043,0.0016147689860699299
16,76,0.8951048951048951,8.36658642909172e-05
16,77,0.8741258741258742,0.0002007130733242317
16,78,0.8041958041958043,0.0016147689860699299
16,79,1.0,0.0
16,80,0.9720279720279721,1.2868115751495034e-07
16,81,0.8391608391608393,0.0006428259886278202
16,82,1.0,0.0
16,83,0.9720279720279721,1.2868115751495034e-07
16,84,0.8391608391608393,0.0006428259886278202
16,85,1.0,0.0
16,86,0.9720279720279721,1.2868115751495034e-07
16,87,0.8391608391608393,0.0006428259886278202
16,88,1.0,0.0
16,89,0.9720279720279721,1.2868115751495034e-07
16,90,0.8391608391608393,0.0006428259886278202
16,91,0.8951048951048951,8.36658642909172e-05
16,92,0.8741258741258742,0.0002007130733242317
16,93,0.8041958041958043,0.0016147689860699299
16,94,0.8951048951048951,8.36658642909172e-05
16,95,0.8741258741258742,0.0002007130733242317
16,96,0.8041958041958043,0.0016147689860699299
16,97,1.0,0.0
16,98,0.9720279720279721,1.2868115751495034e-07
16,99,0.8391608391608393,0.0006428259886278202
16,100,1.0,0.0
16,101,0.9720279720279721,1.2868115751495034e-07
16,102,0.8391608391608393,0.0006428259886278202
16,103,1.0,0.0
16,104,0.9720279720279721,1.2868115751495034e-07
16,105,0.8391608391608393,0.0006428259886278202
16,106,1.0,0.0
16,107,0.9720279720279721,1.2868115751495034e-07
16,108,0.8391608391608393,0.0006428259886278202
16,109,0.8951048951048951,8.36658642909172e-05
16,110,0.8741258741258742,0.0002007130733242317
16,111,0.8041958041958043,0.0016147689860699299
16,112,0.8951048951048951,8.36658642909172e-05
16,113,0.8741258741258742,0.0002007130733242317
16,114,0.8041958041958043,0.0016147689860699299
16,115,1.0,0.0
16,116,0.9720279720279721,1.2868115751495034e-07
16,117,0.8391608391608393,0.0006428259886278202
16,118,1.0,0.0
16,119,0.9720279720279721,1.2868115751495034e-07
16,120,0.8391608391608393,0.0006428259886278202
16,121,1.0,0.0
16,122,0.9720279720279721,1.2868115751495034e-07
16,123,0.8391608391608393,0.0006428259886278202
16,124,1.0,0.0
16,125,0.9720279720279721,1.2868115751495034e-07
16,126,0.8391608391608393,0.0006428259886278202
16,127,0.8951048951048951,8.36658642909172e-05
16,128,0.8741258741258742,0.0002007130733242317
16,129,0.8041958041958043,0.0016147689860699299
16,130,0.8951048951048951,8.36658642909172e-05
16,131,0.8741258741258742,0.0002007130733242317
16,132,0.8041958041958043,0.0016147689860699299
16,133,1.0,0.0
16,134,0.9720279720279721,1.2868115751495034e-07
16,135,0.8391608391608393,0.0006428259886278202
16,136,1.0,0.0
16,137,0.9720279720279721,1.2868115751495034e-07
16,138,0.8391608391608393,0.0006428259886278202
16,139,1.0,0.0
16,140,0.9720279720279721,1.2868115751495034e-07
16,141,0.8391608391608393,0.0006428259886278202
16,142,1.0,0.0
16,143,0.9720279720279721,1.2868115751495034e-07
16,144,0.8391608391608393,0.0006428259886278202
16,145,0.8951048951048951,8.36658642909172e-05
16,146,0.8741258741258742,0.0002007130733242317
16,147,0.8041958041958043,0.0016147689860699299
16,148,0.8951048951048951,8.36658642909172e-05
16,149,0.8741258741258742,0.0002007130733242317
16,150,0.8041958041958043,0.0016147689860699299
16,151,1.0,0.0
16,152,0.9720279720279721,1.2868115751495034e-07
16,153,0.8391608391608393,0.0006428259886278202
16,154,1.0,0.0
16,155,0.9720279720279721,1.2868115751495034e-07
16,156,0.8391608391608393,0.0006428259886278202
16,157,1.0,0.0
16,158,0.9720279720279721,1.2868115751495034e-07
16,159,0.8391608391608393,0.0006428259886278202
16,160,1.0,0.0
16,161,0.9720279720279721,1.2868115751495034e-07
16,162,0.8391608391608393,0.0006428259886278202
17,18,0.9300699300699302,1.170222792865967e-05
17,19,0.8321678321678322,0.0007854416778536138
17,20,0.8531468531468532,0.0004181179404149969
17,21,0.8461538461538463,0.0005211337004810046
17,22,0.8321678321678322,0.0007854416778536138
17,23,0.8531468531468532,0.0004181179404149969
17,24,0.8461538461538463,0.0005211337004810046
17,25,0.9720279720279721,1.2868115751495034e-07
17,26,1.0,0.0
17,27,0.9300699300699302,1.170222792865967e-05
17,28,0.9720279720279721,1.2868115751495034e-07
17,29,1.0,0.0
17,30,0.9300699300699302,1.170222792865967e-05
17,31,0.9720279720279721,1.2868115751495034e-07
17,32,1.0,0.0
17,33,0.9300699300699302,1.170222792865967e-05
17,34,0.9720279720279721,1.2868115751495034e-07
17,35,1.0,0.0
17,36,0.9300699300699302,1.170222792865967e-05
17,37,0.8321678321678322,0.0007854416778536138
17,38,0.8531468531468532,0.0004181179404149969
17,39,0.8461538461538463,0.0005211337004810046
17,40,0.8321678321678322,0.0007854416778536138
17,41,0.8531468531468532,0.0004181179404149969
17,42,0.8461538461538463,0.0005211337004810046
17,43,0.9720279720279721,1.2868115751495034e-07
17,44,1.0,0.0
17,45,0.9300699300699302,1.170222792865967e-05
17,46,0.9720279720279721,1.2868115751495034e-07
17,47,1.0,0.0
17,48,0.9300699300699302,1.170222792865967e-05
17,49,0.9720279720279721,1.2868115751495034e-07
17,50,1.0,0.0
17,51,0.9300699300699302,1.170222792865967e-05
17,52,0.9720279720279721,1.2868115751495034e-07
17,53,1.0,0.0
17,54,0.9300699300699302,1.170222792865967e-05
17,55,0.8321678321678322,0.0007854416778536138
17,56,0.8531468531468532,0.0004181179404149969
17,57,0.8461538461538463,0.0005211337004810046
17,58,0.8321678321678322,0.0007854416778536138
17,59,0.8531468531468532,0.0004181179404149969
17,60,0.8461538461538463,0.0005211337004810046
17,61,0.9720279720279721,1.2868115751495034e-07
17,62,1.0,0.0
17,63,0.9300699300699302,1.170222792865967e-05
17,64,0.9720279720279721,1.2868115751495034e-07
17,65,1.0,0.0
17,66,0.9300699300699302,1.170222792865967e-05
17,67,0.9720279720279721,1.2868115751495034e-07
17,68,1.0,0.0
17,69,0.9300699300699302,1.170222792865967e-05
17,70,0.9720279720279721,1.2868115751495034e-07
17,71,1.0,0.0
17,72,0.9300699300699302,1.170222792865967e-05
17,73,0.8321678321678322,0.0007854416778536138
17,74,0.8531468531468532,0.0004181179404149969
17,75,0.8461538461538463,0.0005211337004810046
17,76,0.8321678321678322,0.0007854416778536138
17,77,0.8531468531468532,0.0004181179404149969
17,78,0.8461538461538463,0.0005211337004810046
17,79,0.9720279720279721,1.2868115751495034e-07
17,80,1.0,0.0
17,81,0.9300699300699302,1.170222792865967e-05
17,82,0.9720279720279721,1.2868115751495034e-07
17,83,1.0,0.0
17,84,0.9300699300699302,1.170222792865967e-05
17,85,0.9720279720279721,1.2868115751495034e-07
17,86,1.0,0.0
17,87,0.9300699300699302,1.170222792865967e-05
17,88,0.9720279720279721,1.2868115751495034e-07
17,89,1.0,0.0
17,90,0.9300699300699302,1.170222792865967e-05
17,91,0.8321678321678322,0.0007854416778536138
17,92,0.8531468531468532,0.0004181179404149969
17,93,0.8461538461538463,0.0005211337004810046
17,94,0.8321678321678322,0.0007854416778536138
17,95,0.8531468531468532,0.0004181179404149969
17,96,0.8461538461538463,0.0005211337004810046
17,97,0.9720279720279721,1.2868115751495034e-07
17,98,1.0,0.0
17,99,0.9300699300699302,1.170222792865967e-05
17,100,0.9720279720279721,1.2868115751495034e-07
17,101,1.0,0.0
17,102,0.9300699300699302,1.170222792865967e-05
17,103,0.9720279720279721,1.2868115751495034e-07
17,104,1.0,0.0
17,105,0.9300699300699302,1.170222792865967e-05
17,106,0.9720279720279721,1.2868115751495034e-07
17,107,1.0,0.0
17,108,0.9300699300699302,1.170222792865967e-05
17,109,0.8321678321678322,0.0007854416778536138
17,110,0.8531468531468532,0.0004181179404149969
17,111,0.8461538461538463,0.0005211337004810046
17,112,0.8321678321678322,0.0007854416778536138
17,113,0.8531468531468532,0.0004181179404149969
17,114,0.8461538461538463,0.0005211337004810046
17,115,0.9720279720279721,1.2868115751495034e-07
17,116,1.0,0.0
17,117,0.9300699300699302,1.170222792865967e-05
17,118,0.9720279720279721,1.2868115751495034e-07
17,119,1.0,0.0
17,120,0.9300699300699302,1.170222792865967e-05
17,121,0.9720279720279721,1.2868115751495034e-07
17,122,1.0,0.0
17,123,0.9300699300699302,1.170222792865967e-05
17,124,0.9720279720279721,1.2868115751495034e-07
17,125,1.0,0.0
17,126,0.9300699300699302,1.170222792865967e-05
17,127,0.8321678321678322,0.0007854416778536138
17,128,0.8531468531468532,0.0004181179404149969
17,129,0.8461538461538463,0.0005211337004810046
17,130,0.8321678321678322,0.0007854416778536138
17,131,0.8531468531468532,0.0004181179404149969
17,132,0.8461538461538463,0.0005211337004810046
17,133,0.9720279720279721,1.2868115751495034e-07
17,134,1.0,0.0
17,135,0.9300699300699302,1.170222792865967e-05
17,136,0.9720279720279721,1.2868115751495034e-07
17,137,1.0,0.0
17,138,0.9300699300699302,1.170222792865967e-05
17,139,0.9720279720279721,1.2868115751495034e-07
17,140,1.0,0.0
17,141,0.9300699300699302,1.170222792865967e-05
17,142,0.9720279720279721,1.2868115751495034e-07
17,143,1.0,0.0
17,144,0.9300699300699302,1.170222792865967e-05
17,145,0.8321678321678322,0.0007854416778536138
17,146,0.8531468531468532,0.0004181179404149969
17,147,0.8461538461538463,0.0005211337004810046
17,148,0.8321678321678322,0.0007854416778536138
17,149,0.8531468531468532,0.0004181179404149969
17,150,0.8461538461538463,0.0005211337004810046
17,151,0.9720279720279721,1.2868115751495034e-07
17,152,1.0,0.0
17,153,0.9300699300699302,1.170222792865967e-05
17,154,0.9720279720279721,1.2868115751495034e-07
17,155,1.0,0.0
17,156,0.9300699300699302,1.170222792865967e-05
17,157,0.9720279720279721,1.2868115751495034e-07
17,158,1.0,0.0
17,159,0.9300699300699302,1.170222792865967e-05
17,160,0.9720279720279721,1.2868115751495034e-07
17,161,1.0,0.0
17,162,0.9300699300699302,1.170222792865967e-05
18,19,0.6923076923076924,0.0125930304960941
18,20,0.7692307692307694,0.0034464502618274493
18,21,0.8741258741258742,0.0002007130733242317
18,22,0.6923076923076924,0.0125930304960941
18,23,0.7692307692307694,0.0034464502618274493
18,24,0.8741258741258742,0.0002007130733242317
18,25,0.8391608391608393,0.0006428259886278202
18,26,0.9300699300699302,1.170222792865967e-05
18,27,1.0,0.0
18,28,0.8391608391608393,0.0006428259886278202
18,29,0.9300699300699302,1.170222792865967e-05
18,30,1.0,0.0
18,31,0.8391608391608393,0.0006428259886278202
18,32,0.9300699300699302,1.170222792865967e-05
18,33,1.0,0.0
18,34,0.8391608391608393,0.0006428259886278202
18,35,0.9300699300699302,1.170222792865967e-05
18,36,1.0,0.0
18,37,0.6923076923076924,0.0125930304960941
18,38,0.7692307692307694,0.0034464502618274493
18,39,0.8741258741258742,0.0002007130733242317
18,40,0.6923076923076924,0.0125930304960941
18,41,0.7692307692307694,0.0034464502618274493
18,42,0.8741258741258742,0.0002007130733242317
18,43,0.8391608391608393,0.0006428259886278202
18,44,0.9300699300699302,1.170222792865967e-05
18,45,1.0,0.0
18,46,0.8391608391608393,0.0006428259886278202
18,47,0.9300699300699302,1.170222792865967e-05
18,48,1.0,0.0
18,49,0.8391608391608393,0.0006428259886278202
18,50,0.9300699300699302,1.170222792865967e-05
18,51,1.0,0.0
18,52,0.8391608391608393,0.0006428259886278202
18,53,0.9300699300699302,1.170222792865967e-05
18,54,1.0,0.0
18,55,0.6923076923076924,0.0125930304960941
18,56,0.7692307692307694,0.0034464502618274493
18,57,0.8741258741258742,0.0002007130733242317
18,58,0.6923076923076924,0.0125930304960941
18,59,0.7692307692307694,0.0034464502618274493
18,60,0.8741258741258742,0.0002007130733242317
18,61,0.8391608391608393,0.0006428259886278202
18,62,0.9300699300699302,1.170222792865967e-05
18,63,1.0,0.0
18,64,0.8391608391608393,0.0006428259886278202
18,65,0.9300699300699302,1.170222792865967e-05
18,66,1.0,0.0
18,67,0.8391608391608393,0.0006428259886278202
18,68,0.9300699300699302,1.170222792865967e-05
18,69,1.0,0.0
18,70,0.8391608391608393,0.0006428259886278202
18,71,0.9300699300699302,1.170222792865967e-05
18,72,1.0,0.0
18,73,0.6923076923076924,0.0125930304960941
18,74,0.7692307692307694,0.0034464502618274493
18,75,0.8741258741258742,0.0002007130733242317
18,76,0.6923076923076924,0.0125930304960941
18,77,0.7692307692307694,0.0034464502618274493
18,78,0.8741258741258742,0.0002007130733242317
18,79,0.8391608391608393,0.0006428259886278202
18,80,0.9300699300699302,1.170222792865967e-05
18,81,1.0,0.0
18,82,0.8391608391608393,0.0006428259886278202
18,83,0.9300699300699302,1.170222792865967e-05
18,84,1.0,0.0
18,85,0.8391608391608393,0.0006428259886278202
18,86,0.9300699300699302,1.170222792865967e-05
18,87,1.0,0.0
18,88,0.8391608391608393,0.0006428259886278202
18,89,0.9300699300699302,1.170222792865967e-05
18,90,1.0,0.0
18,91,0.6923076923076924,0.0125930304960941
18,92,0.7692307692307694,0.0034464502618274493
18,93,0.8741258741258742,0.0002007130733242317
18,94,0.6923076923076924,0.0125930304960941
18,95,0.7692307692307694,0.0034464502618274493
18,96,0.8741258741258742,0.0002007130733242317
18,97,0.8391608391608393,0.0006428259886278202
18,98,0.9300699300699302,1.170222792865967e-05
18,99,1.0,0.0
18,100,0.8391608391608393,0.0006428259886278202
18,101,0.9300699300699302,1.170222792865967e-05
18,102,1.0,0.0
18,103,0.8391608391608393,0.0006428259886278202
18,104,0.9300699300699302,1.170222792865967e-05
18,105,1.0,0.0
18,106,0.8391608391608393,0.0006428259886278202
18,107,0.9300699300699302,1.170222792865967e-05
18,108,1.0,0.0
18,109,0.6923076923076924,0.0125930304960941
18,110,0.7692307692307694,0.0034464502618274493
18,111,0.8741258741258742,0.0002007130733242317
18,112,0.6923076923076924,0.0125930304960941
18,113,0.7692307692307694,0.0034464502618274493
18,114,0.8741258741258742,0.0002007130733242317
18,115,0.8391608391608393,0.0006428259886278202
18,116,0.9300699300699302,1.170222792865967e-05
18,117,1.0,0.0
18,118,0.8391608391608393,0.0006428259886278202
18,119,0.9300699300699302,1.170222792865967e-05
18,120,1.0,0.0
18,121,0.8391608391608393,0.0006428259886278202
18,122,0.9300699300699302,1.170222792865967e-05
18,123,1.0,0.0
18,124,0.8391608391608393,0.0006428259886278202
18,125,0.9300699300699302,1.170222792865967e-05
18,126,1.0,0.0
18,127,0.6923076923076924,0.0125930304960941
18,128,0.7692307692307694,0.0034464502618274493
18,129,0.8741258741258742,0.0002007130733242317
18,130,0.6923076923076924,0.0125930304960941
18,131,0.7692307692307694,0.0034464502618274493
18,132,0.8741258741258742,0.0002007130733242317
18,133,0.8391608391608393,0.0006428259886278202
18,134,0.9300699300699302,1.170222792865967e-05
18,135,1.0,0.0
18,136,0.8391608391608393,0.0006428259886278202
18,137,0.9300699300699302,1.170222792865967e-05
18,138,1.0,0.0
18,139,0.8391608391608393,0.0006428259886278202
18,140,0.9300699300699302,1.170222792865967e-05
18,141,1.0,0.0
18,142,0.8391608391608393,0.0006428259886278202
18,143,0.9300699300699302,1.170222792865967e-05
18,144,1.0,0.0
18,145,0.6923076923076924,0.0125930304960941
18,146,0.7692307692307694,0.0034464502618274493
18,147,0.8741258741258742,0.0002007130733242317
18,148,0.6923076923076924,0.0125930304960941
18,149,0.7692307692307694,0.0034464502618274493
18,150,0.8741258741258742,0.0002007130733242317
18,151,0.8391608391608393,0.0006428259886278202
18,152,0.9300699300699302,1.170222792865967e-05
18,153,1.0,0.0
18,154,0.8391608391608393,0.0006428259886278202
18,155,0.9300699300699302,1.170222792865967e-05
18,156,1.0,0.0
18,157,0.8391608391608393,0.0006428259886278202
18,158,0.9300699300699302,1.170222792865967e-05
18,159,1.0,0.0
18,160,0.8391608391608393,0.0006428259886278202
18,161,0.9300699300699302,1.170222792865967e-05
18,162,1.0,0.0
19,20,0.9790209790209792,3.0898013985487064e-08
19,21,0.8741258741258742,0.0002007130733242317
19,22,1.0,0.0
19,23,0.9790209790209792,3.0898013985487064e-08
19,24,0.8741258741258742,0.0002007130733242317
19,25,0.8951048951048951,8.36658642909172e-05
19,26,0.8321678321678322,0.0007854416778536138
19,27,0.6923076923076924,0.0125930304960941
19,28,0.8951048951048951,8.36658642909172e-05
19,29,0.8321678321678322,0.0007854416778536138
19,30,0.6923076923076924,0.0125930304960941
19,31,0.8951048951048951,8.36658642909172e-05
19,32,0.8321678321678322,0.0007854416778536138
19,33,0.6923076923076924,0.0125930304960941
19,34,0.8951048951048951,8.36658642909172e-05
19,35,0.8321678321678322,0.0007854416778536138
19,36,0.6923076923076924,0.0125930304960941
19,37,1.0,0.0
19,38,0.9790209790209792,3.0898013985487064e-08
19,39,0.8741258741258742,0.0002007130733242317
19,40,1.0,0.0
19,41,0.9790209790209792,3.0898013985487064e-08
19,42,0.8741258741258742,0.0002007130733242317
19,43,0.8951048951048951,8.36658642909172e-05
19,44,0.8321678321678322,0.0007854416778536138
19,45,0.6923076923076924,0.0125930304960941
19,46,0.8951048951048951,8.36658642909172e-05
19,47,0.8321678321678322,0.0007854416778536138
19,48,0.6923076923076924,0.0125930304960941
19,49,0.8951048951048951,8.36658642909172e-05
19,50,0.8321678321678322,0.0007854416778536138
19,51,0.6923076923076924,0.0125930304960941
19,52,0.8951048951048951,8.36658642909172e-05
19,53,0.8321678321678322,0.0007854416778536138
19,54,0.6923076923076924,0.0125930304960941
19,55,1.0,0.0
19,56,0.9790209790209792,3.0898013985487064e-08
19,57,0.8741258741258742,0.0002007130733242317
19,58,1.0,0.0
19,59,0.9790209790209792,3.0898013985487064e-08
19,60,0.8741258741258742,0.0002007130733242317
19,61,0.8951048951048951,8.36658642909172e-05
19,62,0.8321678321678322,0.0007854416778536138
19,63,0.6923076923076924,0.0125930304960941
19,64,0.8951048951048951,8.36658642909172e-05
19,65,0.8321678321678322,0.0007854416778536138
19,66,0.6923076923076924,0.0125930304960941
19,67,0.8951048951048951,8.36658642909172e-05
19,68,0.8321678321678322,0.0007854416778536138
19,69,0.6923076923076924,0.0125930304960941
19,70,0.8951048951048951,8.36658642909172e-05
19,71,0.8321678321678322,0.0007854416778536138
19,72,0.6923076923076924,0.0125930304960941
19,73,1.0,0.0
19,74,0.9790209790209792,3.0898013985487064e-08
19,75,0.8741258741258742,0.0002007130733242317
19,76,1.0,0.0
19,77,0.9790209790209792,3.0898013985487064e-08
19,78,0.8741258741258742,0.0002007130733242317
19,79,0.8951048951048951,8.36658642909172e-05
19,80,0.8321678321678322,0.0007854416778536138
19,81,0.6923076923076924,0.0125930304960941
19,82,0.8951048951048951,8.36658642909172e-05
19,83,0.8321678321678322,0.0007854416778536138
19,84,0.6923076923076924,0.0125930304960941
19,85,0.8951048951048951,8.36658642909172e-05
19,86,0.8321678321678322,0.0007854416778536138
19,87,0.6923076923076924,0.0125930304960941
19,88,0.8951048951048951,8.36658642909172e-05
19,89,0.8321678321678322,0.0007854416778536138
19,90,0.6923076923076924,0.0125930304960941
19,91,1.0,0.0
19,92,0.9790209790209792,3.0898013985487064e-08
19,93,0.8741258741258742,0.0002007130733242317
19,94,1.0,0.0
19,95,0.9790209790209792,3.0898013985487064e-08
19,96,0.8741258741258742,0.0002007130733242317
19,97,0.8951048951048951,8.36658642909172e-05
19,98,0.8321678321678322,0.0007854416778536138
19,99,0.6923076923076924,0.0125930304960941
19,100,0.8951048951048951,8.36658642909172e-05
19,101,0.8321678321678322,0.0007854416778536138
19,102,0.6923076923076924,0.0125930304960941
19,103,0.8951048951048951,8.36658642909172e-05
19,104,0.8321678321678322,0.0007854416778536138
19,105,0.6923076923076924,0.0125930304960941
19,106,0.8951048951048951,8.36658642909172e-05
19,107,0.8321678321678322,0.0007854416778536138
19,108,0.6923076923076924,0.0125930304960941
19,109,1.0,0.0
19,110,0.9790209790209792,3.0898013985487064e-08
19,111,0.8741258741258742,0.0002007130733242317
19,112,1.0,0.0
19,113,0.9790209790209792,3.0898013985487064e-08
19,114,0.8741258741258742,0.0002007130733242317
19,115,0.8951048951048951,8.36658642909172e-05
19,116,0.8321678321678322,0.0007854416778536138
19,117,0.6923076923076924,0.0125930304960941
19,118,0.8951048951048951,8.36658642909172e-05
19,119,0.8321678321678322,0.0007854416778536138
19,120,0.6923076923076924,0.0125930304960941
19,121,0.8951048951048951,8.36658642909172e-05
19,122,0.8321678321678322,0.0007854416778536138
19,123,0.6923076923076924,0.0125930304960941
19,124,0.8951048951048951,8.36658642909172e-05
19,125,0.8321678321678322,0.0007854416778536138
19,126,0.6923076923076924,0.0125930304960941
19,127,1.0,0.0
19,128,0.9790209790209792,3.0898013985487064e-08
19,129,0.8741258741258742,0.0002007130733242317
19,130,1.0,0.0
19,131,0.9790209790209792,3.0898013985487064e-08
19,132,0.8741258741258742,0.0002007130733242317
19,133,0.8951048951048951,8.36658642909172e-05
19,134,0.8321678321678322,0.0007854416778536138
19,135,0.6923076923076924,0.0125930304960941
19,136,0.8951048951048951,8.36658642909172e-05
19,137,0.8321678321678322,0.0007854416778536138
19,138,0.6923076923076924,0.0125930304960941
19,139,0.8951048951048951,8.36658642909172e-05
19,140,0.8321678321678322,0.0007854416778536138
19,141,0.6923076923076924,0.0125930304960941
19,142,0.8951048951048951,8.36658642909172e-05
19,143,0.8321678321678322,0.0007854416778536138
19,144,0.6923076923076924,0.0125930304960941
19,145,1.0,0.0
19,146,0.9790209790209792,3.0898013985487064e-08
19,147,0.8741258741258742,0.0002007130733242317
19,148,1.0,0.0
19,149,0.9790209790209792,3.0898013985487064e-08
19,150,0.8741258741258742,0.0002007130733242317
19,151,0.8951048951048951,8.36658642909172e-05
19,152,0.8321678321678322,0.0007854416778536138
19,153,0.6923076923076924,0.0125930304960941
19,154,0.8951048951048951,8.36658642909172e-05
19,155,0.8321678321678322,0.0007854416778536138
19,156,0.6923076923076924,0.0125930304960941
19,157,0.8951048951048951,8.36658642909172e-05
19,158,0.8321678321678322,0.0007854416778536138
19,159,0.6923076923076924,0.0125930304960941
19,160,0.8951048951048951,8.36658642909172e-05
19,161,0.8321678321678322,0.0007854416778536138
19,162,0.6923076923076924,0.0125930304960941
20,21,0.9440559440559443,3.927261080965951e-06
20,22,0.9790209790209792,3.0898013985487064e-08
20,23,1.0,0.0
20,24,0.9440559440559443,3.927261080965951e-06
20,25,0.8741258741258742,0.0002007130733242317
20,26,0.8531468531468532,0.0004181179404149969
20,27,0.7692307692307694,0.0034464502618274493
20,28,0.8741258741258742,0.0002007130733242317
20,29,0.8531468531468532,0.0004181179404149969
20,30,0.7692307692307694,0.0034464502618274493
20,31,0.8741258741258742,0.0002007130733242317
20,32,0.8531468531468532,0.0004181179404149969
20,33,0.7692307692307694,0.0034464502618274493
20,34,0.8741258741258742,0.0002007130733242317
20,35,0.8531468531468532,0.0004181179404149969
20,36,0.7692307692307694,0.0034464502618274493
20,37,0.9790209790209792,3.0898013985487064e-08
20,38,1.0,0.0
20,39,0.9440559440559443,3.927261080965951e-06
20,40,0.9790209790209792,3.0898013985487064e-08
20,41,1.0,0.0
20,42,0.9440559440559443,3.927261080965951e-06
20,43,0.8741258741258742,0.0002007130733242317
20,44,0.8531468531468532,0.0004181179404149969
20,45,0.7692307692307694,0.0034464502618274493
20,46,0.8741258741258742,0.0002007130733242317
20,47,0.8531468531468532,0.0004181179404149969
20,48,0.7692307692307694,0.0034464502618274493
20,49,0.8741258741258742,0.0002007130733242317
20,50,0.8531468531468532,0.0004181179404149969
20,51,0.7692307692307694,0.0034464502618274493
20,52,0.8741258741258742,0.0002007130733242317
20,53,0.8531468531468532,0.0004181179404149969
20,54,0.7692307692307694,0.0034464502618274493
20,55,0.9790209790209792,3.0898013985487064e-08
20,56,1.0,0.0
20,57,0.9440559440559443,3.927261080965951e-06
20,58,0.9790209790209792,3.0898013985487064e-08
20,59,1.0,0.0
20,60,0.9440559440559443,3.927261080965951e-06
20,61,0.8741258741258742,0.0002007130733242317
20,62,0.8531468531468532,0.0004181179404149969
20,63,0.7692307692307694,0.0034464502618274493
20,64,0.8741258741258742,0.0002007130733242317
20,65,0.8531468531468532,0.0004181179404149969
20,66,0.7692307692307694,0.0034464502618274493
20,67,0.8741258741258742,0.0002007130733242317
20,68,0.8531468531468532,0.0004181179404149969
20,69,0.7692307692307694,0.0034464502618274493
20,70,0.8741258741258742,0.0002007130733242317
20,71,0.8531468531468532,0.0004181179404149969
20,72,0.7692307692307694,0.0034464502618274493
20,73,0.9790209790209792,3.0898013985487064e-08
20,74,1.0,0.0
20,75,0.9440559440559443,3.927261080965951e-06
20,76,0.9790209790209792,3.0898013985487064e-08
20,77,1.0,0.0
20,78,0.9440559440559443,3.927261080965951e-06
20,79,0.8741258741258742,0.0002007130733242317
20,80,0.8531468531468532,0.0004181179404149969
20,81,0.7692307692307694,0.0034464502618274493
20,82,0.8741258741258742,0.0002007130733242317
20,83,0.8531468531468532,0.0004181179404149969
20,84,0.7692307692307694,0.0034464502618274493
20,85,0.8741258741258742,0.0002007130733242317
20,86,0.8531468531468532,0.0004181179404149969
20,87,0.7692307692307694,0.0034464502618274493
20,88,0.8741258741258742,0.0002007130733242317
20,89,0.8531468531468532,0.0004181179404149969
20,90,0.7692307692307694,0.0034464502618274493
20,91,0.9790209790209792,3.0898013985487064e-08
20,92,1.0,0.0
20,93,0.9440559440559443,3.927261080965951e-06
20,94,0.9790209790209792,3.0898013985487064e-08
20,95,1.0,0.0
20,96,0.9440559440559443,3.927261080965951e-06
20,97,0.8741258741258742,0.0002007130733242317
20,98,0.8531468531468532,0.0004181179404149969
20,99,0.7692307692307694,0.0034464502618274493
20,100,0.8741258741258742,0.0002007130733242317
20,101,0.8531468531468532,0.0004181179404149969
20,102,0.7692307692307694,0.0034464502618274493
20,103,0.8741258741258742,0.0002007130733242317
20,104,0.8531468531468532,0.0004181179404149969
20,105,0.7692307692307694,0.0034464502618274493
20,106,0.8741258741258742,0.0002007130733242317
20,107,0.8531468531468532,0.0004181179404149969
20,108,0.7692307692307694,0.0034464502618274493
20,109,0.9790209790209792,3.0898013985487064e-08
20,110,1.0,0.0
20,111,0.9440559440559443,3.927261080965951e-06
20,112,0.9790209790209792,3.0898013985487064e-08
20,113,1.0,0.0
20,114,0.9440559440559443,3.927261080965951e-06
20,115,0.8741258741258742,0.0002007130733242317
20,116,0.8531468531468532,0.0004181179404149969
20,117,0.7692307692307694,0.0034464502618274493
20,118,0.8741258741258742,0.0002007130733242317
20,119,0.8531468531468532,0.0004181179404149969
20,120,0.7692307692307694,0.0034464502618274493
20,121,0.8741258741258742,0.0002007130733242317
20,122,0.8531468531468532,0.0004181179404149969
20,123,0.7692307692307694,0.0034464502618274493
20,124,0.8741258741258742,0.0002007130733242317
20,125,0.8531468531468532,0.0004181179404149969
20,126,0.7692307692307694,0.0034464502618274493
20,127,0.9790209790209792,3.0898013985487064e-08
20,128,1.0,0.0
20,129,0.9440559440559443,3.927261080965951e-06
20,130,0.9790209790209792,3.0898013985487064e-08
20,131,1.0,0.0
20,132,0.9440559440559443,3.927261080965951e-06
20,133,0.8741258741258742,0.0002007130733242317
20,134,0.8531468531468532,0.0004181179404149969
20,135,0.7692307692307694,0.0034464502618274493
20,136,0.8741258741258742,0.0002007130733242317
20,137,0.8531468531468532,0.0004181179404149969
20,138,0.7692307692307694,0.0034464502618274493
20,139,0.8741258741258742,0.0002007130733242317
20,140,0.8531468531468532,0.0004181179404149969
20,141,0.7692307692307694,0.0034464502618274493
20,142,0.8741258741258742,0.0002007130733242317
20,143,0.8531468531468532,0.0004181179404149969
20,144,0.7692307692307694,0.0034464502618274493
20,145,0.9790209790209792,3.0898013985487064e-08
20,146,1.0,0.0
20,147,0.9440559440559443,3.927261080965951e-06
20,148,0.9790209790209792,3.0898013985487064e-08
20,149,1.0,0.0
20,150,0.9440559440559443,3.927261080965951e-06
20,151,0.8741258741258742,0.0002007130733242317
20,152,0.8531468531468532,0.0004181179404149969
20,153,0.7692307692307694,0.0034464502618274493
20,154,0.8741258741258742,0.0002007130733242317
20,155,0.8531468531468532,0.0004181179404149969
20,156,0.7692307692307694,0.0034464502618274493
20,157,0.8741258741258742,0.0002007130733242317
20,158,0.8531468531468532,0.0004181179404149969
20,159,0.7692307692307694,0.0034464502618274493
20,160,0.8741258741258742,0.0002007130733242317
20,161,0.8531468531468532,0.0004181179404149969
20,162,0.7692307692307694,0.0034464502618274493
21,22,0.8741258741258742,0.0002007130733242317
21,23,0.9440559440559443,3.927261080965951e-06
21,24,1.0,0.0
21,25,0.8041958041958043,0.0016147689860699299
21,26,0.8461538461538463,0.0005211337004810046
21,27,0.8741258741258742,0.0002007130733242317
21,28,0.8041958041958043,0.0016147689860699299
21,29,0.8461538461538463,0.0005211337004810046
21,30,0.8741258741258742,0.0002007130733242317
21,31,0.8041958041958043,0.0016147689860699299
21,32,0.8461538461538463,0.0005211337004810046
21,33,0.8741258741258742,0.0002007130733242317
21,34,0.8041958041958043,0.0016147689860699299
21,35,0.8461538461538463,0.0005211337004810046
21,36,0.8741258741258742,0.0002007130733242317
21,37,0.8741258741258742,0.0002007130733242317
21,38,0.9440559440559443,3.927261080965951e-06
21,39,1.0,0.0
21,40,0.8741258741258742,0.0002007130733242317
21,41,0.9440559440559443,3.927261080965951e-06
21,42,1.0,0.0
21,43,0.8041958041958043,0.0016147689860699299
21,44,0.8461538461538463,0.0005211337004810046
21,45,0.8741258741258742,0.0002007130733242317
21,46,0.8041958041958043,0.0016147689860699299
21,47,0.8461538461538463,0.0005211337004810046
21,48,0.8741258741258742,0.0002007130733242317
21,49,0.8041958041958043,0.0016147689860699299
21,50,0.8461538461538463,0.0005211337004810046
21,51,0.8741258741258742,0.0002007130733242317
21,52,0.8041958041958043,0.0016147689860699299
21,53,0.8461538461538463,0.0005211337004810046
21,54,0.8741258741258742,0.0002007130733242317
21,55,0.8741258741258742,0.0002007130733242317
21,56,0.9440559440559443,3.927261080965951e-06
21,57,1.0,0.0
21,58,0.8741258741258742,0.0002007130733242317
21,59,0.9440559440559443,3.927261080965951e-06
21,60,1.0,0.0
21,61,0.8041958041958043,0.0016147689860699299
21,62,0.8461538461538463,0.0005211337004810046
21,63,0.8741258741258742,0.0002007130733242317
21,64,0.8041958041958043,0.0016147689860699299
21,65,0.8461538461538463,0.0005211337004810046
21,66,0.8741258741258742,0.0002007130733242317
21,67,0.8041958041958043,0.0016147689860699299
21,68,0.8461538461538463,0.0005211337004810046
21,69,0.8741258741258742,0.0002007130733242317
21,70,0.8041958041958043,0.0016147689860699299
21,71,0.8461538461538463,0.0005211337004810046
21,72,0.8741258741258742,0.0002007130733242317
21,73,0.8741258741258742,0.0002007130733242317
21,74,0.9440559440559443,3.927261080965951e-06
21,75,1.0,0.0
21,76,0.8741258741258742,0.0002007130733242317
21,77,0.9440559440559443,3.927261080965951e-06
21,78,1.0,0.0
21,79,0.8041958041958043,0.0016147689860699299
21,80,0.8461538461538463,0.0005211337004810046
21,81,0.8741258741258742,0.0002007130733242317
21,82,0.8041958041958043,0.0016147689860699299
21,83,0.8461538461538463,0.0005211337004810046
21,84,0.8741258741258742,0.0002007130733242317
21,85,0.8041958041958043,0.0016147689860699299
21,86,0.8461538461538463,0.0005211337004810046
21,87,0.8741258741258742,0.0002007130733242317
21,88,0.8041958041958043,0.0016147689860699299
21,89,0.8461538461538463,0.0005211337004810046
21,90,0.8741258741258742,0.0002007130733242317
21,91,0.8741258741258742,0.0002007130733242317
21,92,0.9440559440559443,3.927261080965951e-06
21,93,1.0,0.0
21,94,0.8741258741258742,0.0002007130733242317
21,95,0.9440559440559443,3.927261080965951e-06
21,96,1.0,0.0
21,97,0.8041958041958043,0.0016147689860699299
21,98,0.8461538461538463,0.0005211337004810046
21,99,0.8741258741258742,0.0002007130733242317
21,100,0.8041958041958043,0.0016147689860699299
21,101,0.8461538461538463,0.0005211337004810046
21,102,0.8741258741258742,0.0002007130733242317
21,103,0.8041958041958043,0.0016147689860699299
21,104,0.8461538461538463,0.0005211337004810046
21,105,0.8741258741258742,0.0002007130733242317
21,106,0.8041958041958043,0.0016147689860699299
21,107,0.8461538461538463,0.0005211337004810046
21,108,0.8741258741258742,0.0002007130733242317
21,109,0.8741258741258742,0.0002007130733242317
21,110,0.9440559440559443,3.927261080965951e-06
21,111,1.0,0.0
21,112,0.8741258741258742,0.0002007130733242317
21,113,0.9440559440559443,3.927261080965951e-06
21,114,1.0,0.0
21,115,0.8041958041958043,0.0016147689860699299
21,116,0.8461538461538463,0.0005211337004810046
21,117,0.8741258741258742,0.0002007130733242317
21,118,0.8041958041958043,0.0016147689860699299
21,119,0.8461538461538463,0.0005211337004810046
21,120,0.8741258741258742,0.0002007130733242317
21,121,0.8041958041958043,0.0016147689860699299
21,122,0.8461538461538463,0.0005211337004810046
21,123,0.8741258741258742,0.0002007130733242317
21,124,0.8041958041958043,0.0016147689860699299
21,125,0.8461538461538463,0.0005211337004810046
21,126,0.8741258741258742,0.0002007130733242317
21,127,0.8741258741258742,0.0002007130733242317
21,128,0.9440559440559443,3.927261080965951e-06
21,129,1.0,0.0
21,130,0.8741258741258742,0.0002007130733242317
21,131,0.9440559440559443,3.927261080965951e-06
21,132,1.0,0.0
21,133,0.8041958041958043,0.0016147689860699299
21,134,0.8461538461538463,0.0005211337004810046
21,135,0.8741258741258742,0.0002007130733242317
21,136,0.8041958041958043,0.0016147689860699299
21,137,0.8461538461538463,0.0005211337004810046
21,138,0.8741258741258742,0.0002007130733242317
21,139,0.8041958041958043,0.0016147689860699299
21,140,0.8461538461538463,0.0005211337004810046
21,141,0.8741258741258742,0.0002007130733242317
21,142,0.8041958041958043,0.0016147689860699299
21,143,0.8461538461538463,0.0005211337004810046
21,144,0.8741258741258742,0.0002007130733242317
21,145,0.8741258741258742,0.0002007130733242317
21,146,0.9440559440559443,3.927261080965951e-06
21,147,1.0,0.0
21,148,0.8741258741258742,0.0002007130733242317
21,149,0.9440559440559443,3.927261080965951e-06
21,150,1.0,0.0
21,151,0.8041958041958043,0.0016147689860699299
21,152,0.8461538461538463,0.0005211337004810046
21,153,0.8741258741258742,0.0002007130733242317
21,154,0.8041958041958043,0.0016147689860699299
21,155,0.8461538461538463,0.0005211337004810046
21,156,0.8741258741258742,0.0002007130733242317
21,157,0.8041958041958043,0.0016147689860699299
21,158,0.8461538461538463,0.0005211337004810046
21,159,0.8741258741258742,0.0002007130733242317
21,160,0.8041958041958043,0.0016147689860699299
21,161,0.8461538461538463,0.0005211337004810046
21,162,0.8741258741258742,0.0002007130733242317
22,23,0.9790209790209792,3.0898013985487064e-08
22,24,0.8741258741258742,0.0002007130733242317
22,25,0.8951048951048951,8.36658642909172e-05
22,26,0.8321678321678322,0.0007854416778536138
22,27,0.6923076923076924,0.0125930304960941
22,28,0.8951048951048951,8.36658642909172e-05
22,29,0.8321678321678322,0.0007854416778536138
22,30,0.6923076923076924,0.0125930304960941
22,31,0.8951048951048951,8.36658642909172e-05
22,32,0.8321678321678322,0.0007854416778536138
22,33,0.6923076923076924,0.0125930304960941
22,34,0.8951048951048951,8.36658642909172e-05
22,35,0.8321678321678322,0.0007854416778536138
22,36,0.6923076923076924,0.0125930304960941
22,37,1.0,0.0
22,38,0.9790209790209792,3.0898013985487064e-08
22,39,0.8741258741258742,0.0002007130733242317
22,40,1.0,0.0
22,41,0.9790209790209792,3.0898013985487064e-08
22,42,0.8741258741258742,0.0002007130733242317
22,43,0.8951048951048951,8.36658642909172e-05
22,44,0.8321678321678322,0.0007854416778536138
22,45,0.6923076923076924,0.0125930304960941
22,46,0.8951048951048951,8.36658642909172e-05
22,47,0.8321678321678322,0.0007854416778536138
22,48,0.6923076923076924,0.0125930304960941
22,49,0.8951048951048951,8.36658642909172e-05
22,50,0.8321678321678322,0.0007854416778536138
22,51,0.6923076923076924,0.0125930304960941
22,52,0.8951048951048951,8.36658642909172e-05
22,53,0.8321678321678322,0.0007854416778536138
22,54,0.6923076923076924,0.0125930304960941
22,55,1.0,0.0
22,56,0.9790209790209792,3.0898013985487064e-08
22,57,0.8741258741258742,0.0002007130733242317
22,58,1.0,0.0
22,59,0.9790209790209792,3.0898013985487064e-08
22,60,0.8741258741258742,0.0002007130733242317
22,61,0.8951048951048951,8.36658642909172e-05
22,62,0.8321678321678322,0.0007854416778536138
22,63,0.6923076923076924,0.0125930304960941
22,64,0.8951048951048951,8.36658642909172e-05
22,65,0.8321678321678322,0.0007854416778536138
22,66,0.6923076923076924,0.0125930304960941
22,67,0.8951048951048951,8.36658642909172e-05
22,68,0.8321678321678322,0.0007854416778536138
22,69,0.6923076923076924,0.0125930304960941
22,70,0.8951048951048951,8.36658642909172e-05
22,71,0.8321678321678322,0.0007854416778536138
22,72,0.6923076923076924,0.0125930304960941
22,73,1.0,0.0
22,74,0.9790209790209792,3.0898013985487064e-08
22,75,0.8741258741258742,0.0002007130733242317
22,76,1.0,0.0
22,77,0.9790209790209792,3.0898013985487064e-08
22,78,0.8741258741258742,0.0002007130733242317
22,79,0.8951048951048951,8.36658642909172e-05
22,80,0.8321678321678322,0.0007854416778536138
22,81,0.6923076923076924,0.0125930304960941
22,82,0.8951048951048951,8.36658642909172e-05
22,83,0.8321678321678322,0.0007854416778536138
22,84,0.6923076923076924,0.0125930304960941
22,85,0.8951048951048951,8.36658642909172e-05
22,86,0.8321678321678322,0.0007854416778536138
22,87,0.6923076923076924,0.0125930304960941
22,88,0.8951048951048951,8.36658642909172e-05
22,89,0.8321678321678322,0.0007854416778536138
22,90,0.6923076923076924,0.0125930304960941
22,91,1.0,0.0
22,92,0.9790209790209792,3.0898013985487064e-08
22,93,0.8741258741258742,0.0002007130733242317
22,94,1.0,0.0
22,95,0.9790209790209792,3.0898013985487064e-08
22,96,0.8741258741258742,0.0002007130733242317
22,97,0.8951048951048951,8.36658642909172e-05
22,98,0.8321678321678322,0.0007854416778536138
22,99,0.6923076923076924,0.0125930304960941
22,100,0.8951048951048951,8.36658642909172e-05
22,101,0.8321678321678322,0.0007854416778536138
22,102,0.6923076923076924,0.0125930304960941
22,103,0.8951048951048951,8.36658642909172e-05
22,104,0.8321678321678322,0.0007854416778536138
22,105,0.6923076923076924,0.0125930304960941
22,106,0.8951048951048951,8.36658642909172e-05
22,107,0.8321678321678322,0.0007854416778536138
22,108,0.6923076923076924,0.0125930304960941
22,109,1.0,0.0
22,110,0.9790209790209792,3.0898013985487064e-08
22,111,0.8741258741258742,0.0002007130733242317
22,112,1.0,0.0
22,113,0.9790209790209792,3.0898013985487064e-08
22,114,0.8741258741258742,0.0002007130733242317
22,115,0.8951048951048951,8.36658642909172e-05
22,116,0.8321678321678322,0.0007854416778536138
22,117,0.6923076923076924,0.0125930304960941
22,118,0.8951048951048951,8.36658642909172e-05
22,119,0.8321678321678322,0.0007854416778536138
22,120,0.6923076923076924,0.0125930304960941
22,121,0.8951048951048951,8.36658642909172e-05
22,122,0.8321678321678322,0.0007854416778536138
22,123,0.6923076923076924,0.0125930304960941
22,124,0.8951048951048951,8.36658642909172e-05
22,125,0.8321678321678322,0.0007854416778536138
22,126,0.6923076923076924,0.0125930304960941
22,127,1.0,0.0
22,128,0.9790209790209792,3.0898013985487064e-08
22,129,0.8741258741258742,0.0002007130733242317
22,130,1.0,0.0
22,131,0.9790209790209792,3.0898013985487064e-08
22,132,0.8741258741258742,0.0002007130733242317
22,133,0.8951048951048951,8.36658642909172e-05
22,134,0.8321678321678322,0.0007854416778536138
22,135,0.6923076923076924,0.0125930304960941
22,136,0.8951048951048951,8.36658642909172e-05
22,137,0.8321678321678322,0.0007854416778536138
22,138,0.6923076923076924,0.0125930304960941
22,139,0.8951048951048951,8.36658642909172e-05
22,140,0.8321678321678322,0.0007854416778536138
22,141,0.6923076923076924,0.0125930304960941
22,142,0.8951048951048951,8.36658642909172e-05
22,143,0.8321678321678322,0.0007854416778536138
22,144,0.6923076923076924,0.0125930304960941
22,145,1.0,0.0
22,146,0.9790209790209792,3.0898013985487064e-08
22,147,0.8741258741258742,0.0002007130733242317
22,148,1.0,0.0
22,149,0.9790209790209792,3.0898013985487064e-08
22,150,0.8741258741258742,0.0002007130733242317
22,151,0.8951048951048951,8.36658642909172e-05
22,152,0.8321678321678322,0.0007854416778536138
22,153,0.6923076923076924,0.0125930304960941
22,154,0.8951048951048951,8.36658642909172e-05
22,155,0.8321678321678322,0.0007854416778536138
22,156,0.6923076923076924,0.0125930304960941
22,157,0.8951048951048951,8.36658642909172e-05
22,158,0.8321678321678322,0.0007854416778536138
22,159,0.6923076923076924,0.0125930304960941
22,160,0.8951048951048951,8.36658642909172e-05
22,161,0.8321678321678322,0.0007854416778536138
22,162,0.6923076923076924,0.0125930304960941
23,24,0.9440559440559443,3.927261080965951e-06
23,25,0.8741258741258742,0.0002007130733242317
23,26,0.8531468531468532,0.0004181179404149969
23,27,0.7692307692307694,0.0034464502618274493
23,28,0.8741258741258742,0.0002007130733242317
23,29,0.8531468531468532,0.0004181179404149969
23,30,0.7692307692307694,0.0034464502618274493
23,31,0.8741258741258742,0.0002007130733242317
23,32,0.8531468531468532,0.0004181179404149969
23,33,0.7692307692307694,0.0034464502618274493
23,34,0.8741258741258742,0.0002007130733242317
23,35,0.8531468531468532,0.0004181179404149969
23,36,0.7692307692307694,0.0034464502618274493
23,37,0.9790209790209792,3.0898013985487064e-08
23,38,1.0,0.0
23,39,0.9440559440559443,3.927261080965951e-06
23,40,0.9790209790209792,3.0898013985487064e-08
23,41,1.0,0.0
23,42,0.9440559440559443,3.927261080965951e-06
23,43,0.8741258741258742,0.0002007130733242317
23,44,0.8531468531468532,0.0004181179404149969
23,45,0.7692307692307694,0.0034464502618274493
23,46,0.8741258741258742,0.0002007130733242317
23,47,0.8531468531468532,0.0004181179404149969
23,48,0.7692307692307694,0.0034464502618274493
23,49,0.8741258741258742,0.0002007130733242317
23,50,0.8531468531468532,0.0004181179404149969
23,51,0.7692307692307694,0.0034464502618274493
23,52,0.8741258741258742,0.0002007130733242317
23,53,0.8531468531468532,0.0004181179404149969
23,54,0.7692307692307694,0.0034464502618274493
23,55,0.9790209790209792,3.0898013985487064e-08
23,56,1.0,0.0
23,57,0.9440559440559443,3.927261080965951e-06
23,58,0.9790209790209792,3.0898013985487064e-08
23,59,1.0,0.0
23,60,0.9440559440559443,3.927261080965951e-06
23,61,0.8741258741258742,0.0002007130733242317
23,62,0.8531468531468532,0.0004181179404149969
23,63,0.7692307692307694,0.0034464502618274493
23,64,0.8741258741258742,0.0002007130733242317
23,65,0.8531468531468532,0.0004181179404149969
23,66,0.7692307692307694,0.0034464502618274493
23,67,0.8741258741258742,0.0002007130733242317
23,68,0.8531468531468532,0.0004181179404149969
23,69,0.7692307692307694,0.0034464502618274493
23,70,0.8741258741258742,0.0002007130733242317
23,71,0.8531468531468532,0.0004181179404149969
23,72,0.7692307692307694,0.0034464502618274493
23,73,0.9790209790209792,3.0898013985487064e-08
23,74,1.0,0.0
23,75,0.9440559440559443,3.927261080965951e-06
23,76,0.9790209790209792,3.0898013985487064e-08
23,77,1.0,0.0
23,78,0.9440559440559443,3.927261080965951e-06
23,79,0.8741258741258742,0.0002007130733242317
23,80,0.8531468531468532,0.0004181179404149969
23,81,0.7692307692307694,0.0034464502618274493
23,82,0.8741258741258742,0.0002007130733242317
23,83,0.8531468531468532,0.0004181179404149969
23,84,0.7692307692307694,0.0034464502618274493
23,85,0.8741258741258742,0.0002007130733242317
23,86,0.8531468531468532,0.0004181179404149969
23,87,0.7692307692307694,0.0034464502618274493
23,88,0.8741258741258742,0.0002007130733242317
23,89,0.8531468531468532,0.0004181179404149969
23,90,0.7692307692307694,0.0034464502618274493
23,91,0.9790209790209792,3.0898013985487064e-08
23,92,1.0,0.0
23,93,0.9440559440559443,3.927261080965951e-06
23,94,0.9790209790209792,3.0898013985487064e-08
23,95,1.0,0.0
23,96,0.9440559440559443,3.927261080965951e-06
23,97,0.8741258741258742,0.0002007130733242317
23,98,0.8531468531468532,0.0004181179404149969
23,99,0.7692307692307694,0.0034464502618274493
23,100,0.8741258741258742,0.0002007130733242317
23,101,0.8531468531468532,0.0004181179404149969
23,102,0.7692307692307694,0.0034464502618274493
23,103,0.8741258741258742,0.0002007130733242317
23,104,0.8531468531468532,0.0004181179404149969
23,105,0.7692307692307694,0.0034464502618274493
23,106,0.8741258741258742,0.0002007130733242317
23,107,0.8531468531468532,0.0004181179404149969
23,108,0.7692307692307694,0.0034464502618274493
23,109,0.9790209790209792,3.0898013985487064e-08
23,110,1.0,0.0
23,111,0.9440559440559443,3.927261080965951e-06
23,112,0.9790209790209792,3.0898013985487064e-08
23,113,1.0,0.0
23,114,0.9440559440559443,3.927261080965951e-06
23,115,0.8741258741258742,0.0002007130733242317
23,116,0.8531468531468532,0.0004181179404149969
23,117,0.7692307692307694,0.0034464502618274493
23,118,0.8741258741258742,0.0002007130733242317
23,119,0.8531468531468532,0.0004181179404149969
23,120,0.7692307692307694,0.0034464502618274493
23,121,0.8741258741258742,0.0002007130733242317
23,122,0.8531468531468532,0.0004181179404149969
23,123,0.7692307692307694,0.0034464502618274493
23,124,0.8741258741258742,0.0002007130733242317
23,125,0.8531468531468532,0.0004181179404149969
23,126,0.7692307692307694,0.0034464502618274493
23,127,0.9790209790209792,3.0898013985487064e-08
23,128,1.0,0.0
23,129,0.9440559440559443,3.927261080965951e-06
23,130,0.9790209790209792,3.0898013985487064e-08
23,131,1.0,0.0
23,132,0.9440559440559443,3.927261080965951e-06
23,133,0.8741258741258742,0.0002007130733242317
23,134,0.8531468531468532,0.0004181179404149969
23,135,0.7692307692307694,0.0034464502618274493
23,136,0.8741258741258742,0.0002007130733242317
23,137,0.8531468531468532,0.0004181179404149969
23,138,0.7692307692307694,0.0034464502618274493
23,139,0.8741258741258742,0.0002007130733242317
23,140,0.8531468531468532,0.0004181179404149969
23,141,0.7692307692307694,0.0034464502618274493
23,142,0.8741258741258742,0.0002007130733242317
23,143,0.8531468531468532,0.0004181179404149969
23,144,0.7692307692307694,0.0034464502618274493
23,145,0.9790209790209792,3.0898013985487064e-08
23,146,1.0,0.0
23,147,0.9440559440559443,3.927261080965951e-06
23,148,0.9790209790209792,3.0898013985487064e-08
23,149,1.0,0.0
23,150,0.9440559440559443,3.927261080965951e-06
23,151,0.8741258741258742,0.0002007130733242317
23,152,0.8531468531468532,0.0004181179404149969
23,153,0.7692307692307694,0.0034464502618274493
23,154,0.8741258741258742,0.0002007130733242317
23,155,0.8531468531468532,0.0004181179404149969
23,156,0.7692307692307694,0.0034464502618274493
23,157,0.8741258741258742,0.0002007130733242317
23,158,0.8531468531468532,0.0004181179404149969
23,159,0.7692307692307694,0.0034464502618274493
23,160,0.8741258741258742,0.0002007130733242317
23,161,0.8531468531468532,0.0004181179404149969
23,162,0.7692307692307694,0.0034464502618274493
24,25,0.8041958041958043,0.0016147689860699299
24,26,0.8461538461538463,0.0005211337004810046
24,27,0.8741258741258742,0.0002007130733242317
24,28,0.8041958041958043,0.0016147689860699299
24,29,0.8461538461538463,0.0005211337004810046
24,30,0.8741258741258742,0.0002007130733242317
24,31,0.8041958041958043,0.0016147689860699299
24,32,0.8461538461538463,0.0005211337004810046
24,33,0.8741258741258742,0.0002007130733242317
24,34,0.8041958041958043,0.0016147689860699299
24,35,0.8461538461538463,0.0005211337004810046
24,36,0.8741258741258742,0.0002007130733242317
24,37,0.8741258741258742,0.0002007130733242317
24,38,0.9440559440559443,3.927261080965951e-06
24,39,1.0,0.0
24,40,0.8741258741258742,0.0002007130733242317
24,41,0.9440559440559443,3.927261080965951e-06
24,42,1.0,0.0
24,43,0.8041958041958043,0.0016147689860699299
24,44,0.8461538461538463,0.0005211337004810046
24,45,0.8741258741258742,0.0002007130733242317
24,46,0.8041958041958043,0.0016147689860699299
24,47,0.8461538461538463,0.0005211337004810046
24,48,0.8741258741258742,0.0002007130733242317
24,49,0.8041958041958043,0.0016147689860699299
24,50,0.8461538461538463,0.0005211337004810046
24,51,0.8741258741258742,0.0002007130733242317
24,52,0.8041958041958043,0.0016147689860699299
24,53,0.8461538461538463,0.0005211337004810046
24,54,0.8741258741258742,0.0002007130733242317
24,55,0.8741258741258742,0.0002007130733242317
24,56,0.9440559440559443,3.927261080965951e-06
24,57,1.0,0.0
24,58,0.8741258741258742,0.0002007130733242317
24,59,0.9440559440559443,3.927261080965951e-06
24,60,1.0,0.0
24,61,0.8041958041958043,0.0016147689860699299
24,62,0.8461538461538463,0.0005211337004810046
24,63,0.8741258741258742,0.0002007130733242317
24,64,0.8041958041958043,0.0016147689860699299
24,65,0.8461538461538463,0.0005211337004810046
24,66,0.8741258741258742,0.0002007130733242317
24,67,0.8041958041958043,0.0016147689860699299
24,68,0.8461538461538463,0.0005211337004810046
24,69,0.8741258741258742,0.0002007130733242317
24,70,0.8041958041958043,0.0016147689860699299
24,71,0.8461538461538463,0.0005211337004810046
24,72,0.8741258741258742,0.0002007130733242317
24,73,0.8741258741258742,0.0002007130733242317
24,74,0.9440559440559443,3.927261080965951e-06
24,75,1.0,0.0
24,76,0.8741258741258742,0.0002007130733242317
24,77,0.9440559440559443,3.927261080965951e-06
24,78,1.0,0.0
24,79,0.8041958041958043,0.0016147689860699299
24,80,0.8461538461538463,0.0005211337004810046
24,81,0.8741258741258742,0.0002007130733242317
24,82,0.8041958041958043,0.0016147689860699299
24,83,0.8461538461538463,0.0005211337004810046
24,84,0.8741258741258742,0.0002007130733242317
24,85,0.8041958041958043,0.0016147689860699299
24,86,0.8461538461538463,0.0005211337004810046
24,87,0.8741258741258742,0.0002007130733242317
24,88,0.8041958041958043,0.0016147689860699299
24,89,0.8461538461538463,0.0005211337004810046
24,90,0.8741258741258742,0.0002007130733242317
24,91,0.8741258741258742,0.0002007130733242317
24,92,0.9440559440559443,3.927261080965951e-06
24,93,1.0,0.0
24,94,0.8741258741258742,0.0002007130733242317
24,95,0.9440559440559443,3.927261080965951e-06
24,96,1.0,0.0
24,97,0.8041958041958043,0.0016147689860699299
24,98,0.8461538461538463,0.0005211337004810046
24,99,0.8741258741258742,0.0002007130733242317
24,100,0.8041958041958043,0.0016147689860699299
24,101,0.8461538461538463,0.0005211337004810046
24,102,0.8741258741258742,0.0002007130733242317
24,103,0.8041958041958043,0.0016147689860699299
24,104,0.8461538461538463,0.0005211337004810046
24,105,0.8741258741258742,0.0002007130733242317
24,106,0.8041958041958043,0.0016147689860699299
24,107,0.8461538461538463,0.0005211337004810046
24,108,0.8741258741258742,0.0002007130733242317
24,109,0.8741258741258742,0.0002007130733242317
24,110,0.9440559440559443,3.927261080965951e-06
24,111,1.0,0.0
24,112,0.8741258741258742,0.0002007130733242317
24,113,0.9440559440559443,3.927261080965951e-06
24,114,1.0,0.0
24,115,0.8041958041958043,0.0016147689860699299
24,116,0.8461538461538463,0.0005211337004810046
24,117,0.8741258741258742,0.0002007130733242317
24,118,0.8041958041958043,0.0016147689860699299
24,119,0.8461538461538463,0.0005211337004810046
24,120,0.8741258741258742,0.0002007130733242317
24,121,0.8041958041958043,0.0016147689860699299
24,122,0.8461538461538463,0.0005211337004810046
24,123,0.8741258741258742,0.0002007130733242317
24,124,0.8041958041958043,0.0016147689860699299
24,125,0.8461538461538463,0.0005211337004810046
24,126,0.8741258741258742,0.0002007130733242317
24,127,0.8741258741258742,0.0002007130733242317
24,128,0.9440559440559443,3.927261080965951e-06
24,129,1.0,0.0
24,130,0.8741258741258742,0.0002007130733242317
24,131,0.9440559440559443,3.927261080965951e-06
24,132,1.0,0.0
24,133,0.8041958041958043,0.0016147689860699299
24,134,0.8461538461538463,0.0005211337004810046
24,135,0.8741258741258742,0.0002007130733242317
24,136,0.8041958041958043,0.0016147689860699299
24,137,0.8461538461538463,0.0005211337004810046
24,138,0.8741258741258742,0.0002007130733242317
24,139,0.8041958041958043,0.0016147689860699299
24,140,0.8461538461538463,0.0005211337004810046
24,141,0.8741258741258742,0.0002007130733242317
24,142,0.8041958041958043,0.0016147689860699299
24,143,0.8461538461538463,0.0005211337004810046
24,144,0.8741258741258742,0.0002007130733242317
24,145,0.8741258741258742,0.0002007130733242317
24,146,0.9440559440559443,3.927261080965951e-06
24,147,1.0,0.0
24,148,0.8741258741258742,0.0002007130733242317
24,149,0.9440559440559443,3.927261080965951e-06
24,150,1.0,0.0
24,151,0.8041958041958043,0.0016147689860699299
24,152,0.8461538461538463,0.0005211337004810046
24,153,0.8741258741258742,0.0002007130733242317
24,154,0.8041958041958043,0.0016147689860699299
24,155,0.8461538461538463,0.0005211337004810046
24,156,0.8741258741258742,0.0002007130733242317
24,157,0.8041958041958043,0.0016147689860699299
24,158,0.8461538461538463,0.0005211337004810046
24,159,0.8741258741258742,0.0002007130733242317
24,160,0.8041958041958043,0.0016147689860699299
24,161,0.8461538461538463,0.0005211337004810046
24,162,0.8741258741258742,0.0002007130733242317
25,26,0.9720279720279721,1.2868115751495034e-07
25,27,0.8391608391608393,0.0006428259886278202
25,28,1.0,0.0
25,29,0.9720279720279721,1.2868115751495034e-07
25,30,0.8391608391608393,0.0006428259886278202
25,31,1.0,0.0
25,32,0.9720279720279721,1.2868115751495034e-07
25,33,0.8391608391608393,0.0006428259886278202
25,34,1.0,0.0
25,35,0.9720279720279721,1.2868115751495034e-07
25,36,0.8391608391608393,0.0006428259886278202
25,37,0.8951048951048951,8.36658642909172e-05
25,38,0.8741258741258742,0.0002007130733242317
25,39,0.8041958041958043,0.0016147689860699299
25,40,0.8951048951048951,8.36658642909172e-05
25,41,0.8741258741258742,0.0002007130733242317
25,42,0.8041958041958043,0.0016147689860699299
25,43,1.0,0.0
25,44,0.9720279720279721,1.2868115751495034e-07
25,45,0.8391608391608393,0.0006428259886278202
25,46,1.0,0.0
25,47,0.9720279720279721,1.2868115751495034e-07
25,48,0.8391608391608393,0.0006428259886278202
25,49,1.0,0.0
25,50,0.9720279720279721,1.2868115751495034e-07
25,51,0.8391608391608393,0.0006428259886278202
25,52,1.0,0.0
25,53,0.9720279720279721,1.2868115751495034e-07
25,54,0.8391608391608393,0.0006428259886278202
25,55,0.8951048951048951,8.36658642909172e-05
25,56,0.8741258741258742,0.0002007130733242317
25,57,0.8041958041958043,0.0016147689860699299
25,58,0.8951048951048951,8.36658642909172e-05
25,59,0.8741258741258742,0.0002007130733242317
25,60,0.8041958041958043,0.0016147689860699299
25,61,1.0,0.0
25,62,0.9720279720279721,1.2868115751495034e-07
25,63,0.8391608391608393,0.0006428259886278202
25,64,1.0,0.0
25,65,0.9720279720279721,1.2868115751495034e-07
25,66,0.8391608391608393,0.0006428259886278202
25,67,1.0,0.0
25,68,0.9720279720279721,1.2868115751495034e-07
25,69,0.8391608391608393,0.0006428259886278202
25,70,1.0,0.0
25,71,0.9720279720279721,1.2868115751495034e-07
25,72,0.8391608391608393,0.0006428259886278202
25,73,0.8951048951048951,8.36658642909172e-05
25,74,0.8741258741258742,0.0002007130733242317
25,75,0.8041958041958043,0.0016147689860699299
25,76,0.8951048951048951,8.36658642909172e-05
25,77,0.8741258741258742,0.0002007130733242317
25,78,0.8041958041958043,0.0016147689860699299
25,79,1.0,0.0
25,80,0.9720279720279721,1.2868115751495034e-07
25,81,0.8391608391608393,0.0006428259886278202
25,82,1.0,0.0
25,83,0.9720279720279721,1.2868115751495034e-07
25,84,0.8391608391608393,0.0006428259886278202
25,85,1.0,0.0
25,86,0.9720279720279721,1.2868115751495034e-07
25,87,0.8391608391608393,0.0006428259886278202
25,88,1.0,0.0
25,89,0.9720279720279721,1.2868115751495034e-07
25,90,0.8391608391608393,0.0006428259886278202
25,91,0.8951048951048951,8.36658642909172e-05
25,92,0.8741258741258742,0.0002007130733242317
25,93,0.8041958041958043,0.0016147689860699299
25,94,0.8951048951048951,8.36658642909172e-05
25,95,0.8741258741258742,0.0002007130733242317
25,96,0.8041958041958043,0.0016147689860699299
25,97,1.0,0.0
25,98,0.9720279720279721,1.2868115751495034e-07
25,99,0.8391608391608393,0.0006428259886278202
25,100,1.0,0.0
25,101,0.9720279720279721,1.2868115751495034e-07
25,102,0.8391608391608393,0.0006428259886278202
25,103,1.0,0.0
25,104,0.9720279720279721,1.2868115751495034e-07
25,105,0.8391608391608393,0.0006428259886278202
25,106,1.0,0.0
25,107,0.9720279720279721,1.2868115751495034e-07
25,108,0.8391608391608393,0.0006428259886278202
25,109,0.8951048951048951,8.36658642909172e-05
25,110,0.8741258741258742,0.0002007130733242317
25,111,0.8041958041958043,0.0016147689860699299
25,112,0.8951048951048951,8.36658642909172e-05
25,113,0.8741258741258742,0.0002007130733242317
25,114,0.8041958041958043,0.0016147689860699299
25,115,1.0,0.0
25,116,0.9720279720279721,1.2868115751495034e-07
25,117,0.8391608391608393,0.0006428259886278202
25,118,1.0,0.0
25,119,0.9720279720279721,1.2868115751495034e-07
25,120,0.8391608391608393,0.0006428259886278202
25,121,1.0,0.0
25,122,0.9720279720279721,1.2868115751495034e-07
25,123,0.8391608391608393,0.0006428259886278202
25,124,1.0,0.0
25,125,0.9720279720279721,1.2868115751495034e-07
25,126,0.8391608391608393,0.0006428259886278202
25,127,0.8951048951048951,8.36658642909172e-05
25,128,0.8741258741258742,0.0002007130733242317
25,129,0.8041958041958043,0.0016147689860699299
25,130,0.8951048951048951,8.36658642909172e-05
25,131,0.8741258741258742,0.0002007130733242317
25,132,0.8041958041958043,0.0016147689860699299
25,133,1.0,0.0
25,134,0.9720279720279721,1.2868115751495034e-07
25,135,0.8391608391608393,0.0006428259886278202
25,136,1.0,0.0
25,137,0.9720279720279721,1.2868115751495034e-07
25,138,0.8391608391608393,0.0006428259886278202
25,139,1.0,0.0
25,140,0.9720279720279721,1.2868115751495034e-07
25,141,0.8391608391608393,0.0006428259886278202
25,142,1.0,0.0
25,143,0.9720279720279721,1.2868115751495034e-07
25,144,0.8391608391608393,0.0006428259886278202
25,145,0.8951048951048951,8.36658642909172e-05
25,146,0.8741258741258742,0.0002007130733242317
25,147,0.8041958041958043,0.0016147689860699299
25,148,0.8951048951048951,8.36658642909172e-05
25,149,0.8741258741258742,0.0002007130733242317
25,150,0.8041958041958043,0.0016147689860699299
25,151,1.0,0.0
25,152,0.9720279720279721,1.2868115751495034e-07
25,153,0.8391608391608393,0.0006428259886278202
25,154,1.0,0.0
25,155,0.9720279720279721,1.2868115751495034e-07
25,156,0.8391608391608393,0.0006428259886278202
25,157,1.0,0.0
25,158,0.9720279720279721,1.2868115751495034e-07
25,159,0.8391608391608393,0.0006428259886278202
25,160,1.0,0.0
25,161,0.9720279720279721,1.2868115751495034e-07
25,162,0.8391608391608393,0.0006428259886278202
26,27,0.9300699300699302,1.170222792865967e-05
26,28,0.9720279720279721,1.2868115751495034e-07
26,29,1.0,0.0
26,30,0.9300699300699302,1.170222792865967e-05
26,31,0.9720279720279721,1.2868115751495034e-07
26,32,1.0,0.0
26,33,0.9300699300699302,1.170222792865967e-05
26,34,0.9720279720279721,1.2868115751495034e-07
26,35,1.0,0.0
26,36,0.9300699300699302,1.170222792865967e-05
26,37,0.8321678321678322,0.0007854416778536138
26,38,0.8531468531468532,0.0004181179404149969
26,39,0.8461538461538463,0.0005211337004810046
26,40,0.8321678321678322,0.0007854416778536138
26,41,0.8531468531468532,0.0004181179404149969
26,42,0.8461538461538463,0.0005211337004810046
26,43,0.9720279720279721,1.2868115751495034e-07
26,44,1.0,0.0
26,45,0.9300699300699302,1.170222792865967e-05
26,46,0.9720279720279721,1.2868115751495034e-07
26,47,1.0,0.0
26,48,0.9300699300699302,1.170222792865967e-05
26,49,0.9720279720279721,1.2868115751495034e-07
26,50,1.0,0.0
26,51,0.9300699300699302,1.170222792865967e-05
26,52,0.9720279720279721,1.2868115751495034e-07
26,53,1.0,0.0
26,54,0.9300699300699302,1.170222792865967e-05
26,55,0.8321678321678322,0.0007854416778536138
26,56,0.8531468531468532,0.0004181179404149969
26,57,0.8461538461538463,0.0005211337004810046
26,58,0.8321678321678322,0.0007854416778536138
26,59,0.8531468531468532,0.0004181179404149969
26,60,0.8461538461538463,0.0005211337004810046
26,61,0.9720279720279721,1.2868115751495034e-07
26,62,1.0,0.0
26,63,0.9300699300699302,1.170222792865967e-05
26,64,0.9720279720279721,1.2868115751495034e-07
26,65,1.0,0.0
26,66,0.9300699300699302,1.170222792865967e-05
26,67,0.9720279720279721,1.2868115751495034e-07
26,68,1.0,0.0
26,69,0.9300699300699302,1.170222792865967e-05
26,70,0.9720279720279721,1.2868115751495034e-07
26,71,1.0,0.0
26,72,0.9300699300699302,1.170222792865967e-05
26,73,0.8321678321678322,0.0007854416778536138
26,74,0.8531468531468532,0.0004181179404149969
26,75,0.8461538461538463,0.0005211337004810046
26,76,0.8321678321678322,0.0007854416778536138
26,77,0.8531468531468532,0.0004181179404149969
26,78,0.8461538461538463,0.0005211337004810046
26,79,0.9720279720279721,1.2868115751495034e-07
26,80,1.0,0.0
26,81,0.9300699300699302,1.170222792865967e-05
26,82,0.9720279720279721,1.2868115751495034e-07
26,83,1.0,0.0
26,84,0.9300699300699302,1.170222792865967e-05
26,85,0.9720279720279721,1.2868115751495034e-07
26,86,1.0,0.0
26,87,0.9300699300699302,1.170222792865967e-05
26,88,0.9720279720279721,1.2868115751495034e-07
26,89,1.0,0.0
26,90,0.9300699300699302,1.170222792865967e-05
26,91,0.8321678321678322,0.0007854416778536138
26,92,0.8531468531468532,0.0004181179404149969
26,93,0.8461538461538463,0.0005211337004810046
26,94,0.8321678321678322,0.0007854416778536138
26,95,0.8531468531468532,0.0004181179404149969
26,96,0.8461538461538463,0.0005211337004810046
26,97,0.9720279720279721,1.2868115751495034e-07
26,98,1.0,0.0
26,99,0.9300699300699302,1.170222792865967e-05
26,100,0.9720279720279721,1.2868115751495034e-07
26,101,1.0,0.0
26,102,0.9300699300699302,1.170222792865967e-05
26,103,0.9720279720279721,1.2868115751495034e-07
26,104,1.0,0.0
26,105,0.9300699300699302,1.170222792865967e-05
26,106,0.9720279720279721,1.2868115751495034e-07
26,107,1.0,0.0
26,108,0.9300699300699302,1.170222792865967e-05
26,109,0.8321678321678322,0.0007854416778536138
26,110,0.8531468531468532,0.0004181179404149969
26,111,0.8461538461538463,0.0005211337004810046
26,112,0.8321678321678322,0.0007854416778536138
26,113,0.8531468531468532,0.0004181179404149969
26,114,0.8461538461538463,0.0005211337004810046
26,115,0.9720279720279721,1.2868115751495034e-07
26,116,1.0,0.0
26,117,0.9300699300699302,1.170222792865967e-05
26,118,0.9720279720279721,1.2868115751495034e-07
26,119,1.0,0.0
26,120,0.9300699300699302,1.170222792865967e-05
26,121,0.9720279720279721,1.2868115751495034e-07
26,122,1.0,0.0
26,123,0.9300699300699302,1.170222792865967e-05
26,124,0.9720279720279721,1.2868115751495034e-07
26,125,1.0,0.0
26,126,0.9300699300699302,1.170222792865967e-05
26,127,0.8321678321678322,0.0007854416778536138
26,128,0.8531468531468532,0.0004181179404149969
26,129,0.8461538461538463,0.0005211337004810046
26,130,0.8321678321678322,0.0007854416778536138
26,131,0.8531468531468532,0.0004181179404149969
26,132,0.8461538461538463,0.0005211337004810046
26,133,0.9720279720279721,1.2868115751495034e-07
26,134,1.0,0.0
26,135,0.9300699300699302,1.170222792865967e-05
26,136,0.9720279720279721,1.2868115751495034e-07
26,137,1.0,0.0
26,138,0.9300699300699302,1.170222792865967e-05
26,139,0.9720279720279721,1.2868115751495034e-07
26,140,1.0,0.0
26,141,0.9300699300699302,1.170222792865967e-05
26,142,0.9720279720279721,1.2868115751495034e-07
26,143,1.0,0.0
26,144,0.9300699300699302,1.170222792865967e-05
26,145,0.8321678321678322,0.0007854416778536138
26,146,0.8531468531468532,0.0004181179404149969
26,147,0.8461538461538463,0.0005211337004810046
26,148,0.8321678321678322,0.0007854416778536138
26,149,0.8531468531468532,0.0004181179404149969
26,150,0.8461538461538463,0.0005211337004810046
26,151,0.9720279720279721,1.2868115751495034e-07
26,152,1.0,0.0
26,153,0.9300699300699302,1.170222792865967e-05
26,154,0.9720279720279721,1.2868115751495034e-07
26,155,1.0,0.0
26,156,0.9300699300699302,1.170222792865967e-05
26,157,0.9720279720279721,1.2868115751495034e-07
26,158,1.0,0.0
26,159,0.9300699300699302,1.170222792865967e-05
26,160,0.9720279720279721,1.2868115751495034e-07
26,161,1.0,0.0
26,162,0.9300699300699302,1.170222792865967e-05
27,28,0.8391608391608393,0.0006428259886278202
27,29,0.9300699300699302,1.170222792865967e-05
27,30,1.0,0.0
27,31,0.8391608391608393,0.0006428259886278202
27,32,0.9300699300699302,1.170222792865967e-05
27,33,1.0,0.0
27,34,0.8391608391608393,0.0006428259886278202
27,35,0.9300699300699302,1.170222792865967e-05
27,36,1.0,0.0
27,37,0.6923076923076924,0.0125930304960941
27,38,0.7692307692307694,0.0034464502618274493
27,39,0.8741258741258742,0.0002007130733242317
27,40,0.6923076923076924,0.0125930304960941
27,41,0.7692307692307694,0.0034464502618274493
27,42,0.8741258741258742,0.0002007130733242317
27,43,0.8391608391608393,0.0006428259886278202
27,44,0.9300699300699302,1.170222792865967e-05
27,45,1.0,0.0
27,46,0.8391608391608393,0.0006428259886278202
27,47,0.9300699300699302,1.170222792865967e-05
27,48,1.0,0.0
27,49,0.8391608391608393,0.0006428259886278202
27,50,0.9300699300699302,1.170222792865967e-05
27,51,1.0,0.0
27,52,0.8391608391608393,0.0006428259886278202
27,53,0.9300699300699302,1.170222792865967e-05
27,54,1.0,0.0
27,55,0.6923076923076924,0.0125930304960941
27,56,0.7692307692307694,0.0034464502618274493
27,57,0.8741258741258742,0.0002007130733242317
27,58,0.6923076923076924,0.0125930304960941
27,59,0.7692307692307694,0.0034464502618274493
27,60,0.8741258741258742,0.0002007130733242317
27,61,0.8391608391608393,0.0006428259886278202
27,62,0.9300699300699302,1.170222792865967e-05
27,63,1.0,0.0
27,64,0.8391608391608393,0.0006428259886278202
27,65,0.9300699300699302,1.170222792865967e-05
27,66,1.0,0.0
27,67,0.8391608391608393,0.0006428259886278202
27,68,0.9300699300699302,1.170222792865967e-05
27,69,1.0,0.0
27,70,0.8391608391608393,0.0006428259886278202
27,71,0.9300699300699302,1.170222792865967e-05
27,72,1.0,0.0
27,73,0.6923076923076924,0.0125930304960941
27,74,0.7692307692307694,0.0034464502618274493
27,75,0.8741258741258742,0.0002007130733242317
27,76,0.6923076923076924,0.0125930304960941
27,77,0.7692307692307694,0.0034464502618274493
27,78,0.8741258741258742,0.0002007130733242317
27,79,0.8391608391608393,0.0006428259886278202
27,80,0.9300699300699302,1.170222792865967e-05
27,81,1.0,0.0
27,82,0.8391608391608393,0.0006428259886278202
27,83,0.9300699300699302,1.170222792865967e-05
27,84,1.0,0.0
27,85,0.8391608391608393,0.0006428259886278202
27,86,0.9300699300699302,1.170222792865967e-05
27,87,1.0,0.0
27,88,0.8391608391608393,0.0006428259886278202
27,89,0.9300699300699302,1.170222792865967e-05
27,90,1.0,0.0
27,91,0.6923076923076924,0.0125930304960941
27,92,0.7692307692307694,0.0034464502618274493
27,93,0.8741258741258742,0.0002007130733242317
27,94,0.6923076923076924,0.0125930304960941
27,95,0.7692307692307694,0.0034464502618274493
27,96,0.8741258741258742,0.0002007130733242317
27,97,0.8391608391608393,0.0006428259886278202
27,98,0.9300699300699302,1.170222792865967e-05
27,99,1.0,0.0
27,100,0.8391608391608393,0.0006428259886278202
27,101,0.9300699300699302,1.170222792865967e-05
27,102,1.0,0.0
27,103,0.8391608391608393,0.0006428259886278202
27,104,0.9300699300699302,1.170222792865967e-05
27,105,1.0,0.0
27,106,0.8391608391608393,0.0006428259886278202
27,107,0.9300699300699302,1.170222792865967e-05
27,108,1.0,0.0
27,109,0.6923076923076924,0.0125930304960941
27,110,0.7692307692307694,0.0034464502618274493
27,111,0.8741258741258742,0.0002007130733242317
27,112,0.6923076923076924,0.0125930304960941
27,113,0.7692307692307694,0.0034464502618274493
27,114,0.8741258741258742,0.0002007130733242317
27,115,0.8391608391608393,0.0006428259886278202
27,116,0.9300699300699302,1.170222792865967e-05
27,117,1.0,0.0
27,118,0.8391608391608393,0.0006428259886278202
27,119,0.9300699300699302,1.170222792865967e-05
27,120,1.0,0.0
27,121,0.8391608391608393,0.0006428259886278202
27,122,0.9300699300699302,1.170222792865967e-05
27,123,1.0,0.0
27,124,0.8391608391608393,0.0006428259886278202
27,125,0.9300699300699302,1.170222792865967e-05
27,126,1.0,0.0
27,127,0.6923076923076924,0.0125930304960941
27,128,0.7692307692307694,0.0034464502618274493
27,129,0.8741258741258742,0.0002007130733242317
27,130,0.6923076923076924,0.0125930304960941
27,131,0.7692307692307694,0.0034464502618274493
27,132,0.8741258741258742,0.0002007130733242317
27,133,0.8391608391608393,0.0006428259886278202
27,134,0.9300699300699302,1.170222792865967e-05
27,135,1.0,0.0
27,136,0.8391608391608393,0.0006428259886278202
27,137,0.9300699300699302,1.170222792865967e-05
27,138,1.0,0.0
27,139,0.8391608391608393,0.0006428259886278202
27,140,0.9300699300699302,1.170222792865967e-05
27,141,1.0,0.0
27,142,0.8391608391608393,0.0006428259886278202
27,143,0.9300699300699302,1.170222792865967e-05
27,144,1.0,0.0
27,145,0.6923076923076924,0.0125930304960941
27,146,0.7692307692307694,0.0034464502618274493
27,147,0.8741258741258742,0.0002007130733242317
27,148,0.6923076923076924,0.0125930304960941
27,149,0.7692307692307694,0.0034464502618274493
27,150,0.8741258741258742,0.0002007130733242317
27,151,0.8391608391608393,0.0006428259886278202
27,152,0.9300699300699302,1.170222792865967e-05
27,153,1.0,0.0
27,154,0.8391608391608393,0.0006428259886278202
27,155,0.9300699300699302,1.170222792865967e-05
27,156,1.0,0.0
27,157,0.8391608391608393,0.0006428259886278202
27,158,0.9300699300699302,1.170222792865967e-05
27,159,1.0,0.0
27,160,0.8391608391608393,0.0006428259886278202
27,161,0.9300699300699302,1.170222792865967e-05
27,162,1.0,0.0
28,29,0.9720279720279721,1.2868115751495034e-07
28,30,0.8391608391608393,0.0006428259886278202
28,31,1.0,0.0
28,32,0.9720279720279721,1.2868115751495034e-07
28,33,0.8391608391608393,0.0006428259886278202
28,34,1.0,0.0
28,35,0.9720279720279721,1.2868115751495034e-07
28,36,0.8391608391608393,0.0006428259886278202
28,37,0.8951048951048951,8.36658642909172e-05
28,38,0.8741258741258742,0.0002007130733242317
28,39,0.8041958041958043,0.0016147689860699299
28,40,0.8951048951048951,8.36658642909172e-05
28,41,0.8741258741258742,0.0002007130733242317
28,42,0.8041958041958043,0.0016147689860699299
28,43,1.0,0.0
28,44,0.9720279720279721,1.2868115751495034e-07
28,45,0.8391608391608393,0.0006428259886278202
28,46,1.0,0.0
28,47,0.9720279720279721,1.2868115751495034e-07
28,48,0.8391608391608393,0.0006428259886278202
28,49,1.0,0.0
28,50,0.9720279720279721,1.2868115751495034e-07
28,51,0.8391608391608393,0.0006428259886278202
28,52,1.0,0.0
28,53,0.9720279720279721,1.2868115751495034e-07
28,54,0.8391608391608393,0.0006428259886278202
28,55,0.8951048951048951,8.36658642909172e-05
28,56,0.8741258741258742,0.0002007130733242317
28,57,0.8041958041958043,0.0016147689860699299
28,58,0.8951048951048951,8.36658642909172e-05
28,59,0.8741258741258742,0.0002007130733242317
28,60,0.8041958041958043,0.0016147689860699299
28,61,1.0,0.0
28,62,0.9720279720279721,1.2868115751495034e-07
28,63,0.8391608391608393,0.0006428259886278202
28,64,1.0,0.0
28,65,0.9720279720279721,1.2868115751495034e-07
28,66,0.8391608391608393,0.0006428259886278202
28,67,1.0,0.0
28,68,0.9720279720279721,1.2868115751495034e-07
28,69,0.8391608391608393,0.0006428259886278202
28,70,1.0,0.0
28,71,0.9720279720279721,1.2868115751495034e-07
28,72,0.8391608391608393,0.0006428259886278202
28,73,0.8951048951048951,8.36658642909172e-05
28,74,0.8741258741258742,0.0002007130733242317
28,75,0.8041958041958043,0.0016147689860699299
28,76,0.8951048951048951,8.36658642909172e-05
28,77,0.8741258741258742,0.0002007130733242317
28,78,0.8041958041958043,0.0016147689860699299
28,79,1.0,0.0
28,80,0.9720279720279721,1.2868115751495034e-07
28,81,0.8391608391608393,0.0006428259886278202
28,82,1.0,0.0
28,83,0.9720279720279721,1.2868115751495034e-07
28,84,0.8391608391608393,0.0006428259886278202
28,85,1.0,0.0
28,86,0.9720279720279721,1.2868115751495034e-07
28,87,0.8391608391608393,0.0006428259886278202
28,88,1.0,0.0
28,89,0.9720279720279721,1.2868115751495034e-07
28,90,0.8391608391608393,0.0006428259886278202
28,91,0.8951048951048951,8.36658642909172e-05
28,92,0.8741258741258742,0.0002007130733242317
28,93,0.8041958041958043,0.0016147689860699299
28,94,0.8951048951048951,8.36658642909172e-05
28,95,0.8741258741258742,0.0002007130733242317
28,96,0.8041958041958043,0.0016147689860699299
28,97,1.0,0.0
28,98,0.9720279720279721,1.2868115751495034e-07
28,99,0.8391608391608393,0.0006428259886278202
28,100,1.0,0.0
28,101,0.9720279720279721,1.2868115751495034e-07
28,102,0.8391608391608393,0.0006428259886278202
28,103,1.0,0.0
28,104,0.9720279720279721,1.2868115751495034e-07
28,105,0.8391608391608393,0.0006428259886278202
28,106,1.0,0.0
28,107,0.9720279720279721,1.2868115751495034e-07
28,108,0.8391608391608393,0.0006428259886278202
28,109,0.8951048951048951,8.36658642909172e-05
28,110,0.8741258741258742,0.0002007130733242317
28,111,0.8041958041958043,0.0016147689860699299
28,112,0.8951048951048951,8.36658642909172e-05
28,113,0.8741258741258742,0.0002007130733242317
28,114,0.8041958041958043,0.0016147689860699299
28,115,1.0,0.0
28,116,0.9720279720279721,1.2868115751495034e-07
28,117,0.8391608391608393,0.0006428259886278202
28,118,1.0,0.0
28,119,0.9720279720279721,1.2868115751495034e-07
28,120,0.8391608391608393,0.0006428259886278202
28,121,1.0,0.0
28,122,0.9720279720279721,1.2868115751495034e-07
28,123,0.8391608391608393,0.0006428259886278202
28,124,1.0,0.0
28,125,0.9720279720279721,1.2868115751495034e-07
28,126,0.8391608391608393,0.0006428259886278202
28,127,0.8951048951048951,8.36658642909172e-05
28,128,0.8741258741258742,0.0002007130733242317
28,129,0.8041958041958043,0.0016147689860699299
28,130,0.8951048951048951,8.36658642909172e-05
28,131,0.8741258741258742,0.0002007130733242317
28,132,0.8041958041958043,0.0016147689860699299
28,133,1.0,0.0
28,134,0.9720279720279721,1.2868115751495034e-07
28,135,0.8391608391608393,0.0006428259886278202
28,136,1.0,0.0
28,137,0.9720279720279721,1.2868115751495034e-07
28,138,0.8391608391608393,0.0006428259886278202
28,139,1.0,0.0
28,140,0.9720279720279721,1.2868115751495034e-07
28,141,0.8391608391608393,0.0006428259886278202
28,142,1.0,0.0
28,143,0.9720279720279721,1.2868115751495034e-07
28,144,0.8391608391608393,0.0006428259886278202
28,145,0.8951048951048951,8.36658642909172e-05
28,146,0.8741258741258742,0.0002007130733242317
28,147,0.8041958041958043,0.0016147689860699299
28,148,0.8951048951048951,8.36658642909172e-05
28,149,0.8741258741258742,0.0002007130733242317
28,150,0.8041958041958043,0.0016147689860699299
28,151,1.0,0.0
28,152,0.9720279720279721,1.2868115751495034e-07
28,153,0.8391608391608393,0.0006428259886278202
28,154,1.0,0.0
28,155,0.9720279720279721,1.2868115751495034e-07
28,156,0.8391608391608393,0.0006428259886278202
28,157,1.0,0.0
28,158,0.9720279720279721,1.2868115751495034e-07
28,159,0.8391608391608393,0.0006428259886278202
28,160,1.0,0.0
28,161,0.9720279720279721,1.2868115751495034e-07
28,162,0.8391608391608393,0.0006428259886278202
29,30,0.9300699300699302,1.170222792865967e-05
29,31,0.9720279720279721,1.2868115751495034e-07
29,32,1.0,0.0
29,33,0.9300699300699302,1.170222792865967e-05
29,34,0.9720279720279721,1.2868115751495034e-07
29,35,1.0,0.0
29,36,0.9300699300699302,1.170222792865967e-05
29,37,0.8321678321678322,0.0007854416778536138
29,38,0.8531468531468532,0.0004181179404149969
29,39,0.8461538461538463,0.0005211337004810046
29,40,0.8321678321678322,0.0007854416778536138
29,41,0.8531468531468532,0.0004181179404149969
29,42,0.8461538461538463,0.0005211337004810046
29,43,0.9720279720279721,1.2868115751495034e-07
29,44,1.0,0.0
29,45,0.9300699300699302,1.170222792865967e-05
29,46,0.9720279720279721,1.2868115751495034e-07
29,47,1.0,0.0
29,48,0.9300699300699302,1.170222792865967e-05
29,49,0.9720279720279721,1.2868115751495034e-07
29,50,1.0,0.0
29,51,0.9300699300699302,1.170222792865967e-05
29,52,0.9720279720279721,1.2868115751495034e-07
29,53,1.0,0.0
29,54,0.9300699300699302,1.170222792865967e-05
29,55,0.8321678321678322,0.0007854416778536138
29,56,0.8531468531468532,0.0004181179404149969
29,57,0.8461538461538463,0.0005211337004810046
29,58,0.8321678321678322,0.0007854416778536138
29,59,0.8531468531468532,0.0004181179404149969
29,60,0.8461538461538463,0.0005211337004810046
29,61,0.9720279720279721,1.2868115751495034e-07
29,62,1.0,0.0
29,63,0.9300699300699302,1.170222792865967e-05
29,64,0.9720279720279721,1.2868115751495034e-07
29,65,1.0,0.0
29,66,0.9300699300699302,1.170222792865967e-05
29,67,0.9720279720279721,1.2868115751495034e-07
29,68,1.0,0.0
29,69,0.9300699300699302,1.170222792865967e-05
29,70,0.9720279720279721,1.2868115751495034e-07
29,71,1.0,0.0
29,72,0.9300699300699302,1.170222792865967e-05
29,73,0.8321678321678322,0.0007854416778536138
29,74,0.8531468531468532,0.0004181179404149969
29,75,0.8461538461538463,0.0005211337004810046
29,76,0.8321678321678322,0.0007854416778536138
29,77,0.8531468531468532,0.0004181179404149969
29,78,0.8461538461538463,0.0005211337004810046
29,79,0.9720279720279721,1.2868115751495034e-07
29,80,1.0,0.0
29,81,0.9300699300699302,1.170222792865967e-05
29,82,0.9720279720279721,1.2868115751495034e-07
29,83,1.0,0.0
29,84,0.9300699300699302,1.170222792865967e-05
29,85,0.9720279720279721,1.2868115751495034e-07
29,86,1.0,0.0
29,87,0.9300699300699302,1.170222792865967e-05
29,88,0.9720279720279721,1.2868115751495034e-07
29,89,1.0,0.0
29,90,0.9300699300699302,1.170222792865967e-05
29,91,0.8321678321678322,0.0007854416778536138
29,92,0.8531468531468532,0.0004181179404149969
29,93,0.8461538461538463,0.0005211337004810046
29,94,0.8321678321678322,0.0007854416778536138
29,95,0.8531468531468532,0.0004181179404149969
29,96,0.8461538461538463,0.0005211337004810046
29,97,0.9720279720279721,1.2868115751495034e-07
29,98,1.0,0.0
29,99,0.9300699300699302,1.170222792865967e-05
29,100,0.9720279720279721,1.2868115751495034e-07
29,101,1.0,0.0
29,102,0.9300699300699302,1.170222792865967e-05
29,103,0.9720279720279721,1.2868115751495034e-07
29,104,1.0,0.0
29,105,0.9300699300699302,1.170222792865967e-05
29,106,0.9720279720279721,1.2868115751495034e-07
29,107,1.0,0.0
29,108,0.9300699300699302,1.170222792865967e-05
29,109,0.8321678321678322,0.0007854416778536138
29,110,0.8531468531468532,0.0004181179404149969
29,111,0.8461538461538463,0.0005211337004810046
29,112,0.8321678321678322,0.0007854416778536138
29,113,0.8531468531468532,0.0004181179404149969
29,114,0.8461538461538463,0.0005211337004810046
29,115,0.9720279720279721,1.2868115751495034e-07
29,116,1.0,0.0
29,117,0.9300699300699302,1.170222792865967e-05
29,118,0.9720279720279721,1.2868115751495034e-07
29,119,1.0,0.0
29,120,0.9300699300699302,1.170222792865967e-05
29,121,0.9720279720279721,1.2868115751495034e-07
29,122,1.0,0.0
29,123,0.9300699300699302,1.170222792865967e-05
29,124,0.9720279720279721,1.2868115751495034e-07
29,125,1.0,0.0
29,126,0.9300699300699302,1.170222792865967e-05
29,127,0.8321678321678322,0.0007854416778536138
29,128,0.8531468531468532,0.0004181179404149969
29,129,0.8461538461538463,0.0005211337004810046
29,130,0.8321678321678322,0.0007854416778536138
29,131,0.8531468531468532,0.0004181179404149969
29,132,0.8461538461538463,0.0005211337004810046
29,133,0.9720279720279721,1.2868115751495034e-07
29,134,1.0,0.0
29,135,0.9300699300699302,1.170222792865967e-05
29,136,0.9720279720279721,1.2868115751495034e-07
29,137,1.0,0.0
29,138,0.9300699300699302,1.170222792865967e-05
29,139,0.9720279720279721,1.2868115751495034e-07
29,140,1.0,0.0
29,141,0.9300699300699302,1.170222792865967e-05
29,142,0.9720279720279721,1.2868115751495034e-07
29,143,1.0,0.0
29,144,0.9300699300699302,1.170222792865967e-05
29,145,0.8321678321678322,0.0007854416778536138
29,146,0.8531468531468532,0.0004181179404149969
29,147,0.8461538461538463,0.0005211337004810046
29,148,0.8321678321678322,0.0007854416778536138
29,149,0.8531468531468532,0.0004181179404149969
29,150,0.8461538461538463,0.0005211337004810046
29,151,0.9720279720279721,1.2868115751495034e-07
29,152,1.0,0.0
29,153,0.9300699300699302,1.170222792865967e-05
29,154,0.9720279720279721,1.2868115751495034e-07
29,155,1.0,0.0
29,156,0.9300699300699302,1.170222792865967e-05
29,157,0.9720279720279721,1.2868115751495034e-07
29,158,1.0,0.0
29,159,0.9300699300699302,1.170222792865967e-05
29,160,0.9720279720279721,1.2868115751495034e-07
29,161,1.0,0.0
29,162,0.9300699300699302,1.170222792865967e-05
30,31,0.8391608391608393,0.0006428259886278202
30,32,0.9300699300699302,1.170222792865967e-05
30,33,1.0,0.0
30,34,0.8391608391608393,0.0006428259886278202
30,35,0.9300699300699302,1.170222792865967e-05
30,36,1.0,0.0
30,37,0.6923076923076924,0.0125930304960941
30,38,0.7692307692307694,0.0034464502618274493
30,39,0.8741258741258742,0.0002007130733242317
30,40,0.6923076923076924,0.0125930304960941
30,41,0.7692307692307694,0.0034464502618274493
30,42,0.8741258741258742,0.0002007130733242317
30,43,0.8391608391608393,0.0006428259886278202
30,44,0.9300699300699302,1.170222792865967e-05
30,45,1.0,0.0
30,46,0.8391608391608393,0.0006428259886278202
30,47,0.9300699300699302,1.170222792865967e-05
30,48,1.0,0.0
30,49,0.8391608391608393,0.0006428259886278202
30,50,0.9300699300699302,1.170222792865967e-05
30,51,1.0,0.0
30,52,0.8391608391608393,0.0006428259886278202
30,53,0.9300699300699302,1.170222792865967e-05
30,54,1.0,0.0
30,55,0.6923076923076924,0.0125930304960941
30,56,0.7692307692307694,0.0034464502618274493
30,57,0.8741258741258742,0.0002007130733242317
30,58,0.6923076923076924,0.0125930304960941
30,59,0.7692307692307694,0.0034464502618274493
30,60,0.8741258741258742,0.0002007130733242317
30,61,0.8391608391608393,0.0006428259886278202
30,62,0.9300699300699302,1.170222792865967e-05
30,63,1.0,0.0
30,64,0.8391608391608393,0.0006428259886278202
30,65,0.9300699300699302,1.170222792865967e-05
30,66,1.0,0.0
30,67,0.8391608391608393,0.0006428259886278202
30,68,0.9300699300699302,1.170222792865967e-05
30,69,1.0,0.0
30,70,0.8391608391608393,0.0006428259886278202
30,71,0.9300699300699302,1.170222792865967e-05
30,72,1.0,0.0
30,73,0.6923076923076924,0.0125930304960941
30,74,0.7692307692307694,0.0034464502618274493
30,75,0.8741258741258742,0.0002007130733242317
30,76,0.6923076923076924,0.0125930304960941
30,77,0.7692307692307694,0.0034464502618274493
30,78,0.8741258741258742,0.0002007130733242317
30,79,0.8391608391608393,0.0006428259886278202
30,80,0.9300699300699302,1.170222792865967e-05
30,81,1.0,0.0
30,82,0.8391608391608393,0.0006428259886278202
30,83,0.9300699300699302,1.170222792865967e-05
30,84,1.0,0.0
30,85,0.8391608391608393,0.0006428259886278202
30,86,0.9300699300699302,1.170222792865967e-05
30,87,1.0,0.0
30,88,0.8391608391608393,0.0006428259886278202
30,89,0.9300699300699302,1.170222792865967e-05
30,90,1.0,0.0
30,91,0.6923076923076924,0.0125930304960941
30,92,0.7692307692307694,0.0034464502618274493
30,93,0.8741258741258742,0.0002007130733242317
30,94,0.6923076923076924,0.0125930304960941
30,95,0.7692307692307694,0.0034464502618274493
30,96,0.8741258741258742,0.0002007130733242317
30,97,0.8391608391608393,0.0006428259886278202
30,98,0.9300699300699302,1.170222792865967e-05
30,99,1.0,0.0
30,100,0.8391608391608393,0.0006428259886278202
30,101,0.9300699300699302,1.170222792865967e-05
30,102,1.0,0.0
30,103,0.8391608391608393,0.0006428259886278202
30,104,0.9300699300699302,1.170222792865967e-05
30,105,1.0,0.0
30,106,0.8391608391608393,0.0006428259886278202
30,107,0.9300699300699302,1.170222792865967e-05
30,108,1.0,0.0
30,109,0.6923076923076924,0.0125930304960941
30,110,0.7692307692307694,0.0034464502618274493
30,111,0.8741258741258742,0.0002007130733242317
30,112,0.6923076923076924,0.0125930304960941
30,113,0.7692307692307694,0.0034464502618274493
30,114,0.8741258741258742,0.0002007130733242317
30,115,0.8391608391608393,0.0006428259886278202
30,116,0.9300699300699302,1.170222792865967e-05
30,117,1.0,0.0
30,118,0.8391608391608393,0.0006428259886278202
30,119,0.9300699300699302,1.170222792865967e-05
30,120,1.0,0.0
30,121,0.8391608391608393,0.0006428259886278202
30,122,0.9300699300699302,1.170222792865967e-05
30,123,1.0,0.0
30,124,0.8391608391608393,0.0006428259886278202
30,125,0.9300699300699302,1.170222792865967e-05
30,126,1.0,0.0
30,127,0.6923076923076924,0.0125930304960941
30,128,0.7692307692307694,0.0034464502618274493
30,129,0.8741258741258742,0.0002007130733242317
30,130,0.6923076923076924,0.0125930304960941
30,131,0.7692307692307694,0.0034464502618274493
30,132,0.8741258741258742,0.0002007130733242317
30,133,0.8391608391608393,0.0006428259886278202
30,134,0.9300699300699302,1.170222792865967e-05
30,135,1.0,0.0
30,136,0.8391608391608393,0.0006428259886278202
30,137,0.9300699300699302,1.170222792865967e-05
30,138,1.0,0.0
30,139,0.8391608391608393,0.0006428259886278202
30,140,0.9300699300699302,1.170222792865967e-05
30,141,1.0,0.0
30,142,0.8391608391608393,0.0006428259886278202
30,143,0.9300699300699302,1.170222792865967e-05
30,144,1.0,0.0
30,145,0.6923076923076924,0.0125930304960941
30,146,0.7692307692307694,0.0034464502618274493
30,147,0.8741258741258742,0.0002007130733242317
30,148,0.6923076923076924,0.0125930304960941
30,149,0.7692307692307694,0.0034464502618274493
30,150,0.8741258741258742,0.0002007130733242317
30,151,0.8391608391608393,0.0006428259886278202
30,152,0.9300699300699302,1.170222792865967e-05
30,153,1.0,0.0
30,154,0.8391608391608393,0.0006428259886278202
30,155,0.9300699300699302,1.170222792865967e-05
30,156,1.0,0.0
30,157,0.8391608391608393,0.0006428259886278202
30,158,0.9300699300699302,1.170222792865967e-05
30,159,1.0,0.0
30,160,0.8391608391608393,0.0006428259886278202
30,161,0.9300699300699302,1.170222792865967e-05
30,162,1.0,0.0
31,32,0.9720279720279721,1.2868115751495034e-07
31,33,0.8391608391608393,0.0006428259886278202
31,34,1.0,0.0
31,35,0.9720279720279721,1.2868115751495034e-07
31,36,0.8391608391608393,0.0006428259886278202
31,37,0.8951048951048951,8.36658642909172e-05
31,38,0.8741258741258742,0.0002007130733242317
31,39,0.8041958041958043,0.0016147689860699299
31,40,0.8951048951048951,8.36658642909172e-05
31,41,0.8741258741258742,0.0002007130733242317
31,42,0.8041958041958043,0.0016147689860699299
31,43,1.0,0.0
31,44,0.9720279720279721,1.2868115751495034e-07
31,45,0.8391608391608393,0.0006428259886278202
31,46,1.0,0.0
31,47,0.9720279720279721,1.2868115751495034e-07
31,48,0.8391608391608393,0.0006428259886278202
31,49,1.0,0.0
31,50,0.9720279720279721,1.2868115751495034e-07
31,51,0.8391608391608393,0.0006428259886278202
31,52,1.0,0.0
31,53,0.9720279720279721,1.2868115751495034e-07
31,54,0.8391608391608393,0.0006428259886278202
31,55,0.8951048951048951,8.36658642909172e-05
31,56,0.8741258741258742,0.0002007130733242317
31,57,0.8041958041958043,0.0016147689860699299
31,58,0.8951048951048951,8.36658642909172e-05
31,59,0.8741258741258742,0.0002007130733242317
31,60,0.8041958041958043,0.0016147689860699299
31,61,1.0,0.0
31,62,0.9720279720279721,1.2868115751495034e-07
31,63,0.8391608391608393,0.0006428259886278202
31,64,1.0,0.0
31,65,0.9720279720279721,1.2868115751495034e-07
31,66,0.8391608391608393,0.0006428259886278202
31,67,1.0,0.0
31,68,0.9720279720279721,1.2868115751495034e-07
31,69,0.8391608391608393,0.0006428259886278202
31,70,1.0,0.0
31,71,0.9720279720279721,1.2868115751495034e-07
31,72,0.8391608391608393,0.0006428259886278202
31,73,0.8951048951048951,8.36658642909172e-05
31,74,0.8741258741258742,0.0002007130733242317
31,75,0.8041958041958043,0.0016147689860699299
31,76,0.8951048951048951,8.36658642909172e-05
31,77,0.8741258741258742,0.0002007130733242317
31,78,0.8041958041958043,0.0016147689860699299
31,79,1.0,0.0
31,80,0.9720279720279721,1.2868115751495034e-07
31,81,0.8391608391608393,0.0006428259886278202
31,82,1.0,0.0
31,83,0.9720279720279721,1.2868115751495034e-07
31,84,0.8391608391608393,0.0006428259886278202
31,85,1.0,0.0
31,86,0.9720279720279721,1.2868115751495034e-07
31,87,0.8391608391608393,0.0006428259886278202
31,88,1.0,0.0
31,89,0.9720279720279721,1.2868115751495034e-07
31,90,0.8391608391608393,0.0006428259886278202
31,91,0.8951048951048951,8.36658642909172e-05
31,92,0.8741258741258742,0.0002007130733242317
31,93,0.8041958041958043,0.0016147689860699299
31,94,0.8951048951048951,8.36658642909172e-05
31,95,0.8741258741258742,0.0002007130733242317
31,96,0.8041958041958043,0.0016147689860699299
31,97,1.0,0.0
31,98,0.9720279720279721,1.2868115751495034e-07
31,99,0.8391608391608393,0.0006428259886278202
31,100,1.0,0.0
31,101,0.9720279720279721,1.2868115751495034e-07
31,102,0.8391608391608393,0.0006428259886278202
31,103,1.0,0.0
31,104,0.9720279720279721,1.2868115751495034e-07
31,105,0.8391608391608393,0.0006428259886278202
31,106,1.0,0.0
31,107,0.9720279720279721,1.2868115751495034e-07
31,108,0.8391608391608393,0.0006428259886278202
31,109,0.8951048951048951,8.36658642909172e-05
31,110,0.8741258741258742,0.0002007130733242317
31,111,0.8041958041958043,0.0016147689860699299
31,112,0.8951048951048951,8.36658642909172e-05
31,113,0.8741258741258742,0.0002007130733242317
31,114,0.8041958041958043,0.0016147689860699299
31,115,1.0,0.0
31,116,0.9720279720279721,1.2868115751495034e-07
31,117,0.8391608391608393,0.0006428259886278202
31,118,1.0,0.0
31,119,0.9720279720279721,1.2868115751495034e-07
31,120,0.8391608391608393,0.0006428259886278202
31,121,1.0,0.0
31,122,0.9720279720279721,1.2868115751495034e-07
31,123,0.8391608391608393,0.0006428259886278202
31,124,1.0,0.0
31,125,0.9720279720279721,1.2868115751495034e-07
31,126,0.8391608391608393,0.0006428259886278202
31,127,0.8951048951048951,8.36658642909172e-05
31,128,0.8741258741258742,0.0002007130733242317
31,129,0.8041958041958043,0.0016147689860699299
31,130,0.8951048951048951,8.36658642909172e-05
31,131,0.8741258741258742,0.0002007130733242317
31,132,0.8041958041958043,0.0016147689860699299
31,133,1.0,0.0
31,134,0.9720279720279721,1.2868115751495034e-07
31,135,0.8391608391608393,0.0006428259886278202
31,136,1.0,0.0
31,137,0.9720279720279721,1.2868115751495034e-07
31,138,0.8391608391608393,0.0006428259886278202
31,139,1.0,0.0
31,140,0.9720279720279721,1.2868115751495034e-07
31,141,0.8391608391608393,0.0006428259886278202
31,142,1.0,0.0
31,143,0.9720279720279721,1.2868115751495034e-07
31,144,0.8391608391608393,0.0006428259886278202
31,145,0.8951048951048951,8.36658642909172e-05
31,146,0.8741258741258742,0.0002007130733242317
31,147,0.8041958041958043,0.0016147689860699299
31,148,0.8951048951048951,8.36658642909172e-05
31,149,0.8741258741258742,0.0002007130733242317
31,150,0.8041958041958043,0.0016147689860699299
31,151,1.0,0.0
31,152,0.9720279720279721,1.2868115751495034e-07
31,153,0.8391608391608393,0.0006428259886278202
31,154,1.0,0.0
31,155,0.9720279720279721,1.2868115751495034e-07
31,156,0.8391608391608393,0.0006428259886278202
31,157,1.0,0.0
31,158,0.9720279720279721,1.2868115751495034e-07
31,159,0.8391608391608393,0.0006428259886278202
31,160,1.0,0.0
31,161,0.9720279720279721,1.2868115751495034e-07
31,162,0.8391608391608393,0.0006428259886278202
32,33,0.9300699300699302,1.170222792865967e-05
32,34,0.9720279720279721,1.2868115751495034e-07
32,35,1.0,0.0
32,36,0.9300699300699302,1.170222792865967e-05
32,37,0.8321678321678322,0.0007854416778536138
32,38,0.8531468531468532,0.0004181179404149969
32,39,0.8461538461538463,0.0005211337004810046
32,40,0.8321678321678322,0.0007854416778536138
32,41,0.8531468531468532,0.0004181179404149969
32,42,0.8461538461538463,0.0005211337004810046
32,43,0.9720279720279721,1.2868115751495034e-07
32,44,1.0,0.0
32,45,0.9300699300699302,1.170222792865967e-05
32,46,0.9720279720279721,1.2868115751495034e-07
32,47,1.0,0.0
32,48,0.9300699300699302,1.170222792865967e-05
32,49,0.9720279720279721,1.2868115751495034e-07
32,50,1.0,0.0
32,51,0.9300699300699302,1.170222792865967e-05
32,52,0.9720279720279721,1.2868115751495034e-07
32,53,1.0,0.0
32,54,0.9300699300699302,1.170222792865967e-05
32,55,0.8321678321678322,0.0007854416778536138
32,56,0.8531468531468532,0.0004181179404149969
32,57,0.8461538461538463,0.0005211337004810046
32,58,0.8321678321678322,0.0007854416778536138
32,59,0.8531468531468532,0.0004181179404149969
32,60,0.8461538461538463,0.0005211337004810046
32,61,0.9720279720279721,1.2868115751495034e-07
32,62,1.0,0.0
32,63,0.9300699300699302,1.170222792865967e-05
32,64,0.9720279720279721,1.2868115751495034e-07
32,65,1.0,0.0
32,66,0.9300699300699302,1.170222792865967e-05
32,67,0.9720279720279721,1.2868115751495034e-07
32,68,1.0,0.0
32,69,0.9300699300699302,1.170222792865967e-05
32,70,0.9720279720279721,1.2868115751495034e-07
32,71,1.0,0.0
32,72,0.9300699300699302,1.170222792865967e-05
32,73,0.8321678321678322,0.0007854416778536138
32,74,0.8531468531468532,0.0004181179404149969
32,75,0.8461538461538463,0.0005211337004810046
32,76,0.8321678321678322,0.0007854416778536138
32,77,0.8531468531468532,0.0004181179404149969
32,78,0.8461538461538463,0.0005211337004810046
32,79,0.9720279720279721,1.2868115751495034e-07
32,80,1.0,0.0
32,81,0.9300699300699302,1.170222792865967e-05
32,82,0.9720279720279721,1.2868115751495034e-07
32,83,1.0,0.0
32,84,0.9300699300699302,1.170222792865967e-05
32,85,0.9720279720279721,1.2868115751495034e-07
32,86,1.0,0.0
32,87,0.9300699300699302,1.170222792865967e-05
32,88,0.9720279720279721,1.2868115751495034e-07
32,89,1.0,0.0
32,90,0.9300699300699302,1.170222792865967e-05
32,91,0.8321678321678322,0.0007854416778536138
32,92,0.8531468531468532,0.0004181179404149969
32,93,0.8461538461538463,0.0005211337004810046
32,94,0.8321678321678322,0.0007854416778536138
32,95,0.8531468531468532,0.0004181179404149969
32,96,0.8461538461538463,0.0005211337004810046
32,97,0.9720279720279721,1.2868115751495034e-07
32,98,1.0,0.0
32,99,0.9300699300699302,1.170222792865967e-05
32,100,0.9720279720279721,1.2868115751495034e-07
32,101,1.0,0.0
32,102,0.9300699300699302,1.170222792865967e-05
32,103,0.9720279720279721,1.2868115751495034e-07
32,104,1.0,0.0
32,105,0.9300699300699302,1.170222792865967e-05
32,106,0.9720279720279721,1.2868115751495034e-07
32,107,1.0,0.0
32,108,0.9300699300699302,1.170222792865967e-05
32,109,0.8321678321678322,0.0007854416778536138
32,110,0.8531468531468532,0.0004181179404149969
32,111,0.8461538461538463,0.0005211337004810046
32,112,0.8321678321678322,0.0007854416778536138
32,113,0.8531468531468532,0.0004181179404149969
32,114,0.8461538461538463,0.0005211337004810046
32,115,0.9720279720279721,1.2868115751495034e-07
32,116,1.0,0.0
32,117,0.9300699300699302,1.170222792865967e-05
32,118,0.9720279720279721,1.2868115751495034e-07
32,119,1.0,0.0
32,120,0.9300699300699302,1.170222792865967e-05
32,121,0.9720279720279721,1.2868115751495034e-07
32,122,1.0,0.0
32,123,0.9300699300699302,1.170222792865967e-05
32,124,0.9720279720279721,1.2868115751495034e-07
32,125,1.0,0.0
32,126,0.9300699300699302,1.170222792865967e-05
32,127,0.8321678321678322,0.0007854416778536138
32,128,0.8531468531468532,0.0004181179404149969
32,129,0.8461538461538463,0.0005211337004810046
32,130,0.8321678321678322,0.0007854416778536138
32,131,0.8531468531468532,0.0004181179404149969
32,132,0.8461538461538463,0.0005211337004810046
32,133,0.9720279720279721,1.2868115751495034e-07
32,134,1.0,0.0
32,135,0.9300699300699302,1.170222792865967e-05
32,136,0.9720279720279721,1.2868115751495034e-07
32,137,1.0,0.0
32,138,0.9300699300699302,1.170222792865967e-05
32,139,0.9720279720279721,1.2868115751495034e-07
32,140,1.0,0.0
32,141,0.9300699300699302,1.170222792865967e-05
32,142,0.9720279720279721,1.2868115751495034e-07
32,143,1.0,0.0
32,144,0.9300699300699302,1.170222792865967e-05
32,145,0.8321678321678322,0.0007854416778536138
32,146,0.8531468531468532,0.0004181179404149969
32,147,0.8461538461538463,0.0005211337004810046
32,148,0.8321678321678322,0.0007854416778536138
32,149,0.8531468531468532,0.0004181179404149969
32,150,0.8461538461538463,0.0005211337004810046
32,151,0.9720279720279721,1.2868115751495034e-07
32,152,1.0,0.0
32,153,0.9300699300699302,1.170222792865967e-05
32,154,0.9720279720279721,1.2868115751495034e-07
32,155,1.0,0.0
32,156,0.9300699300699302,1.170222792865967e-05
32,157,0.9720279720279721,1.2868115751495034e-07
32,158,1.0,0.0
32,159,0.9300699300699302,1.170222792865967e-05
32,160,0.9720279720279721,1.2868115751495034e-07
32,161,1.0,0.0
32,162,0.9300699300699302,1.170222792865967e-05
33,34,0.8391608391608393,0.0006428259886278202
33,35,0.9300699300699302,1.170222792865967e-05
33,36,1.0,0.0
33,37,0.6923076923076924,0.0125930304960941
33,38,0.7692307692307694,0.0034464502618274493
33,39,0.8741258741258742,0.0002007130733242317
33,40,0.6923076923076924,0.0125930304960941
33,41,0.7692307692307694,0.0034464502618274493
33,42,0.8741258741258742,0.0002007130733242317
33,43,0.8391608391608393,0.0006428259886278202
33,44,0.9300699300699302,1.170222792865967e-05
33,45,1.0,0.0
33,46,0.8391608391608393,0.0006428259886278202
33,47,0.9300699300699302,1.170222792865967e-05
33,48,1.0,0.0
33,49,0.8391608391608393,0.0006428259886278202
33,50,0.9300699300699302,1.170222792865967e-05
33,51,1.0,0.0
33,52,0.8391608391608393,0.0006428259886278202
33,53,0.9300699300699302,1.170222792865967e-05
33,54,1.0,0.0
33,55,0.6923076923076924,0.0125930304960941
33,56,0.7692307692307694,0.0034464502618274493
33,57,0.8741258741258742,0.0002007130733242317
33,58,0.6923076923076924,0.0125930304960941
33,59,0.7692307692307694,0.0034464502618274493
33,60,0.8741258741258742,0.0002007130733242317
33,61,0.8391608391608393,0.0006428259886278202
33,62,0.9300699300699302,1.170222792865967e-05
33,63,1.0,0.0
33,64,0.8391608391608393,0.0006428259886278202
33,65,0.9300699300699302,1.170222792865967e-05
33,66,1.0,0.0
33,67,0.8391608391608393,0.0006428259886278202
33,68,0.9300699300699302,1.170222792865967e-05
33,69,1.0,0.0
33,70,0.8391608391608393,0.0006428259886278202
33,71,0.9300699300699302,1.170222792865967e-05
33,72,1.0,0.0
33,73,0.6923076923076924,0.0125930304960941
33,74,0.7692307692307694,0.0034464502618274493
33,75,0.8741258741258742,0.0002007130733242317
33,76,0.6923076923076924,0.0125930304960941
33,77,0.7692307692307694,0.0034464502618274493
33,78,0.8741258741258742,0.0002007130733242317
33,79,0.8391608391608393,0.0006428259886278202
33,80,0.9300699300699302,1.170222792865967e-05
33,81,1.0,0.0
33,82,0.8391608391608393,0.0006428259886278202
33,83,0.9300699300699302,1.170222792865967e-05
33,84,1.0,0.0
33,85,0.8391608391608393,0.0006428259886278202
33,86,0.9300699300699302,1.170222792865967e-05
33,87,1.0,0.0
33,88,0.8391608391608393,0.0006428259886278202
33,89,0.9300699300699302,1.170222792865967e-05
33,90,1.0,0.0
33,91,0.6923076923076924,0.0125930304960941
33,92,0.7692307692307694,0.0034464502618274493
33,93,0.8741258741258742,0.0002007130733242317
33,94,0.6923076923076924,0.0125930304960941
33,95,0.7692307692307694,0.0034464502618274493
33,96,0.8741258741258742,0.0002007130733242317
33,97,0.8391608391608393,0.0006428259886278202
33,98,0.9300699300699302,1.170222792865967e-05
33,99,1.0,0.0
33,100,0.8391608391608393,0.0006428259886278202
33,101,0.9300699300699302,1.170222792865967e-05
33,102,1.0,0.0
33,103,0.8391608391608393,0.0006428259886278202
33,104,0.9300699300699302,1.170222792865967e-05
33,105,1.0,0.0
33,106,0.8391608391608393,0.0006428259886278202
33,107,0.9300699300699302,1.170222792865967e-05
33,108,1.0,0.0
33,109,0.6923076923076924,0.0125930304960941
33,110,0.7692307692307694,0.0034464502618274493
33,111,0.8741258741258742,0.0002007130733242317
33,112,0.6923076923076924,0.0125930304960941
33,113,0.7692307692307694,0.0034464502618274493
33,114,0.8741258741258742,0.0002007130733242317
33,115,0.8391608391608393,0.0006428259886278202
33,116,0.9300699300699302,1.170222792865967e-05
33,117,1.0,0.0
33,118,0.8391608391608393,0.0006428259886278202
33,119,0.9300699300699302,1.170222792865967e-05
33,120,1.0,0.0
33,121,0.8391608391608393,0.0006428259886278202
33,122,0.9300699300699302,1.170222792865967e-05
33,123,1.0,0.0
33,124,0.8391608391608393,0.0006428259886278202
33,125,0.9300699300699302,1.170222792865967e-05
33,126,1.0,0.0
33,127,0.6923076923076924,0.0125930304960941
33,128,0.7692307692307694,0.0034464502618274493
33,129,0.8741258741258742,0.0002007130733242317
33,130,0.6923076923076924,0.0125930304960941
33,131,0.7692307692307694,0.0034464502618274493
33,132,0.8741258741258742,0.0002007130733242317
33,133,0.8391608391608393,0.0006428259886278202
33,134,0.9300699300699302,1.170222792865967e-05
33,135,1.0,0.0
33,136,0.8391608391608393,0.0006428259886278202
33,137,0.9300699300699302,1.170222792865967e-05
33,138,1.0,0.0
33,139,0.8391608391608393,0.0006428259886278202
33,140,0.9300699300699302,1.170222792865967e-05
33,141,1.0,0.0
33,142,0.8391608391608393,0.0006428259886278202
33,143,0.9300699300699302,1.170222792865967e-05
33,144,1.0,0.0
33,145,0.6923076923076924,0.0125930304960941
33,146,0.7692307692307694,0.0034464502618274493
33,147,0.8741258741258742,0.0002007130733242317
33,148,0.6923076923076924,0.0125930304960941
33,149,0.7692307692307694,0.0034464502618274493
33,150,0.8741258741258742,0.0002007130733242317
33,151,0.8391608391608393,0.0006428259886278202
33,152,0.9300699300699302,1.170222792865967e-05
33,153,1.0,0.0
33,154,0.8391608391608393,0.0006428259886278202
33,155,0.9300699300699302,1.170222792865967e-05
33,156,1.0,0.0
33,157,0.8391608391608393,0.0006428259886278202
33,158,0.9300699300699302,1.170222792865967e-05
33,159,1.0,0.0
33,160,0.8391608391608393,0.0006428259886278202
33,161,0.9300699300699302,1.170222792865967e-05
33,162,1.0,0.0
34,35,0.9720279720279721,1.2868115751495034e-07
34,36,0.8391608391608393,0.0006428259886278202
34,37,0.8951048951048951,8.36658642909172e-05
34,38,0.8741258741258742,0.0002007130733242317
34,39,0.8041958041958043,0.0016147689860699299
34,40,0.8951048951048951,8.36658642909172e-05
34,41,0.8741258741258742,0.0002007130733242317
34,42,0.8041958041958043,0.0016147689860699299
34,43,1.0,0.0
34,44,0.9720279720279721,1.2868115751495034e-07
34,45,0.8391608391608393,0.0006428259886278202
34,46,1.0,0.0
34,47,0.9720279720279721,1.2868115751495034e-07
34,48,0.8391608391608393,0.0006428259886278202
34,49,1.0,0.0
34,50,0.9720279720279721,1.2868115751495034e-07
34,51,0.8391608391608393,0.0006428259886278202
34,52,1.0,0.0
34,53,0.9720279720279721,1.2868115751495034e-07
34,54,0.8391608391608393,0.0006428259886278202
34,55,0.8951048951048951,8.36658642909172e-05
34,56,0.8741258741258742,0.0002007130733242317
34,57,0.8041958041958043,0.0016147689860699299
34,58,0.8951048951048951,8.36658642909172e-05
34,59,0.8741258741258742,0.0002007130733242317
34,60,0.8041958041958043,0.0016147689860699299
34,61,1.0,0.0
34,62,0.9720279720279721,1.2868115751495034e-07
34,63,0.8391608391608393,0.0006428259886278202
34,64,1.0,0.0
34,65,0.9720279720279721,1.2868115751495034e-07
34,66,0.8391608391608393,0.0006428259886278202
34,67,1.0,0.0
34,68,0.9720279720279721,1.2868115751495034e-07
34,69,0.8391608391608393,0.0006428259886278202
34,70,1.0,0.0
34,71,0.9720279720279721,1.2868115751495034e-07
34,72,0.8391608391608393,0.0006428259886278202
34,73,0.8951048951048951,8.36658642909172e-05
34,74,0.8741258741258742,0.0002007130733242317
34,75,0.8041958041958043,0.0016147689860699299
34,76,0.8951048951048951,8.36658642909172e-05
34,77,0.8741258741258742,0.0002007130733242317
34,78,0.8041958041958043,0.0016147689860699299
34,79,1.0,0.0
34,80,0.9720279720279721,1.2868115751495034e-07
34,81,0.8391608391608393,0.0006428259886278202
34,82,1.0,0.0
34,83,0.9720279720279721,1.2868115751495034e-07
34,84,0.8391608391608393,0.0006428259886278202
34,85,1.0,0.0
34,86,0.9720279720279721,1.2868115751495034e-07
34,87,0.8391608391608393,0.0006428259886278202
34,88,1.0,0.0
34,89,0.9720279720279721,1.2868115751495034e-07
34,90,0.8391608391608393,0.0006428259886278202
34,91,0.8951048951048951,8.36658642909172e-05
34,92,0.8741258741258742,0.0002007130733242317
34,93,0.8041958041958043,0.0016147689860699299
34,94,0.8951048951048951,8.36658642909172e-05
34,95,0.8741258741258742,0.0002007130733242317
34,96,0.8041958041958043,0.0016147689860699299
34,97,1.0,0.0
34,98,0.9720279720279721,1.2868115751495034e-07
34,99,0.8391608391608393,0.0006428259886278202
34,100,1.0,0.0
34,101,0.9720279720279721,1.2868115751495034e-07
34,102,0.8391608391608393,0.0006428259886278202
34,103,1.0,0.0
34,104,0.9720279720279721,1.2868115751495034e-07
34,105,0.8391608391608393,0.0006428259886278202
34,106,1.0,0.0
34,107,0.9720279720279721,1.2868115751495034e-07
34,108,0.8391608391608393,0.0006428259886278202
34,109,0.8951048951048951,8.36658642909172e-05
34,110,0.8741258741258742,0.0002007130733242317
34,111,0.8041958041958043,0.0016147689860699299
34,112,0.8951048951048951,8.36658642909172e-05
34,113,0.8741258741258742,0.0002007130733242317
34,114,0.8041958041958043,0.0016147689860699299
34,115,1.0,0.0
34,116,0.9720279720279721,1.2868115751495034e-07
34,117,0.8391608391608393,0.0006428259886278202
34,118,1.0,0.0
34,119,0.9720279720279721,1.2868115751495034e-07
34,120,0.8391608391608393,0.0006428259886278202
34,121,1.0,0.0
34,122,0.9720279720279721,1.2868115751495034e-07
34,123,0.8391608391608393,0.0006428259886278202
34,124,1.0,0.0
34,125,0.9720279720279721,1.2868115751495034e-07
34,126,0.8391608391608393,0.0006428259886278202
34,127,0.8951048951048951,8.36658642909172e-05
34,128,0.8741258741258742,0.0002007130733242317
34,129,0.8041958041958043,0.0016147689860699299
34,130,0.8951048951048951,8.36658642909172e-05
34,131,0.8741258741258742,0.0002007130733242317
34,132,0.8041958041958043,0.0016147689860699299
34,133,1.0,0.0
34,134,0.9720279720279721,1.2868115751495034e-07
34,135,0.8391608391608393,0.0006428259886278202
34,136,1.0,0.0
34,137,0.9720279720279721,1.2868115751495034e-07
34,138,0.8391608391608393,0.0006428259886278202
34,139,1.0,0.0
34,140,0.9720279720279721,1.2868115751495034e-07
34,141,0.8391608391608393,0.0006428259886278202
34,142,1.0,0.0
34,143,0.9720279720279721,1.2868115751495034e-07
34,144,0.8391608391608393,0.0006428259886278202
34,145,0.8951048951048951,8.36658642909172e-05
34,146,0.8741258741258742,0.0002007130733242317
34,147,0.8041958041958043,0.0016147689860699299
34,148,0.8951048951048951,8.36658642909172e-05
34,149,0.8741258741258742,0.0002007130733242317
34,150,0.8041958041958043,0.0016147689860699299
34,151,1.0,0.0
34,152,0.9720279720279721,1.2868115751495034e-07
34,153,0.8391608391608393,0.0006428259886278202
34,154,1.0,0.0
34,155,0.9720279720279721,1.2868115751495034e-07
34,156,0.8391608391608393,0.0006428259886278202
34,157,1.0,0.0
34,158,0.9720279720279721,1.2868115751495034e-07
34,159,0.8391608391608393,0.0006428259886278202
34,160,1.0,0.0
34,161,0.9720279720279721,1.2868115751495034e-07
34,162,0.8391608391608393,0.0006428259886278202
35,36,0.9300699300699302,1.170222792865967e-05
35,37,0.8321678321678322,0.0007854416778536138
35,38,0.8531468531468532,0.0004181179404149969
35,39,0.8461538461538463,0.0005211337004810046
35,40,0.8321678321678322,0.0007854416778536138
35,41,0.8531468531468532,0.0004181179404149969
35,42,0.8461538461538463,0.0005211337004810046
35,43,0.9720279720279721,1.2868115751495034e-07
35,44,1.0,0.0
35,45,0.9300699300699302,1.170222792865967e-05
35,46,0.9720279720279721,1.2868115751495034e-07
35,47,1.0,0.0
35,48,0.9300699300699302,1.170222792865967e-05
35,49,0.9720279720279721,1.2868115751495034e-07
35,50,1.0,0.0
35,51,0.9300699300699302,1.170222792865967e-05
35,52,0.9720279720279721,1.2868115751495034e-07
35,53,1.0,0.0
35,54,0.9300699300699302,1.170222792865967e-05
35,55,0.8321678321678322,0.0007854416778536138
35,56,0.8531468531468532,0.0004181179404149969
35,57,0.8461538461538463,0.0005211337004810046
35,58,0.8321678321678322,0.0007854416778536138
35,59,0.8531468531468532,0.0004181179404149969
35,60,0.8461538461538463,0.0005211337004810046
35,61,0.9720279720279721,1.2868115751495034e-07
35,62,1.0,0.0
35,63,0.9300699300699302,1.170222792865967e-05
35,64,0.9720279720279721,1.2868115751495034e-07
35,65,1.0,0.0
35,66,0.9300699300699302,1.170222792865967e-05
35,67,0.9720279720279721,1.2868115751495034e-07
35,68,1.0,0.0
35,69,0.9300699300699302,1.170222792865967e-05
35,70,0.9720279720279721,1.2868115751495034e-07
35,71,1.0,0.0
35,72,0.9300699300699302,1.170222792865967e-05
35,73,0.8321678321678322,0.0007854416778536138
35,74,0.8531468531468532,0.0004181179404149969
35,75,0.8461538461538463,0.0005211337004810046
35,76,0.8321678321678322,0.0007854416778536138
35,77,0.8531468531468532,0.0004181179404149969
35,78,0.8461538461538463,0.0005211337004810046
35,79,0.9720279720279721,1.2868115751495034e-07
35,80,1.0,0.0
35,81,0.9300699300699302,1.170222792865967e-05
35,82,0.9720279720279721,1.2868115751495034e-07
35,83,1.0,0.0
35,84,0.9300699300699302,1.170222792865967e-05
35,85,0.9720279720279721,1.2868115751495034e-07
35,86,1.0,0.0
35,87,0.9300699300699302,1.170222792865967e-05
35,88,0.9720279720279721,1.2868115751495034e-07
35,89,1.0,0.0
35,90,0.9300699300699302,1.170222792865967e-05
35,91,0.8321678321678322,0.0007854416778536138
35,92,0.8531468531468532,0.0004181179404149969
35,93,0.8461538461538463,0.0005211337004810046
35,94,0.8321678321678322,0.0007854416778536138
35,95,0.8531468531468532,0.0004181179404149969
35,96,0.8461538461538463,0.0005211337004810046
35,97,0.9720279720279721,1.2868115751495034e-07
35,98,1.0,0.0
35,99,0.9300699300699302,1.170222792865967e-05
35,100,0.9720279720279721,1.2868115751495034e-07
35,101,1.0,0.0
35,102,0.9300699300699302,1.170222792865967e-05
35,103,0.9720279720279721,1.2868115751495034e-07
35,104,1.0,0.0
35,105,0.9300699300699302,1.170222792865967e-05
35,106,0.9720279720279721,1.2868115751495034e-07
35,107,1.0,0.0
35,108,0.9300699300699302,1.170222792865967e-05
35,109,0.8321678321678322,0.0007854416778536138
35,110,0.8531468531468532,0.0004181179404149969
35,111,0.8461538461538463,0.0005211337004810046
35,112,0.8321678321678322,0.0007854416778536138
35,113,0.8531468531468532,0.0004181179404149969
35,114,0.8461538461538463,0.0005211337004810046
35,115,0.9720279720279721,1.2868115751495034e-07
35,116,1.0,0.0
35,117,0.9300699300699302,1.170222792865967e-05
35,118,0.9720279720279721,1.2868115751495034e-07
35,119,1.0,0.0
35,120,0.9300699300699302,1.170222792865967e-05
35,121,0.9720279720279721,1.2868115751495034e-07
35,122,1.0,0.0
35,123,0.9300699300699302,1.170222792865967e-05
35,124,0.9720279720279721,1.2868115751495034e-07
35,125,1.0,0.0
35,126,0.9300699300699302,1.170222792865967e-05
35,127,0.8321678321678322,0.0007854416778536138
35,128,0.8531468531468532,0.0004181179404149969
35,129,0.8461538461538463,0.0005211337004810046
35,130,0.8321678321678322,0.0007854416778536138
35,131,0.8531468531468532,0.0004181179404149969
35,132,0.8461538461538463,0.0005211337004810046
35,133,0.9720279720279721,1.2868115751495034e-07
35,134,1.0,0.0
35,135,0.9300699300699302,1.170222792865967e-05
35,136,0.9720279720279721,1.2868115751495034e-07
35,137,1.0,0.0
35,138,0.9300699300699302,1.170222792865967e-05
35,139,0.9720279720279721,1.2868115751495034e-07
35,140,1.0,0.0
35,141,0.9300699300699302,1.170222792865967e-05
35,142,0.9720279720279721,1.2868115751495034e-07
35,143,1.0,0.0
35,144,0.9300699300699302,1.170222792865967e-05
35,145,0.8321678321678322,0.0007854416778536138
35,146,0.8531468531468532,0.0004181179404149969
35,147,0.8461538461538463,0.0005211337004810046
35,148,0.8321678321678322,0.0007854416778536138
35,149,0.8531468531468532,0.0004181179404149969
35,150,0.8461538461538463,0.0005211337004810046
35,151,0.9720279720279721,1.2868115751495034e-07
35,152,1.0,0.0
35,153,0.9300699300699302,1.170222792865967e-05
35,154,0.9720279720279721,1.2868115751495034e-07
35,155,1.0,0.0
35,156,0.9300699300699302,1.170222792865967e-05
35,157,0.9720279720279721,1.2868115751495034e-07
35,158,1.0,0.0
35,159,0.9300699300699302,1.170222792865967e-05
35,160,0.9720279720279721,1.2868115751495034e-07
35,161,1.0,0.0
35,162,0.9300699300699302,1.170222792865967e-05
36,37,0.6923076923076924,0.0125930304960941
36,38,0.7692307692307694,0.0034464502618274493
36,39,0.8741258741258742,0.0002007130733242317
36,40,0.6923076923076924,0.0125930304960941
36,41,0.7692307692307694,0.0034464502618274493
36,42,0.8741258741258742,0.0002007130733242317
36,43,0.8391608391608393,0.0006428259886278202
36,44,0.9300699300699302,1.170222792865967e-05
36,45,1.0,0.0
36,46,0.8391608391608393,0.0006428259886278202
36,47,0.9300699300699302,1.170222792865967e-05
36,48,1.0,0.0
36,49,0.8391608391608393,0.0006428259886278202
36,50,0.9300699300699302,1.170222792865967e-05
36,51,1.0,0.0
36,52,0.8391608391608393,0.0006428259886278202
36,53,0.9300699300699302,1.170222792865967e-05
36,54,1.0,0.0
36,55,0.6923076923076924,0.0125930304960941
36,56,0.7692307692307694,0.0034464502618274493
36,57,0.8741258741258742,0.0002007130733242317
36,58,0.6923076923076924,0.0125930304960941
36,59,0.7692307692307694,0.0034464502618274493
36,60,0.8741258741258742,0.0002007130733242317
36,61,0.8391608391608393,0.0006428259886278202
36,62,0.9300699300699302,1.170222792865967e-05
36,63,1.0,0.0
36,64,0.8391608391608393,0.0006428259886278202
36,65,0.9300699300699302,1.170222792865967e-05
36,66,1.0,0.0
36,67,0.8391608391608393,0.0006428259886278202
36,68,0.9300699300699302,1.170222792865967e-05
36,69,1.0,0.0
36,70,0.8391608391608393,0.0006428259886278202
36,71,0.9300699300699302,1.170222792865967e-05
36,72,1.0,0.0
36,73,0.6923076923076924,0.0125930304960941
36,74,0.7692307692307694,0.0034464502618274493
36,75,0.8741258741258742,0.0002007130733242317
36,76,0.6923076923076924,0.0125930304960941
36,77,0.7692307692307694,0.0034464502618274493
36,78,0.8741258741258742,0.0002007130733242317
36,79,0.8391608391608393,0.0006428259886278202
36,80,0.9300699300699302,1.170222792865967e-05
36,81,1.0,0.0
36,82,0.8391608391608393,0.0006428259886278202
36,83,0.9300699300699302,1.170222792865967e-05
36,84,1.0,0.0
36,85,0.8391608391608393,0.0006428259886278202
36,86,0.9300699300699302,1.170222792865967e-05
36,87,1.0,0.0
36,88,0.8391608391608393,0.0006428259886278202
36,89,0.9300699300699302,1.170222792865967e-05
36,90,1.0,0.0
36,91,0.6923076923076924,0.0125930304960941
36,92,0.7692307692307694,0.0034464502618274493
36,93,0.8741258741258742,0.0002007130733242317
36,94,0.6923076923076924,0.0125930304960941
36,95,0.7692307692307694,0.0034464502618274493
36,96,0.8741258741258742,0.0002007130733242317
36,97,0.8391608391608393,0.0006428259886278202
36,98,0.9300699300699302,1.170222792865967e-05
36,99,1.0,0.0
36,100,0.8391608391608393,0.0006428259886278202
36,101,0.9300699300699302,1.170222792865967e-05
36,102,1.0,0.0
36,103,0.8391608391608393,0.0006428259886278202
36,104,0.9300699300699302,1.170222792865967e-05
36,105,1.0,0.0
36,106,0.8391608391608393,0.0006428259886278202
36,107,0.9300699300699302,1.170222792865967e-05
36,108,1.0,0.0
36,109,0.6923076923076924,0.0125930304960941
36,110,0.7692307692307694,0.0034464502618274493
36,111,0.8741258741258742,0.0002007130733242317
36,112,0.6923076923076924,0.0125930304960941
36,113,0.7692307692307694,0.0034464502618274493
36,114,0.8741258741258742,0.0002007130733242317
36,115,0.8391608391608393,0.0006428259886278202
36,116,0.9300699300699302,1.170222792865967e-05
36,117,1.0,0.0
36,118,0.8391608391608393,0.0006428259886278202
36,119,0.9300699300699302,1.170222792865967e-05
36,120,1.0,0.0
36,121,0.8391608391608393,0.0006428259886278202
36,122,0.9300699300699302,1.170222792865967e-05
36,123,1.0,0.0
36,124,0.8391608391608393,0.0006428259886278202
36,125,0.9300699300699302,1.170222792865967e-05
36,126,1.0,0.0
36,127,0.6923076923076924,0.0125930304960941
36,128,0.7692307692307694,0.0034464502618274493
36,129,0.8741258741258742,0.0002007130733242317
36,130,0.6923076923076924,0.0125930304960941
36,131,0.7692307692307694,0.0034464502618274493
36,132,0.8741258741258742,0.0002007130733242317
36,133,0.8391608391608393,0.0006428259886278202
36,134,0.9300699300699302,1.170222792865967e-05
36,135,1.0,0.0
36,136,0.8391608391608393,0.0006428259886278202
36,137,0.9300699300699302,1.170222792865967e-05
36,138,1.0,0.0
36,139,0.8391608391608393,0.0006428259886278202
36,140,0.9300699300699302,1.170222792865967e-05
36,141,1.0,0.0
36,142,0.8391608391608393,0.0006428259886278202
36,143,0.9300699300699302,1.170222792865967e-05
36,144,1.0,0.0
36,145,0.6923076923076924,0.0125930304960941
36,146,0.7692307692307694,0.0034464502618274493
36,147,0.8741258741258742,0.0002007130733242317
36,148,0.6923076923076924,0.0125930304960941
36,149,0.7692307692307694,0.0034464502618274493
36,150,0.8741258741258742,0.0002007130733242317
36,151,0.8391608391608393,0.0006428259886278202
36,152,0.9300699300699302,1.170222792865967e-05
36,153,1.0,0.0
36,154,0.8391608391608393,0.0006428259886278202
36,155,0.9300699300699302,1.170222792865967e-05
36,156,1.0,0.0
36,157,0.8391608391608393,0.0006428259886278202
36,158,0.9300699300699302,1.170222792865967e-05
36,159,1.0,0.0
36,160,0.8391608391608393,0.0006428259886278202
36,161,0.9300699300699302,1.170222792865967e-05
36,162,1.0,0.0
37,38,0.9790209790209792,3.0898013985487064e-08
37,39,0.8741258741258742,0.0002007130733242317
37,40,1.0,0.0
37,41,0.9790209790209792,3.0898013985487064e-08
37,42,0.8741258741258742,0.0002007130733242317
37,43,0.8951048951048951,8.36658642909172e-05
37,44,0.8321678321678322,0.0007854416778536138
37,45,0.6923076923076924,0.0125930304960941
37,46,0.8951048951048951,8.36658642909172e-05
37,47,0.8321678321678322,0.0007854416778536138
37,48,0.6923076923076924,0.0125930304960941
37,49,0.8951048951048951,8.36658642909172e-05
37,50,0.8321678321678322,0.0007854416778536138
37,51,0.6923076923076924,0.0125930304960941
37,52,0.8951048951048951,8.36658642909172e-05
37,53,0.8321678321678322,0.0007854416778536138
37,54,0.6923076923076924,0.0125930304960941
37,55,1.0,0.0
37,56,0.9790209790209792,3.0898013985487064e-08
37,57,0.8741258741258742,0.0002007130733242317
37,58,1.0,0.0
37,59,0.9790209790209792,3.0898013985487064e-08
37,60,0.8741258741258742,0.0002007130733242317
37,61,0.8951048951048951,8.36658642909172e-05
37,62,0.8321678321678322,0.0007854416778536138
37,63,0.6923076923076924,0.0125930304960941
37,64,0.8951048951048951,8.36658642909172e-05
37,65,0.8321678321678322,0.0007854416778536138
37,66,0.6923076923076924,0.0125930304960941
37,67,0.8951048951048951,8.36658642909172e-05
37,68,0.8321678321678322,0.0007854416778536138
37,69,0.6923076923076924,0.0125930304960941
37,70,0.8951048951048951,8.36658642909172e-05
37,71,0.8321678321678322,0.0007854416778536138
37,72,0.6923076923076924,0.0125930304960941
37,73,1.0,0.0
37,74,0.9790209790209792,3.0898013985487064e-08
37,75,0.8741258741258742,0.0002007130733242317
37,76,1.0,0.0
37,77,0.9790209790209792,3.0898013985487064e-08
37,78,0.8741258741258742,0.0002007130733242317
37,79,0.8951048951048951,8.36658642909172e-05
37,80,0.8321678321678322,0.0007854416778536138
37,81,0.6923076923076924,0.0125930304960941
37,82,0.8951048951048951,8.36658642909172e-05
37,83,0.8321678321678322,0.0007854416778536138
37,84,0.6923076923076924,0.0125930304960941
37,85,0.8951048951048951,8.36658642909172e-05
37,86,0.8321678321678322,0.0007854416778536138
37,87,0.6923076923076924,0.0125930304960941
37,88,0.8951048951048951,8.36658642909172e-05
37,89,0.8321678321678322,0.0007854416778536138
37,90,0.6923076923076924,0.0125930304960941
37,91,1.0,0.0
37,92,0.9790209790209792,3.0898013985487064e-08
37,93,0.8741258741258742,0.0002007130733242317
37,94,1.0,0.0
37,95,0.9790209790209792,3.0898013985487064e-08
37,96,0.8741258741258742,0.0002007130733242317
37,97,0.8951048951048951,8.36658642909172e-05
37,98,0.8321678321678322,0.0007854416778536138
37,99,0.6923076923076924,0.0125930304960941
37,100,0.8951048951048951,8.36658642909172e-05
37,101,0.8321678321678322,0.0007854416778536138
37,102,0.6923076923076924,0.0125930304960941
37,103,0.8951048951048951,8.36658642909172e-05
37,104,0.8321678321678322,0.0007854416778536138
37,105,0.6923076923076924,0.0125930304960941
37,106,0.8951048951048951,8.36658642909172e-05
37,107,0.8321678321678322,0.0007854416778536138
37,108,0.6923076923076924,0.0125930304960941
37,109,1.0,0.0
37,110,0.9790209790209792,3.0898013985487064e-08
37,111,0.8741258741258742,0.0002007130733242317
37,112,1.0,0.0
37,113,0.9790209790209792,3.0898013985487064e-08
37,114,0.8741258741258742,0.0002007130733242317
37,115,0.8951048951048951,8.36658642909172e-05
37,116,0.8321678321678322,0.0007854416778536138
37,117,0.6923076923076924,0.0125930304960941
37,118,0.8951048951048951,8.36658642909172e-05
37,119,0.8321678321678322,0.0007854416778536138
37,120,0.6923076923076924,0.0125930304960941
37,121,0.8951048951048951,8.36658642909172e-05
37,122,0.8321678321678322,0.0007854416778536138
37,123,0.6923076923076924,0.0125930304960941
37,124,0.8951048951048951,8.36658642909172e-05
37,125,0.8321678321678322,0.0007854416778536138
37,126,0.6923076923076924,0.0125930304960941
37,127,1.0,0.0
37,128,0.9790209790209792,3.0898013985487064e-08
37,129,0.8741258741258742,0.0002007130733242317
37,130,1.0,0.0
37,131,0.9790209790209792,3.0898013985487064e-08
37,132,0.8741258741258742,0.0002007130733242317
37,133,0.8951048951048951,8.36658642909172e-05
37,134,0.8321678321678322,0.0007854416778536138
37,135,0.6923076923076924,0.0125930304960941
37,136,0.8951048951048951,8.36658642909172e-05
37,137,0.8321678321678322,0.0007854416778536138
37,138,0.6923076923076924,0.0125930304960941
37,139,0.8951048951048951,8.36658642909172e-05
37,140,0.8321678321678322,0.0007854416778536138
37,141,0.6923076923076924,0.0125930304960941
37,142,0.8951048951048951,8.36658642909172e-05
37,143,0.8321678321678322,0.0007854416778536138
37,144,0.6923076923076924,0.0125930304960941
37,145,1.0,0.0
37,146,0.9790209790209792,3.0898013985487064e-08
37,147,0.8741258741258742,0.0002007130733242317
37,148,1.0,0.0
37,149,0.9790209790209792,3.0898013985487064e-08
37,150,0.8741258741258742,0.0002007130733242317
37,151,0.8951048951048951,8.36658642909172e-05
37,152,0.8321678321678322,0.0007854416778536138
37,153,0.6923076923076924,0.0125930304960941
37,154,0.8951048951048951,8.36658642909172e-05
37,155,0.8321678321678322,0.0007854416778536138
37,156,0.6923076923076924,0.0125930304960941
37,157,0.8951048951048951,8.36658642909172e-05
37,158,0.8321678321678322,0.0007854416778536138
37,159,0.6923076923076924,0.0125930304960941
37,160,0.8951048951048951,8.36658642909172e-05
37,161,0.8321678321678322,0.0007854416778536138
37,162,0.6923076923076924,0.0125930304960941
38,39,0.9440559440559443,3.927261080965951e-06
38,40,0.9790209790209792,3.0898013985487064e-08
38,41,1.0,0.0
38,42,0.9440559440559443,3.927261080965951e-06
38,43,0.8741258741258742,0.0002007130733242317
38,44,0.8531468531468532,0.0004181179404149969
38,45,0.7692307692307694,0.0034464502618274493
38,46,0.8741258741258742,0.0002007130733242317
38,47,0.8531468531468532,0.0004181179404149969
38,48,0.7692307692307694,0.0034464502618274493
38,49,0.8741258741258742,0.0002007130733242317
38,50,0.8531468531468532,0.0004181179404149969
38,51,0.7692307692307694,0.0034464502618274493
38,52,0.8741258741258742,0.0002007130733242317
38,53,0.8531468531468532,0.0004181179404149969
38,54,0.7692307692307694,0.0034464502618274493
38,55,0.9790209790209792,3.0898013985487064e-08
38,56,1.0,0.0
38,57,0.9440559440559443,3.927261080965951e-06
38,58,0.9790209790209792,3.0898013985487064e-08
38,59,1.0,0.0
38,60,0.9440559440559443,3.927261080965951e-06
38,61,0.8741258741258742,0.0002007130733242317
38,62,0.8531468531468532,0.0004181179404149969
38,63,0.7692307692307694,0.0034464502618274493
38,64,0.8741258741258742,0.0002007130733242317
38,65,0.8531468531468532,0.0004181179404149969
38,66,0.7692307692307694,0.0034464502618274493
38,67,0.8741258741258742,0.0002007130733242317
38,68,0.8531468531468532,0.0004181179404149969
38,69,0.7692307692307694,0.0034464502618274493
38,70,0.8741258741258742,0.0002007130733242317
38,71,0.8531468531468532,0.0004181179404149969
38,72,0.7692307692307694,0.0034464502618274493
38,73,0.9790209790209792,3.0898013985487064e-08
38,74,1.0,0.0
38,75,0.9440559440559443,3.927261080965951e-06
38,76,0.9790209790209792,3.0898013985487064e-08
38,77,1.0,0.0
38,78,0.9440559440559443,3.927261080965951e-06
38,79,0.8741258741258742,0.0002007130733242317
38,80,0.8531468531468532,0.0004181179404149969
38,81,0.7692307692307694,0.0034464502618274493
38,82,0.8741258741258742,0.0002007130733242317
38,83,0.8531468531468532,0.0004181179404149969
38,84,0.7692307692307694,0.0034464502618274493
38,85,0.8741258741258742,0.0002007130733242317
38,86,0.8531468531468532,0.0004181179404149969
38,87,0.7692307692307694,0.0034464502618274493
38,88,0.8741258741258742,0.0002007130733242317
38,89,0.8531468531468532,0.0004181179404149969
38,90,0.7692307692307694,0.0034464502618274493
38,91,0.9790209790209792,3.0898013985487064e-08
38,92,1.0,0.0
38,93,0.9440559440559443,3.927261080965951e-06
38,94,0.9790209790209792,3.0898013985487064e-08
38,95,1.0,0.0
38,96,0.9440559440559443,3.927261080965951e-06
38,97,0.8741258741258742,0.0002007130733242317
38,98,0.8531468531468532,0.0004181179404149969
38,99,0.7692307692307694,0.0034464502618274493
38,100,0.8741258741258742,0.0002007130733242317
38,101,0.8531468531468532,0.0004181179404149969
38,102,0.7692307692307694,0.0034464502618274493
38,103,0.8741258741258742,0.0002007130733242317
38,104,0.8531468531468532,0.0004181179404149969
38,105,0.7692307692307694,0.0034464502618274493
38,106,0.8741258741258742,0.0002007130733242317
38,107,0.8531468531468532,0.0004181179404149969
38,108,0.7692307692307694,0.0034464502618274493
38,109,0.9790209790209792,3.0898013985487064e-08
38,110,1.0,0.0
38,111,0.9440559440559443,3.927261080965951e-06
38,112,0.9790209790209792,3.0898013985487064e-08
38,113,1.0,0.0
38,114,0.9440559440559443,3.927261080965951e-06
38,115,0.8741258741258742,0.0002007130733242317
38,116,0.8531468531468532,0.0004181179404149969
38,117,0.7692307692307694,0.0034464502618274493
38,118,0.8741258741258742,0.0002007130733242317
38,119,0.8531468531468532,0.0004181179404149969
38,120,0.7692307692307694,0.0034464502618274493
38,121,0.8741258741258742,0.0002007130733242317
38,122,0.8531468531468532,0.0004181179404149969
38,123,0.7692307692307694,0.0034464502618274493
38,124,0.8741258741258742,0.0002007130733242317
38,125,0.8531468531468532,0.0004181179404149969
38,126,0.7692307692307694,0.0034464502618274493
38,127,0.9790209790209792,3.0898013985487064e-08
38,128,1.0,0.0
38,129,0.9440559440559443,3.927261080965951e-06
38,130,0.9790209790209792,3.0898013985487064e-08
38,131,1.0,0.0
38,132,0.9440559440559443,3.927261080965951e-06
38,133,0.8741258741258742,0.0002007130733242317
38,134,0.8531468531468532,0.0004181179404149969
38,135,0.7692307692307694,0.0034464502618274493
38,136,0.8741258741258742,0.0002007130733242317
38,137,0.8531468531468532,0.0004181179404149969
38,138,0.7692307692307694,0.0034464502618274493
38,139,0.8741258741258742,0.0002007130733242317
38,140,0.8531468531468532,0.0004181179404149969
38,141,0.7692307692307694,0.0034464502618274493
38,142,0.8741258741258742,0.0002007130733242317
38,143,0.8531468531468532,0.0004181179404149969
38,144,0.7692307692307694,0.0034464502618274493
38,145,0.9790209790209792,3.0898013985487064e-08
38,146,1.0,0.0
38,147,0.9440559440559443,3.927261080965951e-06
38,148,0.9790209790209792,3.0898013985487064e-08
38,149,1.0,0.0
38,150,0.9440559440559443,3.927261080965951e-06
38,151,0.8741258741258742,0.0002007130733242317
38,152,0.8531468531468532,0.0004181179404149969
38,153,0.7692307692307694,0.0034464502618274493
38,154,0.8741258741258742,0.0002007130733242317
38,155,0.8531468531468532,0.0004181179404149969
38,156,0.7692307692307694,0.0034464502618274493
38,157,0.8741258741258742,0.0002007130733242317
38,158,0.8531468531468532,0.0004181179404149969
38,159,0.7692307692307694,0.0034464502618274493
38,160,0.8741258741258742,0.0002007130733242317
38,161,0.8531468531468532,0.0004181179404149969
38,162,0.7692307692307694,0.0034464502618274493
39,40,0.8741258741258742,0.0002007130733242317
39,41,0.9440559440559443,3.927261080965951e-06
39,42,1.0,0.0
39,43,0.8041958041958043,0.0016147689860699299
39,44,0.8461538461538463,0.0005211337004810046
39,45,0.8741258741258742,0.0002007130733242317
39,46,0.8041958041958043,0.0016147689860699299
39,47,0.8461538461538463,0.0005211337004810046
39,48,0.8741258741258742,0.0002007130733242317
39,49,0.8041958041958043,0.0016147689860699299
39,50,0.8461538461538463,0.0005211337004810046
39,51,0.8741258741258742,0.0002007130733242317
39,52,0.8041958041958043,0.0016147689860699299
39,53,0.8461538461538463,0.0005211337004810046
39,54,0.8741258741258742,0.0002007130733242317
39,55,0.8741258741258742,0.0002007130733242317
39,56,0.9440559440559443,3.927261080965951e-06
39,57,1.0,0.0
39,58,0.8741258741258742,0.0002007130733242317
39,59,0.9440559440559443,3.927261080965951e-06
39,60,1.0,0.0
39,61,0.8041958041958043,0.0016147689860699299
39,62,0.8461538461538463,0.0005211337004810046
39,63,0.8741258741258742,0.0002007130733242317
39,64,0.8041958041958043,0.0016147689860699299
39,65,0.8461538461538463,0.0005211337004810046
39,66,0.8741258741258742,0.0002007130733242317
39,67,0.8041958041958043,0.0016147689860699299
39,68,0.8461538461538463,0.0005211337004810046
39,69,0.8741258741258742,0.0002007130733242317
39,70,0.8041958041958043,0.0016147689860699299
39,71,0.8461538461538463,0.0005211337004810046
39,72,0.8741258741258742,0.0002007130733242317
39,73,0.8741258741258742,0.0002007130733242317
39,74,0.9440559440559443,3.927261080965951e-06
39,75,1.0,0.0
39,76,0.8741258741258742,0.0002007130733242317
39,77,0.9440559440559443,3.927261080965951e-06
39,78,1.0,0.0
39,79,0.8041958041958043,0.0016147689860699299
39,80,0.8461538461538463,0.0005211337004810046
39,81,0.8741258741258742,0.0002007130733242317
39,82,0.8041958041958043,0.0016147689860699299
39,83,0.8461538461538463,0.0005211337004810046
39,84,0.8741258741258742,0.0002007130733242317
39,85,0.8041958041958043,0.0016147689860699299
39,86,0.8461538461538463,0.0005211337004810046
39,87,0.8741258741258742,0.0002007130733242317
39,88,0.8041958041958043,0.0016147689860699299
39,89,0.8461538461538463,0.0005211337004810046
39,90,0.8741258741258742,0.0002007130733242317
39,91,0.8741258741258742,0.0002007130733242317
39,92,0.9440559440559443,3.927261080965951e-06
39,93,1.0,0.0
39,94,0.8741258741258742,0.0002007130733242317
39,95,0.9440559440559443,3.927261080965951e-06
39,96,1.0,0.0
39,97,0.8041958041958043,0.0016147689860699299
39,98,0.8461538461538463,0.0005211337004810046
39,99,0.8741258741258742,0.0002007130733242317
39,100,0.8041958041958043,0.0016147689860699299
39,101,0.8461538461538463,0.0005211337004810046
39,102,0.8741258741258742,0.0002007130733242317
39,103,0.8041958041958043,0.0016147689860699299
39,104,0.8461538461538463,0.0005211337004810046
39,105,0.8741258741258742,0.0002007130733242317
39,106,0.8041958041958043,0.0016147689860699299
39,107,0.8461538461538463,0.0005211337004810046
39,108,0.8741258741258742,0.0002007130733242317
39,109,0.8741258741258742,0.0002007130733242317
39,110,0.9440559440559443,3.927261080965951e-06
39,111,1.0,0.0
39,112,0.8741258741258742,0.0002007130733242317
39,113,0.9440559440559443,3.927261080965951e-06
39,114,1.0,0.0
39,115,0.8041958041958043,0.0016147689860699299
39,116,0.8461538461538463,0.0005211337004810046
39,117,0.8741258741258742,0.0002007130733242317
39,118,0.8041958041958043,0.0016147689860699299
39,119,0.8461538461538463,0.0005211337004810046
39,120,0.8741258741258742,0.0002007130733242317
39,121,0.8041958041958043,0.0016147689860699299
39,122,0.8461538461538463,0.0005211337004810046
39,123,0.8741258741258742,0.0002007130733242317
39,124,0.8041958041958043,0.0016147689860699299
39,125,0.8461538461538463,0.0005211337004810046
39,126,0.8741258741258742,0.0002007130733242317
39,127,0.8741258741258742,0.0002007130733242317
39,128,0.9440559440559443,3.927261080965951e-06
39,129,1.0,0.0
39,130,0.8741258741258742,0.0002007130733242317
39,131,0.9440559440559443,3.927261080965951e-06
39,132,1.0,0.0
39,133,0.8041958041958043,0.0016147689860699299
39,134,0.8461538461538463,0.0005211337004810046
39,135,0.8741258741258742,0.0002007130733242317
39,136,0.8041958041958043,0.0016147689860699299
39,137,0.8461538461538463,0.0005211337004810046
39,138,0.8741258741258742,0.0002007130733242317
39,139,0.8041958041958043,0.0016147689860699299
39,140,0.8461538461538463,0.0005211337004810046
39,141,0.8741258741258742,0.0002007130733242317
39,142,0.8041958041958043,0.0016147689860699299
39,143,0.8461538461538463,0.0005211337004810046
39,144,0.8741258741258742,0.0002007130733242317
39,145,0.8741258741258742,0.0002007130733242317
39,146,0.9440559440559443,3.927261080965951e-06
39,147,1.0,0.0
39,148,0.8741258741258742,0.0002007130733242317
39,149,0.9440559440559443,3.927261080965951e-06
39,150,1.0,0.0
39,151,0.8041958041958043,0.0016147689860699299
39,152,0.8461538461538463,0.0005211337004810046
39,153,0.8741258741258742,0.0002007130733242317
39,154,0.8041958041958043,0.0016147689860699299
39,155,0.8461538461538463,0.0005211337004810046
39,156,0.8741258741258742,0.0002007130733242317
39,157,0.8041958041958043,0.0016147689860699299
39,158,0.8461538461538463,0.0005211337004810046
39,159,0.8741258741258742,0.0002007130733242317
39,160,0.8041958041958043,0.0016147689860699299
39,161,0.8461538461538463,0.0005211337004810046
39,162,0.8741258741258742,0.0002007130733242317
40,41,0.9790209790209792,3.0898013985487064e-08
40,42,0.8741258741258742,0.0002007130733242317
40,43,0.8951048951048951,8.36658642909172e-05
40,44,0.8321678321678322,0.0007854416778536138
40,45,0.6923076923076924,0.0125930304960941
40,46,0.8951048951048951,8.36658642909172e-05
40,47,0.8321678321678322,0.0007854416778536138
40,48,0.6923076923076924,0.0125930304960941
40,49,0.8951048951048951,8.36658642909172e-05
40,50,0.8321678321678322,0.0007854416778536138
40,51,0.6923076923076924,0.0125930304960941
40,52,0.8951048951048951,8.36658642909172e-05
40,53,0.8321678321678322,0.0007854416778536138
40,54,0.6923076923076924,0.0125930304960941
40,55,1.0,0.0
40,56,0.9790209790209792,3.0898013985487064e-08
40,57,0.8741258741258742,0.0002007130733242317
40,58,1.0,0.0
40,59,0.9790209790209792,3.0898013985487064e-08
40,60,0.8741258741258742,0.0002007130733242317
40,61,0.8951048951048951,8.36658642909172e-05
40,62,0.8321678321678322,0.0007854416778536138
40,63,0.6923076923076924,0.0125930304960941
40,64,0.8951048951048951,8.36658642909172e-05
40,65,0.8321678321678322,0.0007854416778536138
40,66,0.6923076923076924,0.0125930304960941
40,67,0.8951048951048951,8.36658642909172e-05
40,68,0.8321678321678322,0.0007854416778536138
40,69,0.6923076923076924,0.0125930304960941
40,70,0.8951048951048951,8.36658642909172e-05
40,71,0.8321678321678322,0.0007854416778536138
40,72,0.6923076923076924,0.0125930304960941
40,73,1.0,0.0
40,74,0.9790209790209792,3.0898013985487064e-08
40,75,0.8741258741258742,0.0002007130733242317
40,76,1.0,0.0
40,77,0.9790209790209792,3.0898013985487064e-08
40,78,0.8741258741258742,0.0002007130733242317
40,79,0.8951048951048951,8.36658642909172e-05
40,80,0.8321678321678322,0.0007854416778536138
40,81,0.6923076923076924,0.0125930304960941
40,82,0.8951048951048951,8.36658642909172e-05
40,83,0.8321678321678322,0.0007854416778536138
40,84,0.6923076923076924,0.0125930304960941
40,85,0.8951048951048951,8.36658642909172e-05
40,86,0.8321678321678322,0.0007854416778536138
40,87,0.6923076923076924,0.0125930304960941
40,88,0.8951048951048951,8.36658642909172e-05
40,89,0.8321678321678322,0.0007854416778536138
40,90,0.6923076923076924,0.0125930304960941
40,91,1.0,0.0
40,92,0.9790209790209792,3.0898013985487064e-08
40,93,0.8741258741258742,0.0002007130733242317
40,94,1.0,0.0
40,95,0.9790209790209792,3.0898013985487064e-08
40,96,0.8741258741258742,0.0002007130733242317
40,97,0.8951048951048951,8.36658642909172e-05
40,98,0.8321678321678322,0.0007854416778536138
40,99,0.6923076923076924,0.0125930304960941
40,100,0.8951048951048951,8.36658642909172e-05
40,101,0.8321678321678322,0.0007854416778536138
40,102,0.6923076923076924,0.0125930304960941
40,103,0.8951048951048951,8.36658642909172e-05
40,104,0.8321678321678322,0.0007854416778536138
40,105,0.6923076923076924,0.0125930304960941
40,106,0.8951048951048951,8.36658642909172e-05
40,107,0.8321678321678322,0.0007854416778536138
40,108,0.6923076923076924,0.0125930304960941
40,109,1.0,0.0
40,110,0.9790209790209792,3.0898013985487064e-08
40,111,0.8741258741258742,0.0002007130733242317
40,112,1.0,0.0
40,113,0.9790209790209792,3.0898013985487064e-08
40,114,0.8741258741258742,0.0002007130733242317
40,115,0.8951048951048951,8.36658642909172e-05
40,116,0.8321678321678322,0.0007854416778536138
40,117,0.6923076923076924,0.0125930304960941
40,118,0.8951048951048951,8.36658642909172e-05
40,119,0.8321678321678322,0.0007854416778536138
40,120,0.6923076923076924,0.0125930304960941
40,121,0.8951048951048951,8.36658642909172e-05
40,122,0.8321678321678322,0.0007854416778536138
40,123,0.6923076923076924,0.0125930304960941
40,124,0.8951048951048951,8.36658642909172e-05
40,125,0.8321678321678322,0.0007854416778536138
40,126,0.6923076923076924,0.0125930304960941
40,127,1.0,0.0
40,128,0.9790209790209792,3.0898013985487064e-08
40,129,0.8741258741258742,0.0002007130733242317
40,130,1.0,0.0
40,131,0.9790209790209792,3.0898013985487064e-08
40,132,0.8741258741258742,0.0002007130733242317
40,133,0.8951048951048951,8.36658642909172e-05
40,134,0.8321678321678322,0.0007854416778536138
40,135,0.6923076923076924,0.0125930304960941
40,136,0.8951048951048951,8.36658642909172e-05
40,137,0.8321678321678322,0.0007854416778536138
40,138,0.6923076923076924,0.0125930304960941
40,139,0.8951048951048951,8.36658642909172e-05
40,140,0.8321678321678322,0.0007854416778536138
40,141,0.6923076923076924,0.0125930304960941
40,142,0.8951048951048951,8.36658642909172e-05
40,143,0.8321678321678322,0.0007854416778536138
40,144,0.6923076923076924,0.0125930304960941
40,145,1.0,0.0
40,146,0.9790209790209792,3.0898013985487064e-08
40,147,0.8741258741258742,0.0002007130733242317
40,148,1.0,0.0
40,149,0.9790209790209792,3.0898013985487064e-08
40,150,0.8741258741258742,0.0002007130733242317
40,151,0.8951048951048951,8.36658642909172e-05
40,152,0.8321678321678322,0.0007854416778536138
40,153,0.6923076923076924,0.0125930304960941
40,154,0.8951048951048951,8.36658642909172e-05
40,155,0.8321678321678322,0.0007854416778536138
40,156,0.6923076923076924,0.0125930304960941
40,157,0.8951048951048951,8.36658642909172e-05
40,158,0.8321678321678322,0.0007854416778536138
40,159,0.6923076923076924,0.0125930304960941
40,160,0.8951048951048951,8.36658642909172e-05
40,161,0.8321678321678322,0.0007854416778536138
40,162,0.6923076923076924,0.0125930304960941
41,42,0.9440559440559443,3.927261080965951e-06
41,43,0.8741258741258742,0.0002007130733242317
41,44,0.8531468531468532,0.0004181179404149969
41,45,0.7692307692307694,0.0034464502618274493
41,46,0.8741258741258742,0.0002007130733242317
41,47,0.8531468531468532,0.0004181179404149969
41,48,0.7692307692307694,0.0034464502618274493
41,49,0.8741258741258742,0.0002007130733242317
41,50,0.8531468531468532,0.0004181179404149969
41,51,0.7692307692307694,0.0034464502618274493
41,52,0.8741258741258742,0.0002007130733242317
41,53,0.8531468531468532,0.0004181179404149969
41,54,0.7692307692307694,0.0034464502618274493
41,55,0.9790209790209792,3.0898013985487064e-08
41,56,1.0,0.0
41,57,0.9440559440559443,3.927261080965951e-06
41,58,0.9790209790209792,3.0898013985487064e-08
41,59,1.0,0.0
41,60,0.9440559440559443,3.927261080965951e-06
41,61,0.8741258741258742,0.0002007130733242317
41,62,0.8531468531468532,0.0004181179404149969
41,63,0.7692307692307694,0.0034464502618274493
41,64,0.8741258741258742,0.0002007130733242317
41,65,0.8531468531468532,0.0004181179404149969
41,66,0.7692307692307694,0.0034464502618274493
41,67,0.8741258741258742,0.0002007130733242317
41,68,0.8531468531468532,0.0004181179404149969
41,69,0.7692307692307694,0.0034464502618274493
41,70,0.8741258741258742,0.0002007130733242317
41,71,0.8531468531468532,0.0004181179404149969
41,72,0.7692307692307694,0.0034464502618274493
41,73,0.9790209790209792,3.0898013985487064e-08
41,74,1.0,0.0
41,75,0.9440559440559443,3.927261080965951e-06
41,76,0.9790209790209792,3.0898013985487064e-08
41,77,1.0,0.0
41,78,0.9440559440559443,3.927261080965951e-06
41,79,0.8741258741258742,0.0002007130733242317
41,80,0.8531468531468532,0.0004181179404149969
41,81,0.7692307692307694,0.0034464502618274493
41,82,0.8741258741258742,0.0002007130733242317
41,83,0.8531468531468532,0.0004181179404149969
41,84,0.7692307692307694,0.0034464502618274493
41,85,0.8741258741258742,0.0002007130733242317
41,86,0.8531468531468532,0.0004181179404149969
41,87,0.7692307692307694,0.0034464502618274493
41,88,0.8741258741258742,0.0002007130733242317
41,89,0.8531468531468532,0.0004181179404149969
41,90,0.7692307692307694,0.0034464502618274493
41,91,0.9790209790209792,3.0898013985487064e-08
41,92,1.0,0.0
41,93,0.9440559440559443,3.927261080965951e-06
41,94,0.9790209790209792,3.0898013985487064e-08
41,95,1.0,0.0
41,96,0.9440559440559443,3.927261080965951e-06
41,97,0.8741258741258742,0.0002007130733242317
41,98,0.8531468531468532,0.0004181179404149969
41,99,0.7692307692307694,0.0034464502618274493
41,100,0.8741258741258742,0.0002007130733242317
41,101,0.8531468531468532,0.0004181179404149969
41,102,0.7692307692307694,0.0034464502618274493
41,103,0.8741258741258742,0.0002007130733242317
41,104,0.8531468531468532,0.0004181179404149969
41,105,0.7692307692307694,0.0034464502618274493
41,106,0.8741258741258742,0.0002007130733242317
41,107,0.8531468531468532,0.0004181179404149969
41,108,0.7692307692307694,0.0034464502618274493
41,109,0.9790209790209792,3.0898013985487064e-08
41,110,1.0,0.0
41,111,0.9440559440559443,3.927261080965951e-06
41,112,0.9790209790209792,3.0898013985487064e-08
41,113,1.0,0.0
41,114,0.9440559440559443,3.927261080965951e-06
41,115,0.8741258741258742,0.0002007130733242317
41,116,0.8531468531468532,0.0004181179404149969
41,117,0.7692307692307694,0.0034464502618274493
41,118,0.8741258741258742,0.0002007130733242317
41,119,0.8531468531468532,0.0004181179404149969
41,120,0.7692307692307694,0.0034464502618274493
41,121,0.8741258741258742,0.0002007130733242317
41,122,0.8531468531468532,0.0004181179404149969
41,123,0.7692307692307694,0.0034464502618274493
41,124,0.8741258741258742,0.0002007130733242317
41,125,0.8531468531468532,0.0004181179404149969
41,126,0.7692307692307694,0.0034464502618274493
41,127,0.9790209790209792,3.0898013985487064e-08
41,128,1.0,0.0
41,129,0.9440559440559443,3.927261080965951e-06
41,130,0.9790209790209792,3.0898013985487064e-08
41,131,1.0,0.0
41,132,0.9440559440559443,3.927261080965951e-06
41,133,0.8741258741258742,0.0002007130733242317
41,134,0.8531468531468532,0.0004181179404149969
41,135,0.7692307692307694,0.0034464502618274493
41,136,0.8741258741258742,0.0002007130733242317
41,137,0.8531468531468532,0.0004181179404149969
41,138,0.7692307692307694,0.0034464502618274493
41,139,0.8741258741258742,0.0002007130733242317
41,140,0.8531468531468532,0.0004181179404149969
41,141,0.7692307692307694,0.0034464502618274493
41,142,0.8741258741258742,0.0002007130733242317
41,143,0.8531468531468532,0.0004181179404149969
41,144,0.7692307692307694,0.0034464502618274493
41,145,0.9790209790209792,3.0898013985487064e-08
41,146,1.0,0.0
41,147,0.9440559440559443,3.927261080965951e-06
41,148,0.9790209790209792,3.0898013985487064e-08
41,149,1.0,0.0
41,150,0.9440559440559443,3.927261080965951e-06
41,151,0.8741258741258742,0.0002007130733242317
41,152,0.8531468531468532,0.0004181179404149969
41,153,0.7692307692307694,0.0034464502618274493
41,154,0.8741258741258742,0.0002007130733242317
41,155,0.8531468531468532,0.0004181179404149969
41,156,0.7692307692307694,0.0034464502618274493
41,157,0.8741258741258742,0.0002007130733242317
41,158,0.8531468531468532,0.0004181179404149969
41,159,0.7692307692307694,0.0034464502618274493
41,160,0.8741258741258742,0.0002007130733242317
41,161,0.8531468531468532,0.0004181179404149969
41,162,0.7692307692307694,0.0034464502618274493
42,43,0.8041958041958043,0.0016147689860699299
42,44,0.8461538461538463,0.0005211337004810046
42,45,0.8741258741258742,0.0002007130733242317
42,46,0.8041958041958043,0.0016147689860699299
42,47,0.8461538461538463,0.0005211337004810046
42,48,0.8741258741258742,0.0002007130733242317
42,49,0.8041958041958043,0.0016147689860699299
42,50,0.8461538461538463,0.0005211337004810046
42,51,0.8741258741258742,0.0002007130733242317
42,52,0.8041958041958043,0.0016147689860699299
42,53,0.8461538461538463,0.0005211337004810046
42,54,0.8741258741258742,0.0002007130733242317
42,55,0.8741258741258742,0.0002007130733242317
42,56,0.9440559440559443,3.927261080965951e-06
42,57,1.0,0.0
42,58,0.8741258741258742,0.0002007130733242317
42,59,0.9440559440559443,3.927261080965951e-06
42,60,1.0,0.0
42,61,0.8041958041958043,0.0016147689860699299
42,62,0.8461538461538463,0.0005211337004810046
42,63,0.8741258741258742,0.0002007130733242317
42,64,0.8041958041958043,0.0016147689860699299
42,65,0.8461538461538463,0.0005211337004810046
42,66,0.8741258741258742,0.0002007130733242317
42,67,0.8041958041958043,0.0016147689860699299
42,68,0.8461538461538463,0.0005211337004810046
42,69,0.8741258741258742,0.0002007130733242317
42,70,0.8041958041958043,0.0016147689860699299
42,71,0.8461538461538463,0.0005211337004810046
42,72,0.8741258741258742,0.0002007130733242317
42,73,0.8741258741258742,0.0002007130733242317
42,74,0.9440559440559443,3.927261080965951e-06
42,75,1.0,0.0
42,76,0.8741258741258742,0.0002007130733242317
42,77,0.9440559440559443,3.927261080965951e-06
42,78,1.0,0.0
42,79,0.8041958041958043,0.0016147689860699299
42,80,0.8461538461538463,0.0005211337004810046
42,81,0.8741258741258742,0.0002007130733242317
42,82,0.8041958041958043,0.0016147689860699299
42,83,0.8461538461538463,0.0005211337004810046
42,84,0.8741258741258742,0.0002007130733242317
42,85,0.8041958041958043,0.0016147689860699299
42,86,0.8461538461538463,0.0005211337004810046
42,87,0.8741258741258742,0.0002007130733242317
42,88,0.8041958041958043,0.0016147689860699299
42,89,0.8461538461538463,0.0005211337004810046
42,90,0.8741258741258742,0.0002007130733242317
42,91,0.8741258741258742,0.0002007130733242317
42,92,0.9440559440559443,3.927261080965951e-06
42,93,1.0,0.0
42,94,0.8741258741258742,0.0002007130733242317
42,95,0.9440559440559443,3.927261080965951e-06
42,96,1.0,0.0
42,97,0.8041958041958043,0.0016147689860699299
42,98,0.8461538461538463,0.0005211337004810046
42,99,0.8741258741258742,0.0002007130733242317
42,100,0.8041958041958043,0.0016147689860699299
42,101,0.8461538461538463,0.0005211337004810046
42,102,0.8741258741258742,0.0002007130733242317
42,103,0.8041958041958043,0.0016147689860699299
42,104,0.8461538461538463,0.0005211337004810046
42,105,0.8741258741258742,0.0002007130733242317
42,106,0.8041958041958043,0.0016147689860699299
42,107,0.8461538461538463,0.0005211337004810046
42,108,0.8741258741258742,0.0002007130733242317
42,109,0.8741258741258742,0.0002007130733242317
42,110,0.9440559440559443,3.927261080965951e-06
42,111,1.0,0.0
42,112,0.8741258741258742,0.0002007130733242317
42,113,0.9440559440559443,3.927261080965951e-06
42,114,1.0,0.0
42,115,0.8041958041958043,0.0016147689860699299
42,116,0.8461538461538463,0.0005211337004810046
42,117,0.8741258741258742,0.0002007130733242317
42,118,0.8041958041958043,0.0016147689860699299
42,119,0.8461538461538463,0.0005211337004810046
42,120,0.8741258741258742,0.0002007130733242317
42,121,0.8041958041958043,0.0016147689860699299
42,122,0.8461538461538463,0.0005211337004810046
42,123,0.8741258741258742,0.0002007130733242317
42,124,0.8041958041958043,0.0016147689860699299
42,125,0.8461538461538463,0.0005211337004810046
42,126,0.8741258741258742,0.0002007130733242317
42,127,0.8741258741258742,0.0002007130733242317
42,128,0.9440559440559443,3.927261080965951e-06
42,129,1.0,0.0
42,130,0.8741258741258742,0.0002007130733242317
42,131,0.9440559440559443,3.927261080965951e-06
42,132,1.0,0.0
42,133,0.8041958041958043,0.0016147689860699299
42,134,0.8461538461538463,0.0005211337004810046
42,135,0.8741258741258742,0.0002007130733242317
42,136,0.8041958041958043,0.0016147689860699299
42,137,0.8461538461538463,0.0005211337004810046
42,138,0.8741258741258742,0.0002007130733242317
42,139,0.8041958041958043,0.0016147689860699299
42,140,0.8461538461538463,0.0005211337004810046
42,141,0.8741258741258742,0.0002007130733242317
42,142,0.8041958041958043,0.0016147689860699299
42,143,0.8461538461538463,0.0005211337004810046
42,144,0.8741258741258742,0.0002007130733242317
42,145,0.8741258741258742,0.0002007130733242317
42,146,0.9440559440559443,3.927261080965951e-06
42,147,1.0,0.0
42,148,0.8741258741258742,0.0002007130733242317
42,149,0.9440559440559443,3.927261080965951e-06
42,150,1.0,0.0
42,151,0.8041958041958043,0.0016147689860699299
42,152,0.8461538461538463,0.0005211337004810046
42,153,0.8741258741258742,0.0002007130733242317
42,154,0.8041958041958043,0.0016147689860699299
42,155,0.8461538461538463,0.0005211337004810046
42,156,0.8741258741258742,0.0002007130733242317
42,157,0.8041958041958043,0.0016147689860699299
42,158,0.8461538461538463,0.0005211337004810046
42,159,0.8741258741258742,0.0002007130733242317
42,160,0.8041958041958043,0.0016147689860699299
42,161,0.8461538461538463,0.0005211337004810046
42,162,0.8741258741258742,0.0002007130733242317
43,44,0.9720279720279721,1.2868115751495034e-07
43,45,0.8391608391608393,0.0006428259886278202
43,46,1.0,0.0
43,47,0.9720279720279721,1.2868115751495034e-07
43,48,0.8391608391608393,0.0006428259886278202
43,49,1.0,0.0
43,50,0.9720279720279721,1.2868115751495034e-07
43,51,0.8391608391608393,0.0006428259886278202
43,52,1.0,0.0
43,53,0.9720279720279721,1.2868115751495034e-07
43,54,0.8391608391608393,0.0006428259886278202
43,55,0.8951048951048951,8.36658642909172e-05
43,56,0.8741258741258742,0.0002007130733242317
43,57,0.8041958041958043,0.0016147689860699299
43,58,0.8951048951048951,8.36658642909172e-05
43,59,0.8741258741258742,0.0002007130733242317
43,60,0.8041958041958043,0.0016147689860699299
43,61,1.0,0.0
43,62,0.9720279720279721,1.2868115751495034e-07
43,63,0.8391608391608393,0.0006428259886278202
43,64,1.0,0.0
43,65,0.9720279720279721,1.2868115751495034e-07
43,66,0.8391608391608393,0.0006428259886278202
43,67,1.0,0.0
43,68,0.9720279720279721,1.2868115751495034e-07
43,69,0.8391608391608393,0.0006428259886278202
43,70,1.0,0.0
43,71,0.9720279720279721,1.2868115751495034e-07
43,72,0.8391608391608393,0.0006428259886278202
43,73,0.8951048951048951,8.36658642909172e-05
43,74,0.8741258741258742,0.0002007130733242317
43,75,0.8041958041958043,0.0016147689860699299
43,76,0.8951048951048951,8.36658642909172e-05
43,77,0.8741258741258742,0.0002007130733242317
43,78,0.8041958041958043,0.0016147689860699299
43,79,1.0,0.0
43,80,0.9720279720279721,1.2868115751495034e-07
43,81,0.8391608391608393,0.0006428259886278202
43,82,1.0,0.0
43,83,0.9720279720279721,1.2868115751495034e-07
43,84,0.8391608391608393,0.0006428259886278202
43,85,1.0,0.0
43,86,0.9720279720279721,1.2868115751495034e-07
43,87,0.8391608391608393,0.0006428259886278202
43,88,1.0,0.0
43,89,0.9720279720279721,1.2868115751495034e-07
43,90,0.8391608391608393,0.0006428259886278202
43,91,0.8951048951048951,8.36658642909172e-05
43,92,0.8741258741258742,0.0002007130733242317
43,93,0.8041958041958043,0.0016147689860699299
43,94,0.8951048951048951,8.36658642909172e-05
43,95,0.8741258741258742,0.0002007130733242317
43,96,0.8041958041958043,0.0016147689860699299
43,97,1.0,0.0
43,98,0.9720279720279721,1.2868115751495034e-07
43,99,0.8391608391608393,0.0006428259886278202
43,100,1.0,0.0
43,101,0.9720279720279721,1.2868115751495034e-07
43,102,0.8391608391608393,0.0006428259886278202
43,103,1.0,0.0
43,104,0.9720279720279721,1.2868115751495034e-07
43,105,0.8391608391608393,0.0006428259886278202
43,106,1.0,0.0
43,107,0.9720279720279721,1.2868115751495034e-07
43,108,0.8391608391608393,0.0006428259886278202
43,109,0.8951048951048951,8.36658642909172e-05
43,110,0.8741258741258742,0.0002007130733242317
43,111,0.8041958041958043,0.0016147689860699299
43,112,0.8951048951048951,8.36658642909172e-05
43,113,0.8741258741258742,0.0002007130733242317
43,114,0.8041958041958043,0.0016147689860699299
43,115,1.0,0.0
43,116,0.9720279720279721,1.2868115751495034e-07
43,117,0.8391608391608393,0.0006428259886278202
43,118,1.0,0.0
43,119,0.9720279720279721,1.2868115751495034e-07
43,120,0.8391608391608393,0.0006428259886278202
43,121,1.0,0.0
43,122,0.9720279720279721,1.2868115751495034e-07
43,123,0.8391608391608393,0.0006428259886278202
43,124,1.0,0.0
43,125,0.9720279720279721,1.2868115751495034e-07
43,126,0.8391608391608393,0.0006428259886278202
43,127,0.8951048951048951,8.36658642909172e-05
43,128,0.8741258741258742,0.0002007130733242317
43,129,0.8041958041958043,0.0016147689860699299
43,130,0.8951048951048951,8.36658642909172e-05
43,131,0.8741258741258742,0.0002007130733242317
43,132,0.8041958041958043,0.0016147689860699299
43,133,1.0,0.0
43,134,0.9720279720279721,1.2868115751495034e-07
43,135,0.8391608391608393,0.0006428259886278202
43,136,1.0,0.0
43,137,0.9720279720279721,1.2868115751495034e-07
43,138,0.8391608391608393,0.0006428259886278202
43,139,1.0,0.0
43,140,0.9720279720279721,1.2868115751495034e-07
43,141,0.8391608391608393,0.0006428259886278202
43,142,1.0,0.0
43,143,0.9720279720279721,1.2868115751495034e-07
43,144,0.8391608391608393,0.0006428259886278202
43,145,0.8951048951048951,8.36658642909172e-05
43,146,0.8741258741258742,0.0002007130733242317
43,147,0.8041958041958043,0.0016147689860699299
43,148,0.8951048951048951,8.36658642909172e-05
43,149,0.8741258741258742,0.0002007130733242317
43,150,0.8041958041958043,0.0016147689860699299
43,151,1.0,0.0
43,152,0.9720279720279721,1.2868115751495034e-07
43,153,0.8391608391608393,0.0006428259886278202
43,154,1.0,0.0
43,155,0.9720279720279721,1.2868115751495034e-07
43,156,0.8391608391608393,0.0006428259886278202
43,157,1.0,0.0
43,158,0.9720279720279721,1.2868115751495034e-07
43,159,0.8391608391608393,0.0006428259886278202
43,160,1.0,0.0
43,161,0.9720279720279721,1.2868115751495034e-07
43,162,0.8391608391608393,0.0006428259886278202
44,45,0.9300699300699302,1.170222792865967e-05
44,46,0.9720279720279721,1.2868115751495034e-07
44,47,1.0,0.0
44,48,0.9300699300699302,1.170222792865967e-05
44,49,0.9720279720279721,1.2868115751495034e-07
44,50,1.0,0.0
44,51,0.9300699300699302,1.170222792865967e-05
44,52,0.9720279720279721,1.2868115751495034e-07
44,53,1.0,0.0
44,54,0.9300699300699302,1.170222792865967e-05
44,55,0.8321678321678322,0.0007854416778536138
44,56,0.8531468531468532,0.0004181179404149969
44,57,0.8461538461538463,0.0005211337004810046
44,58,0.8321678321678322,0.0007854416778536138
44,59,0.8531468531468532,0.0004181179404149969
44,60,0.8461538461538463,0.0005211337004810046
44,61,0.9720279720279721,1.2868115751495034e-07
44,62,1.0,0.0
44,63,0.9300699300699302,1.170222792865967e-05
44,64,0.9720279720279721,1.2868115751495034e-07
44,65,1.0,0.0
44,66,0.9300699300699302,1.170222792865967e-05
44,67,0.9720279720279721,1.2868115751495034e-07
44,68,1.0,0.0
44,69,0.9300699300699302,1.170222792865967e-05
44,70,0.9720279720279721,1.2868115751495034e-07
44,71,1.0,0.0
44,72,0.9300699300699302,1.170222792865967e-05
44,73,0.8321678321678322,0.0007854416778536138
44,74,0.8531468531468532,0.0004181179404149969
44,75,0.8461538461538463,0.0005211337004810046
44,76,0.8321678321678322,0.0007854416778536138
44,77,0.8531468531468532,0.0004181179404149969
44,78,0.8461538461538463,0.0005211337004810046
44,79,0.9720279720279721,1.2868115751495034e-07
44,80,1.0,0.0
44,81,0.9300699300699302,1.170222792865967e-05
44,82,0.9720279720279721,1.2868115751495034e-07
44,83,1.0,0.0
44,84,0.9300699300699302,1.170222792865967e-05
44,85,0.9720279720279721,1.2868115751495034e-07
44,86,1.0,0.0
44,87,0.9300699300699302,1.170222792865967e-05
44,88,0.9720279720279721,1.2868115751495034e-07
44,89,1.0,0.0
44,90,0.9300699300699302,1.170222792865967e-05
44,91,0.8321678321678322,0.0007854416778536138
44,92,0.8531468531468532,0.0004181179404149969
44,93,0.8461538461538463,0.0005211337004810046
44,94,0.8321678321678322,0.0007854416778536138
44,95,0.8531468531468532,0.0004181179404149969
44,96,0.8461538461538463,0.0005211337004810046
44,97,0.9720279720279721,1.2868115751495034e-07
44,98,1.0,0.0
44,99,0.9300699300699302,1.170222792865967e-05
44,100,0.9720279720279721,1.2868115751495034e-07
44,101,1.0,0.0
44,102,0.9300699300699302,1.170222792865967e-05
44,103,0.9720279720279721,1.2868115751495034e-07
44,104,1.0,0.0
44,105,0.9300699300699302,1.170222792865967e-05
44,106,0.9720279720279721,1.2868115751495034e-07
44,107,1.0,0.0
44,108,0.9300699300699302,1.170222792865967e-05
44,109,0.8321678321678322,0.0007854416778536138
44,110,0.8531468531468532,0.0004181179404149969
44,111,0.8461538461538463,0.0005211337004810046
44,112,0.8321678321678322,0.0007854416778536138
44,113,0.8531468531468532,0.0004181179404149969
44,114,0.8461538461538463,0.0005211337004810046
44,115,0.9720279720279721,1.2868115751495034e-07
44,116,1.0,0.0
44,117,0.9300699300699302,1.170222792865967e-05
44,118,0.9720279720279721,1.2868115751495034e-07
44,119,1.0,0.0
44,120,0.9300699300699302,1.170222792865967e-05
44,121,0.9720279720279721,1.2868115751495034e-07
44,122,1.0,0.0
44,123,0.9300699300699302,1.170222792865967e-05
44,124,0.9720279720279721,1.2868115751495034e-07
44,125,1.0,0.0
44,126,0.9300699300699302,1.170222792865967e-05
44,127,0.8321678321678322,0.0007854416778536138
44,128,0.8531468531468532,0.0004181179404149969
44,129,0.8461538461538463,0.0005211337004810046
44,130,0.8321678321678322,0.0007854416778536138
44,131,0.8531468531468532,0.0004181179404149969
44,132,0.8461538461538463,0.0005211337004810046
44,133,0.9720279720279721,1.2868115751495034e-07
44,134,1.0,0.0
44,135,0.9300699300699302,1.170222792865967e-05
44,136,0.9720279720279721,1.2868115751495034e-07
44,137,1.0,0.0
44,138,0.9300699300699302,1.170222792865967e-05
44,139,0.9720279720279721,1.2868115751495034e-07
44,140,1.0,0.0
44,141,0.9300699300699302,1.170222792865967e-05
44,142,0.9720279720279721,1.2868115751495034e-07
44,143,1.0,0.0
44,144,0.9300699300699302,1.170222792865967e-05
44,145,0.8321678321678322,0.0007854416778536138
44,146,0.8531468531468532,0.0004181179404149969
44,147,0.8461538461538463,0.0005211337004810046
44,148,0.8321678321678322,0.0007854416778536138
44,149,0.8531468531468532,0.0004181179404149969
44,150,0.8461538461538463,0.0005211337004810046
44,151,0.9720279720279721,1.2868115751495034e-07
44,152,1.0,0.0
44,153,0.9300699300699302,1.170222792865967e-05
44,154,0.9720279720279721,1.2868115751495034e-07
44,155,1.0,0.0
44,156,0.9300699300699302,1.170222792865967e-05
44,157,0.9720279720279721,1.2868115751495034e-07
44,158,1.0,0.0
44,159,0.9300699300699302,1.170222792865967e-05
44,160,0.9720279720279721,1.2868115751495034e-07
44,161,1.0,0.0
44,162,0.9300699300699302,1.170222792865967e-05
45,46,0.8391608391608393,0.0006428259886278202
45,47,0.9300699300699302,1.170222792865967e-05
45,48,1.0,0.0
45,49,0.8391608391608393,0.0006428259886278202
45,50,0.9300699300699302,1.170222792865967e-05
45,51,1.0,0.0
45,52,0.8391608391608393,0.0006428259886278202
45,53,0.9300699300699302,1.170222792865967e-05
45,54,1.0,0.0
45,55,0.6923076923076924,0.0125930304960941
45,56,0.7692307692307694,0.0034464502618274493
45,57,0.8741258741258742,0.0002007130733242317
45,58,0.6923076923076924,0.0125930304960941
45,59,0.7692307692307694,0.0034464502618274493
45,60,0.8741258741258742,0.0002007130733242317
45,61,0.8391608391608393,0.0006428259886278202
45,62,0.9300699300699302,1.170222792865967e-05
45,63,1.0,0.0
45,64,0.8391608391608393,0.0006428259886278202
45,65,0.9300699300699302,1.170222792865967e-05
45,66,1.0,0.0
45,67,0.8391608391608393,0.0006428259886278202
45,68,0.9300699300699302,1.170222792865967e-05
45,69,1.0,0.0
45,70,0.8391608391608393,0.0006428259886278202
45,71,0.9300699300699302,1.170222792865967e-05
45,72,1.0,0.0
45,73,0.6923076923076924,0.0125930304960941
45,74,0.7692307692307694,0.0034464502618274493
45,75,0.8741258741258742,0.0002007130733242317
45,76,0.6923076923076924,0.0125930304960941
45,77,0.7692307692307694,0.0034464502618274493
45,78,0.8741258741258742,0.0002007130733242317
45,79,0.8391608391608393,0.0006428259886278202
45,80,0.9300699300699302,1.170222792865967e-05
45,81,1.0,0.0
45,82,0.8391608391608393,0.0006428259886278202
45,83,0.9300699300699302,1.170222792865967e-05
45,84,1.0,0.0
45,85,0.8391608391608393,0.0006428259886278202
45,86,0.9300699300699302,1.170222792865967e-05
45,87,1.0,0.0
45,88,0.8391608391608393,0.0006428259886278202
45,89,0.9300699300699302,1.170222792865967e-05
45,90,1.0,0.0
45,91,0.6923076923076924,0.0125930304960941
45,92,0.7692307692307694,0.0034464502618274493
45,93,0.8741258741258742,0.0002007130733242317
45,94,0.6923076923076924,0.0125930304960941
45,95,0.7692307692307694,0.0034464502618274493
45,96,0.8741258741258742,0.0002007130733242317
45,97,0.8391608391608393,0.0006428259886278202
45,98,0.9300699300699302,1.170222792865967e-05
45,99,1.0,0.0
45,100,0.8391608391608393,0.0006428259886278202
45,101,0.9300699300699302,1.170222792865967e-05
45,102,1.0,0.0
45,103,0.8391608391608393,0.0006428259886278202
45,104,0.9300699300699302,1.170222792865967e-05
45,105,1.0,0.0
45,106,0.8391608391608393,0.0006428259886278202
45,107,0.9300699300699302,1.170222792865967e-05
45,108,1.0,0.0
45,109,0.6923076923076924,0.0125930304960941
45,110,0.7692307692307694,0.0034464502618274493
45,111,0.8741258741258742,0.0002007130733242317
45,112,0.6923076923076924,0.0125930304960941
45,113,0.7692307692307694,0.0034464502618274493
45,114,0.8741258741258742,0.0002007130733242317
45,115,0.8391608391608393,0.0006428259886278202
45,116,0.9300699300699302,1.170222792865967e-05
45,117,1.0,0.0
45,118,0.8391608391608393,0.0006428259886278202
45,119,0.9300699300699302,1.170222792865967e-05
45,120,1.0,0.0
45,121,0.8391608391608393,0.0006428259886278202
45,122,0.9300699300699302,1.170222792865967e-05
45,123,1.0,0.0
45,124,0.8391608391608393,0.0006428259886278202
45,125,0.9300699300699302,1.170222792865967e-05
45,126,1.0,0.0
45,127,0.6923076923076924,0.0125930304960941
45,128,0.7692307692307694,0.0034464502618274493
45,129,0.8741258741258742,0.0002007130733242317
45,130,0.6923076923076924,0.0125930304960941
45,131,0.7692307692307694,0.0034464502618274493
45,132,0.8741258741258742,0.0002007130733242317
45,133,0.8391608391608393,0.0006428259886278202
45,134,0.9300699300699302,1.170222792865967e-05
45,135,1.0,0.0
45,136,0.8391608391608393,0.0006428259886278202
45,137,0.9300699300699302,1.170222792865967e-05
45,138,1.0,0.0
45,139,0.8391608391608393,0.0006428259886278202
45,140,0.9300699300699302,1.170222792865967e-05
45,141,1.0,0.0
45,142,0.8391608391608393,0.0006428259886278202
45,143,0.9300699300699302,1.170222792865967e-05
45,144,1.0,0.0
45,145,0.6923076923076924,0.0125930304960941
45,146,0.7692307692307694,0.0034464502618274493
45,147,0.8741258741258742,0.0002007130733242317
45,148,0.6923076923076924,0.0125930304960941
45,149,0.7692307692307694,0.0034464502618274493
45,150,0.8741258741258742,0.0002007130733242317
45,151,0.8391608391608393,0.0006428259886278202
45,152,0.9300699300699302,1.170222792865967e-05
45,153,1.0,0.0
45,154,0.8391608391608393,0.0006428259886278202
45,155,0.9300699300699302,1.170222792865967e-05
45,156,1.0,0.0
45,157,0.8391608391608393,0.0006428259886278202
45,158,0.9300699300699302,1.170222792865967e-05
45,159,1.0,0.0
45,160,0.8391608391608393,0.0006428259886278202
45,161,0.9300699300699302,1.170222792865967e-05
45,162,1.0,0.0
46,47,0.9720279720279721,1.2868115751495034e-07
46,48,0.8391608391608393,0.0006428259886278202
46,49,1.0,0.0
46,50,0.9720279720279721,1.2868115751495034e-07
46,51,0.8391608391608393,0.0006428259886278202
46,52,1.0,0.0
46,53,0.9720279720279721,1.2868115751495034e-07
46,54,0.8391608391608393,0.0006428259886278202
46,55,0.8951048951048951,8.36658642909172e-05
46,56,0.8741258741258742,0.0002007130733242317
46,57,0.8041958041958043,0.0016147689860699299
46,58,0.8951048951048951,8.36658642909172e-05
46,59,0.8741258741258742,0.0002007130733242317
46,60,0.8041958041958043,0.0016147689860699299
46,61,1.0,0.0
46,62,0.9720279720279721,1.2868115751495034e-07
46,63,0.8391608391608393,0.0006428259886278202
46,64,1.0,0.0
46,65,0.9720279720279721,1.2868115751495034e-07
46,66,0.8391608391608393,0.0006428259886278202
46,67,1.0,0.0
46,68,0.9720279720279721,1.2868115751495034e-07
46,69,0.8391608391608393,0.0006428259886278202
46,70,1.0,0.0
46,71,0.9720279720279721,1.2868115751495034e-07
46,72,0.8391608391608393,0.0006428259886278202
46,73,0.8951048951048951,8.36658642909172e-05
46,74,0.8741258741258742,0.0002007130733242317
46,75,0.8041958041958043,0.0016147689860699299
46,76,0.8951048951048951,8.36658642909172e-05
46,77,0.8741258741258742,0.0002007130733242317
46,78,0.8041958041958043,0.0016147689860699299
46,79,1.0,0.0
46,80,0.9720279720279721,1.2868115751495034e-07
46,81,0.8391608391608393,0.0006428259886278202
46,82,1.0,0.0
46,83,0.9720279720279721,1.2868115751495034e-07
46,84,0.8391608391608393,0.0006428259886278202
46,85,1.0,0.0
46,86,0.9720279720279721,1.2868115751495034e-07
46,87,0.8391608391608393,0.0006428259886278202
46,88,1.0,0.0
46,89,0.9720279720279721,1.2868115751495034e-07
46,90,0.8391608391608393,0.0006428259886278202
46,91,0.8951048951048951,8.36658642909172e-05
46,92,0.8741258741258742,0.0002007130733242317
46,93,0.8041958041958043,0.0016147689860699299
46,94,0.8951048951048951,8.36658642909172e-05
46,95,0.8741258741258742,0.0002007130733242317
46,96,0.8041958041958043,0.0016147689860699299
46,97,1.0,0.0
46,98,0.9720279720279721,1.2868115751495034e-07
46,99,0.8391608391608393,0.0006428259886278202
46,100,1.0,0.0
46,101,0.9720279720279721,1.2868115751495034e-07
46,102,0.8391608391608393,0.0006428259886278202
46,103,1.0,0.0
46,104,0.9720279720279721,1.2868115751495034e-07
46,105,0.8391608391608393,0.0006428259886278202
46,106,1.0,0.0
46,107,0.9720279720279721,1.2868115751495034e-07
46,108,0.8391608391608393,0.0006428259886278202
46,109,0.8951048951048951,8.36658642909172e-05
46,110,0.8741258741258742,0.0002007130733242317
46,111,0.8041958041958043,0.0016147689860699299
46,112,0.8951048951048951,8.36658642909172e-05
46,113,0.8741258741258742,0.0002007130733242317
46,114,0.8041958041958043,0.0016147689860699299
46,115,1.0,0.0
46,116,0.9720279720279721,1.2868115751495034e-07
46,117,0.8391608391608393,0.0006428259886278202
46,118,1.0,0.0
46,119,0.9720279720279721,1.2868115751495034e-07
46,120,0.8391608391608393,0.0006428259886278202
46,121,1.0,0.0
46,122,0.9720279720279721,1.2868115751495034e-07
46,123,0.8391608391608393,0.0006428259886278202
46,124,1.0,0.0
46,125,0.9720279720279721,1.2868115751495034e-07
46,126,0.8391608391608393,0.0006428259886278202
46,127,0.8951048951048951,8.36658642909172e-05
46,128,0.8741258741258742,0.0002007130733242317
46,129,0.8041958041958043,0.0016147689860699299
46,130,0.8951048951048951,8.36658642909172e-05
46,131,0.8741258741258742,0.0002007130733242317
46,132,0.8041958041958043,0.0016147689860699299
46,133,1.0,0.0
46,134,0.9720279720279721,1.2868115751495034e-07
46,135,0.8391608391608393,0.0006428259886278202
46,136,1.0,0.0
46,137,0.9720279720279721,1.2868115751495034e-07
46,138,0.8391608391608393,0.0006428259886278202
46,139,1.0,0.0
46,140,0.9720279720279721,1.2868115751495034e-07
46,141,0.8391608391608393,0.0006428259886278202
46,142,1.0,0.0
46,143,0.9720279720279721,1.2868115751495034e-07
46,144,0.8391608391608393,0.0006428259886278202
46,145,0.8951048951048951,8.36658642909172e-05
46,146,0.8741258741258742,0.0002007130733242317
46,147,0.8041958041958043,0.0016147689860699299
46,148,0.8951048951048951,8.36658642909172e-05
46,149,0.8741258741258742,0.0002007130733242317
46,150,0.8041958041958043,0.0016147689860699299
46,151,1.0,0.0
46,152,0.9720279720279721,1.2868115751495034e-07
46,153,0.8391608391608393,0.0006428259886278202
46,154,1.0,0.0
46,155,0.9720279720279721,1.2868115751495034e-07
46,156,0.8391608391608393,0.0006428259886278202
46,157,1.0,0.0
46,158,0.9720279720279721,1.2868115751495034e-07
46,159,0.8391608391608393,0.0006428259886278202
46,160,1.0,0.0
46,161,0.9720279720279721,1.2868115751495034e-07
46,162,0.8391608391608393,0.0006428259886278202
47,48,0.9300699300699302,1.170222792865967e-05
47,49,0.9720279720279721,1.2868115751495034e-07
47,50,1.0,0.0
47,51,0.9300699300699302,1.170222792865967e-05
47,52,0.9720279720279721,1.2868115751495034e-07
47,53,1.0,0.0
47,54,0.9300699300699302,1.170222792865967e-05
47,55,0.8321678321678322,0.0007854416778536138
47,56,0.8531468531468532,0.0004181179404149969
47,57,0.8461538461538463,0.0005211337004810046
47,58,0.8321678321678322,0.0007854416778536138
47,59,0.8531468531468532,0.0004181179404149969
47,60,0.8461538461538463,0.0005211337004810046
47,61,0.9720279720279721,1.2868115751495034e-07
47,62,1.0,0.0
47,63,0.9300699300699302,1.170222792865967e-05
47,64,0.9720279720279721,1.2868115751495034e-07
47,65,1.0,0.0
47,66,0.9300699300699302,1.170222792865967e-05
47,67,0.9720279720279721,1.2868115751495034e-07
47,68,1.0,0.0
47,69,0.9300699300699302,1.170222792865967e-05
47,70,0.9720279720279721,1.2868115751495034e-07
47,71,1.0,0.0
47,72,0.9300699300699302,1.170222792865967e-05
47,73,0.8321678321678322,0.0007854416778536138
47,74,0.8531468531468532,0.0004181179404149969
47,75,0.8461538461538463,0.0005211337004810046
47,76,0.8321678321678322,0.0007854416778536138
47,77,0.8531468531468532,0.0004181179404149969
47,78,0.8461538461538463,0.0005211337004810046
47,79,0.9720279720279721,1.2868115751495034e-07
47,80,1.0,0.0
47,81,0.9300699300699302,1.170222792865967e-05
47,82,0.9720279720279721,1.2868115751495034e-07
47,83,1.0,0.0
47,84,0.9300699300699302,1.170222792865967e-05
47,85,0.9720279720279721,1.2868115751495034e-07
47,86,1.0,0.0
47,87,0.9300699300699302,1.170222792865967e-05
47,88,0.9720279720279721,1.2868115751495034e-07
47,89,1.0,0.0
47,90,0.9300699300699302,1.170222792865967e-05
47,91,0.8321678321678322,0.0007854416778536138
47,92,0.8531468531468532,0.0004181179404149969
47,93,0.8461538461538463,0.0005211337004810046
47,94,0.8321678321678322,0.0007854416778536138
47,95,0.8531468531468532,0.0004181179404149969
47,96,0.8461538461538463,0.0005211337004810046
47,97,0.9720279720279721,1.2868115751495034e-07
47,98,1.0,0.0
47,99,0.9300699300699302,1.170222792865967e-05
47,100,0.9720279720279721,1.2868115751495034e-07
47,101,1.0,0.0
47,102,0.9300699300699302,1.170222792865967e-05
47,103,0.9720279720279721,1.2868115751495034e-07
47,104,1.0,0.0
47,105,0.9300699300699302,1.170222792865967e-05
47,106,0.9720279720279721,1.2868115751495034e-07
47,107,1.0,0.0
47,108,0.9300699300699302,1.170222792865967e-05
47,109,0.8321678321678322,0.0007854416778536138
47,110,0.8531468531468532,0.0004181179404149969
47,111,0.8461538461538463,0.0005211337004810046
47,112,0.8321678321678322,0.0007854416778536138
47,113,0.8531468531468532,0.0004181179404149969
47,114,0.8461538461538463,0.0005211337004810046
47,115,0.9720279720279721,1.2868115751495034e-07
47,116,1.0,0.0
47,117,0.9300699300699302,1.170222792865967e-05
47,118,0.9720279720279721,1.2868115751495034e-07
47,119,1.0,0.0
47,120,0.9300699300699302,1.170222792865967e-05
47,121,0.9720279720279721,1.2868115751495034e-07
47,122,1.0,0.0
47,123,0.9300699300699302,1.170222792865967e-05
47,124,0.9720279720279721,1.2868115751495034e-07
47,125,1.0,0.0
47,126,0.9300699300699302,1.170222792865967e-05
47,127,0.8321678321678322,0.0007854416778536138
47,128,0.8531468531468532,0.0004181179404149969
47,129,0.8461538461538463,0.0005211337004810046
47,130,0.8321678321678322,0.0007854416778536138
47,131,0.8531468531468532,0.0004181179404149969
47,132,0.8461538461538463,0.0005211337004810046
47,133,0.9720279720279721,1.2868115751495034e-07
47,134,1.0,0.0
47,135,0.9300699300699302,1.170222792865967e-05
47,136,0.9720279720279721,1.2868115751495034e-07
47,137,1.0,0.0
47,138,0.9300699300699302,1.170222792865967e-05
47,139,0.9720279720279721,1.2868115751495034e-07
47,140,1.0,0.0
47,141,0.9300699300699302,1.170222792865967e-05
47,142,0.9720279720279721,1.2868115751495034e-07
47,143,1.0,0.0
47,144,0.9300699300699302,1.170222792865967e-05
47,145,0.8321678321678322,0.0007854416778536138
47,146,0.8531468531468532,0.0004181179404149969
47,147,0.8461538461538463,0.0005211337004810046
47,148,0.8321678321678322,0.0007854416778536138
47,149,0.8531468531468532,0.0004181179404149969
47,150,0.8461538461538463,0.0005211337004810046
47,151,0.9720279720279721,1.2868115751495034e-07
47,152,1.0,0.0
47,153,0.9300699300699302,1.170222792865967e-05
47,154,0.9720279720279721,1.2868115751495034e-07
47,155,1.0,0.0
47,156,0.9300699300699302,1.170222792865967e-05
47,157,0.9720279720279721,1.2868115751495034e-07
47,158,1.0,0.0
47,159,0.9300699300699302,1.170222792865967e-05
47,160,0.9720279720279721,1.2868115751495034e-07
47,161,1.0,0.0
47,162,0.9300699300699302,1.170222792865967e-05
48,49,0.8391608391608393,0.0006428259886278202
48,50,0.9300699300699302,1.170222792865967e-05
48,51,1.0,0.0
48,52,0.8391608391608393,0.0006428259886278202
48,53,0.9300699300699302,1.170222792865967e-05
48,54,1.0,0.0
48,55,0.6923076923076924,0.0125930304960941
48,56,0.7692307692307694,0.0034464502618274493
48,57,0.8741258741258742,0.0002007130733242317
48,58,0.6923076923076924,0.0125930304960941
48,59,0.7692307692307694,0.0034464502618274493
48,60,0.8741258741258742,0.0002007130733242317
48,61,0.8391608391608393,0.0006428259886278202
48,62,0.9300699300699302,1.170222792865967e-05
48,63,1.0,0.0
48,64,0.8391608391608393,0.0006428259886278202
48,65,0.9300699300699302,1.170222792865967e-05
48,66,1.0,0.0
48,67,0.8391608391608393,0.0006428259886278202
48,68,0.9300699300699302,1.170222792865967e-05
48,69,1.0,0.0
48,70,0.8391608391608393,0.0006428259886278202
48,71,0.9300699300699302,1.170222792865967e-05
48,72,1.0,0.0
48,73,0.6923076923076924,0.0125930304960941
48,74,0.7692307692307694,0.0034464502618274493
48,75,0.8741258741258742,0.0002007130733242317
48,76,0.6923076923076924,0.0125930304960941
48,77,0.7692307692307694,0.0034464502618274493
48,78,0.8741258741258742,0.0002007130733242317
48,79,0.8391608391608393,0.0006428259886278202
48,80,0.9300699300699302,1.170222792865967e-05
48,81,1.0,0.0
48,82,0.8391608391608393,0.0006428259886278202
48,83,0.9300699300699302,1.170222792865967e-05
48,84,1.0,0.0
48,85,0.8391608391608393,0.0006428259886278202
48,86,0.9300699300699302,1.170222792865967e-05
48,87,1.0,0.0
48,88,0.8391608391608393,0.0006428259886278202
48,89,0.9300699300699302,1.170222792865967e-05
48,90,1.0,0.0
48,91,0.6923076923076924,0.0125930304960941
48,92,0.7692307692307694,0.0034464502618274493
48,93,0.8741258741258742,0.0002007130733242317
48,94,0.6923076923076924,0.0125930304960941
48,95,0.7692307692307694,0.0034464502618274493
48,96,0.8741258741258742,0.0002007130733242317
48,97,0.8391608391608393,0.0006428259886278202
48,98,0.9300699300699302,1.170222792865967e-05
48,99,1.0,0.0
48,100,0.8391608391608393,0.0006428259886278202
48,101,0.9300699300699302,1.170222792865967e-05
48,102,1.0,0.0
48,103,0.8391608391608393,0.0006428259886278202
48,104,0.9300699300699302,1.170222792865967e-05
48,105,1.0,0.0
48,106,0.8391608391608393,0.0006428259886278202
48,107,0.9300699300699302,1.170222792865967e-05
48,108,1.0,0.0
48,109,0.6923076923076924,0.0125930304960941
48,110,0.7692307692307694,0.0034464502618274493
48,111,0.8741258741258742,0.0002007130733242317
48,112,0.6923076923076924,0.0125930304960941
48,113,0.7692307692307694,0.0034464502618274493
48,114,0.8741258741258742,0.0002007130733242317
48,115,0.8391608391608393,0.0006428259886278202
48,116,0.9300699300699302,1.170222792865967e-05
48,117,1.0,0.0
48,118,0.8391608391608393,0.0006428259886278202
48,119,0.9300699300699302,1.170222792865967e-05
48,120,1.0,0.0
48,121,0.8391608391608393,0.0006428259886278202
48,122,0.9300699300699302,1.170222792865967e-05
48,123,1.0,0.0
48,124,0.8391608391608393,0.0006428259886278202
48,125,0.9300699300699302,1.170222792865967e-05
48,126,1.0,0.0
48,127,0.6923076923076924,0.0125930304960941
48,128,0.7692307692307694,0.0034464502618274493
48,129,0.8741258741258742,0.0002007130733242317
48,130,0.6923076923076924,0.0125930304960941
48,131,0.7692307692307694,0.0034464502618274493
48,132,0.8741258741258742,0.0002007130733242317
48,133,0.8391608391608393,0.0006428259886278202
48,134,0.9300699300699302,1.170222792865967e-05
48,135,1.0,0.0
48,136,0.8391608391608393,0.0006428259886278202
48,137,0.9300699300699302,1.170222792865967e-05
48,138,1.0,0.0
48,139,0.8391608391608393,0.0006428259886278202
48,140,0.9300699300699302,1.170222792865967e-05
48,141,1.0,0.0
48,142,0.8391608391608393,0.0006428259886278202
48,143,0.9300699300699302,1.170222792865967e-05
48,144,1.0,0.0
48,145,0.6923076923076924,0.0125930304960941
48,146,0.7692307692307694,0.0034464502618274493
48,147,0.8741258741258742,0.0002007130733242317
48,148,0.6923076923076924,0.0125930304960941
48,149,0.7692307692307694,0.0034464502618274493
48,150,0.8741258741258742,0.0002007130733242317
48,151,0.8391608391608393,0.0006428259886278202
48,152,0.9300699300699302,1.170222792865967e-05
48,153,1.0,0.0
48,154,0.8391608391608393,0.0006428259886278202
48,155,0.9300699300699302,1.170222792865967e-05
48,156,1.0,0.0
48,157,0.8391608391608393,0.0006428259886278202
48,158,0.9300699300699302,1.170222792865967e-05
48,159,1.0,0.0
48,160,0.8391608391608393,0.0006428259886278202
48,161,0.9300699300699302,1.170222792865967e-05
48,162,1.0,0.0
49,50,0.9720279720279721,1.2868115751495034e-07
49,51,0.8391608391608393,0.0006428259886278202
49,52,1.0,0.0
49,53,0.9720279720279721,1.2868115751495034e-07
49,54,0.8391608391608393,0.0006428259886278202
49,55,0.8951048951048951,8.36658642909172e-05
49,56,0.8741258741258742,0.0002007130733242317
49,57,0.8041958041958043,0.0016147689860699299
49,58,0.8951048951048951,8.36658642909172e-05
49,59,0.8741258741258742,0.0002007130733242317
49,60,0.8041958041958043,0.0016147689860699299
49,61,1.0,0.0
49,62,0.9720279720279721,1.2868115751495034e-07
49,63,0.8391608391608393,0.0006428259886278202
49,64,1.0,0.0
49,65,0.9720279720279721,1.2868115751495034e-07
49,66,0.8391608391608393,0.0006428259886278202
49,67,1.0,0.0
49,68,0.9720279720279721,1.2868115751495034e-07
49,69,0.8391608391608393,0.0006428259886278202
49,70,1.0,0.0
49,71,0.9720279720279721,1.2868115751495034e-07
49,72,0.8391608391608393,0.0006428259886278202
49,73,0.8951048951048951,8.36658642909172e-05
49,74,0.8741258741258742,0.0002007130733242317
49,75,0.8041958041958043,0.0016147689860699299
49,76,0.8951048951048951,8.36658642909172e-05
49,77,0.8741258741258742,0.0002007130733242317
49,78,0.8041958041958043,0.0016147689860699299
49,79,1.0,0.0
49,80,0.9720279720279721,1.2868115751495034e-07
49,81,0.8391608391608393,0.0006428259886278202
49,82,1.0,0.0
49,83,0.9720279720279721,1.2868115751495034e-07
49,84,0.8391608391608393,0.0006428259886278202
49,85,1.0,0.0
49,86,0.9720279720279721,1.2868115751495034e-07
49,87,0.8391608391608393,0.0006428259886278202
49,88,1.0,0.0
49,89,0.9720279720279721,1.2868115751495034e-07
49,90,0.8391608391608393,0.0006428259886278202
49,91,0.8951048951048951,8.36658642909172e-05
49,92,0.8741258741258742,0.0002007130733242317
49,93,0.8041958041958043,0.0016147689860699299
49,94,0.8951048951048951,8.36658642909172e-05
49,95,0.8741258741258742,0.0002007130733242317
49,96,0.8041958041958043,0.0016147689860699299
49,97,1.0,0.0
49,98,0.9720279720279721,1.2868115751495034e-07
49,99,0.8391608391608393,0.0006428259886278202
49,100,1.0,0.0
49,101,0.9720279720279721,1.2868115751495034e-07
49,102,0.8391608391608393,0.0006428259886278202
49,103,1.0,0.0
49,104,0.9720279720279721,1.2868115751495034e-07
49,105,0.8391608391608393,0.0006428259886278202
49,106,1.0,0.0
49,107,0.9720279720279721,1.2868115751495034e-07
49,108,0.8391608391608393,0.0006428259886278202
49,109,0.8951048951048951,8.36658642909172e-05
49,110,0.8741258741258742,0.0002007130733242317
49,111,0.8041958041958043,0.0016147689860699299
49,112,0.8951048951048951,8.36658642909172e-05
49,113,0.8741258741258742,0.0002007130733242317
49,114,0.8041958041958043,0.0016147689860699299
49,115,1.0,0.0
49,116,0.9720279720279721,1.2868115751495034e-07
49,117,0.8391608391608393,0.0006428259886278202
49,118,1.0,0.0
49,119,0.9720279720279721,1.2868115751495034e-07
49,120,0.8391608391608393,0.0006428259886278202
49,121,1.0,0.0
49,122,0.9720279720279721,1.2868115751495034e-07
49,123,0.8391608391608393,0.0006428259886278202
49,124,1.0,0.0
49,125,0.9720279720279721,1.2868115751495034e-07
49,126,0.8391608391608393,0.0006428259886278202
49,127,0.8951048951048951,8.36658642909172e-05
49,128,0.8741258741258742,0.0002007130733242317
49,129,0.8041958041958043,0.0016147689860699299
49,130,0.8951048951048951,8.36658642909172e-05
49,131,0.8741258741258742,0.0002007130733242317
49,132,0.8041958041958043,0.0016147689860699299
49,133,1.0,0.0
49,134,0.9720279720279721,1.2868115751495034e-07
49,135,0.8391608391608393,0.0006428259886278202
49,136,1.0,0.0
49,137,0.9720279720279721,1.2868115751495034e-07
49,138,0.8391608391608393,0.0006428259886278202
49,139,1.0,0.0
49,140,0.9720279720279721,1.2868115751495034e-07
49,141,0.8391608391608393,0.0006428259886278202
49,142,1.0,0.0
49,143,0.9720279720279721,1.2868115751495034e-07
49,144,0.8391608391608393,0.0006428259886278202
49,145,0.8951048951048951,8.36658642909172e-05
49,146,0.8741258741258742,0.0002007130733242317
49,147,0.8041958041958043,0.0016147689860699299
49,148,0.8951048951048951,8.36658642909172e-05
49,149,0.8741258741258742,0.0002007130733242317
49,150,0.8041958041958043,0.0016147689860699299
49,151,1.0,0.0
49,152,0.9720279720279721,1.2868115751495034e-07
49,153,0.8391608391608393,0.0006428259886278202
49,154,1.0,0.0
49,155,0.9720279720279721,1.2868115751495034e-07
49,156,0.8391608391608393,0.0006428259886278202
49,157,1.0,0.0
49,158,0.9720279720279721,1.2868115751495034e-07
49,159,0.8391608391608393,0.0006428259886278202
49,160,1.0,0.0
49,161,0.9720279720279721,1.2868115751495034e-07
49,162,0.8391608391608393,0.0006428259886278202
50,51,0.9300699300699302,1.170222792865967e-05
50,52,0.9720279720279721,1.2868115751495034e-07
50,53,1.0,0.0
50,54,0.9300699300699302,1.170222792865967e-05
50,55,0.8321678321678322,0.0007854416778536138
50,56,0.8531468531468532,0.0004181179404149969
50,57,0.8461538461538463,0.0005211337004810046
50,58,0.8321678321678322,0.0007854416778536138
50,59,0.8531468531468532,0.0004181179404149969
50,60,0.8461538461538463,0.0005211337004810046
50,61,0.9720279720279721,1.2868115751495034e-07
50,62,1.0,0.0
50,63,0.9300699300699302,1.170222792865967e-05
50,64,0.9720279720279721,1.2868115751495034e-07
50,65,1.0,0.0
50,66,0.9300699300699302,1.170222792865967e-05
50,67,0.9720279720279721,1.2868115751495034e-07
50,68,1.0,0.0
50,69,0.9300699300699302,1.170222792865967e-05
50,70,0.9720279720279721,1.2868115751495034e-07
50,71,1.0,0.0
50,72,0.9300699300699302,1.170222792865967e-05
50,73,0.8321678321678322,0.0007854416778536138
50,74,0.8531468531468532,0.0004181179404149969
50,75,0.8461538461538463,0.0005211337004810046
50,76,0.8321678321678322,0.0007854416778536138
50,77,0.8531468531468532,0.0004181179404149969
50,78,0.8461538461538463,0.0005211337004810046
50,79,0.9720279720279721,1.2868115751495034e-07
50,80,1.0,0.0
50,81,0.9300699300699302,1.170222792865967e-05
50,82,0.9720279720279721,1.2868115751495034e-07
50,83,1.0,0.0
50,84,0.9300699300699302,1.170222792865967e-05
50,85,0.9720279720279721,1.2868115751495034e-07
50,86,1.0,0.0
50,87,0.9300699300699302,1.170222792865967e-05
50,88,0.9720279720279721,1.2868115751495034e-07
50,89,1.0,0.0
50,90,0.9300699300699302,1.170222792865967e-05
50,91,0.8321678321678322,0.0007854416778536138
50,92,0.8531468531468532,0.0004181179404149969
50,93,0.8461538461538463,0.0005211337004810046
50,94,0.8321678321678322,0.0007854416778536138
50,95,0.8531468531468532,0.0004181179404149969
50,96,0.8461538461538463,0.0005211337004810046
50,97,0.9720279720279721,1.2868115751495034e-07
50,98,1.0,0.0
50,99,0.9300699300699302,1.170222792865967e-05
50,100,0.9720279720279721,1.2868115751495034e-07
50,101,1.0,0.0
50,102,0.9300699300699302,1.170222792865967e-05
50,103,0.9720279720279721,1.2868115751495034e-07
50,104,1.0,0.0
50,105,0.9300699300699302,1.170222792865967e-05
50,106,0.9720279720279721,1.2868115751495034e-07
50,107,1.0,0.0
50,108,0.9300699300699302,1.170222792865967e-05
50,109,0.8321678321678322,0.0007854416778536138
50,110,0.8531468531468532,0.0004181179404149969
50,111,0.8461538461538463,0.0005211337004810046
50,112,0.8321678321678322,0.0007854416778536138
50,113,0.8531468531468532,0.0004181179404149969
50,114,0.8461538461538463,0.0005211337004810046
50,115,0.9720279720279721,1.2868115751495034e-07
50,116,1.0,0.0
50,117,0.9300699300699302,1.170222792865967e-05
50,118,0.9720279720279721,1.2868115751495034e-07
50,119,1.0,0.0
50,120,0.9300699300699302,1.170222792865967e-05
50,121,0.9720279720279721,1.2868115751495034e-07
50,122,1.0,0.0
50,123,0.9300699300699302,1.170222792865967e-05
50,124,0.9720279720279721,1.2868115751495034e-07
50,125,1.0,0.0
50,126,0.9300699300699302,1.170222792865967e-05
50,127,0.8321678321678322,0.0007854416778536138
50,128,0.8531468531468532,0.0004181179404149969
50,129,0.8461538461538463,0.0005211337004810046
50,130,0.8321678321678322,0.0007854416778536138
50,131,0.8531468531468532,0.0004181179404149969
50,132,0.8461538461538463,0.0005211337004810046
50,133,0.9720279720279721,1.2868115751495034e-07
50,134,1.0,0.0
50,135,0.9300699300699302,1.170222792865967e-05
50,136,0.9720279720279721,1.2868115751495034e-07
50,137,1.0,0.0
50,138,0.9300699300699302,1.170222792865967e-05
50,139,0.9720279720279721,1.2868115751495034e-07
50,140,1.0,0.0
50,141,0.9300699300699302,1.170222792865967e-05
50,142,0.9720279720279721,1.2868115751495034e-07
50,143,1.0,0.0
50,144,0.9300699300699302,1.170222792865967e-05
50,145,0.8321678321678322,0.0007854416778536138
50,146,0.8531468531468532,0.0004181179404149969
50,147,0.8461538461538463,0.0005211337004810046
50,148,0.8321678321678322,0.0007854416778536138
50,149,0.8531468531468532,0.0004181179404149969
50,150,0.8461538461538463,0.0005211337004810046
50,151,0.9720279720279721,1.2868115751495034e-07
50,152,1.0,0.0
50,153,0.9300699300699302,1.170222792865967e-05
50,154,0.9720279720279721,1.2868115751495034e-07
50,155,1.0,0.0
50,156,0.9300699300699302,1.170222792865967e-05
50,157,0.9720279720279721,1.2868115751495034e-07
50,158,1.0,0.0
50,159,0.9300699300699302,1.170222792865967e-05
50,160,0.9720279720279721,1.2868115751495034e-07
50,161,1.0,0.0
50,162,0.9300699300699302,1.170222792865967e-05
51,52,0.8391608391608393,0.0006428259886278202
51,53,0.9300699300699302,1.170222792865967e-05
51,54,1.0,0.0
51,55,0.6923076923076924,0.0125930304960941
51,56,0.7692307692307694,0.0034464502618274493
51,57,0.8741258741258742,0.0002007130733242317
51,58,0.6923076923076924,0.0125930304960941
51,59,0.7692307692307694,0.0034464502618274493
51,60,0.8741258741258742,0.0002007130733242317
51,61,0.8391608391608393,0.0006428259886278202
51,62,0.9300699300699302,1.170222792865967e-05
51,63,1.0,0.0
51,64,0.8391608391608393,0.0006428259886278202
51,65,0.9300699300699302,1.170222792865967e-05
51,66,1.0,0.0
51,67,0.8391608391608393,0.0006428259886278202
51,68,0.9300699300699302,1.170222792865967e-05
51,69,1.0,0.0
51,70,0.8391608391608393,0.0006428259886278202
51,71,0.9300699300699302,1.170222792865967e-05
51,72,1.0,0.0
51,73,0.6923076923076924,0.0125930304960941
51,74,0.7692307692307694,0.0034464502618274493
51,75,0.8741258741258742,0.0002007130733242317
51,76,0.6923076923076924,0.0125930304960941
51,77,0.7692307692307694,0.0034464502618274493
51,78,0.8741258741258742,0.0002007130733242317
51,79,0.8391608391608393,0.0006428259886278202
51,80,0.9300699300699302,1.170222792865967e-05
51,81,1.0,0.0
51,82,0.8391608391608393,0.0006428259886278202
51,83,0.9300699300699302,1.170222792865967e-05
51,84,1.0,0.0
51,85,0.8391608391608393,0.0006428259886278202
51,86,0.9300699300699302,1.170222792865967e-05
51,87,1.0,0.0
51,88,0.8391608391608393,0.0006428259886278202
51,89,0.9300699300699302,1.170222792865967e-05
51,90,1.0,0.0
51,91,0.6923076923076924,0.0125930304960941
51,92,0.7692307692307694,0.0034464502618274493
51,93,0.8741258741258742,0.0002007130733242317
51,94,0.6923076923076924,0.0125930304960941
51,95,0.7692307692307694,0.0034464502618274493
51,96,0.8741258741258742,0.0002007130733242317
51,97,0.8391608391608393,0.0006428259886278202
51,98,0.9300699300699302,1.170222792865967e-05
51,99,1.0,0.0
51,100,0.8391608391608393,0.0006428259886278202
51,101,0.9300699300699302,1.170222792865967e-05
51,102,1.0,0.0
51,103,0.8391608391608393,0.0006428259886278202
51,104,0.9300699300699302,1.170222792865967e-05
51,105,1.0,0.0
51,106,0.8391608391608393,0.0006428259886278202
51,107,0.9300699300699302,1.170222792865967e-05
51,108,1.0,0.0
51,109,0.6923076923076924,0.0125930304960941
51,110,0.7692307692307694,0.0034464502618274493
51,111,0.8741258741258742,0.0002007130733242317
51,112,0.6923076923076924,0.0125930304960941
51,113,0.7692307692307694,0.0034464502618274493
51,114,0.8741258741258742,0.0002007130733242317
51,115,0.8391608391608393,0.0006428259886278202
51,116,0.9300699300699302,1.170222792865967e-05
51,117,1.0,0.0
51,118,0.8391608391608393,0.0006428259886278202
51,119,0.9300699300699302,1.170222792865967e-05
51,120,1.0,0.0
51,121,0.8391608391608393,0.0006428259886278202
51,122,0.9300699300699302,1.170222792865967e-05
51,123,1.0,0.0
51,124,0.8391608391608393,0.0006428259886278202
51,125,0.9300699300699302,1.170222792865967e-05
51,126,1.0,0.0
51,127,0.6923076923076924,0.0125930304960941
51,128,0.7692307692307694,0.0034464502618274493
51,129,0.8741258741258742,0.0002007130733242317
51,130,0.6923076923076924,0.0125930304960941
51,131,0.7692307692307694,0.0034464502618274493
51,132,0.8741258741258742,0.0002007130733242317
51,133,0.8391608391608393,0.0006428259886278202
51,134,0.9300699300699302,1.170222792865967e-05
51,135,1.0,0.0
51,136,0.8391608391608393,0.0006428259886278202
51,137,0.9300699300699302,1.170222792865967e-05
51,138,1.0,0.0
51,139,0.8391608391608393,0.0006428259886278202
51,140,0.9300699300699302,1.170222792865967e-05
51,141,1.0,0.0
51,142,0.8391608391608393,0.0006428259886278202
51,143,0.9300699300699302,1.170222792865967e-05
51,144,1.0,0.0
51,145,0.6923076923076924,0.0125930304960941
51,146,0.7692307692307694,0.0034464502618274493
51,147,0.8741258741258742,0.0002007130733242317
51,148,0.6923076923076924,0.0125930304960941
51,149,0.7692307692307694,0.0034464502618274493
51,150,0.8741258741258742,0.0002007130733242317
51,151,0.8391608391608393,0.0006428259886278202
51,152,0.9300699300699302,1.170222792865967e-05
51,153,1.0,0.0
51,154,0.8391608391608393,0.0006428259886278202
51,155,0.9300699300699302,1.170222792865967e-05
51,156,1.0,0.0
51,157,0.8391608391608393,0.0006428259886278202
51,158,0.9300699300699302,1.170222792865967e-05
51,159,1.0,0.0
51,160,0.8391608391608393,0.0006428259886278202
51,161,0.9300699300699302,1.170222792865967e-05
51,162,1.0,0.0
52,53,0.9720279720279721,1.2868115751495034e-07
52,54,0.8391608391608393,0.0006428259886278202
52,55,0.8951048951048951,8.36658642909172e-05
52,56,0.8741258741258742,0.0002007130733242317
52,57,0.8041958041958043,0.0016147689860699299
52,58,0.8951048951048951,8.36658642909172e-05
52,59,0.8741258741258742,0.0002007130733242317
52,60,0.8041958041958043,0.0016147689860699299
52,61,1.0,0.0
52,62,0.9720279720279721,1.2868115751495034e-07
52,63,0.8391608391608393,0.0006428259886278202
52,64,1.0,0.0
52,65,0.9720279720279721,1.2868115751495034e-07
52,66,0.8391608391608393,0.0006428259886278202
52,67,1.0,0.0
52,68,0.9720279720279721,1.2868115751495034e-07
52,69,0.8391608391608393,0.0006428259886278202
52,70,1.0,0.0
52,71,0.9720279720279721,1.2868115751495034e-07
52,72,0.8391608391608393,0.0006428259886278202
52,73,0.8951048951048951,8.36658642909172e-05
52,74,0.8741258741258742,0.0002007130733242317
52,75,0.8041958041958043,0.0016147689860699299
52,76,0.8951048951048951,8.36658642909172e-05
52,77,0.8741258741258742,0.0002007130733242317
52,78,0.8041958041958043,0.0016147689860699299
52,79,1.0,0.0
52,80,0.9720279720279721,1.2868115751495034e-07
52,81,0.8391608391608393,0.0006428259886278202
52,82,1.0,0.0
52,83,0.9720279720279721,1.2868115751495034e-07
52,84,0.8391608391608393,0.0006428259886278202
52,85,1.0,0.0
52,86,0.9720279720279721,1.2868115751495034e-07
52,87,0.8391608391608393,0.0006428259886278202
52,88,1.0,0.0
52,89,0.9720279720279721,1.2868115751495034e-07
52,90,0.8391608391608393,0.0006428259886278202
52,91,0.8951048951048951,8.36658642909172e-05
52,92,0.8741258741258742,0.0002007130733242317
52,93,0.8041958041958043,0.0016147689860699299
52,94,0.8951048951048951,8.36658642909172e-05
52,95,0.8741258741258742,0.0002007130733242317
52,96,0.8041958041958043,0.0016147689860699299
52,97,1.0,0.0
52,98,0.9720279720279721,1.2868115751495034e-07
52,99,0.8391608391608393,0.0006428259886278202
52,100,1.0,0.0
52,101,0.9720279720279721,1.2868115751495034e-07
52,102,0.8391608391608393,0.0006428259886278202
52,103,1.0,0.0
52,104,0.9720279720279721,1.2868115751495034e-07
52,105,0.8391608391608393,0.0006428259886278202
52,106,1.0,0.0
52,107,0.9720279720279721,1.2868115751495034e-07
52,108,0.8391608391608393,0.0006428259886278202
52,109,0.8951048951048951,8.36658642909172e-05
52,110,0.8741258741258742,0.0002007130733242317
52,111,0.8041958041958043,0.0016147689860699299
52,112,0.8951048951048951,8.36658642909172e-05
52,113,0.8741258741258742,0.0002007130733242317
52,114,0.8041958041958043,0.0016147689860699299
52,115,1.0,0.0
52,116,0.9720279720279721,1.2868115751495034e-07
52,117,0.8391608391608393,0.0006428259886278202
52,118,1.0,0.0
52,119,0.9720279720279721,1.2868115751495034e-07
52,120,0.8391608391608393,0.0006428259886278202
52,121,1.0,0.0
52,122,0.9720279720279721,1.2868115751495034e-07
52,123,0.8391608391608393,0.0006428259886278202
52,124,1.0,0.0
52,125,0.9720279720279721,1.2868115751495034e-07
52,126,0.8391608391608393,0.0006428259886278202
52,127,0.8951048951048951,8.36658642909172e-05
52,128,0.8741258741258742,0.0002007130733242317
52,129,0.8041958041958043,0.0016147689860699299
52,130,0.8951048951048951,8.36658642909172e-05
52,131,0.8741258741258742,0.0002007130733242317
52,132,0.8041958041958043,0.0016147689860699299
52,133,1.0,0.0
52,134,0.9720279720279721,1.2868115751495034e-07
52,135,0.8391608391608393,0.0006428259886278202
52,136,1.0,0.0
52,137,0.9720279720279721,1.2868115751495034e-07
52,138,0.8391608391608393,0.0006428259886278202
52,139,1.0,0.0
52,140,0.9720279720279721,1.2868115751495034e-07
52,141,0.8391608391608393,0.0006428259886278202
52,142,1.0,0.0
52,143,0.9720279720279721,1.2868115751495034e-07
52,144,0.8391608391608393,0.0006428259886278202
52,145,0.8951048951048951,8.36658642909172e-05
52,146,0.8741258741258742,0.0002007130733242317
52,147,0.8041958041958043,0.0016147689860699299
52,148,0.8951048951048951,8.36658642909172e-05
52,149,0.8741258741258742,0.0002007130733242317
52,150,0.8041958041958043,0.0016147689860699299
52,151,1.0,0.0
52,152,0.9720279720279721,1.2868115751495034e-07
52,153,0.8391608391608393,0.0006428259886278202
52,154,1.0,0.0
52,155,0.9720279720279721,1.2868115751495034e-07
52,156,0.8391608391608393,0.0006428259886278202
52,157,1.0,0.0
52,158,0.9720279720279721,1.2868115751495034e-07
52,159,0.8391608391608393,0.0006428259886278202
52,160,1.0,0.0
52,161,0.9720279720279721,1.2868115751495034e-07
52,162,0.8391608391608393,0.0006428259886278202
53,54,0.9300699300699302,1.170222792865967e-05
53,55,0.8321678321678322,0.0007854416778536138
53,56,0.8531468531468532,0.0004181179404149969
53,57,0.8461538461538463,0.0005211337004810046
53,58,0.8321678321678322,0.0007854416778536138
53,59,0.8531468531468532,0.0004181179404149969
53,60,0.8461538461538463,0.0005211337004810046
53,61,0.9720279720279721,1.2868115751495034e-07
53,62,1.0,0.0
53,63,0.9300699300699302,1.170222792865967e-05
53,64,0.9720279720279721,1.2868115751495034e-07
53,65,1.0,0.0
53,66,0.9300699300699302,1.170222792865967e-05
53,67,0.9720279720279721,1.2868115751495034e-07
53,68,1.0,0.0
53,69,0.9300699300699302,1.170222792865967e-05
53,70,0.9720279720279721,1.2868115751495034e-07
53,71,1.0,0.0
53,72,0.9300699300699302,1.170222792865967e-05
53,73,0.8321678321678322,0.0007854416778536138
53,74,0.8531468531468532,0.0004181179404149969
53,75,0.8461538461538463,0.0005211337004810046
53,76,0.8321678321678322,0.0007854416778536138
53,77,0.8531468531468532,0.0004181179404149969
53,78,0.8461538461538463,0.0005211337004810046
53,79,0.9720279720279721,1.2868115751495034e-07
53,80,1.0,0.0
53,81,0.9300699300699302,1.170222792865967e-05
53,82,0.9720279720279721,1.2868115751495034e-07
53,83,1.0,0.0
53,84,0.9300699300699302,1.170222792865967e-05
53,85,0.9720279720279721,1.2868115751495034e-07
53,86,1.0,0.0
53,87,0.9300699300699302,1.170222792865967e-05
53,88,0.9720279720279721,1.2868115751495034e-07
53,89,1.0,0.0
53,90,0.9300699300699302,1.170222792865967e-05
53,91,0.8321678321678322,0.0007854416778536138
53,92,0.8531468531468532,0.0004181179404149969
53,93,0.8461538461538463,0.0005211337004810046
53,94,0.8321678321678322,0.0007854416778536138
53,95,0.8531468531468532,0.0004181179404149969
53,96,0.8461538461538463,0.0005211337004810046
53,97,0.9720279720279721,1.2868115751495034e-07
53,98,1.0,0.0
53,99,0.9300699300699302,1.170222792865967e-05
53,100,0.9720279720279721,1.2868115751495034e-07
53,101,1.0,0.0
53,102,0.9300699300699302,1.170222792865967e-05
53,103,0.9720279720279721,1.2868115751495034e-07
53,104,1.0,0.0
53,105,0.9300699300699302,1.170222792865967e-05
53,106,0.9720279720279721,1.2868115751495034e-07
53,107,1.0,0.0
53,108,0.9300699300699302,1.170222792865967e-05
53,109,0.8321678321678322,0.0007854416778536138
53,110,0.8531468531468532,0.0004181179404149969
53,111,0.8461538461538463,0.0005211337004810046
53,112,0.8321678321678322,0.0007854416778536138
53,113,0.8531468531468532,0.0004181179404149969
53,114,0.8461538461538463,0.0005211337004810046
53,115,0.9720279720279721,1.2868115751495034e-07
53,116,1.0,0.0
53,117,0.9300699300699302,1.170222792865967e-05
53,118,0.9720279720279721,1.2868115751495034e-07
53,119,1.0,0.0
53,120,0.9300699300699302,1.170222792865967e-05
53,121,0.9720279720279721,1.2868115751495034e-07
53,122,1.0,0.0
53,123,0.9300699300699302,1.170222792865967e-05
53,124,0.9720279720279721,1.2868115751495034e-07
53,125,1.0,0.0
53,126,0.9300699300699302,1.170222792865967e-05
53,127,0.8321678321678322,0.0007854416778536138
53,128,0.8531468531468532,0.0004181179404149969
53,129,0.8461538461538463,0.0005211337004810046
53,130,0.8321678321678322,0.0007854416778536138
53,131,0.8531468531468532,0.0004181179404149969
53,132,0.8461538461538463,0.0005211337004810046
53,133,0.9720279720279721,1.2868115751495034e-07
53,134,1.0,0.0
53,135,0.9300699300699302,1.170222792865967e-05
53,136,0.9720279720279721,1.2868115751495034e-07
53,137,1.0,0.0
53,138,0.9300699300699302,1.170222792865967e-05
53,139,0.9720279720279721,1.2868115751495034e-07
53,140,1.0,0.0
53,141,0.9300699300699302,1.170222792865967e-05
53,142,0.9720279720279721,1.2868115751495034e-07
53,143,1.0,0.0
53,144,0.9300699300699302,1.170222792865967e-05
53,145,0.8321678321678322,0.0007854416778536138
53,146,0.8531468531468532,0.0004181179404149969
53,147,0.8461538461538463,0.0005211337004810046
53,148,0.8321678321678322,0.0007854416778536138
53,149,0.8531468531468532,0.0004181179404149969
53,150,0.8461538461538463,0.0005211337004810046
53,151,0.9720279720279721,1.2868115751495034e-07
53,152,1.0,0.0
53,153,0.9300699300699302,1.170222792865967e-05
53,154,0.9720279720279721,1.2868115751495034e-07
53,155,1.0,0.0
53,156,0.9300699300699302,1.170222792865967e-05
53,157,0.9720279720279721,1.2868115751495034e-07
53,158,1.0,0.0
53,159,0.9300699300699302,1.170222792865967e-05
53,160,0.9720279720279721,1.2868115751495034e-07
53,161,1.0,0.0
53,162,0.9300699300699302,1.170222792865967e-05
54,55,0.6923076923076924,0.0125930304960941
54,56,0.7692307692307694,0.0034464502618274493
54,57,0.8741258741258742,0.0002007130733242317
54,58,0.6923076923076924,0.0125930304960941
54,59,0.7692307692307694,0.0034464502618274493
54,60,0.8741258741258742,0.0002007130733242317
54,61,0.8391608391608393,0.0006428259886278202
54,62,0.9300699300699302,1.170222792865967e-05
54,63,1.0,0.0
54,64,0.8391608391608393,0.0006428259886278202
54,65,0.9300699300699302,1.170222792865967e-05
54,66,1.0,0.0
54,67,0.8391608391608393,0.0006428259886278202
54,68,0.9300699300699302,1.170222792865967e-05
54,69,1.0,0.0
54,70,0.8391608391608393,0.0006428259886278202
54,71,0.9300699300699302,1.170222792865967e-05
54,72,1.0,0.0
54,73,0.6923076923076924,0.0125930304960941
54,74,0.7692307692307694,0.0034464502618274493
54,75,0.8741258741258742,0.0002007130733242317
54,76,0.6923076923076924,0.0125930304960941
54,77,0.7692307692307694,0.0034464502618274493
54,78,0.8741258741258742,0.0002007130733242317
54,79,0.8391608391608393,0.0006428259886278202
54,80,0.9300699300699302,1.170222792865967e-05
54,81,1.0,0.0
54,82,0.8391608391608393,0.0006428259886278202
54,83,0.9300699300699302,1.170222792865967e-05
54,84,1.0,0.0
54,85,0.8391608391608393,0.0006428259886278202
54,86,0.9300699300699302,1.170222792865967e-05
54,87,1.0,0.0
54,88,0.8391608391608393,0.0006428259886278202
54,89,0.9300699300699302,1.170222792865967e-05
54,90,1.0,0.0
54,91,0.6923076923076924,0.0125930304960941
54,92,0.7692307692307694,0.0034464502618274493
54,93,0.8741258741258742,0.0002007130733242317
54,94,0.6923076923076924,0.0125930304960941
54,95,0.7692307692307694,0.0034464502618274493
54,96,0.8741258741258742,0.0002007130733242317
54,97,0.8391608391608393,0.0006428259886278202
54,98,0.9300699300699302,1.170222792865967e-05
54,99,1.0,0.0
54,100,0.8391608391608393,0.0006428259886278202
54,101,0.9300699300699302,1.170222792865967e-05
54,102,1.0,0.0
54,103,0.8391608391608393,0.0006428259886278202
54,104,0.9300699300699302,1.170222792865967e-05
54,105,1.0,0.0
54,106,0.8391608391608393,0.0006428259886278202
54,107,0.9300699300699302,1.170222792865967e-05
54,108,1.0,0.0
54,109,0.6923076923076924,0.0125930304960941
54,110,0.7692307692307694,0.0034464502618274493
54,111,0.8741258741258742,0.0002007130733242317
54,112,0.6923076923076924,0.0125930304960941
54,113,0.7692307692307694,0.0034464502618274493
54,114,0.8741258741258742,0.0002007130733242317
54,115,0.8391608391608393,0.0006428259886278202
54,116,0.9300699300699302,1.170222792865967e-05
54,117,1.0,0.0
54,118,0.8391608391608393,0.0006428259886278202
54,119,0.9300699300699302,1.170222792865967e-05
54,120,1.0,0.0
54,121,0.8391608391608393,0.0006428259886278202
54,122,0.9300699300699302,1.170222792865967e-05
54,123,1.0,0.0
54,124,0.8391608391608393,0.0006428259886278202
54,125,0.9300699300699302,1.170222792865967e-05
54,126,1.0,0.0
54,127,0.6923076923076924,0.0125930304960941
54,128,0.7692307692307694,0.0034464502618274493
54,129,0.8741258741258742,0.0002007130733242317
54,130,0.6923076923076924,0.0125930304960941
54,131,0.7692307692307694,0.0034464502618274493
54,132,0.8741258741258742,0.0002007130733242317
54,133,0.8391608391608393,0.0006428259886278202
54,134,0.9300699300699302,1.170222792865967e-05
54,135,1.0,0.0
54,136,0.8391608391608393,0.0006428259886278202
54,137,0.9300699300699302,1.170222792865967e-05
54,138,1.0,0.0
54,139,0.8391608391608393,0.0006428259886278202
54,140,0.9300699300699302,1.170222792865967e-05
54,141,1.0,0.0
54,142,0.8391608391608393,0.0006428259886278202
54,143,0.9300699300699302,1.170222792865967e-05
54,144,1.0,0.0
54,145,0.6923076923076924,0.0125930304960941
54,146,0.7692307692307694,0.0034464502618274493
54,147,0.8741258741258742,0.0002007130733242317
54,148,0.6923076923076924,0.0125930304960941
54,149,0.7692307692307694,0.0034464502618274493
54,150,0.8741258741258742,0.0002007130733242317
54,151,0.8391608391608393,0.0006428259886278202
54,152,0.9300699300699302,1.170222792865967e-05
54,153,1.0,0.0
54,154,0.8391608391608393,0.0006428259886278202
54,155,0.9300699300699302,1.170222792865967e-05
54,156,1.0,0.0
54,157,0.8391608391608393,0.0006428259886278202
54,158,0.9300699300699302,1.170222792865967e-05
54,159,1.0,0.0
54,160,0.8391608391608393,0.0006428259886278202
54,161,0.9300699300699302,1.170222792865967e-05
54,162,1.0,0.0
55,56,0.9790209790209792,3.0898013985487064e-08
55,57,0.8741258741258742,0.0002007130733242317
55,58,1.0,0.0
55,59,0.9790209790209792,3.0898013985487064e-08
55,60,0.8741258741258742,0.0002007130733242317
55,61,0.8951048951048951,8.36658642909172e-05
55,62,0.8321678321678322,0.0007854416778536138
55,63,0.6923076923076924,0.0125930304960941
55,64,0.8951048951048951,8.36658642909172e-05
55,65,0.8321678321678322,0.0007854416778536138
55,66,0.6923076923076924,0.0125930304960941
55,67,0.8951048951048951,8.36658642909172e-05
55,68,0.8321678321678322,0.0007854416778536138
55,69,0.6923076923076924,0.0125930304960941
55,70,0.8951048951048951,8.36658642909172e-05
55,71,0.8321678321678322,0.0007854416778536138
55,72,0.6923076923076924,0.0125930304960941
55,73,1.0,0.0
55,74,0.9790209790209792,3.0898013985487064e-08
55,75,0.8741258741258742,0.0002007130733242317
55,76,1.0,0.0
55,77,0.9790209790209792,3.0898013985487064e-08
55,78,0.8741258741258742,0.0002007130733242317
55,79,0.8951048951048951,8.36658642909172e-05
55,80,0.8321678321678322,0.0007854416778536138
55,81,0.6923076923076924,0.0125930304960941
55,82,0.8951048951048951,8.36658642909172e-05
55,83,0.8321678321678322,0.0007854416778536138
55,84,0.6923076923076924,0.0125930304960941
55,85,0.8951048951048951,8.36658642909172e-05
55,86,0.8321678321678322,0.0007854416778536138
55,87,0.6923076923076924,0.0125930304960941
55,88,0.8951048951048951,8.36658642909172e-05
55,89,0.8321678321678322,0.0007854416778536138
55,90,0.6923076923076924,0.0125930304960941
55,91,1.0,0.0
55,92,0.9790209790209792,3.0898013985487064e-08
55,93,0.8741258741258742,0.0002007130733242317
55,94,1.0,0.0
55,95,0.9790209790209792,3.0898013985487064e-08
55,96,0.8741258741258742,0.0002007130733242317
55,97,0.8951048951048951,8.36658642909172e-05
55,98,0.8321678321678322,0.0007854416778536138
55,99,0.6923076923076924,0.0125930304960941
55,100,0.8951048951048951,8.36658642909172e-05
55,101,0.8321678321678322,0.0007854416778536138
55,102,0.6923076923076924,0.0125930304960941
55,103,0.8951048951048951,8.36658642909172e-05
55,104,0.8321678321678322,0.0007854416778536138
55,105,0.6923076923076924,0.0125930304960941
55,106,0.8951048951048951,8.36658642909172e-05
55,107,0.8321678321678322,0.0007854416778536138
55,108,0.6923076923076924,0.0125930304960941
55,109,1.0,0.0
55,110,0.9790209790209792,3.0898013985487064e-08
55,111,0.8741258741258742,0.0002007130733242317
55,112,1.0,0.0
55,113,0.9790209790209792,3.0898013985487064e-08
55,114,0.8741258741258742,0.0002007130733242317
55,115,0.8951048951048951,8.36658642909172e-05
55,116,0.8321678321678322,0.0007854416778536138
55,117,0.6923076923076924,0.0125930304960941
55,118,0.8951048951048951,8.36658642909172e-05
55,119,0.8321678321678322,0.0007854416778536138
55,120,0.6923076923076924,0.0125930304960941
55,121,0.8951048951048951,8.36658642909172e-05
55,122,0.8321678321678322,0.0007854416778536138
55,123,0.6923076923076924,0.0125930304960941
55,124,0.8951048951048951,8.36658642909172e-05
55,125,0.8321678321678322,0.0007854416778536138
55,126,0.6923076923076924,0.0125930304960941
55,127,1.0,0.0
55,128,0.9790209790209792,3.0898013985487064e-08
55,129,0.8741258741258742,0.0002007130733242317
55,130,1.0,0.0
55,131,0.9790209790209792,3.0898013985487064e-08
55,132,0.8741258741258742,0.0002007130733242317
55,133,0.8951048951048951,8.36658642909172e-05
55,134,0.8321678321678322,0.0007854416778536138
55,135,0.6923076923076924,0.0125930304960941
55,136,0.8951048951048951,8.36658642909172e-05
55,137,0.8321678321678322,0.0007854416778536138
55,138,0.6923076923076924,0.0125930304960941
55,139,0.8951048951048951,8.36658642909172e-05
55,140,0.8321678321678322,0.0007854416778536138
55,141,0.6923076923076924,0.0125930304960941
55,142,0.8951048951048951,8.36658642909172e-05
55,143,0.8321678321678322,0.0007854416778536138
55,144,0.6923076923076924,0.0125930304960941
55,145,1.0,0.0
55,146,0.9790209790209792,3.0898013985487064e-08
55,147,0.8741258741258742,0.0002007130733242317
55,148,1.0,0.0
55,149,0.9790209790209792,3.0898013985487064e-08
55,150,0.8741258741258742,0.0002007130733242317
55,151,0.8951048951048951,8.36658642909172e-05
55,152,0.8321678321678322,0.0007854416778536138
55,153,0.6923076923076924,0.0125930304960941
55,154,0.8951048951048951,8.36658642909172e-05
55,155,0.8321678321678322,0.0007854416778536138
55,156,0.6923076923076924,0.0125930304960941
55,157,0.8951048951048951,8.36658642909172e-05
55,158,0.8321678321678322,0.0007854416778536138
55,159,0.6923076923076924,0.0125930304960941
55,160,0.8951048951048951,8.36658642909172e-05
55,161,0.8321678321678322,0.0007854416778536138
55,162,0.6923076923076924,0.0125930304960941
56,57,0.9440559440559443,3.927261080965951e-06
56,58,0.9790209790209792,3.0898013985487064e-08
56,59,1.0,0.0
56,60,0.9440559440559443,3.927261080965951e-06
56,61,0.8741258741258742,0.0002007130733242317
56,62,0.8531468531468532,0.0004181179404149969
56,63,0.7692307692307694,0.0034464502618274493
56,64,0.8741258741258742,0.0002007130733242317
56,65,0.8531468531468532,0.0004181179404149969
56,66,0.7692307692307694,0.0034464502618274493
56,67,0.8741258741258742,0.0002007130733242317
56,68,0.8531468531468532,0.0004181179404149969
56,69,0.7692307692307694,0.0034464502618274493
56,70,0.8741258741258742,0.0002007130733242317
56,71,0.8531468531468532,0.0004181179404149969
56,72,0.7692307692307694,0.0034464502618274493
56,73,0.9790209790209792,3.0898013985487064e-08
56,74,1.0,0.0
56,75,0.9440559440559443,3.927261080965951e-06
56,76,0.9790209790209792,3.0898013985487064e-08
56,77,1.0,0.0
56,78,0.9440559440559443,3.927261080965951e-06
56,79,0.8741258741258742,0.0002007130733242317
56,80,0.8531468531468532,0.0004181179404149969
56,81,0.7692307692307694,0.0034464502618274493
56,82,0.8741258741258742,0.0002007130733242317
56,83,0.8531468531468532,0.0004181179404149969
56,84,0.7692307692307694,0.0034464502618274493
56,85,0.8741258741258742,0.0002007130733242317
56,86,0.8531468531468532,0.0004181179404149969
56,87,0.7692307692307694,0.0034464502618274493
56,88,0.8741258741258742,0.0002007130733242317
56,89,0.8531468531468532,0.0004181179404149969
56,90,0.7692307692307694,0.0034464502618274493
56,91,0.9790209790209792,3.0898013985487064e-08
56,92,1.0,0.0
56,93,0.9440559440559443,3.927261080965951e-06
56,94,0.9790209790209792,3.0898013985487064e-08
56,95,1.0,0.0
56,96,0.9440559440559443,3.927261080965951e-06
56,97,0.8741258741258742,0.0002007130733242317
56,98,0.8531468531468532,0.0004181179404149969
56,99,0.7692307692307694,0.0034464502618274493
56,100,0.8741258741258742,0.0002007130733242317
56,101,0.8531468531468532,0.0004181179404149969
56,102,0.7692307692307694,0.0034464502618274493
56,103,0.8741258741258742,0.0002007130733242317
56,104,0.8531468531468532,0.0004181179404149969
56,105,0.7692307692307694,0.0034464502618274493
56,106,0.8741258741258742,0.0002007130733242317
56,107,0.8531468531468532,0.0004181179404149969
56,108,0.7692307692307694,0.0034464502618274493
56,109,0.9790209790209792,3.0898013985487064e-08
56,110,1.0,0.0
56,111,0.9440559440559443,3.927261080965951e-06
56,112,0.9790209790209792,3.0898013985487064e-08
56,113,1.0,0.0
56,114,0.9440559440559443,3.927261080965951e-06
56,115,0.8741258741258742,0.0002007130733242317
56,116,0.8531468531468532,0.0004181179404149969
56,117,0.7692307692307694,0.0034464502618274493
56,118,0.8741258741258742,0.0002007130733242317
56,119,0.8531468531468532,0.0004181179404149969
56,120,0.7692307692307694,0.0034464502618274493
56,121,0.8741258741258742,0.0002007130733242317
56,122,0.8531468531468532,0.0004181179404149969
56,123,0.7692307692307694,0.0034464502618274493
56,124,0.8741258741258742,0.0002007130733242317
56,125,0.8531468531468532,0.0004181179404149969
56,126,0.7692307692307694,0.0034464502618274493
56,127,0.9790209790209792,3.0898013985487064e-08
56,128,1.0,0.0
56,129,0.9440559440559443,3.927261080965951e-06
56,130,0.9790209790209792,3.0898013985487064e-08
56,131,1.0,0.0
56,132,0.9440559440559443,3.927261080965951e-06
56,133,0.8741258741258742,0.0002007130733242317
56,134,0.8531468531468532,0.0004181179404149969
56,135,0.7692307692307694,0.0034464502618274493
56,136,0.8741258741258742,0.0002007130733242317
56,137,0.8531468531468532,0.0004181179404149969
56,138,0.7692307692307694,0.0034464502618274493
56,139,0.8741258741258742,0.0002007130733242317
56,140,0.8531468531468532,0.0004181179404149969
56,141,0.7692307692307694,0.0034464502618274493
56,142,0.8741258741258742,0.0002007130733242317
56,143,0.8531468531468532,0.0004181179404149969
56,144,0.7692307692307694,0.0034464502618274493
56,145,0.9790209790209792,3.0898013985487064e-08
56,146,1.0,0.0
56,147,0.9440559440559443,3.927261080965951e-06
56,148,0.9790209790209792,3.0898013985487064e-08
56,149,1.0,0.0
56,150,0.9440559440559443,3.927261080965951e-06
56,151,0.8741258741258742,0.0002007130733242317
56,152,0.8531468531468532,0.0004181179404149969
56,153,0.7692307692307694,0.0034464502618274493
56,154,0.8741258741258742,0.0002007130733242317
56,155,0.8531468531468532,0.0004181179404149969
56,156,0.7692307692307694,0.0034464502618274493
56,157,0.8741258741258742,0.0002007130733242317
56,158,0.8531468531468532,0.0004181179404149969
56,159,0.7692307692307694,0.0034464502618274493
56,160,0.8741258741258742,0.0002007130733242317
56,161,0.8531468531468532,0.0004181179404149969
56,162,0.7692307692307694,0.0034464502618274493
57,58,0.8741258741258742,0.0002007130733242317
57,59,0.9440559440559443,3.927261080965951e-06
57,60,1.0,0.0
57,61,0.8041958041958043,0.0016147689860699299
57,62,0.8461538461538463,0.0005211337004810046
57,63,0.8741258741258742,0.0002007130733242317
57,64,0.8041958041958043,0.0016147689860699299
57,65,0.8461538461538463,0.0005211337004810046
57,66,0.8741258741258742,0.0002007130733242317
57,67,0.8041958041958043,0.0016147689860699299
57,68,0.8461538461538463,0.0005211337004810046
57,69,0.8741258741258742,0.0002007130733242317
57,70,0.8041958041958043,0.0016147689860699299
57,71,0.8461538461538463,0.0005211337004810046
57,72,0.8741258741258742,0.0002007130733242317
57,73,0.8741258741258742,0.0002007130733242317
57,74,0.9440559440559443,3.927261080965951e-06
57,75,1.0,0.0
57,76,0.8741258741258742,0.0002007130733242317
57,77,0.9440559440559443,3.927261080965951e-06
57,78,1.0,0.0
57,79,0.8041958041958043,0.0016147689860699299
57,80,0.8461538461538463,0.0005211337004810046
57,81,0.8741258741258742,0.0002007130733242317
57,82,0.8041958041958043,0.0016147689860699299
57,83,0.8461538461538463,0.0005211337004810046
57,84,0.8741258741258742,0.0002007130733242317
57,85,0.8041958041958043,0.0016147689860699299
57,86,0.8461538461538463,0.0005211337004810046
57,87,0.8741258741258742,0.0002007130733242317
57,88,0.8041958041958043,0.0016147689860699299
57,89,0.8461538461538463,0.0005211337004810046
57,90,0.8741258741258742,0.0002007130733242317
57,91,0.8741258741258742,0.0002007130733242317
57,92,0.9440559440559443,3.927261080965951e-06
57,93,1.0,0.0
57,94,0.8741258741258742,0.0002007130733242317
57,95,0.9440559440559443,3.927261080965951e-06
57,96,1.0,0.0
57,97,0.8041958041958043,0.0016147689860699299
57,98,0.8461538461538463,0.0005211337004810046
57,99,0.8741258741258742,0.0002007130733242317
57,100,0.8041958041958043,0.0016147689860699299
57,101,0.8461538461538463,0.0005211337004810046
57,102,0.8741258741258742,0.0002007130733242317
57,103,0.8041958041958043,0.0016147689860699299
57,104,0.8461538461538463,0.0005211337004810046
57,105,0.8741258741258742,0.0002007130733242317
57,106,0.8041958041958043,0.0016147689860699299
57,107,0.8461538461538463,0.0005211337004810046
57,108,0.8741258741258742,0.0002007130733242317
57,109,0.8741258741258742,0.0002007130733242317
57,110,0.9440559440559443,3.927261080965951e-06
57,111,1.0,0.0
57,112,0.8741258741258742,0.0002007130733242317
57,113,0.9440559440559443,3.927261080965951e-06
57,114,1.0,0.0
57,115,0.8041958041958043,0.0016147689860699299
57,116,0.8461538461538463,0.0005211337004810046
57,117,0.8741258741258742,0.0002007130733242317
57,118,0.8041958041958043,0.0016147689860699299
57,119,0.8461538461538463,0.0005211337004810046
57,120,0.8741258741258742,0.0002007130733242317
57,121,0.8041958041958043,0.0016147689860699299
57,122,0.8461538461538463,0.0005211337004810046
57,123,0.8741258741258742,0.0002007130733242317
57,124,0.8041958041958043,0.0016147689860699299
57,125,0.8461538461538463,0.0005211337004810046
57,126,0.8741258741258742,0.0002007130733242317
57,127,0.8741258741258742,0.0002007130733242317
57,128,0.9440559440559443,3.927261080965951e-06
57,129,1.0,0.0
57,130,0.8741258741258742,0.0002007130733242317
57,131,0.9440559440559443,3.927261080965951e-06
57,132,1.0,0.0
57,133,0.8041958041958043,0.0016147689860699299
57,134,0.8461538461538463,0.0005211337004810046
57,135,0.8741258741258742,0.0002007130733242317
57,136,0.8041958041958043,0.0016147689860699299
57,137,0.8461538461538463,0.0005211337004810046
57,138,0.8741258741258742,0.0002007130733242317
57,139,0.8041958041958043,0.0016147689860699299
57,140,0.8461538461538463,0.0005211337004810046
57,141,0.8741258741258742,0.0002007130733242317
57,142,0.8041958041958043,0.0016147689860699299
57,143,0.8461538461538463,0.0005211337004810046
57,144,0.8741258741258742,0.0002007130733242317
57,145,0.8741258741258742,0.0002007130733242317
57,146,0.9440559440559443,3.927261080965951e-06
57,147,1.0,0.0
57,148,0.8741258741258742,0.0002007130733242317
57,149,0.9440559440559443,3.927261080965951e-06
57,150,1.0,0.0
57,151,0.8041958041958043,0.0016147689860699299
57,152,0.8461538461538463,0.0005211337004810046
57,153,0.8741258741258742,0.0002007130733242317
57,154,0.8041958041958043,0.0016147689860699299
57,155,0.8461538461538463,0.0005211337004810046
57,156,0.8741258741258742,0.0002007130733242317
57,157,0.8041958041958043,0.0016147689860699299
57,158,0.8461538461538463,0.0005211337004810046
57,159,0.8741258741258742,0.0002007130733242317
57,160,0.8041958041958043,0.0016147689860699299
57,161,0.8461538461538463,0.0005211337004810046
57,162,0.8741258741258742,0.0002007130733242317
58,59,0.9790209790209792,3.0898013985487064e-08
58,60,0.8741258741258742,0.0002007130733242317
58,61,0.8951048951048951,8.36658642909172e-05
58,62,0.8321678321678322,0.0007854416778536138
58,63,0.6923076923076924,0.0125930304960941
58,64,0.8951048951048951,8.36658642909172e-05
58,65,0.8321678321678322,0.0007854416778536138
58,66,0.6923076923076924,0.0125930304960941
58,67,0.8951048951048951,8.36658642909172e-05
58,68,0.8321678321678322,0.0007854416778536138
58,69,0.6923076923076924,0.0125930304960941
58,70,0.8951048951048951,8.36658642909172e-05
58,71,0.8321678321678322,0.0007854416778536138
58,72,0.6923076923076924,0.0125930304960941
58,73,1.0,0.0
58,74,0.9790209790209792,3.0898013985487064e-08
58,75,0.8741258741258742,0.0002007130733242317
58,76,1.0,0.0
58,77,0.9790209790209792,3.0898013985487064e-08
58,78,0.8741258741258742,0.0002007130733242317
58,79,0.8951048951048951,8.36658642909172e-05
58,80,0.8321678321678322,0.0007854416778536138
58,81,0.6923076923076924,0.0125930304960941
58,82,0.8951048951048951,8.36658642909172e-05
58,83,0.8321678321678322,0.0007854416778536138
58,84,0.6923076923076924,0.0125930304960941
58,85,0.8951048951048951,8.36658642909172e-05
58,86,0.8321678321678322,0.0007854416778536138
58,87,0.6923076923076924,0.0125930304960941
58,88,0.8951048951048951,8.36658642909172e-05
58,89,0.8321678321678322,0.0007854416778536138
58,90,0.6923076923076924,0.0125930304960941
58,91,1.0,0.0
58,92,0.9790209790209792,3.0898013985487064e-08
58,93,0.8741258741258742,0.0002007130733242317
58,94,1.0,0.0
58,95,0.9790209790209792,3.0898013985487064e-08
58,96,0.8741258741258742,0.0002007130733242317
58,97,0.8951048951048951,8.36658642909172e-05
58,98,0.8321678321678322,0.0007854416778536138
58,99,0.6923076923076924,0.0125930304960941
58,100,0.8951048951048951,8.36658642909172e-05
58,101,0.8321678321678322,0.0007854416778536138
58,102,0.6923076923076924,0.0125930304960941
58,103,0.8951048951048951,8.36658642909172e-05
58,104,0.8321678321678322,0.0007854416778536138
58,105,0.6923076923076924,0.0125930304960941
58,106,0.8951048951048951,8.36658642909172e-05
58,107,0.8321678321678322,0.0007854416778536138
58,108,0.6923076923076924,0.0125930304960941
58,109,1.0,0.0
58,110,0.9790209790209792,3.0898013985487064e-08
58,111,0.8741258741258742,0.0002007130733242317
58,112,1.0,0.0
58,113,0.9790209790209792,3.0898013985487064e-08
58,114,0.8741258741258742,0.0002007130733242317
58,115,0.8951048951048951,8.36658642909172e-05
58,116,0.8321678321678322,0.0007854416778536138
58,117,0.6923076923076924,0.0125930304960941
58,118,0.8951048951048951,8.36658642909172e-05
58,119,0.8321678321678322,0.0007854416778536138
58,120,0.6923076923076924,0.0125930304960941
58,121,0.8951048951048951,8.36658642909172e-05
58,122,0.8321678321678322,0.0007854416778536138
58,123,0.6923076923076924,0.0125930304960941
58,124,0.8951048951048951,8.36658642909172e-05
58,125,0.8321678321678322,0.0007854416778536138
58,126,0.6923076923076924,0.0125930304960941
58,127,1.0,0.0
58,128,0.9790209790209792,3.0898013985487064e-08
58,129,0.8741258741258742,0.0002007130733242317
58,130,1.0,0.0
58,131,0.9790209790209792,3.0898013985487064e-08
58,132,0.8741258741258742,0.0002007130733242317
58,133,0.8951048951048951,8.36658642909172e-05
58,134,0.8321678321678322,0.0007854416778536138
58,135,0.6923076923076924,0.0125930304960941
58,136,0.8951048951048951,8.36658642909172e-05
58,137,0.8321678321678322,0.0007854416778536138
58,138,0.6923076923076924,0.0125930304960941
58,139,0.8951048951048951,8.36658642909172e-05
58,140,0.8321678321678322,0.0007854416778536138
58,141,0.6923076923076924,0.0125930304960941
58,142,0.8951048951048951,8.36658642909172e-05
58,143,0.8321678321678322,0.0007854416778536138
58,144,0.6923076923076924,0.0125930304960941
58,145,1.0,0.0
58,146,0.9790209790209792,3.0898013985487064e-08
58,147,0.8741258741258742,0.0002007130733242317
58,148,1.0,0.0
58,149,0.9790209790209792,3.0898013985487064e-08
58,150,0.8741258741258742,0.0002007130733242317
58,151,0.8951048951048951,8.36658642909172e-05
58,152,0.8321678321678322,0.0007854416778536138
58,153,0.6923076923076924,0.0125930304960941
58,154,0.8951048951048951,8.36658642909172e-05
58,155,0.8321678321678322,0.0007854416778536138
58,156,0.6923076923076924,0.0125930304960941
58,157,0.8951048951048951,8.36658642909172e-05
58,158,0.8321678321678322,0.0007854416778536138
58,159,0.6923076923076924,0.0125930304960941
58,160,0.8951048951048951,8.36658642909172e-05
58,161,0.8321678321678322,0.0007854416778536138
58,162,0.6923076923076924,0.0125930304960941
59,60,0.9440559440559443,3.927261080965951e-06
59,61,0.8741258741258742,0.0002007130733242317
59,62,0.8531468531468532,0.0004181179404149969
59,63,0.7692307692307694,0.0034464502618274493
59,64,0.8741258741258742,0.0002007130733242317
59,65,0.8531468531468532,0.0004181179404149969
59,66,0.7692307692307694,0.0034464502618274493
59,67,0.8741258741258742,0.0002007130733242317
59,68,0.8531468531468532,0.0004181179404149969
59,69,0.7692307692307694,0.0034464502618274493
59,70,0.8741258741258742,0.0002007130733242317
59,71,0.8531468531468532,0.0004181179404149969
59,72,0.7692307692307694,0.0034464502618274493
59,73,0.9790209790209792,3.0898013985487064e-08
59,74,1.0,0.0
59,75,0.9440559440559443,3.927261080965951e-06
59,76,0.9790209790209792,3.0898013985487064e-08
59,77,1.0,0.0
59,78,0.9440559440559443,3.927261080965951e-06
59,79,0.8741258741258742,0.0002007130733242317
59,80,0.8531468531468532,0.0004181179404149969
59,81,0.7692307692307694,0.0034464502618274493
59,82,0.8741258741258742,0.0002007130733242317
59,83,0.8531468531468532,0.0004181179404149969
59,84,0.7692307692307694,0.0034464502618274493
59,85,0.8741258741258742,0.0002007130733242317
59,86,0.8531468531468532,0.0004181179404149969
59,87,0.7692307692307694,0.0034464502618274493
59,88,0.8741258741258742,0.0002007130733242317
59,89,0.8531468531468532,0.0004181179404149969
59,90,0.7692307692307694,0.0034464502618274493
59,91,0.9790209790209792,3.0898013985487064e-08
59,92,1.0,0.0
59,93,0.9440559440559443,3.927261080965951e-06
59,94,0.9790209790209792,3.0898013985487064e-08
59,95,1.0,0.0
59,96,0.9440559440559443,3.927261080965951e-06
59,97,0.8741258741258742,0.0002007130733242317
59,98,0.8531468531468532,0.0004181179404149969
59,99,0.7692307692307694,0.0034464502618274493
59,100,0.8741258741258742,0.0002007130733242317
59,101,0.8531468531468532,0.0004181179404149969
59,102,0.7692307692307694,0.0034464502618274493
59,103,0.8741258741258742,0.0002007130733242317
59,104,0.8531468531468532,0.0004181179404149969
59,105,0.7692307692307694,0.0034464502618274493
59,106,0.8741258741258742,0.0002007130733242317
59,107,0.8531468531468532,0.0004181179404149969
59,108,0.7692307692307694,0.0034464502618274493
59,109,0.9790209790209792,3.0898013985487064e-08
59,110,1.0,0.0
59,111,0.9440559440559443,3.927261080965951e-06
59,112,0.9790209790209792,3.0898013985487064e-08
59,113,1.0,0.0
59,114,0.9440559440559443,3.927261080965951e-06
59,115,0.8741258741258742,0.0002007130733242317
59,116,0.8531468531468532,0.0004181179404149969
59,117,0.7692307692307694,0.0034464502618274493
59,118,0.8741258741258742,0.0002007130733242317
59,119,0.8531468531468532,0.0004181179404149969
59,120,0.7692307692307694,0.0034464502618274493
59,121,0.8741258741258742,0.0002007130733242317
59,122,0.8531468531468532,0.0004181179404149969
59,123,0.7692307692307694,0.0034464502618274493
59,124,0.8741258741258742,0.0002007130733242317
59,125,0.8531468531468532,0.0004181179404149969
59,126,0.7692307692307694,0.0034464502618274493
59,127,0.9790209790209792,3.0898013985487064e-08
59,128,1.0,0.0
59,129,0.9440559440559443,3.927261080965951e-06
59,130,0.9790209790209792,3.0898013985487064e-08
59,131,1.0,0.0
59,132,0.9440559440559443,3.927261080965951e-06
59,133,0.8741258741258742,0.0002007130733242317
59,134,0.8531468531468532,0.0004181179404149969
59,135,0.7692307692307694,0.0034464502618274493
59,136,0.8741258741258742,0.0002007130733242317
59,137,0.8531468531468532,0.0004181179404149969
59,138,0.7692307692307694,0.0034464502618274493
59,139,0.8741258741258742,0.0002007130733242317
59,140,0.8531468531468532,0.0004181179404149969
59,141,0.7692307692307694,0.0034464502618274493
59,142,0.8741258741258742,0.0002007130733242317
59,143,0.8531468531468532,0.0004181179404149969
59,144,0.7692307692307694,0.0034464502618274493
59,145,0.9790209790209792,3.0898013985487064e-08
59,146,1.0,0.0
59,147,0.9440559440559443,3.927261080965951e-06
59,148,0.9790209790209792,3.0898013985487064e-08
59,149,1.0,0.0
59,150,0.9440559440559443,3.927261080965951e-06
59,151,0.8741258741258742,0.0002007130733242317
59,152,0.8531468531468532,0.0004181179404149969
59,153,0.7692307692307694,0.0034464502618274493
59,154,0.8741258741258742,0.0002007130733242317
59,155,0.8531468531468532,0.0004181179404149969
59,156,0.7692307692307694,0.0034464502618274493
59,157,0.8741258741258742,0.0002007130733242317
59,158,0.8531468531468532,0.0004181179404149969
59,159,0.7692307692307694,0.0034464502618274493
59,160,0.8741258741258742,0.0002007130733242317
59,161,0.8531468531468532,0.0004181179404149969
59,162,0.7692307692307694,0.0034464502618274493
60,61,0.8041958041958043,0.0016147689860699299
60,62,0.8461538461538463,0.0005211337004810046
60,63,0.8741258741258742,0.0002007130733242317
60,64,0.8041958041958043,0.0016147689860699299
60,65,0.8461538461538463,0.0005211337004810046
60,66,0.8741258741258742,0.0002007130733242317
60,67,0.8041958041958043,0.0016147689860699299
60,68,0.8461538461538463,0.0005211337004810046
60,69,0.8741258741258742,0.0002007130733242317
60,70,0.8041958041958043,0.0016147689860699299
60,71,0.8461538461538463,0.0005211337004810046
60,72,0.8741258741258742,0.0002007130733242317
60,73,0.8741258741258742,0.0002007130733242317
60,74,0.9440559440559443,3.927261080965951e-06
60,75,1.0,0.0
60,76,0.8741258741258742,0.0002007130733242317
60,77,0.9440559440559443,3.927261080965951e-06
60,78,1.0,0.0
60,79,0.8041958041958043,0.0016147689860699299
60,80,0.8461538461538463,0.0005211337004810046
60,81,0.8741258741258742,0.0002007130733242317
60,82,0.8041958041958043,0.0016147689860699299
60,83,0.8461538461538463,0.0005211337004810046
60,84,0.8741258741258742,0.0002007130733242317
60,85,0.8041958041958043,0.0016147689860699299
60,86,0.8461538461538463,0.0005211337004810046
60,87,0.8741258741258742,0.0002007130733242317
60,88,0.8041958041958043,0.0016147689860699299
60,89,0.8461538461538463,0.0005211337004810046
60,90,0.8741258741258742,0.0002007130733242317
60,91,0.8741258741258742,0.0002007130733242317
60,92,0.9440559440559443,3.927261080965951e-06
60,93,1.0,0.0
60,94,0.8741258741258742,0.0002007130733242317
60,95,0.9440559440559443,3.927261080965951e-06
60,96,1.0,0.0
60,97,0.8041958041958043,0.0016147689860699299
60,98,0.8461538461538463,0.0005211337004810046
60,99,0.8741258741258742,0.0002007130733242317
60,100,0.8041958041958043,0.0016147689860699299
60,101,0.8461538461538463,0.0005211337004810046
60,102,0.8741258741258742,0.0002007130733242317
60,103,0.8041958041958043,0.0016147689860699299
60,104,0.8461538461538463,0.0005211337004810046
60,105,0.8741258741258742,0.0002007130733242317
60,106,0.8041958041958043,0.0016147689860699299
60,107,0.8461538461538463,0.0005211337004810046
60,108,0.8741258741258742,0.0002007130733242317
60,109,0.8741258741258742,0.0002007130733242317
60,110,0.9440559440559443,3.927261080965951e-06
60,111,1.0,0.0
60,112,0.8741258741258742,0.0002007130733242317
60,113,0.9440559440559443,3.927261080965951e-06
60,114,1.0,0.0
60,115,0.8041958041958043,0.0016147689860699299
60,116,0.8461538461538463,0.0005211337004810046
60,117,0.8741258741258742,0.0002007130733242317
60,118,0.8041958041958043,0.0016147689860699299
60,119,0.8461538461538463,0.0005211337004810046
60,120,0.8741258741258742,0.0002007130733242317
60,121,0.8041958041958043,0.0016147689860699299
60,122,0.8461538461538463,0.0005211337004810046
60,123,0.8741258741258742,0.0002007130733242317
60,124,0.8041958041958043,0.0016147689860699299
60,125,0.8461538461538463,0.0005211337004810046
60,126,0.8741258741258742,0.0002007130733242317
60,127,0.8741258741258742,0.0002007130733242317
60,128,0.9440559440559443,3.927261080965951e-06
60,129,1.0,0.0
60,130,0.8741258741258742,0.0002007130733242317
60,131,0.9440559440559443,3.927261080965951e-06
60,132,1.0,0.0
60,133,0.8041958041958043,0.0016147689860699299
60,134,0.8461538461538463,0.0005211337004810046
60,135,0.8741258741258742,0.0002007130733242317
60,136,0.8041958041958043,0.0016147689860699299
60,137,0.8461538461538463,0.0005211337004810046
60,138,0.8741258741258742,0.0002007130733242317
60,139,0.8041958041958043,0.0016147689860699299
60,140,0.8461538461538463,0.0005211337004810046
60,141,0.8741258741258742,0.0002007130733242317
60,142,0.8041958041958043,0.0016147689860699299
60,143,0.8461538461538463,0.0005211337004810046
60,144,0.8741258741258742,0.0002007130733242317
60,145,0.8741258741258742,0.0002007130733242317
60,146,0.9440559440559443,3.927261080965951e-06
60,147,1.0,0.0
60,148,0.8741258741258742,0.0002007130733242317
60,149,0.9440559440559443,3.927261080965951e-06
60,150,1.0,0.0
60,151,0.8041958041958043,0.0016147689860699299
60,152,0.8461538461538463,0.0005211337004810046
60,153,0.8741258741258742,0.0002007130733242317
60,154,0.8041958041958043,0.0016147689860699299
60,155,0.8461538461538463,0.0005211337004810046
60,156,0.8741258741258742,0.0002007130733242317
60,157,0.8041958041958043,0.0016147689860699299
60,158,0.8461538461538463,0.0005211337004810046
60,159,0.8741258741258742,0.0002007130733242317
60,160,0.8041958041958043,0.0016147689860699299
60,161,0.8461538461538463,0.0005211337004810046
60,162,0.8741258741258742,0.0002007130733242317
61,62,0.9720279720279721,1.2868115751495034e-07
61,63,0.8391608391608393,0.0006428259886278202
61,64,1.0,0.0
61,65,0.9720279720279721,1.2868115751495034e-07
61,66,0.8391608391608393,0.0006428259886278202
61,67,1.0,0.0
61,68,0.9720279720279721,1.2868115751495034e-07
61,69,0.8391608391608393,0.0006428259886278202
61,70,1.0,0.0
61,71,0.9720279720279721,1.2868115751495034e-07
61,72,0.8391608391608393,0.0006428259886278202
61,73,0.8951048951048951,8.36658642909172e-05
61,74,0.8741258741258742,0.0002007130733242317
61,75,0.8041958041958043,0.0016147689860699299
61,76,0.8951048951048951,8.36658642909172e-05
61,77,0.8741258741258742,0.0002007130733242317
61,78,0.8041958041958043,0.0016147689860699299
61,79,1.0,0.0
61,80,0.9720279720279721,1.2868115751495034e-07
61,81,0.8391608391608393,0.0006428259886278202
61,82,1.0,0.0
61,83,0.9720279720279721,1.2868115751495034e-07
61,84,0.8391608391608393,0.0006428259886278202
61,85,1.0,0.0
61,86,0.9720279720279721,1.2868115751495034e-07
61,87,0.8391608391608393,0.0006428259886278202
61,88,1.0,0.0
61,89,0.9720279720279721,1.2868115751495034e-07
61,90,0.8391608391608393,0.0006428259886278202
61,91,0.8951048951048951,8.36658642909172e-05
61,92,0.8741258741258742,0.0002007130733242317
61,93,0.8041958041958043,0.0016147689860699299
61,94,0.8951048951048951,8.36658642909172e-05
61,95,0.8741258741258742,0.0002007130733242317
61,96,0.8041958041958043,0.0016147689860699299
61,97,1.0,0.0
61,98,0.9720279720279721,1.2868115751495034e-07
61,99,0.8391608391608393,0.0006428259886278202
61,100,1.0,0.0
61,101,0.9720279720279721,1.2868115751495034e-07
61,102,0.8391608391608393,0.0006428259886278202
61,103,1.0,0.0
61,104,0.9720279720279721,1.2868115751495034e-07
61,105,0.8391608391608393,0.0006428259886278202
61,106,1.0,0.0
61,107,0.9720279720279721,1.2868115751495034e-07
61,108,0.8391608391608393,0.0006428259886278202
61,109,0.8951048951048951,8.36658642909172e-05
61,110,0.8741258741258742,0.0002007130733242317
61,111,0.8041958041958043,0.0016147689860699299
61,112,0.8951048951048951,8.36658642909172e-05
61,113,0.8741258741258742,0.0002007130733242317
61,114,0.8041958041958043,0.0016147689860699299
61,115,1.0,0.0
61,116,0.9720279720279721,1.2868115751495034e-07
61,117,0.8391608391608393,0.0006428259886278202
61,118,1.0,0.0
61,119,0.9720279720279721,1.2868115751495034e-07
61,120,0.8391608391608393,0.0006428259886278202
61,121,1.0,0.0
61,122,0.9720279720279721,1.2868115751495034e-07
61,123,0.8391608391608393,0.0006428259886278202
61,124,1.0,0.0
61,125,0.9720279720279721,1.2868115751495034e-07
61,126,0.8391608391608393,0.0006428259886278202
61,127,0.8951048951048951,8.36658642909172e-05
61,128,0.8741258741258742,0.0002007130733242317
61,129,0.8041958041958043,0.0016147689860699299
61,130,0.8951048951048951,8.36658642909172e-05
61,131,0.8741258741258742,0.0002007130733242317
61,132,0.8041958041958043,0.0016147689860699299
61,133,1.0,0.0
61,134,0.9720279720279721,1.2868115751495034e-07
61,135,0.8391608391608393,0.0006428259886278202
61,136,1.0,0.0
61,137,0.9720279720279721,1.2868115751495034e-07
61,138,0.8391608391608393,0.0006428259886278202
61,139,1.0,0.0
61,140,0.9720279720279721,1.2868115751495034e-07
61,141,0.8391608391608393,0.0006428259886278202
61,142,1.0,0.0
61,143,0.9720279720279721,1.2868115751495034e-07
61,144,0.8391608391608393,0.0006428259886278202
61,145,0.8951048951048951,8.36658642909172e-05
61,146,0.8741258741258742,0.0002007130733242317
61,147,0.8041958041958043,0.0016147689860699299
61,148,0.8951048951048951,8.36658642909172e-05
61,149,0.8741258741258742,0.0002007130733242317
61,150,0.8041958041958043,0.0016147689860699299
61,151,1.0,0.0
61,152,0.9720279720279721,1.2868115751495034e-07
61,153,0.8391608391608393,0.0006428259886278202
61,154,1.0,0.0
61,155,0.9720279720279721,1.2868115751495034e-07
61,156,0.8391608391608393,0.0006428259886278202
61,157,1.0,0.0
61,158,0.9720279720279721,1.2868115751495034e-07
61,159,0.8391608391608393,0.0006428259886278202
61,160,1.0,0.0
61,161,0.9720279720279721,1.2868115751495034e-07
61,162,0.8391608391608393,0.0006428259886278202
62,63,0.9300699300699302,1.170222792865967e-05
62,64,0.9720279720279721,1.2868115751495034e-07
62,65,1.0,0.0
62,66,0.9300699300699302,1.170222792865967e-05
62,67,0.9720279720279721,1.2868115751495034e-07
62,68,1.0,0.0
62,69,0.9300699300699302,1.170222792865967e-05
62,70,0.9720279720279721,1.2868115751495034e-07
62,71,1.0,0.0
62,72,0.9300699300699302,1.170222792865967e-05
62,73,0.8321678321678322,0.0007854416778536138
62,74,0.8531468531468532,0.0004181179404149969
62,75,0.8461538461538463,0.0005211337004810046
62,76,0.8321678321678322,0.0007854416778536138
62,77,0.8531468531468532,0.0004181179404149969
62,78,0.8461538461538463,0.0005211337004810046
62,79,0.9720279720279721,1.2868115751495034e-07
62,80,1.0,0.0
62,81,0.9300699300699302,1.170222792865967e-05
62,82,0.9720279720279721,1.2868115751495034e-07
62,83,1.0,0.0
62,84,0.9300699300699302,1.170222792865967e-05
62,85,0.9720279720279721,1.2868115751495034e-07
62,86,1.0,0.0
62,87,0.9300699300699302,1.170222792865967e-05
62,88,0.9720279720279721,1.2868115751495034e-07
62,89,1.0,0.0
62,90,0.9300699300699302,1.170222792865967e-05
62,91,0.8321678321678322,0.0007854416778536138
62,92,0.8531468531468532,0.0004181179404149969
62,93,0.8461538461538463,0.0005211337004810046
62,94,0.8321678321678322,0.0007854416778536138
62,95,0.8531468531468532,0.0004181179404149969
62,96,0.8461538461538463,0.0005211337004810046
62,97,0.9720279720279721,1.2868115751495034e-07
62,98,1.0,0.0
62,99,0.9300699300699302,1.170222792865967e-05
62,100,0.9720279720279721,1.2868115751495034e-07
62,101,1.0,0.0
62,102,0.9300699300699302,1.170222792865967e-05
62,103,0.9720279720279721,1.2868115751495034e-07
62,104,1.0,0.0
62,105,0.9300699300699302,1.170222792865967e-05
62,106,0.9720279720279721,1.2868115751495034e-07
62,107,1.0,0.0
62,108,0.9300699300699302,1.170222792865967e-05
62,109,0.8321678321678322,0.0007854416778536138
62,110,0.8531468531468532,0.0004181179404149969
62,111,0.8461538461538463,0.0005211337004810046
62,112,0.8321678321678322,0.0007854416778536138
62,113,0.8531468531468532,0.0004181179404149969
62,114,0.8461538461538463,0.0005211337004810046
62,115,0.9720279720279721,1.2868115751495034e-07
62,116,1.0,0.0
62,117,0.9300699300699302,1.170222792865967e-05
62,118,0.9720279720279721,1.2868115751495034e-07
62,119,1.0,0.0
62,120,0.9300699300699302,1.170222792865967e-05
62,121,0.9720279720279721,1.2868115751495034e-07
62,122,1.0,0.0
62,123,0.9300699300699302,1.170222792865967e-05
62,124,0.9720279720279721,1.2868115751495034e-07
62,125,1.0,0.0
62,126,0.9300699300699302,1.170222792865967e-05
62,127,0.8321678321678322,0.0007854416778536138
62,128,0.8531468531468532,0.0004181179404149969
62,129,0.8461538461538463,0.0005211337004810046
62,130,0.8321678321678322,0.0007854416778536138
62,131,0.8531468531468532,0.0004181179404149969
62,132,0.8461538461538463,0.0005211337004810046
62,133,0.9720279720279721,1.2868115751495034e-07
62,134,1.0,0.0
62,135,0.9300699300699302,1.170222792865967e-05
62,136,0.9720279720279721,1.2868115751495034e-07
62,137,1.0,0.0
62,138,0.9300699300699302,1.170222792865967e-05
62,139,0.9720279720279721,1.2868115751495034e-07
62,140,1.0,0.0
62,141,0.9300699300699302,1.170222792865967e-05
62,142,0.9720279720279721,1.2868115751495034e-07
62,143,1.0,0.0
62,144,0.9300699300699302,1.170222792865967e-05
62,145,0.8321678321678322,0.0007854416778536138
62,146,0.8531468531468532,0.0004181179404149969
62,147,0.8461538461538463,0.0005211337004810046
62,148,0.8321678321678322,0.0007854416778536138
62,149,0.8531468531468532,0.0004181179404149969
62,150,0.8461538461538463,0.0005211337004810046
62,151,0.9720279720279721,1.2868115751495034e-07
62,152,1.0,0.0
62,153,0.9300699300699302,1.170222792865967e-05
62,154,0.9720279720279721,1.2868115751495034e-07
62,155,1.0,0.0
62,156,0.9300699300699302,1.170222792865967e-05
62,157,0.9720279720279721,1.2868115751495034e-07
62,158,1.0,0.0
62,159,0.9300699300699302,1.170222792865967e-05
62,160,0.9720279720279721,1.2868115751495034e-07
62,161,1.0,0.0
62,162,0.9300699300699302,1.170222792865967e-05
63,64,0.8391608391608393,0.0006428259886278202
63,65,0.9300699300699302,1.170222792865967e-05
63,66,1.0,0.0
63,67,0.8391608391608393,0.0006428259886278202
63,68,0.9300699300699302,1.170222792865967e-05
63,69,1.0,0.0
63,70,0.8391608391608393,0.0006428259886278202
63,71,0.9300699300699302,1.170222792865967e-05
63,72,1.0,0.0
63,73,0.6923076923076924,0.0125930304960941
63,74,0.7692307692307694,0.0034464502618274493
63,75,0.8741258741258742,0.0002007130733242317
63,76,0.6923076923076924,0.0125930304960941
63,77,0.7692307692307694,0.0034464502618274493
63,78,0.8741258741258742,0.0002007130733242317
63,79,0.8391608391608393,0.0006428259886278202
63,80,0.9300699300699302,1.170222792865967e-05
63,81,1.0,0.0
63,82,0.8391608391608393,0.0006428259886278202
63,83,0.9300699300699302,1.170222792865967e-05
63,84,1.0,0.0
63,85,0.8391608391608393,0.0006428259886278202
63,86,0.9300699300699302,1.170222792865967e-05
63,87,1.0,0.0
63,88,0.8391608391608393,0.0006428259886278202
63,89,0.9300699300699302,1.170222792865967e-05
63,90,1.0,0.0
63,91,0.6923076923076924,0.0125930304960941
63,92,0.7692307692307694,0.0034464502618274493
63,93,0.8741258741258742,0.0002007130733242317
63,94,0.6923076923076924,0.0125930304960941
63,95,0.7692307692307694,0.0034464502618274493
63,96,0.8741258741258742,0.0002007130733242317
63,97,0.8391608391608393,0.0006428259886278202
63,98,0.9300699300699302,1.170222792865967e-05
63,99,1.0,0.0
63,100,0.8391608391608393,0.0006428259886278202
63,101,0.9300699300699302,1.170222792865967e-05
63,102,1.0,0.0
63,103,0.8391608391608393,0.0006428259886278202
63,104,0.9300699300699302,1.170222792865967e-05
63,105,1.0,0.0
63,106,0.8391608391608393,0.0006428259886278202
63,107,0.9300699300699302,1.170222792865967e-05
63,108,1.0,0.0
63,109,0.6923076923076924,0.0125930304960941
63,110,0.7692307692307694,0.0034464502618274493
63,111,0.8741258741258742,0.0002007130733242317
63,112,0.6923076923076924,0.0125930304960941
63,113,0.7692307692307694,0.0034464502618274493
63,114,0.8741258741258742,0.0002007130733242317
63,115,0.8391608391608393,0.0006428259886278202
63,116,0.9300699300699302,1.170222792865967e-05
63,117,1.0,0.0
63,118,0.8391608391608393,0.0006428259886278202
63,119,0.9300699300699302,1.170222792865967e-05
63,120,1.0,0.0
63,121,0.8391608391608393,0.0006428259886278202
63,122,0.9300699300699302,1.170222792865967e-05
63,123,1.0,0.0
63,124,0.8391608391608393,0.0006428259886278202
63,125,0.9300699300699302,1.170222792865967e-05
63,126,1.0,0.0
63,127,0.6923076923076924,0.0125930304960941
63,128,0.7692307692307694,0.0034464502618274493
63,129,0.8741258741258742,0.0002007130733242317
63,130,0.6923076923076924,0.0125930304960941
63,131,0.7692307692307694,0.0034464502618274493
63,132,0.8741258741258742,0.0002007130733242317
63,133,0.8391608391608393,0.0006428259886278202
63,134,0.9300699300699302,1.170222792865967e-05
63,135,1.0,0.0
63,136,0.8391608391608393,0.0006428259886278202
63,137,0.9300699300699302,1.170222792865967e-05
63,138,1.0,0.0
63,139,0.8391608391608393,0.0006428259886278202
63,140,0.9300699300699302,1.170222792865967e-05
63,141,1.0,0.0
63,142,0.8391608391608393,0.0006428259886278202
63,143,0.9300699300699302,1.170222792865967e-05
63,144,1.0,0.0
63,145,0.6923076923076924,0.0125930304960941
63,146,0.7692307692307694,0.0034464502618274493
63,147,0.8741258741258742,0.0002007130733242317
63,148,0.6923076923076924,0.0125930304960941
63,149,0.7692307692307694,0.0034464502618274493
63,150,0.8741258741258742,0.0002007130733242317
63,151,0.8391608391608393,0.0006428259886278202
63,152,0.9300699300699302,1.170222792865967e-05
63,153,1.0,0.0
63,154,0.8391608391608393,0.0006428259886278202
63,155,0.9300699300699302,1.170222792865967e-05
63,156,1.0,0.0
63,157,0.8391608391608393,0.0006428259886278202
63,158,0.9300699300699302,1.170222792865967e-05
63,159,1.0,0.0
63,160,0.8391608391608393,0.0006428259886278202
63,161,0.9300699300699302,1.170222792865967e-05
63,162,1.0,0.0
64,65,0.9720279720279721,1.2868115751495034e-07
64,66,0.8391608391608393,0.0006428259886278202
64,67,1.0,0.0
64,68,0.9720279720279721,1.2868115751495034e-07
64,69,0.8391608391608393,0.0006428259886278202
64,70,1.0,0.0
64,71,0.9720279720279721,1.2868115751495034e-07
64,72,0.8391608391608393,0.0006428259886278202
64,73,0.8951048951048951,8.36658642909172e-05
64,74,0.8741258741258742,0.0002007130733242317
64,75,0.8041958041958043,0.0016147689860699299
64,76,0.8951048951048951,8.36658642909172e-05
64,77,0.8741258741258742,0.0002007130733242317
64,78,0.8041958041958043,0.0016147689860699299
64,79,1.0,0.0
64,80,0.9720279720279721,1.2868115751495034e-07
64,81,0.8391608391608393,0.0006428259886278202
64,82,1.0,0.0
64,83,0.9720279720279721,1.2868115751495034e-07
64,84,0.8391608391608393,0.0006428259886278202
64,85,1.0,0.0
64,86,0.9720279720279721,1.2868115751495034e-07
64,87,0.8391608391608393,0.0006428259886278202
64,88,1.0,0.0
64,89,0.9720279720279721,1.2868115751495034e-07
64,90,0.8391608391608393,0.0006428259886278202
64,91,0.8951048951048951,8.36658642909172e-05
64,92,0.8741258741258742,0.0002007130733242317
64,93,0.8041958041958043,0.0016147689860699299
64,94,0.8951048951048951,8.36658642909172e-05
64,95,0.8741258741258742,0.0002007130733242317
64,96,0.8041958041958043,0.0016147689860699299
64,97,1.0,0.0
64,98,0.9720279720279721,1.2868115751495034e-07
64,99,0.8391608391608393,0.0006428259886278202
64,100,1.0,0.0
64,101,0.9720279720279721,1.2868115751495034e-07
64,102,0.8391608391608393,0.0006428259886278202
64,103,1.0,0.0
64,104,0.9720279720279721,1.2868115751495034e-07
64,105,0.8391608391608393,0.0006428259886278202
64,106,1.0,0.0
64,107,0.9720279720279721,1.2868115751495034e-07
64,108,0.8391608391608393,0.0006428259886278202
64,109,0.8951048951048951,8.36658642909172e-05
64,110,0.8741258741258742,0.0002007130733242317
64,111,0.8041958041958043,0.0016147689860699299
64,112,0.8951048951048951,8.36658642909172e-05
64,113,0.8741258741258742,0.0002007130733242317
64,114,0.8041958041958043,0.0016147689860699299
64,115,1.0,0.0
64,116,0.9720279720279721,1.2868115751495034e-07
64,117,0.8391608391608393,0.0006428259886278202
64,118,1.0,0.0
64,119,0.9720279720279721,1.2868115751495034e-07
64,120,0.8391608391608393,0.0006428259886278202
64,121,1.0,0.0
64,122,0.9720279720279721,1.2868115751495034e-07
64,123,0.8391608391608393,0.0006428259886278202
64,124,1.0,0.0
64,125,0.9720279720279721,1.2868115751495034e-07
64,126,0.8391608391608393,0.0006428259886278202
64,127,0.8951048951048951,8.36658642909172e-05
64,128,0.8741258741258742,0.0002007130733242317
64,129,0.8041958041958043,0.0016147689860699299
64,130,0.8951048951048951,8.36658642909172e-05
64,131,0.8741258741258742,0.0002007130733242317
64,132,0.8041958041958043,0.0016147689860699299
64,133,1.0,0.0
64,134,0.9720279720279721,1.2868115751495034e-07
64,135,0.8391608391608393,0.0006428259886278202
64,136,1.0,0.0
64,137,0.9720279720279721,1.2868115751495034e-07
64,138,0.8391608391608393,0.0006428259886278202
64,139,1.0,0.0
64,140,0.9720279720279721,1.2868115751495034e-07
64,141,0.8391608391608393,0.0006428259886278202
64,142,1.0,0.0
64,143,0.9720279720279721,1.2868115751495034e-07
64,144,0.8391608391608393,0.0006428259886278202
64,145,0.8951048951048951,8.36658642909172e-05
64,146,0.8741258741258742,0.0002007130733242317
64,147,0.8041958041958043,0.0016147689860699299
64,148,0.8951048951048951,8.36658642909172e-05
64,149,0.8741258741258742,0.0002007130733242317
64,150,0.8041958041958043,0.0016147689860699299
64,151,1.0,0.0
64,152,0.9720279720279721,1.2868115751495034e-07
64,153,0.8391608391608393,0.0006428259886278202
64,154,1.0,0.0
64,155,0.9720279720279721,1.2868115751495034e-07
64,156,0.8391608391608393,0.0006428259886278202
64,157,1.0,0.0
64,158,0.9720279720279721,1.2868115751495034e-07
64,159,0.8391608391608393,0.0006428259886278202
64,160,1.0,0.0
64,161,0.9720279720279721,1.2868115751495034e-07
64,162,0.8391608391608393,0.0006428259886278202
65,66,0.9300699300699302,1.170222792865967e-05
65,67,0.9720279720279721,1.2868115751495034e-07
65,68,1.0,0.0
65,69,0.9300699300699302,1.170222792865967e-05
65,70,0.9720279720279721,1.2868115751495034e-07
65,71,1.0,0.0
65,72,0.9300699300699302,1.170222792865967e-05
65,73,0.8321678321678322,0.0007854416778536138
65,74,0.8531468531468532,0.0004181179404149969
65,75,0.8461538461538463,0.0005211337004810046
65,76,0.8321678321678322,0.0007854416778536138
65,77,0.8531468531468532,0.0004181179404149969
65,78,0.8461538461538463,0.0005211337004810046
65,79,0.9720279720279721,1.2868115751495034e-07
65,80,1.0,0.0
65,81,0.9300699300699302,1.170222792865967e-05
65,82,0.9720279720279721,1.2868115751495034e-07
65,83,1.0,0.0
65,84,0.9300699300699302,1.170222792865967e-05
65,85,0.9720279720279721,1.2868115751495034e-07
65,86,1.0,0.0
65,87,0.9300699300699302,1.170222792865967e-05
65,88,0.9720279720279721,1.2868115751495034e-07
65,89,1.0,0.0
65,90,0.9300699300699302,1.170222792865967e-05
65,91,0.8321678321678322,0.0007854416778536138
65,92,0.8531468531468532,0.0004181179404149969
65,93,0.8461538461538463,0.0005211337004810046
65,94,0.8321678321678322,0.0007854416778536138
65,95,0.8531468531468532,0.0004181179404149969
65,96,0.8461538461538463,0.0005211337004810046
65,97,0.9720279720279721,1.2868115751495034e-07
65,98,1.0,0.0
65,99,0.9300699300699302,1.170222792865967e-05
65,100,0.9720279720279721,1.2868115751495034e-07
65,101,1.0,0.0
65,102,0.9300699300699302,1.170222792865967e-05
65,103,0.9720279720279721,1.2868115751495034e-07
65,104,1.0,0.0
65,105,0.9300699300699302,1.170222792865967e-05
65,106,0.9720279720279721,1.2868115751495034e-07
65,107,1.0,0.0
65,108,0.9300699300699302,1.170222792865967e-05
65,109,0.8321678321678322,0.0007854416778536138
65,110,0.8531468531468532,0.0004181179404149969
65,111,0.8461538461538463,0.0005211337004810046
65,112,0.8321678321678322,0.0007854416778536138
65,113,0.8531468531468532,0.0004181179404149969
65,114,0.8461538461538463,0.0005211337004810046
65,115,0.9720279720279721,1.2868115751495034e-07
65,116,1.0,0.0
65,117,0.9300699300699302,1.170222792865967e-05
65,118,0.9720279720279721,1.2868115751495034e-07
65,119,1.0,0.0
65,120,0.9300699300699302,1.170222792865967e-05
65,121,0.9720279720279721,1.2868115751495034e-07
65,122,1.0,0.0
65,123,0.9300699300699302,1.170222792865967e-05
65,124,0.9720279720279721,1.2868115751495034e-07
65,125,1.0,0.0
65,126,0.9300699300699302,1.170222792865967e-05
65,127,0.8321678321678322,0.0007854416778536138
65,128,0.8531468531468532,0.0004181179404149969
65,129,0.8461538461538463,0.0005211337004810046
65,130,0.8321678321678322,0.0007854416778536138
65,131,0.8531468531468532,0.0004181179404149969
65,132,0.8461538461538463,0.0005211337004810046
65,133,0.9720279720279721,1.2868115751495034e-07
65,134,1.0,0.0
65,135,0.9300699300699302,1.170222792865967e-05
65,136,0.9720279720279721,1.2868115751495034e-07
65,137,1.0,0.0
65,138,0.9300699300699302,1.170222792865967e-05
65,139,0.9720279720279721,1.2868115751495034e-07
65,140,1.0,0.0
65,141,0.9300699300699302,1.170222792865967e-05
65,142,0.9720279720279721,1.2868115751495034e-07
65,143,1.0,0.0
65,144,0.9300699300699302,1.170222792865967e-05
65,145,0.8321678321678322,0.0007854416778536138
65,146,0.8531468531468532,0.0004181179404149969
65,147,0.8461538461538463,0.0005211337004810046
65,148,0.8321678321678322,0.0007854416778536138
65,149,0.8531468531468532,0.0004181179404149969
65,150,0.8461538461538463,0.0005211337004810046
65,151,0.9720279720279721,1.2868115751495034e-07
65,152,1.0,0.0
65,153,0.9300699300699302,1.170222792865967e-05
65,154,0.9720279720279721,1.2868115751495034e-07
65,155,1.0,0.0
65,156,0.9300699300699302,1.170222792865967e-05
65,157,0.9720279720279721,1.2868115751495034e-07
65,158,1.0,0.0
65,159,0.9300699300699302,1.170222792865967e-05
65,160,0.9720279720279721,1.2868115751495034e-07
65,161,1.0,0.0
65,162,0.9300699300699302,1.170222792865967e-05
66,67,0.8391608391608393,0.0006428259886278202
66,68,0.9300699300699302,1.170222792865967e-05
66,69,1.0,0.0
66,70,0.8391608391608393,0.0006428259886278202
66,71,0.9300699300699302,1.170222792865967e-05
66,72,1.0,0.0
66,73,0.6923076923076924,0.0125930304960941
66,74,0.7692307692307694,0.0034464502618274493
66,75,0.8741258741258742,0.0002007130733242317
66,76,0.6923076923076924,0.0125930304960941
66,77,0.7692307692307694,0.0034464502618274493
66,78,0.8741258741258742,0.0002007130733242317
66,79,0.8391608391608393,0.0006428259886278202
66,80,0.9300699300699302,1.170222792865967e-05
66,81,1.0,0.0
66,82,0.8391608391608393,0.0006428259886278202
66,83,0.9300699300699302,1.170222792865967e-05
66,84,1.0,0.0
66,85,0.8391608391608393,0.0006428259886278202
66,86,0.9300699300699302,1.170222792865967e-05
66,87,1.0,0.0
66,88,0.8391608391608393,0.0006428259886278202
66,89,0.9300699300699302,1.170222792865967e-05
66,90,1.0,0.0
66,91,0.6923076923076924,0.0125930304960941
66,92,0.7692307692307694,0.0034464502618274493
66,93,0.8741258741258742,0.0002007130733242317
66,94,0.6923076923076924,0.0125930304960941
66,95,0.7692307692307694,0.0034464502618274493
66,96,0.8741258741258742,0.0002007130733242317
66,97,0.8391608391608393,0.0006428259886278202
66,98,0.9300699300699302,1.170222792865967e-05
66,99,1.0,0.0
66,100,0.8391608391608393,0.0006428259886278202
66,101,0.9300699300699302,1.170222792865967e-05
66,102,1.0,0.0
66,103,0.8391608391608393,0.0006428259886278202
66,104,0.9300699300699302,1.170222792865967e-05
66,105,1.0,0.0
66,106,0.8391608391608393,0.0006428259886278202
66,107,0.9300699300699302,1.170222792865967e-05
66,108,1.0,0.0
66,109,0.6923076923076924,0.0125930304960941
66,110,0.7692307692307694,0.0034464502618274493
66,111,0.8741258741258742,0.0002007130733242317
66,112,0.6923076923076924,0.0125930304960941
66,113,0.7692307692307694,0.0034464502618274493
66,114,0.8741258741258742,0.0002007130733242317
66,115,0.8391608391608393,0.0006428259886278202
66,116,0.9300699300699302,1.170222792865967e-05
66,117,1.0,0.0
66,118,0.8391608391608393,0.0006428259886278202
66,119,0.9300699300699302,1.170222792865967e-05
66,120,1.0,0.0
66,121,0.8391608391608393,0.0006428259886278202
66,122,0.9300699300699302,1.170222792865967e-05
66,123,1.0,0.0
66,124,0.8391608391608393,0.0006428259886278202
66,125,0.9300699300699302,1.170222792865967e-05
66,126,1.0,0.0
66,127,0.6923076923076924,0.0125930304960941
66,128,0.7692307692307694,0.0034464502618274493
66,129,0.8741258741258742,0.0002007130733242317
66,130,0.6923076923076924,0.0125930304960941
66,131,0.7692307692307694,0.0034464502618274493
66,132,0.8741258741258742,0.0002007130733242317
66,133,0.8391608391608393,0.0006428259886278202
66,134,0.9300699300699302,1.170222792865967e-05
66,135,1.0,0.0
66,136,0.8391608391608393,0.0006428259886278202
66,137,0.9300699300699302,1.170222792865967e-05
66,138,1.0,0.0
66,139,0.8391608391608393,0.0006428259886278202
66,140,0.9300699300699302,1.170222792865967e-05
66,141,1.0,0.0
66,142,0.8391608391608393,0.0006428259886278202
66,143,0.9300699300699302,1.170222792865967e-05
66,144,1.0,0.0
66,145,0.6923076923076924,0.0125930304960941
66,146,0.7692307692307694,0.0034464502618274493
66,147,0.8741258741258742,0.0002007130733242317
66,148,0.6923076923076924,0.0125930304960941
66,149,0.7692307692307694,0.0034464502618274493
66,150,0.8741258741258742,0.0002007130733242317
66,151,0.8391608391608393,0.0006428259886278202
66,152,0.9300699300699302,1.170222792865967e-05
66,153,1.0,0.0
66,154,0.8391608391608393,0.0006428259886278202
66,155,0.9300699300699302,1.170222792865967e-05
66,156,1.0,0.0
66,157,0.8391608391608393,0.0006428259886278202
66,158,0.9300699300699302,1.170222792865967e-05
66,159,1.0,0.0
66,160,0.8391608391608393,0.0006428259886278202
66,161,0.9300699300699302,1.170222792865967e-05
66,162,1.0,0.0
67,68,0.9720279720279721,1.2868115751495034e-07
67,69,0.8391608391608393,0.0006428259886278202
67,70,1.0,0.0
67,71,0.9720279720279721,1.2868115751495034e-07
67,72,0.8391608391608393,0.0006428259886278202
67,73,0.8951048951048951,8.36658642909172e-05
67,74,0.8741258741258742,0.0002007130733242317
67,75,0.8041958041958043,0.0016147689860699299
67,76,0.8951048951048951,8.36658642909172e-05
67,77,0.8741258741258742,0.0002007130733242317
67,78,0.8041958041958043,0.0016147689860699299
67,79,1.0,0.0
67,80,0.9720279720279721,1.2868115751495034e-07
67,81,0.8391608391608393,0.0006428259886278202
67,82,1.0,0.0
67,83,0.9720279720279721,1.2868115751495034e-07
67,84,0.8391608391608393,0.0006428259886278202
67,85,1.0,0.0
67,86,0.9720279720279721,1.2868115751495034e-07
67,87,0.8391608391608393,0.0006428259886278202
67,88,1.0,0.0
67,89,0.9720279720279721,1.2868115751495034e-07
67,90,0.8391608391608393,0.0006428259886278202
67,91,0.8951048951048951,8.36658642909172e-05
67,92,0.8741258741258742,0.0002007130733242317
67,93,0.8041958041958043,0.0016147689860699299
67,94,0.8951048951048951,8.36658642909172e-05
67,95,0.8741258741258742,0.0002007130733242317
67,96,0.8041958041958043,0.0016147689860699299
67,97,1.0,0.0
67,98,0.9720279720279721,1.2868115751495034e-07
67,99,0.8391608391608393,0.0006428259886278202
67,100,1.0,0.0
67,101,0.9720279720279721,1.2868115751495034e-07
67,102,0.8391608391608393,0.0006428259886278202
67,103,1.0,0.0
67,104,0.9720279720279721,1.2868115751495034e-07
67,105,0.8391608391608393,0.0006428259886278202
67,106,1.0,0.0
67,107,0.9720279720279721,1.2868115751495034e-07
67,108,0.8391608391608393,0.0006428259886278202
67,109,0.8951048951048951,8.36658642909172e-05
67,110,0.8741258741258742,0.0002007130733242317
67,111,0.8041958041958043,0.0016147689860699299
67,112,0.8951048951048951,8.36658642909172e-05
67,113,0.8741258741258742,0.0002007130733242317
67,114,0.8041958041958043,0.0016147689860699299
67,115,1.0,0.0
67,116,0.9720279720279721,1.2868115751495034e-07
67,117,0.8391608391608393,0.0006428259886278202
67,118,1.0,0.0
67,119,0.9720279720279721,1.2868115751495034e-07
67,120,0.8391608391608393,0.0006428259886278202
67,121,1.0,0.0
67,122,0.9720279720279721,1.2868115751495034e-07
67,123,0.8391608391608393,0.0006428259886278202
67,124,1.0,0.0
67,125,0.9720279720279721,1.2868115751495034e-07
67,126,0.8391608391608393,0.0006428259886278202
67,127,0.8951048951048951,8.36658642909172e-05
67,128,0.8741258741258742,0.0002007130733242317
67,129,0.8041958041958043,0.0016147689860699299
67,130,0.8951048951048951,8.36658642909172e-05
67,131,0.8741258741258742,0.0002007130733242317
67,132,0.8041958041958043,0.0016147689860699299
67,133,1.0,0.0
67,134,0.9720279720279721,1.2868115751495034e-07
67,135,0.8391608391608393,0.0006428259886278202
67,136,1.0,0.0
67,137,0.9720279720279721,1.2868115751495034e-07
67,138,0.8391608391608393,0.0006428259886278202
67,139,1.0,0.0
67,140,0.9720279720279721,1.2868115751495034e-07
67,141,0.8391608391608393,0.0006428259886278202
67,142,1.0,0.0
67,143,0.9720279720279721,1.2868115751495034e-07
67,144,0.8391608391608393,0.0006428259886278202
67,145,0.8951048951048951,8.36658642909172e-05
67,146,0.8741258741258742,0.0002007130733242317
67,147,0.8041958041958043,0.0016147689860699299
67,148,0.8951048951048951,8.36658642909172e-05
67,149,0.8741258741258742,0.0002007130733242317
67,150,0.8041958041958043,0.0016147689860699299
67,151,1.0,0.0
67,152,0.9720279720279721,1.2868115751495034e-07
67,153,0.8391608391608393,0.0006428259886278202
67,154,1.0,0.0
67,155,0.9720279720279721,1.2868115751495034e-07
67,156,0.8391608391608393,0.0006428259886278202
67,157,1.0,0.0
67,158,0.9720279720279721,1.2868115751495034e-07
67,159,0.8391608391608393,0.0006428259886278202
67,160,1.0,0.0
67,161,0.9720279720279721,1.2868115751495034e-07
67,162,0.8391608391608393,0.0006428259886278202
68,69,0.9300699300699302,1.170222792865967e-05
68,70,0.9720279720279721,1.2868115751495034e-07
68,71,1.0,0.0
68,72,0.9300699300699302,1.170222792865967e-05
68,73,0.8321678321678322,0.0007854416778536138
68,74,0.8531468531468532,0.0004181179404149969
68,75,0.8461538461538463,0.0005211337004810046
68,76,0.8321678321678322,0.0007854416778536138
68,77,0.8531468531468532,0.0004181179404149969
68,78,0.8461538461538463,0.0005211337004810046
68,79,0.9720279720279721,1.2868115751495034e-07
68,80,1.0,0.0
68,81,0.9300699300699302,1.170222792865967e-05
68,82,0.9720279720279721,1.2868115751495034e-07
68,83,1.0,0.0
68,84,0.9300699300699302,1.170222792865967e-05
68,85,0.9720279720279721,1.2868115751495034e-07
68,86,1.0,0.0
68,87,0.9300699300699302,1.170222792865967e-05
68,88,0.9720279720279721,1.2868115751495034e-07
68,89,1.0,0.0
68,90,0.9300699300699302,1.170222792865967e-05
68,91,0.8321678321678322,0.0007854416778536138
68,92,0.8531468531468532,0.0004181179404149969
68,93,0.8461538461538463,0.0005211337004810046
68,94,0.8321678321678322,0.0007854416778536138
68,95,0.8531468531468532,0.0004181179404149969
68,96,0.8461538461538463,0.0005211337004810046
68,97,0.9720279720279721,1.2868115751495034e-07
68,98,1.0,0.0
68,99,0.9300699300699302,1.170222792865967e-05
68,100,0.9720279720279721,1.2868115751495034e-07
68,101,1.0,0.0
68,102,0.9300699300699302,1.170222792865967e-05
68,103,0.9720279720279721,1.2868115751495034e-07
68,104,1.0,0.0
68,105,0.9300699300699302,1.170222792865967e-05
68,106,0.9720279720279721,1.2868115751495034e-07
68,107,1.0,0.0
68,108,0.9300699300699302,1.170222792865967e-05
68,109,0.8321678321678322,0.0007854416778536138
68,110,0.8531468531468532,0.0004181179404149969
68,111,0.8461538461538463,0.0005211337004810046
68,112,0.8321678321678322,0.0007854416778536138
68,113,0.8531468531468532,0.0004181179404149969
68,114,0.8461538461538463,0.0005211337004810046
68,115,0.9720279720279721,1.2868115751495034e-07
68,116,1.0,0.0
68,117,0.9300699300699302,1.170222792865967e-05
68,118,0.9720279720279721,1.2868115751495034e-07
68,119,1.0,0.0
68,120,0.9300699300699302,1.170222792865967e-05
68,121,0.9720279720279721,1.2868115751495034e-07
68,122,1.0,0.0
68,123,0.9300699300699302,1.170222792865967e-05
68,124,0.9720279720279721,1.2868115751495034e-07
68,125,1.0,0.0
68,126,0.9300699300699302,1.170222792865967e-05
68,127,0.8321678321678322,0.0007854416778536138
68,128,0.8531468531468532,0.0004181179404149969
68,129,0.8461538461538463,0.0005211337004810046
68,130,0.8321678321678322,0.0007854416778536138
68,131,0.8531468531468532,0.0004181179404149969
68,132,0.8461538461538463,0.0005211337004810046
68,133,0.9720279720279721,1.2868115751495034e-07
68,134,1.0,0.0
68,135,0.9300699300699302,1.170222792865967e-05
68,136,0.9720279720279721,1.2868115751495034e-07
68,137,1.0,0.0
68,138,0.9300699300699302,1.170222792865967e-05
68,139,0.9720279720279721,1.2868115751495034e-07
68,140,1.0,0.0
68,141,0.9300699300699302,1.170222792865967e-05
68,142,0.9720279720279721,1.2868115751495034e-07
68,143,1.0,0.0
68,144,0.9300699300699302,1.170222792865967e-05
68,145,0.8321678321678322,0.0007854416778536138
68,146,0.8531468531468532,0.0004181179404149969
68,147,0.8461538461538463,0.0005211337004810046
68,148,0.8321678321678322,0.0007854416778536138
68,149,0.8531468531468532,0.0004181179404149969
68,150,0.8461538461538463,0.0005211337004810046
68,151,0.9720279720279721,1.2868115751495034e-07
68,152,1.0,0.0
68,153,0.9300699300699302,1.170222792865967e-05
68,154,0.9720279720279721,1.2868115751495034e-07
68,155,1.0,0.0
68,156,0.9300699300699302,1.170222792865967e-05
68,157,0.9720279720279721,1.2868115751495034e-07
68,158,1.0,0.0
68,159,0.9300699300699302,1.170222792865967e-05
68,160,0.9720279720279721,1.2868115751495034e-07
68,161,1.0,0.0
68,162,0.9300699300699302,1.170222792865967e-05
69,70,0.8391608391608393,0.0006428259886278202
69,71,0.9300699300699302,1.170222792865967e-05
69,72,1.0,0.0
69,73,0.6923076923076924,0.0125930304960941
69,74,0.7692307692307694,0.0034464502618274493
69,75,0.8741258741258742,0.0002007130733242317
69,76,0.6923076923076924,0.0125930304960941
69,77,0.7692307692307694,0.0034464502618274493
69,78,0.8741258741258742,0.0002007130733242317
69,79,0.8391608391608393,0.0006428259886278202
69,80,0.9300699300699302,1.170222792865967e-05
69,81,1.0,0.0
69,82,0.8391608391608393,0.0006428259886278202
69,83,0.9300699300699302,1.170222792865967e-05
69,84,1.0,0.0
69,85,0.8391608391608393,0.0006428259886278202
69,86,0.9300699300699302,1.170222792865967e-05
69,87,1.0,0.0
69,88,0.8391608391608393,0.0006428259886278202
69,89,0.9300699300699302,1.170222792865967e-05
69,90,1.0,0.0
69,91,0.6923076923076924,0.0125930304960941
69,92,0.7692307692307694,0.0034464502618274493
69,93,0.8741258741258742,0.0002007130733242317
69,94,0.6923076923076924,0.0125930304960941
69,95,0.7692307692307694,0.0034464502618274493
69,96,0.8741258741258742,0.0002007130733242317
69,97,0.8391608391608393,0.0006428259886278202
69,98,0.9300699300699302,1.170222792865967e-05
69,99,1.0,0.0
69,100,0.8391608391608393,0.0006428259886278202
69,101,0.9300699300699302,1.170222792865967e-05
69,102,1.0,0.0
69,103,0.8391608391608393,0.0006428259886278202
69,104,0.9300699300699302,1.170222792865967e-05
69,105,1.0,0.0
69,106,0.8391608391608393,0.0006428259886278202
69,107,0.9300699300699302,1.170222792865967e-05
69,108,1.0,0.0
69,109,0.6923076923076924,0.0125930304960941
69,110,0.7692307692307694,0.0034464502618274493
69,111,0.8741258741258742,0.0002007130733242317
69,112,0.6923076923076924,0.0125930304960941
69,113,0.7692307692307694,0.0034464502618274493
69,114,0.8741258741258742,0.0002007130733242317
69,115,0.8391608391608393,0.0006428259886278202
69,116,0.9300699300699302,1.170222792865967e-05
69,117,1.0,0.0
69,118,0.8391608391608393,0.0006428259886278202
69,119,0.9300699300699302,1.170222792865967e-05
69,120,1.0,0.0
69,121,0.8391608391608393,0.0006428259886278202
69,122,0.9300699300699302,1.170222792865967e-05
69,123,1.0,0.0
69,124,0.8391608391608393,0.0006428259886278202
69,125,0.9300699300699302,1.170222792865967e-05
69,126,1.0,0.0
69,127,0.6923076923076924,0.0125930304960941
69,128,0.7692307692307694,0.0034464502618274493
69,129,0.8741258741258742,0.0002007130733242317
69,130,0.6923076923076924,0.0125930304960941
69,131,0.7692307692307694,0.0034464502618274493
69,132,0.8741258741258742,0.0002007130733242317
69,133,0.8391608391608393,0.0006428259886278202
69,134,0.9300699300699302,1.170222792865967e-05
69,135,1.0,0.0
69,136,0.8391608391608393,0.0006428259886278202
69,137,0.9300699300699302,1.170222792865967e-05
69,138,1.0,0.0
69,139,0.8391608391608393,0.0006428259886278202
69,140,0.9300699300699302,1.170222792865967e-05
69,141,1.0,0.0
69,142,0.8391608391608393,0.0006428259886278202
69,143,0.9300699300699302,1.170222792865967e-05
69,144,1.0,0.0
69,145,0.6923076923076924,0.0125930304960941
69,146,0.7692307692307694,0.0034464502618274493
69,147,0.8741258741258742,0.0002007130733242317
69,148,0.6923076923076924,0.0125930304960941
69,149,0.7692307692307694,0.0034464502618274493
69,150,0.8741258741258742,0.0002007130733242317
69,151,0.8391608391608393,0.0006428259886278202
69,152,0.9300699300699302,1.170222792865967e-05
69,153,1.0,0.0
69,154,0.8391608391608393,0.0006428259886278202
69,155,0.9300699300699302,1.170222792865967e-05
69,156,1.0,0.0
69,157,0.8391608391608393,0.0006428259886278202
69,158,0.9300699300699302,1.170222792865967e-05
69,159,1.0,0.0
69,160,0.8391608391608393,0.0006428259886278202
69,161,0.9300699300699302,1.170222792865967e-05
69,162,1.0,0.0
70,71,0.9720279720279721,1.2868115751495034e-07
70,72,0.8391608391608393,0.0006428259886278202
70,73,0.8951048951048951,8.36658642909172e-05
70,74,0.8741258741258742,0.0002007130733242317
70,75,0.8041958041958043,0.0016147689860699299
70,76,0.8951048951048951,8.36658642909172e-05
70,77,0.8741258741258742,0.0002007130733242317
70,78,0.8041958041958043,0.0016147689860699299
70,79,1.0,0.0
70,80,0.9720279720279721,1.2868115751495034e-07
70,81,0.8391608391608393,0.0006428259886278202
70,82,1.0,0.0
70,83,0.9720279720279721,1.2868115751495034e-07
70,84,0.8391608391608393,0.0006428259886278202
70,85,1.0,0.0
70,86,0.9720279720279721,1.2868115751495034e-07
70,87,0.8391608391608393,0.0006428259886278202
70,88,1.0,0.0
70,89,0.9720279720279721,1.2868115751495034e-07
70,90,0.8391608391608393,0.0006428259886278202
70,91,0.8951048951048951,8.36658642909172e-05
70,92,0.8741258741258742,0.0002007130733242317
70,93,0.8041958041958043,0.0016147689860699299
70,94,0.8951048951048951,8.36658642909172e-05
70,95,0.8741258741258742,0.0002007130733242317
70,96,0.8041958041958043,0.0016147689860699299
70,97,1.0,0.0
70,98,0.9720279720279721,1.2868115751495034e-07
70,99,0.8391608391608393,0.0006428259886278202
70,100,1.0,0.0
70,101,0.9720279720279721,1.2868115751495034e-07
70,102,0.8391608391608393,0.0006428259886278202
70,103,1.0,0.0
70,104,0.9720279720279721,1.2868115751495034e-07
70,105,0.8391608391608393,0.0006428259886278202
70,106,1.0,0.0
70,107,0.9720279720279721,1.2868115751495034e-07
70,108,0.8391608391608393,0.0006428259886278202
70,109,0.8951048951048951,8.36658642909172e-05
70,110,0.8741258741258742,0.0002007130733242317
70,111,0.8041958041958043,0.0016147689860699299
70,112,0.8951048951048951,8.36658642909172e-05
70,113,0.8741258741258742,0.0002007130733242317
70,114,0.8041958041958043,0.0016147689860699299
70,115,1.0,0.0
70,116,0.9720279720279721,1.2868115751495034e-07
70,117,0.8391608391608393,0.0006428259886278202
70,118,1.0,0.0
70,119,0.9720279720279721,1.2868115751495034e-07
70,120,0.8391608391608393,0.0006428259886278202
70,121,1.0,0.0
70,122,0.9720279720279721,1.2868115751495034e-07
70,123,0.8391608391608393,0.0006428259886278202
70,124,1.0,0.0
70,125,0.9720279720279721,1.2868115751495034e-07
70,126,0.8391608391608393,0.0006428259886278202
70,127,0.8951048951048951,8.36658642909172e-05
70,128,0.8741258741258742,0.0002007130733242317
70,129,0.8041958041958043,0.0016147689860699299
70,130,0.8951048951048951,8.36658642909172e-05
70,131,0.8741258741258742,0.0002007130733242317
70,132,0.8041958041958043,0.0016147689860699299
70,133,1.0,0.0
70,134,0.9720279720279721,1.2868115751495034e-07
70,135,0.8391608391608393,0.0006428259886278202
70,136,1.0,0.0
70,137,0.9720279720279721,1.2868115751495034e-07
70,138,0.8391608391608393,0.0006428259886278202
70,139,1.0,0.0
70,140,0.9720279720279721,1.2868115751495034e-07
70,141,0.8391608391608393,0.0006428259886278202
70,142,1.0,0.0
70,143,0.9720279720279721,1.2868115751495034e-07
70,144,0.8391608391608393,0.0006428259886278202
70,145,0.8951048951048951,8.36658642909172e-05
70,146,0.8741258741258742,0.0002007130733242317
70,147,0.8041958041958043,0.0016147689860699299
70,148,0.8951048951048951,8.36658642909172e-05
70,149,0.8741258741258742,0.0002007130733242317
70,150,0.8041958041958043,0.0016147689860699299
70,151,1.0,0.0
70,152,0.9720279720279721,1.2868115751495034e-07
70,153,0.8391608391608393,0.0006428259886278202
70,154,1.0,0.0
70,155,0.9720279720279721,1.2868115751495034e-07
70,156,0.8391608391608393,0.0006428259886278202
70,157,1.0,0.0
70,158,0.9720279720279721,1.2868115751495034e-07
70,159,0.8391608391608393,0.0006428259886278202
70,160,1.0,0.0
70,161,0.9720279720279721,1.2868115751495034e-07
70,162,0.8391608391608393,0.0006428259886278202
71,72,0.9300699300699302,1.170222792865967e-05
71,73,0.8321678321678322,0.0007854416778536138
71,74,0.8531468531468532,0.0004181179404149969
71,75,0.8461538461538463,0.0005211337004810046
71,76,0.8321678321678322,0.0007854416778536138
71,77,0.8531468531468532,0.0004181179404149969
71,78,0.8461538461538463,0.0005211337004810046
71,79,0.9720279720279721,1.2868115751495034e-07
71,80,1.0,0.0
71,81,0.9300699300699302,1.170222792865967e-05
71,82,0.9720279720279721,1.2868115751495034e-07
71,83,1.0,0.0
71,84,0.9300699300699302,1.170222792865967e-05
71,85,0.9720279720279721,1.2868115751495034e-07
71,86,1.0,0.0
71,87,0.9300699300699302,1.170222792865967e-05
71,88,0.9720279720279721,1.2868115751495034e-07
71,89,1.0,0.0
71,90,0.9300699300699302,1.170222792865967e-05
71,91,0.8321678321678322,0.0007854416778536138
71,92,0.8531468531468532,0.0004181179404149969
71,93,0.8461538461538463,0.0005211337004810046
71,94,0.8321678321678322,0.0007854416778536138
71,95,0.8531468531468532,0.0004181179404149969
71,96,0.8461538461538463,0.0005211337004810046
71,97,0.9720279720279721,1.2868115751495034e-07
71,98,1.0,0.0
71,99,0.9300699300699302,1.170222792865967e-05
71,100,0.9720279720279721,1.2868115751495034e-07
71,101,1.0,0.0
71,102,0.9300699300699302,1.170222792865967e-05
71,103,0.9720279720279721,1.2868115751495034e-07
71,104,1.0,0.0
71,105,0.9300699300699302,1.170222792865967e-05
71,106,0.9720279720279721,1.2868115751495034e-07
71,107,1.0,0.0
71,108,0.9300699300699302,1.170222792865967e-05
71,109,0.8321678321678322,0.0007854416778536138
71,110,0.8531468531468532,0.0004181179404149969
71,111,0.8461538461538463,0.0005211337004810046
71,112,0.8321678321678322,0.0007854416778536138
71,113,0.8531468531468532,0.0004181179404149969
71,114,0.8461538461538463,0.0005211337004810046
71,115,0.9720279720279721,1.2868115751495034e-07
71,116,1.0,0.0
71,117,0.9300699300699302,1.170222792865967e-05
71,118,0.9720279720279721,1.2868115751495034e-07
71,119,1.0,0.0
71,120,0.9300699300699302,1.170222792865967e-05
71,121,0.9720279720279721,1.2868115751495034e-07
71,122,1.0,0.0
71,123,0.9300699300699302,1.170222792865967e-05
71,124,0.9720279720279721,1.2868115751495034e-07
71,125,1.0,0.0
71,126,0.9300699300699302,1.170222792865967e-05
71,127,0.8321678321678322,0.0007854416778536138
71,128,0.8531468531468532,0.0004181179404149969
71,129,0.8461538461538463,0.0005211337004810046
71,130,0.8321678321678322,0.0007854416778536138
71,131,0.8531468531468532,0.0004181179404149969
71,132,0.8461538461538463,0.0005211337004810046
71,133,0.9720279720279721,1.2868115751495034e-07
71,134,1.0,0.0
71,135,0.9300699300699302,1.170222792865967e-05
71,136,0.9720279720279721,1.2868115751495034e-07
71,137,1.0,0.0
71,138,0.9300699300699302,1.170222792865967e-05
71,139,0.9720279720279721,1.2868115751495034e-07
71,140,1.0,0.0
71,141,0.9300699300699302,1.170222792865967e-05
71,142,0.9720279720279721,1.2868115751495034e-07
71,143,1.0,0.0
71,144,0.9300699300699302,1.170222792865967e-05
71,145,0.8321678321678322,0.0007854416778536138
71,146,0.8531468531468532,0.0004181179404149969
71,147,0.8461538461538463,0.0005211337004810046
71,148,0.8321678321678322,0.0007854416778536138
71,149,0.8531468531468532,0.0004181179404149969
71,150,0.8461538461538463,0.0005211337004810046
71,151,0.9720279720279721,1.2868115751495034e-07
71,152,1.0,0.0
71,153,0.9300699300699302,1.170222792865967e-05
71,154,0.9720279720279721,1.2868115751495034e-07
71,155,1.0,0.0
71,156,0.9300699300699302,1.170222792865967e-05
71,157,0.9720279720279721,1.2868115751495034e-07
71,158,1.0,0.0
71,159,0.9300699300699302,1.170222792865967e-05
71,160,0.9720279720279721,1.2868115751495034e-07
71,161,1.0,0.0
71,162,0.9300699300699302,1.170222792865967e-05
72,73,0.6923076923076924,0.0125930304960941
72,74,0.7692307692307694,0.0034464502618274493
72,75,0.8741258741258742,0.0002007130733242317
72,76,0.6923076923076924,0.0125930304960941
72,77,0.7692307692307694,0.0034464502618274493
72,78,0.8741258741258742,0.0002007130733242317
72,79,0.8391608391608393,0.0006428259886278202
72,80,0.9300699300699302,1.170222792865967e-05
72,81,1.0,0.0
72,82,0.8391608391608393,0.0006428259886278202
72,83,0.9300699300699302,1.170222792865967e-05
72,84,1.0,0.0
72,85,0.8391608391608393,0.0006428259886278202
72,86,0.9300699300699302,1.170222792865967e-05
72,87,1.0,0.0
72,88,0.8391608391608393,0.0006428259886278202
72,89,0.9300699300699302,1.170222792865967e-05
72,90,1.0,0.0
72,91,0.6923076923076924,0.0125930304960941
72,92,0.7692307692307694,0.0034464502618274493
72,93,0.8741258741258742,0.0002007130733242317
72,94,0.6923076923076924,0.0125930304960941
72,95,0.7692307692307694,0.0034464502618274493
72,96,0.8741258741258742,0.0002007130733242317
72,97,0.8391608391608393,0.0006428259886278202
72,98,0.9300699300699302,1.170222792865967e-05
72,99,1.0,0.0
72,100,0.8391608391608393,0.0006428259886278202
72,101,0.9300699300699302,1.170222792865967e-05
72,102,1.0,0.0
72,103,0.8391608391608393,0.0006428259886278202
72,104,0.9300699300699302,1.170222792865967e-05
72,105,1.0,0.0
72,106,0.8391608391608393,0.0006428259886278202
72,107,0.9300699300699302,1.170222792865967e-05
72,108,1.0,0.0
72,109,0.6923076923076924,0.0125930304960941
72,110,0.7692307692307694,0.0034464502618274493
72,111,0.8741258741258742,0.0002007130733242317
72,112,0.6923076923076924,0.0125930304960941
72,113,0.7692307692307694,0.0034464502618274493
72,114,0.8741258741258742,0.0002007130733242317
72,115,0.8391608391608393,0.0006428259886278202
72,116,0.9300699300699302,1.170222792865967e-05
72,117,1.0,0.0
72,118,0.8391608391608393,0.0006428259886278202
72,119,0.9300699300699302,1.170222792865967e-05
72,120,1.0,0.0
72,121,0.8391608391608393,0.0006428259886278202
72,122,0.9300699300699302,1.170222792865967e-05
72,123,1.0,0.0
72,124,0.8391608391608393,0.0006428259886278202
72,125,0.9300699300699302,1.170222792865967e-05
72,126,1.0,0.0
72,127,0.6923076923076924,0.0125930304960941
72,128,0.7692307692307694,0.0034464502618274493
72,129,0.8741258741258742,0.0002007130733242317
72,130,0.6923076923076924,0.0125930304960941
72,131,0.7692307692307694,0.0034464502618274493
72,132,0.8741258741258742,0.0002007130733242317
72,133,0.8391608391608393,0.0006428259886278202
72,134,0.9300699300699302,1.170222792865967e-05
72,135,1.0,0.0
72,136,0.8391608391608393,0.0006428259886278202
72,137,0.9300699300699302,1.170222792865967e-05
72,138,1.0,0.0
72,139,0.8391608391608393,0.0006428259886278202
72,140,0.9300699300699302,1.170222792865967e-05
72,141,1.0,0.0
72,142,0.8391608391608393,0.0006428259886278202
72,143,0.9300699300699302,1.170222792865967e-05
72,144,1.0,0.0
72,145,0.6923076923076924,0.0125930304960941
72,146,0.7692307692307694,0.0034464502618274493
72,147,0.8741258741258742,0.0002007130733242317
72,148,0.6923076923076924,0.0125930304960941
72,149,0.7692307692307694,0.0034464502618274493
72,150,0.8741258741258742,0.0002007130733242317
72,151,0.8391608391608393,0.0006428259886278202
72,152,0.9300699300699302,1.170222792865967e-05
72,153,1.0,0.0
72,154,0.8391608391608393,0.0006428259886278202
72,155,0.9300699300699302,1.170222792865967e-05
72,156,1.0,0.0
72,157,0.8391608391608393,0.0006428259886278202
72,158,0.9300699300699302,1.170222792865967e-05
72,159,1.0,0.0
72,160,0.8391608391608393,0.0006428259886278202
72,161,0.9300699300699302,1.170222792865967e-05
72,162,1.0,0.0
73,74,0.9790209790209792,3.0898013985487064e-08
73,75,0.8741258741258742,0.0002007130733242317
73,76,1.0,0.0
73,77,0.9790209790209792,3.0898013985487064e-08
73,78,0.8741258741258742,0.0002007130733242317
73,79,0.8951048951048951,8.36658642909172e-05
73,80,0.8321678321678322,0.0007854416778536138
73,81,0.6923076923076924,0.0125930304960941
73,82,0.8951048951048951,8.36658642909172e-05
73,83,0.8321678321678322,0.0007854416778536138
73,84,0.6923076923076924,0.0125930304960941
73,85,0.8951048951048951,8.36658642909172e-05
73,86,0.8321678321678322,0.0007854416778536138
73,87,0.6923076923076924,0.0125930304960941
73,88,0.8951048951048951,8.36658642909172e-05
73,89,0.8321678321678322,0.0007854416778536138
73,90,0.6923076923076924,0.0125930304960941
73,91,1.0,0.0
73,92,0.9790209790209792,3.0898013985487064e-08
73,93,0.8741258741258742,0.0002007130733242317
73,94,1.0,0.0
73,95,0.9790209790209792,3.0898013985487064e-08
73,96,0.8741258741258742,0.0002007130733242317
73,97,0.8951048951048951,8.36658642909172e-05
73,98,0.8321678321678322,0.0007854416778536138
73,99,0.6923076923076924,0.0125930304960941
73,100,0.8951048951048951,8.36658642909172e-05
73,101,0.8321678321678322,0.0007854416778536138
73,102,0.6923076923076924,0.0125930304960941
73,103,0.8951048951048951,8.36658642909172e-05
73,104,0.8321678321678322,0.0007854416778536138
73,105,0.6923076923076924,0.0125930304960941
73,106,0.8951048951048951,8.36658642909172e-05
73,107,0.8321678321678322,0.0007854416778536138
73,108,0.6923076923076924,0.0125930304960941
73,109,1.0,0.0
73,110,0.9790209790209792,3.0898013985487064e-08
73,111,0.8741258741258742,0.0002007130733242317
73,112,1.0,0.0
73,113,0.9790209790209792,3.0898013985487064e-08
73,114,0.8741258741258742,0.0002007130733242317
73,115,0.8951048951048951,8.36658642909172e-05
73,116,0.8321678321678322,0.0007854416778536138
73,117,0.6923076923076924,0.0125930304960941
73,118,0.8951048951048951,8.36658642909172e-05
73,119,0.8321678321678322,0.0007854416778536138
73,120,0.6923076923076924,0.0125930304960941
73,121,0.8951048951048951,8.36658642909172e-05
73,122,0.8321678321678322,0.0007854416778536138
73,123,0.6923076923076924,0.0125930304960941
73,124,0.8951048951048951,8.36658642909172e-05
73,125,0.8321678321678322,0.0007854416778536138
73,126,0.6923076923076924,0.0125930304960941
73,127,1.0,0.0
73,128,0.9790209790209792,3.0898013985487064e-08
73,129,0.8741258741258742,0.0002007130733242317
73,130,1.0,0.0
73,131,0.9790209790209792,3.0898013985487064e-08
73,132,0.8741258741258742,0.0002007130733242317
73,133,0.8951048951048951,8.36658642909172e-05
73,134,0.8321678321678322,0.0007854416778536138
73,135,0.6923076923076924,0.0125930304960941
73,136,0.8951048951048951,8.36658642909172e-05
73,137,0.8321678321678322,0.0007854416778536138
73,138,0.6923076923076924,0.0125930304960941
73,139,0.8951048951048951,8.36658642909172e-05
73,140,0.8321678321678322,0.0007854416778536138
73,141,0.6923076923076924,0.0125930304960941
73,142,0.8951048951048951,8.36658642909172e-05
73,143,0.8321678321678322,0.0007854416778536138
73,144,0.6923076923076924,0.0125930304960941
73,145,1.0,0.0
73,146,0.9790209790209792,3.0898013985487064e-08
73,147,0.8741258741258742,0.0002007130733242317
73,148,1.0,0.0
73,149,0.9790209790209792,3.0898013985487064e-08
73,150,0.8741258741258742,0.0002007130733242317
73,151,0.8951048951048951,8.36658642909172e-05
73,152,0.8321678321678322,0.0007854416778536138
73,153,0.6923076923076924,0.0125930304960941
73,154,0.8951048951048951,8.36658642909172e-05
73,155,0.8321678321678322,0.0007854416778536138
73,156,0.6923076923076924,0.0125930304960941
73,157,0.8951048951048951,8.36658642909172e-05
73,158,0.8321678321678322,0.0007854416778536138
73,159,0.6923076923076924,0.0125930304960941
73,160,0.8951048951048951,8.36658642909172e-05
73,161,0.8321678321678322,0.0007854416778536138
73,162,0.6923076923076924,0.0125930304960941
74,75,0.9440559440559443,3.927261080965951e-06
74,76,0.9790209790209792,3.0898013985487064e-08
74,77,1.0,0.0
74,78,0.9440559440559443,3.927261080965951e-06
74,79,0.8741258741258742,0.0002007130733242317
74,80,0.8531468531468532,0.0004181179404149969
74,81,0.7692307692307694,0.0034464502618274493
74,82,0.8741258741258742,0.0002007130733242317
74,83,0.8531468531468532,0.0004181179404149969
74,84,0.7692307692307694,0.0034464502618274493
74,85,0.8741258741258742,0.0002007130733242317
74,86,0.8531468531468532,0.0004181179404149969
74,87,0.7692307692307694,0.0034464502618274493
74,88,0.8741258741258742,0.0002007130733242317
74,89,0.8531468531468532,0.0004181179404149969
74,90,0.7692307692307694,0.0034464502618274493
74,91,0.9790209790209792,3.0898013985487064e-08
74,92,1.0,0.0
74,93,0.9440559440559443,3.927261080965951e-06
74,94,0.9790209790209792,3.0898013985487064e-08
74,95,1.0,0.0
74,96,0.9440559440559443,3.927261080965951e-06
74,97,0.8741258741258742,0.0002007130733242317
74,98,0.8531468531468532,0.0004181179404149969
74,99,0.7692307692307694,0.0034464502618274493
74,100,0.8741258741258742,0.0002007130733242317
74,101,0.8531468531468532,0.0004181179404149969
74,102,0.7692307692307694,0.0034464502618274493
74,103,0.8741258741258742,0.0002007130733242317
74,104,0.8531468531468532,0.0004181179404149969
74,105,0.7692307692307694,0.0034464502618274493
74,106,0.8741258741258742,0.0002007130733242317
74,107,0.8531468531468532,0.0004181179404149969
74,108,0.7692307692307694,0.0034464502618274493
74,109,0.9790209790209792,3.0898013985487064e-08
74,110,1.0,0.0
74,111,0.9440559440559443,3.927261080965951e-06
74,112,0.9790209790209792,3.0898013985487064e-08
74,113,1.0,0.0
74,114,0.9440559440559443,3.927261080965951e-06
74,115,0.8741258741258742,0.0002007130733242317
74,116,0.8531468531468532,0.0004181179404149969
74,117,0.7692307692307694,0.0034464502618274493
74,118,0.8741258741258742,0.0002007130733242317
74,119,0.8531468531468532,0.0004181179404149969
74,120,0.7692307692307694,0.0034464502618274493
74,121,0.8741258741258742,0.0002007130733242317
74,122,0.8531468531468532,0.0004181179404149969
74,123,0.7692307692307694,0.0034464502618274493
74,124,0.8741258741258742,0.0002007130733242317
74,125,0.8531468531468532,0.0004181179404149969
74,126,0.7692307692307694,0.0034464502618274493
74,127,0.9790209790209792,3.0898013985487064e-08
74,128,1.0,0.0
74,129,0.9440559440559443,3.927261080965951e-06
74,130,0.9790209790209792,3.0898013985487064e-08
74,131,1.0,0.0
74,132,0.9440559440559443,3.927261080965951e-06
74,133,0.8741258741258742,0.0002007130733242317
74,134,0.8531468531468532,0.0004181179404149969
74,135,0.7692307692307694,0.0034464502618274493
74,136,0.8741258741258742,0.0002007130733242317
74,137,0.8531468531468532,0.0004181179404149969
74,138,0.7692307692307694,0.0034464502618274493
74,139,0.8741258741258742,0.0002007130733242317
74,140,0.8531468531468532,0.0004181179404149969
74,141,0.7692307692307694,0.0034464502618274493
74,142,0.8741258741258742,0.0002007130733242317
74,143,0.8531468531468532,0.0004181179404149969
74,144,0.7692307692307694,0.0034464502618274493
74,145,0.9790209790209792,3.0898013985487064e-08
74,146,1.0,0.0
74,147,0.9440559440559443,3.927261080965951e-06
74,148,0.9790209790209792,3.0898013985487064e-08
74,149,1.0,0.0
74,150,0.9440559440559443,3.927261080965951e-06
74,151,0.8741258741258742,0.0002007130733242317
74,152,0.8531468531468532,0.0004181179404149969
74,153,0.7692307692307694,0.0034464502618274493
74,154,0.8741258741258742,0.0002007130733242317
74,155,0.8531468531468532,0.0004181179404149969
74,156,0.7692307692307694,0.0034464502618274493
74,157,0.8741258741258742,0.0002007130733242317
74,158,0.8531468531468532,0.0004181179404149969
74,159,0.7692307692307694,0.0034464502618274493
74,160,0.8741258741258742,0.0002007130733242317
74,161,0.8531468531468532,0.0004181179404149969
74,162,0.7692307692307694,0.0034464502618274493
75,76,0.8741258741258742,0.0002007130733242317
75,77,0.9440559440559443,3.927261080965951e-06
75,78,1.0,0.0
75,79,0.8041958041958043,0.0016147689860699299
75,80,0.8461538461538463,0.0005211337004810046
75,81,0.8741258741258742,0.0002007130733242317
75,82,0.8041958041958043,0.0016147689860699299
75,83,0.8461538461538463,0.0005211337004810046
75,84,0.8741258741258742,0.0002007130733242317
75,85,0.8041958041958043,0.0016147689860699299
75,86,0.8461538461538463,0.0005211337004810046
75,87,0.8741258741258742,0.0002007130733242317
75,88,0.8041958041958043,0.0016147689860699299
75,89,0.8461538461538463,0.0005211337004810046
75,90,0.8741258741258742,0.0002007130733242317
75,91,0.8741258741258742,0.0002007130733242317
75,92,0.9440559440559443,3.927261080965951e-06
75,93,1.0,0.0
75,94,0.8741258741258742,0.0002007130733242317
75,95,0.9440559440559443,3.927261080965951e-06
75,96,1.0,0.0
75,97,0.8041958041958043,0.0016147689860699299
75,98,0.8461538461538463,0.0005211337004810046
75,99,0.8741258741258742,0.0002007130733242317
75,100,0.8041958041958043,0.0016147689860699299
75,101,0.8461538461538463,0.0005211337004810046
75,102,0.8741258741258742,0.0002007130733242317
75,103,0.8041958041958043,0.0016147689860699299
75,104,0.8461538461538463,0.0005211337004810046
75,105,0.8741258741258742,0.0002007130733242317
75,106,0.8041958041958043,0.0016147689860699299
75,107,0.8461538461538463,0.0005211337004810046
75,108,0.8741258741258742,0.0002007130733242317
75,109,0.8741258741258742,0.0002007130733242317
75,110,0.9440559440559443,3.927261080965951e-06
75,111,1.0,0.0
75,112,0.8741258741258742,0.0002007130733242317
75,113,0.9440559440559443,3.927261080965951e-06
75,114,1.0,0.0
75,115,0.8041958041958043,0.0016147689860699299
75,116,0.8461538461538463,0.0005211337004810046
75,117,0.8741258741258742,0.0002007130733242317
75,118,0.8041958041958043,0.0016147689860699299
75,119,0.8461538461538463,0.0005211337004810046
75,120,0.8741258741258742,0.0002007130733242317
75,121,0.8041958041958043,0.0016147689860699299
75,122,0.8461538461538463,0.0005211337004810046
75,123,0.8741258741258742,0.0002007130733242317
75,124,0.8041958041958043,0.0016147689860699299
75,125,0.8461538461538463,0.0005211337004810046
75,126,0.8741258741258742,0.0002007130733242317
75,127,0.8741258741258742,0.0002007130733242317
75,128,0.9440559440559443,3.927261080965951e-06
75,129,1.0,0.0
75,130,0.8741258741258742,0.0002007130733242317
75,131,0.9440559440559443,3.927261080965951e-06
75,132,1.0,0.0
75,133,0.8041958041958043,0.0016147689860699299
75,134,0.8461538461538463,0.0005211337004810046
75,135,0.8741258741258742,0.0002007130733242317
75,136,0.8041958041958043,0.0016147689860699299
75,137,0.8461538461538463,0.0005211337004810046
75,138,0.8741258741258742,0.0002007130733242317
75,139,0.8041958041958043,0.0016147689860699299
75,140,0.8461538461538463,0.0005211337004810046
75,141,0.8741258741258742,0.0002007130733242317
75,142,0.8041958041958043,0.0016147689860699299
75,143,0.8461538461538463,0.0005211337004810046
75,144,0.8741258741258742,0.0002007130733242317
75,145,0.8741258741258742,0.0002007130733242317
75,146,0.9440559440559443,3.927261080965951e-06
75,147,1.0,0.0
75,148,0.8741258741258742,0.0002007130733242317
75,149,0.9440559440559443,3.927261080965951e-06
75,150,1.0,0.0
75,151,0.8041958041958043,0.0016147689860699299
75,152,0.8461538461538463,0.0005211337004810046
75,153,0.8741258741258742,0.0002007130733242317
75,154,0.8041958041958043,0.0016147689860699299
75,155,0.8461538461538463,0.0005211337004810046
75,156,0.8741258741258742,0.0002007130733242317
75,157,0.8041958041958043,0.0016147689860699299
75,158,0.8461538461538463,0.0005211337004810046
75,159,0.8741258741258742,0.0002007130733242317
75,160,0.8041958041958043,0.0016147689860699299
75,161,0.8461538461538463,0.0005211337004810046
75,162,0.8741258741258742,0.0002007130733242317
76,77,0.9790209790209792,3.0898013985487064e-08
76,78,0.8741258741258742,0.0002007130733242317
76,79,0.8951048951048951,8.36658642909172e-05
76,80,0.8321678321678322,0.0007854416778536138
76,81,0.6923076923076924,0.0125930304960941
76,82,0.8951048951048951,8.36658642909172e-05
76,83,0.8321678321678322,0.0007854416778536138
76,84,0.6923076923076924,0.0125930304960941
76,85,0.8951048951048951,8.36658642909172e-05
76,86,0.8321678321678322,0.0007854416778536138
76,87,0.6923076923076924,0.0125930304960941
76,88,0.8951048951048951,8.36658642909172e-05
76,89,0.8321678321678322,0.0007854416778536138
76,90,0.6923076923076924,0.0125930304960941
76,91,1.0,0.0
76,92,0.9790209790209792,3.0898013985487064e-08
76,93,0.8741258741258742,0.0002007130733242317
76,94,1.0,0.0
76,95,0.9790209790209792,3.0898013985487064e-08
76,96,0.8741258741258742,0.0002007130733242317
76,97,0.8951048951048951,8.36658642909172e-05
76,98,0.8321678321678322,0.0007854416778536138
76,99,0.6923076923076924,0.0125930304960941
76,100,0.8951048951048951,8.36658642909172e-05
76,101,0.8321678321678322,0.0007854416778536138
76,102,0.6923076923076924,0.0125930304960941
76,103,0.8951048951048951,8.36658642909172e-05
76,104,0.8321678321678322,0.0007854416778536138
76,105,0.6923076923076924,0.0125930304960941
76,106,0.8951048951048951,8.36658642909172e-05
76,107,0.8321678321678322,0.0007854416778536138
76,108,0.6923076923076924,0.0125930304960941
76,109,1.0,0.0
76,110,0.9790209790209792,3.0898013985487064e-08
76,111,0.8741258741258742,0.0002007130733242317
76,112,1.0,0.0
76,113,0.9790209790209792,3.0898013985487064e-08
76,114,0.8741258741258742,0.0002007130733242317
76,115,0.8951048951048951,8.36658642909172e-05
76,116,0.8321678321678322,0.0007854416778536138
76,117,0.6923076923076924,0.0125930304960941
76,118,0.8951048951048951,8.36658642909172e-05
76,119,0.8321678321678322,0.0007854416778536138
76,120,0.6923076923076924,0.0125930304960941
76,121,0.8951048951048951,8.36658642909172e-05
76,122,0.8321678321678322,0.0007854416778536138
76,123,0.6923076923076924,0.0125930304960941
76,124,0.8951048951048951,8.36658642909172e-05
76,125,0.8321678321678322,0.0007854416778536138
76,126,0.6923076923076924,0.0125930304960941
76,127,1.0,0.0
76,128,0.9790209790209792,3.0898013985487064e-08
76,129,0.8741258741258742,0.0002007130733242317
76,130,1.0,0.0
76,131,0.9790209790209792,3.0898013985487064e-08
76,132,0.8741258741258742,0.0002007130733242317
76,133,0.8951048951048951,8.36658642909172e-05
76,134,0.8321678321678322,0.0007854416778536138
76,135,0.6923076923076924,0.0125930304960941
76,136,0.8951048951048951,8.36658642909172e-05
76,137,0.8321678321678322,0.0007854416778536138
76,138,0.6923076923076924,0.0125930304960941
76,139,0.8951048951048951,8.36658642909172e-05
76,140,0.8321678321678322,0.0007854416778536138
76,141,0.6923076923076924,0.0125930304960941
76,142,0.8951048951048951,8.36658642909172e-05
76,143,0.8321678321678322,0.0007854416778536138
76,144,0.6923076923076924,0.0125930304960941
76,145,1.0,0.0
76,146,0.9790209790209792,3.0898013985487064e-08
76,147,0.8741258741258742,0.0002007130733242317
76,148,1.0,0.0
76,149,0.9790209790209792,3.0898013985487064e-08
76,150,0.8741258741258742,0.0002007130733242317
76,151,0.8951048951048951,8.36658642909172e-05
76,152,0.8321678321678322,0.0007854416778536138
76,153,0.6923076923076924,0.0125930304960941
76,154,0.8951048951048951,8.36658642909172e-05
76,155,0.8321678321678322,0.0007854416778536138
76,156,0.6923076923076924,0.0125930304960941
76,157,0.8951048951048951,8.36658642909172e-05
76,158,0.8321678321678322,0.0007854416778536138
76,159,0.6923076923076924,0.0125930304960941
76,160,0.8951048951048951,8.36658642909172e-05
76,161,0.8321678321678322,0.0007854416778536138
76,162,0.6923076923076924,0.0125930304960941
77,78,0.9440559440559443,3.927261080965951e-06
77,79,0.8741258741258742,0.0002007130733242317
77,80,0.8531468531468532,0.0004181179404149969
77,81,0.7692307692307694,0.0034464502618274493
77,82,0.8741258741258742,0.0002007130733242317
77,83,0.8531468531468532,0.0004181179404149969
77,84,0.7692307692307694,0.0034464502618274493
77,85,0.8741258741258742,0.0002007130733242317
77,86,0.8531468531468532,0.0004181179404149969
77,87,0.7692307692307694,0.0034464502618274493
77,88,0.8741258741258742,0.0002007130733242317
77,89,0.8531468531468532,0.0004181179404149969
77,90,0.7692307692307694,0.0034464502618274493
77,91,0.9790209790209792,3.0898013985487064e-08
77,92,1.0,0.0
77,93,0.9440559440559443,3.927261080965951e-06
77,94,0.9790209790209792,3.0898013985487064e-08
77,95,1.0,0.0
77,96,0.9440559440559443,3.927261080965951e-06
77,97,0.8741258741258742,0.0002007130733242317
77,98,0.8531468531468532,0.0004181179404149969
77,99,0.7692307692307694,0.0034464502618274493
77,100,0.8741258741258742,0.0002007130733242317
77,101,0.8531468531468532,0.0004181179404149969
77,102,0.7692307692307694,0.0034464502618274493
77,103,0.8741258741258742,0.0002007130733242317
77,104,0.8531468531468532,0.0004181179404149969
77,105,0.7692307692307694,0.0034464502618274493
77,106,0.8741258741258742,0.0002007130733242317
77,107,0.8531468531468532,0.0004181179404149969
77,108,0.7692307692307694,0.0034464502618274493
77,109,0.9790209790209792,3.0898013985487064e-08
77,110,1.0,0.0
77,111,0.9440559440559443,3.927261080965951e-06
77,112,0.9790209790209792,3.0898013985487064e-08
77,113,1.0,0.0
77,114,0.9440559440559443,3.927261080965951e-06
77,115,0.8741258741258742,0.0002007130733242317
77,116,0.8531468531468532,0.0004181179404149969
77,117,0.7692307692307694,0.0034464502618274493
77,118,0.8741258741258742,0.0002007130733242317
77,119,0.8531468531468532,0.0004181179404149969
77,120,0.7692307692307694,0.0034464502618274493
77,121,0.8741258741258742,0.0002007130733242317
77,122,0.8531468531468532,0.0004181179404149969
77,123,0.7692307692307694,0.0034464502618274493
77,124,0.8741258741258742,0.0002007130733242317
77,125,0.8531468531468532,0.0004181179404149969
77,126,0.7692307692307694,0.0034464502618274493
77,127,0.9790209790209792,3.0898013985487064e-08
77,128,1.0,0.0
77,129,0.9440559440559443,3.927261080965951e-06
77,130,0.9790209790209792,3.0898013985487064e-08
77,131,1.0,0.0
77,132,0.9440559440559443,3.927261080965951e-06
77,133,0.8741258741258742,0.0002007130733242317
77,134,0.8531468531468532,0.0004181179404149969
77,135,0.7692307692307694,0.0034464502618274493
77,136,0.8741258741258742,0.0002007130733242317
77,137,0.8531468531468532,0.0004181179404149969
77,138,0.7692307692307694,0.0034464502618274493
77,139,0.8741258741258742,0.0002007130733242317
77,140,0.8531468531468532,0.0004181179404149969
77,141,0.7692307692307694,0.0034464502618274493
77,142,0.8741258741258742,0.0002007130733242317
77,143,0.8531468531468532,0.0004181179404149969
77,144,0.7692307692307694,0.0034464502618274493
77,145,0.9790209790209792,3.0898013985487064e-08
77,146,1.0,0.0
77,147,0.9440559440559443,3.927261080965951e-06
77,148,0.9790209790209792,3.0898013985487064e-08
77,149,1.0,0.0
77,150,0.9440559440559443,3.927261080965951e-06
77,151,0.8741258741258742,0.0002007130733242317
77,152,0.8531468531468532,0.0004181179404149969
77,153,0.7692307692307694,0.0034464502618274493
77,154,0.8741258741258742,0.0002007130733242317
77,155,0.8531468531468532,0.0004181179404149969
77,156,0.7692307692307694,0.0034464502618274493
77,157,0.8741258741258742,0.0002007130733242317
77,158,0.8531468531468532,0.0004181179404149969
77,159,0.7692307692307694,0.0034464502618274493
77,160,0.8741258741258742,0.0002007130733242317
77,161,0.8531468531468532,0.0004181179404149969
77,162,0.7692307692307694,0.0034464502618274493
78,79,0.8041958041958043,0.0016147689860699299
78,80,0.8461538461538463,0.0005211337004810046
78,81,0.8741258741258742,0.0002007130733242317
78,82,0.8041958041958043,0.0016147689860699299
78,83,0.8461538461538463,0.0005211337004810046
78,84,0.8741258741258742,0.0002007130733242317
78,85,0.8041958041958043,0.0016147689860699299
78,86,0.8461538461538463,0.0005211337004810046
78,87,0.8741258741258742,0.0002007130733242317
78,88,0.8041958041958043,0.0016147689860699299
78,89,0.8461538461538463,0.0005211337004810046
78,90,0.8741258741258742,0.0002007130733242317
78,91,0.8741258741258742,0.0002007130733242317
78,92,0.9440559440559443,3.927261080965951e-06
78,93,1.0,0.0
78,94,0.8741258741258742,0.0002007130733242317
78,95,0.9440559440559443,3.927261080965951e-06
78,96,1.0,0.0
78,97,0.8041958041958043,0.0016147689860699299
78,98,0.8461538461538463,0.0005211337004810046
78,99,0.8741258741258742,0.0002007130733242317
78,100,0.8041958041958043,0.0016147689860699299
78,101,0.8461538461538463,0.0005211337004810046
78,102,0.8741258741258742,0.0002007130733242317
78,103,0.8041958041958043,0.0016147689860699299
78,104,0.8461538461538463,0.0005211337004810046
78,105,0.8741258741258742,0.0002007130733242317
78,106,0.8041958041958043,0.0016147689860699299
78,107,0.8461538461538463,0.0005211337004810046
78,108,0.8741258741258742,0.0002007130733242317
78,109,0.8741258741258742,0.0002007130733242317
78,110,0.9440559440559443,3.927261080965951e-06
78,111,1.0,0.0
78,112,0.8741258741258742,0.0002007130733242317
78,113,0.9440559440559443,3.927261080965951e-06
78,114,1.0,0.0
78,115,0.8041958041958043,0.0016147689860699299
78,116,0.8461538461538463,0.0005211337004810046
78,117,0.8741258741258742,0.0002007130733242317
78,118,0.8041958041958043,0.0016147689860699299
78,119,0.8461538461538463,0.0005211337004810046
78,120,0.8741258741258742,0.0002007130733242317
78,121,0.8041958041958043,0.0016147689860699299
78,122,0.8461538461538463,0.0005211337004810046
78,123,0.8741258741258742,0.0002007130733242317
78,124,0.8041958041958043,0.0016147689860699299
78,125,0.8461538461538463,0.0005211337004810046
78,126,0.8741258741258742,0.0002007130733242317
78,127,0.8741258741258742,0.0002007130733242317
78,128,0.9440559440559443,3.927261080965951e-06
78,129,1.0,0.0
78,130,0.8741258741258742,0.0002007130733242317
78,131,0.9440559440559443,3.927261080965951e-06
78,132,1.0,0.0
78,133,0.8041958041958043,0.0016147689860699299
78,134,0.8461538461538463,0.0005211337004810046
78,135,0.8741258741258742,0.0002007130733242317
78,136,0.8041958041958043,0.0016147689860699299
78,137,0.8461538461538463,0.0005211337004810046
78,138,0.8741258741258742,0.0002007130733242317
78,139,0.8041958041958043,0.0016147689860699299
78,140,0.8461538461538463,0.0005211337004810046
78,141,0.8741258741258742,0.0002007130733242317
78,142,0.8041958041958043,0.0016147689860699299
78,143,0.8461538461538463,0.0005211337004810046
78,144,0.8741258741258742,0.0002007130733242317
78,145,0.8741258741258742,0.0002007130733242317
78,146,0.9440559440559443,3.927261080965951e-06
78,147,1.0,0.0
78,148,0.8741258741258742,0.0002007130733242317
78,149,0.9440559440559443,3.927261080965951e-06
78,150,1.0,0.0
78,151,0.8041958041958043,0.0016147689860699299
78,152,0.8461538461538463,0.0005211337004810046
78,153,0.8741258741258742,0.0002007130733242317
78,154,0.8041958041958043,0.0016147689860699299
78,155,0.8461538461538463,0.0005211337004810046
78,156,0.8741258741258742,0.0002007130733242317
78,157,0.8041958041958043,0.0016147689860699299
78,158,0.8461538461538463,0.0005211337004810046
78,159,0.8741258741258742,0.0002007130733242317
78,160,0.8041958041958043,0.0016147689860699299
78,161,0.8461538461538463,0.0005211337004810046
78,162,0.8741258741258742,0.0002007130733242317
79,80,0.9720279720279721,1.2868115751495034e-07
79,81,0.8391608391608393,0.0006428259886278202
79,82,1.0,0.0
79,83,0.9720279720279721,1.2868115751495034e-07
79,84,0.8391608391608393,0.0006428259886278202
79,85,1.0,0.0
79,86,0.9720279720279721,1.2868115751495034e-07
79,87,0.8391608391608393,0.0006428259886278202
79,88,1.0,0.0
79,89,0.9720279720279721,1.2868115751495034e-07
79,90,0.8391608391608393,0.0006428259886278202
79,91,0.8951048951048951,8.36658642909172e-05
79,92,0.8741258741258742,0.0002007130733242317
79,93,0.8041958041958043,0.0016147689860699299
79,94,0.8951048951048951,8.36658642909172e-05
79,95,0.8741258741258742,0.0002007130733242317
79,96,0.8041958041958043,0.0016147689860699299
79,97,1.0,0.0
79,98,0.9720279720279721,1.2868115751495034e-07
79,99,0.8391608391608393,0.0006428259886278202
79,100,1.0,0.0
79,101,0.9720279720279721,1.2868115751495034e-07
79,102,0.8391608391608393,0.0006428259886278202
79,103,1.0,0.0
79,104,0.9720279720279721,1.2868115751495034e-07
79,105,0.8391608391608393,0.0006428259886278202
79,106,1.0,0.0
79,107,0.9720279720279721,1.2868115751495034e-07
79,108,0.8391608391608393,0.0006428259886278202
79,109,0.8951048951048951,8.36658642909172e-05
79,110,0.8741258741258742,0.0002007130733242317
79,111,0.8041958041958043,0.0016147689860699299
79,112,0.8951048951048951,8.36658642909172e-05
79,113,0.8741258741258742,0.0002007130733242317
79,114,0.8041958041958043,0.0016147689860699299
79,115,1.0,0.0
79,116,0.9720279720279721,1.2868115751495034e-07
79,117,0.8391608391608393,0.0006428259886278202
79,118,1.0,0.0
79,119,0.9720279720279721,1.2868115751495034e-07
79,120,0.8391608391608393,0.0006428259886278202
79,121,1.0,0.0
79,122,0.9720279720279721,1.2868115751495034e-07
79,123,0.8391608391608393,0.0006428259886278202
79,124,1.0,0.0
79,125,0.9720279720279721,1.2868115751495034e-07
79,126,0.8391608391608393,0.0006428259886278202
79,127,0.8951048951048951,8.36658642909172e-05
79,128,0.8741258741258742,0.0002007130733242317
79,129,0.8041958041958043,0.0016147689860699299
79,130,0.8951048951048951,8.36658642909172e-05
79,131,0.8741258741258742,0.0002007130733242317
79,132,0.8041958041958043,0.0016147689860699299
79,133,1.0,0.0
79,134,0.9720279720279721,1.2868115751495034e-07
79,135,0.8391608391608393,0.0006428259886278202
79,136,1.0,0.0
79,137,0.9720279720279721,1.2868115751495034e-07
79,138,0.8391608391608393,0.0006428259886278202
79,139,1.0,0.0
79,140,0.9720279720279721,1.2868115751495034e-07
79,141,0.8391608391608393,0.0006428259886278202
79,142,1.0,0.0
79,143,0.9720279720279721,1.2868115751495034e-07
79,144,0.8391608391608393,0.0006428259886278202
79,145,0.8951048951048951,8.36658642909172e-05
79,146,0.8741258741258742,0.0002007130733242317
79,147,0.8041958041958043,0.0016147689860699299
79,148,0.8951048951048951,8.36658642909172e-05
79,149,0.8741258741258742,0.0002007130733242317
79,150,0.8041958041958043,0.0016147689860699299
79,151,1.0,0.0
79,152,0.9720279720279721,1.2868115751495034e-07
79,153,0.8391608391608393,0.0006428259886278202
79,154,1.0,0.0
79,155,0.9720279720279721,1.2868115751495034e-07
79,156,0.8391608391608393,0.0006428259886278202
79,157,1.0,0.0
79,158,0.9720279720279721,1.2868115751495034e-07
79,159,0.8391608391608393,0.0006428259886278202
79,160,1.0,0.0
79,161,0.9720279720279721,1.2868115751495034e-07
79,162,0.8391608391608393,0.0006428259886278202
80,81,0.9300699300699302,1.170222792865967e-05
80,82,0.9720279720279721,1.2868115751495034e-07
80,83,1.0,0.0
80,84,0.9300699300699302,1.170222792865967e-05
80,85,0.9720279720279721,1.2868115751495034e-07
80,86,1.0,0.0
80,87,0.9300699300699302,1.170222792865967e-05
80,88,0.9720279720279721,1.2868115751495034e-07
80,89,1.0,0.0
80,90,0.9300699300699302,1.170222792865967e-05
80,91,0.8321678321678322,0.0007854416778536138
80,92,0.8531468531468532,0.0004181179404149969
80,93,0.8461538461538463,0.0005211337004810046
80,94,0.8321678321678322,0.0007854416778536138
80,95,0.8531468531468532,0.0004181179404149969
80,96,0.8461538461538463,0.0005211337004810046
80,97,0.9720279720279721,1.2868115751495034e-07
80,98,1.0,0.0
80,99,0.9300699300699302,1.170222792865967e-05
80,100,0.9720279720279721,1.2868115751495034e-07
80,101,1.0,0.0
80,102,0.9300699300699302,1.170222792865967e-05
80,103,0.9720279720279721,1.2868115751495034e-07
80,104,1.0,0.0
80,105,0.9300699300699302,1.170222792865967e-05
80,106,0.9720279720279721,1.2868115751495034e-07
80,107,1.0,0.0
80,108,0.9300699300699302,1.170222792865967e-05
80,109,0.8321678321678322,0.0007854416778536138
80,110,0.8531468531468532,0.0004181179404149969
80,111,0.8461538461538463,0.0005211337004810046
80,112,0.8321678321678322,0.0007854416778536138
80,113,0.8531468531468532,0.0004181179404149969
80,114,0.8461538461538463,0.0005211337004810046
80,115,0.9720279720279721,1.2868115751495034e-07
80,116,1.0,0.0
80,117,0.9300699300699302,1.170222792865967e-05
80,118,0.9720279720279721,1.2868115751495034e-07
80,119,1.0,0.0
80,120,0.9300699300699302,1.170222792865967e-05
80,121,0.9720279720279721,1.2868115751495034e-07
80,122,1.0,0.0
80,123,0.9300699300699302,1.170222792865967e-05
80,124,0.9720279720279721,1.2868115751495034e-07
80,125,1.0,0.0
80,126,0.9300699300699302,1.170222792865967e-05
80,127,0.8321678321678322,0.0007854416778536138
80,128,0.8531468531468532,0.0004181179404149969
80,129,0.8461538461538463,0.0005211337004810046
80,130,0.8321678321678322,0.0007854416778536138
80,131,0.8531468531468532,0.0004181179404149969
80,132,0.8461538461538463,0.0005211337004810046
80,133,0.9720279720279721,1.2868115751495034e-07
80,134,1.0,0.0
80,135,0.9300699300699302,1.170222792865967e-05
80,136,0.9720279720279721,1.2868115751495034e-07
80,137,1.0,0.0
80,138,0.9300699300699302,1.170222792865967e-05
80,139,0.9720279720279721,1.2868115751495034e-07
80,140,1.0,0.0
80,141,0.9300699300699302,1.170222792865967e-05
80,142,0.9720279720279721,1.2868115751495034e-07
80,143,1.0,0.0
80,144,0.9300699300699302,1.170222792865967e-05
80,145,0.8321678321678322,0.0007854416778536138
80,146,0.8531468531468532,0.0004181179404149969
80,147,0.8461538461538463,0.0005211337004810046
80,148,0.8321678321678322,0.0007854416778536138
80,149,0.8531468531468532,0.0004181179404149969
80,150,0.8461538461538463,0.0005211337004810046
80,151,0.9720279720279721,1.2868115751495034e-07
80,152,1.0,0.0
80,153,0.9300699300699302,1.170222792865967e-05
80,154,0.9720279720279721,1.2868115751495034e-07
80,155,1.0,0.0
80,156,0.9300699300699302,1.170222792865967e-05
80,157,0.9720279720279721,1.2868115751495034e-07
80,158,1.0,0.0
80,159,0.9300699300699302,1.170222792865967e-05
80,160,0.9720279720279721,1.2868115751495034e-07
80,161,1.0,0.0
80,162,0.9300699300699302,1.170222792865967e-05
81,82,0.8391608391608393,0.0006428259886278202
81,83,0.9300699300699302,1.170222792865967e-05
81,84,1.0,0.0
81,85,0.8391608391608393,0.0006428259886278202
81,86,0.9300699300699302,1.170222792865967e-05
81,87,1.0,0.0
81,88,0.8391608391608393,0.0006428259886278202
81,89,0.9300699300699302,1.170222792865967e-05
81,90,1.0,0.0
81,91,0.6923076923076924,0.0125930304960941
81,92,0.7692307692307694,0.0034464502618274493
81,93,0.8741258741258742,0.0002007130733242317
81,94,0.6923076923076924,0.0125930304960941
81,95,0.7692307692307694,0.0034464502618274493
81,96,0.8741258741258742,0.0002007130733242317
81,97,0.8391608391608393,0.0006428259886278202
81,98,0.9300699300699302,1.170222792865967e-05
81,99,1.0,0.0
81,100,0.8391608391608393,0.0006428259886278202
81,101,0.9300699300699302,1.170222792865967e-05
81,102,1.0,0.0
81,103,0.8391608391608393,0.0006428259886278202
81,104,0.9300699300699302,1.170222792865967e-05
81,105,1.0,0.0
81,106,0.8391608391608393,0.0006428259886278202
81,107,0.9300699300699302,1.170222792865967e-05
81,108,1.0,0.0
81,109,0.6923076923076924,0.0125930304960941
81,110,0.7692307692307694,0.0034464502618274493
81,111,0.8741258741258742,0.0002007130733242317
81,112,0.6923076923076924,0.0125930304960941
81,113,0.7692307692307694,0.0034464502618274493
81,114,0.8741258741258742,0.0002007130733242317
81,115,0.8391608391608393,0.0006428259886278202
81,116,0.9300699300699302,1.170222792865967e-05
81,117,1.0,0.0
81,118,0.8391608391608393,0.0006428259886278202
81,119,0.9300699300699302,1.170222792865967e-05
81,120,1.0,0.0
81,121,0.8391608391608393,0.0006428259886278202
81,122,0.9300699300699302,1.170222792865967e-05
81,123,1.0,0.0
81,124,0.8391608391608393,0.0006428259886278202
81,125,0.9300699300699302,1.170222792865967e-05
81,126,1.0,0.0
81,127,0.6923076923076924,0.0125930304960941
81,128,0.7692307692307694,0.0034464502618274493
81,129,0.8741258741258742,0.0002007130733242317
81,130,0.6923076923076924,0.0125930304960941
81,131,0.7692307692307694,0.0034464502618274493
81,132,0.8741258741258742,0.0002007130733242317
81,133,0.8391608391608393,0.0006428259886278202
81,134,0.9300699300699302,1.170222792865967e-05
81,135,1.0,0.0
81,136,0.8391608391608393,0.0006428259886278202
81,137,0.9300699300699302,1.170222792865967e-05
81,138,1.0,0.0
81,139,0.8391608391608393,0.0006428259886278202
81,140,0.9300699300699302,1.170222792865967e-05
81,141,1.0,0.0
81,142,0.8391608391608393,0.0006428259886278202
81,143,0.9300699300699302,1.170222792865967e-05
81,144,1.0,0.0
81,145,0.6923076923076924,0.0125930304960941
81,146,0.7692307692307694,0.0034464502618274493
81,147,0.8741258741258742,0.0002007130733242317
81,148,0.6923076923076924,0.0125930304960941
81,149,0.7692307692307694,0.0034464502618274493
81,150,0.8741258741258742,0.0002007130733242317
81,151,0.8391608391608393,0.0006428259886278202
81,152,0.9300699300699302,1.170222792865967e-05
81,153,1.0,0.0
81,154,0.8391608391608393,0.0006428259886278202
81,155,0.9300699300699302,1.170222792865967e-05
81,156,1.0,0.0
81,157,0.8391608391608393,0.0006428259886278202
81,158,0.9300699300699302,1.170222792865967e-05
81,159,1.0,0.0
81,160,0.8391608391608393,0.0006428259886278202
81,161,0.9300699300699302,1.170222792865967e-05
81,162,1.0,0.0
82,83,0.9720279720279721,1.2868115751495034e-07
82,84,0.8391608391608393,0.0006428259886278202
82,85,1.0,0.0
82,86,0.9720279720279721,1.2868115751495034e-07
82,87,0.8391608391608393,0.0006428259886278202
82,88,1.0,0.0
82,89,0.9720279720279721,1.2868115751495034e-07
82,90,0.8391608391608393,0.0006428259886278202
82,91,0.8951048951048951,8.36658642909172e-05
82,92,0.8741258741258742,0.0002007130733242317
82,93,0.8041958041958043,0.0016147689860699299
82,94,0.8951048951048951,8.36658642909172e-05
82,95,0.8741258741258742,0.0002007130733242317
82,96,0.8041958041958043,0.0016147689860699299
82,97,1.0,0.0
82,98,0.9720279720279721,1.2868115751495034e-07
82,99,0.8391608391608393,0.0006428259886278202
82,100,1.0,0.0
82,101,0.9720279720279721,1.2868115751495034e-07
82,102,0.8391608391608393,0.0006428259886278202
82,103,1.0,0.0
82,104,0.9720279720279721,1.2868115751495034e-07
82,105,0.8391608391608393,0.0006428259886278202
82,106,1.0,0.0
82,107,0.9720279720279721,1.2868115751495034e-07
82,108,0.8391608391608393,0.0006428259886278202
82,109,0.8951048951048951,8.36658642909172e-05
82,110,0.8741258741258742,0.0002007130733242317
82,111,0.8041958041958043,0.0016147689860699299
82,112,0.8951048951048951,8.36658642909172e-05
82,113,0.8741258741258742,0.0002007130733242317
82,114,0.8041958041958043,0.0016147689860699299
82,115,1.0,0.0
82,116,0.9720279720279721,1.2868115751495034e-07
82,117,0.8391608391608393,0.0006428259886278202
82,118,1.0,0.0
82,119,0.9720279720279721,1.2868115751495034e-07
82,120,0.8391608391608393,0.0006428259886278202
82,121,1.0,0.0
82,122,0.9720279720279721,1.2868115751495034e-07
82,123,0.8391608391608393,0.0006428259886278202
82,124,1.0,0.0
82,125,0.9720279720279721,1.2868115751495034e-07
82,126,0.8391608391608393,0.0006428259886278202
82,127,0.8951048951048951,8.36658642909172e-05
82,128,0.8741258741258742,0.0002007130733242317
82,129,0.8041958041958043,0.0016147689860699299
82,130,0.8951048951048951,8.36658642909172e-05
82,131,0.8741258741258742,0.0002007130733242317
82,132,0.8041958041958043,0.0016147689860699299
82,133,1.0,0.0
82,134,0.9720279720279721,1.2868115751495034e-07
82,135,0.8391608391608393,0.0006428259886278202
82,136,1.0,0.0
82,137,0.9720279720279721,1.2868115751495034e-07
82,138,0.8391608391608393,0.0006428259886278202
82,139,1.0,0.0
82,140,0.9720279720279721,1.2868115751495034e-07
82,141,0.8391608391608393,0.0006428259886278202
82,142,1.0,0.0
82,143,0.9720279720279721,1.2868115751495034e-07
82,144,0.8391608391608393,0.0006428259886278202
82,145,0.8951048951048951,8.36658642909172e-05
82,146,0.8741258741258742,0.0002007130733242317
82,147,0.8041958041958043,0.0016147689860699299
82,148,0.8951048951048951,8.36658642909172e-05
82,149,0.8741258741258742,0.0002007130733242317
82,150,0.8041958041958043,0.0016147689860699299
82,151,1.0,0.0
82,152,0.9720279720279721,1.2868115751495034e-07
82,153,0.8391608391608393,0.0006428259886278202
82,154,1.0,0.0
82,155,0.9720279720279721,1.2868115751495034e-07
82,156,0.8391608391608393,0.0006428259886278202
82,157,1.0,0.0
82,158,0.9720279720279721,1.2868115751495034e-07
82,159,0.8391608391608393,0.0006428259886278202
82,160,1.0,0.0
82,161,0.9720279720279721,1.2868115751495034e-07
82,162,0.8391608391608393,0.0006428259886278202
83,84,0.9300699300699302,1.170222792865967e-05
83,85,0.9720279720279721,1.2868115751495034e-07
83,86,1.0,0.0
83,87,0.9300699300699302,1.170222792865967e-05
83,88,0.9720279720279721,1.2868115751495034e-07
83,89,1.0,0.0
83,90,0.9300699300699302,1.170222792865967e-05
83,91,0.8321678321678322,0.0007854416778536138
83,92,0.8531468531468532,0.0004181179404149969
83,93,0.8461538461538463,0.0005211337004810046
83,94,0.8321678321678322,0.0007854416778536138
83,95,0.8531468531468532,0.0004181179404149969
83,96,0.8461538461538463,0.0005211337004810046
83,97,0.9720279720279721,1.2868115751495034e-07
83,98,1.0,0.0
83,99,0.9300699300699302,1.170222792865967e-05
83,100,0.9720279720279721,1.2868115751495034e-07
83,101,1.0,0.0
83,102,0.9300699300699302,1.170222792865967e-05
83,103,0.9720279720279721,1.2868115751495034e-07
83,104,1.0,0.0
83,105,0.9300699300699302,1.170222792865967e-05
83,106,0.9720279720279721,1.2868115751495034e-07
83,107,1.0,0.0
83,108,0.9300699300699302,1.170222792865967e-05
83,109,0.8321678321678322,0.0007854416778536138
83,110,0.8531468531468532,0.0004181179404149969
83,111,0.8461538461538463,0.0005211337004810046
83,112,0.8321678321678322,0.0007854416778536138
83,113,0.8531468531468532,0.0004181179404149969
83,114,0.8461538461538463,0.0005211337004810046
83,115,0.9720279720279721,1.2868115751495034e-07
83,116,1.0,0.0
83,117,0.9300699300699302,1.170222792865967e-05
83,118,0.9720279720279721,1.2868115751495034e-07
83,119,1.0,0.0
83,120,0.9300699300699302,1.170222792865967e-05
83,121,0.9720279720279721,1.2868115751495034e-07
83,122,1.0,0.0
83,123,0.9300699300699302,1.170222792865967e-05
83,124,0.9720279720279721,1.2868115751495034e-07
83,125,1.0,0.0
83,126,0.9300699300699302,1.170222792865967e-05
83,127,0.8321678321678322,0.0007854416778536138
83,128,0.8531468531468532,0.0004181179404149969
83,129,0.8461538461538463,0.0005211337004810046
83,130,0.8321678321678322,0.0007854416778536138
83,131,0.8531468531468532,0.0004181179404149969
83,132,0.8461538461538463,0.0005211337004810046
83,133,0.9720279720279721,1.2868115751495034e-07
83,134,1.0,0.0
83,135,0.9300699300699302,1.170222792865967e-05
83,136,0.9720279720279721,1.2868115751495034e-07
83,137,1.0,0.0
83,138,0.9300699300699302,1.170222792865967e-05
83,139,0.9720279720279721,1.2868115751495034e-07
83,140,1.0,0.0
83,141,0.9300699300699302,1.170222792865967e-05
83,142,0.9720279720279721,1.2868115751495034e-07
83,143,1.0,0.0
83,144,0.9300699300699302,1.170222792865967e-05
83,145,0.8321678321678322,0.0007854416778536138
83,146,0.8531468531468532,0.0004181179404149969
83,147,0.8461538461538463,0.0005211337004810046
83,148,0.8321678321678322,0.0007854416778536138
83,149,0.8531468531468532,0.0004181179404149969
83,150,0.8461538461538463,0.0005211337004810046
83,151,0.9720279720279721,1.2868115751495034e-07
83,152,1.0,0.0
83,153,0.9300699300699302,1.170222792865967e-05
83,154,0.9720279720279721,1.2868115751495034e-07
83,155,1.0,0.0
83,156,0.9300699300699302,1.170222792865967e-05
83,157,0.9720279720279721,1.2868115751495034e-07
83,158,1.0,0.0
83,159,0.9300699300699302,1.170222792865967e-05
83,160,0.9720279720279721,1.2868115751495034e-07
83,161,1.0,0.0
83,162,0.9300699300699302,1.170222792865967e-05
84,85,0.8391608391608393,0.0006428259886278202
84,86,0.9300699300699302,1.170222792865967e-05
84,87,1.0,0.0
84,88,0.8391608391608393,0.0006428259886278202
84,89,0.9300699300699302,1.170222792865967e-05
84,90,1.0,0.0
84,91,0.6923076923076924,0.0125930304960941
84,92,0.7692307692307694,0.0034464502618274493
84,93,0.8741258741258742,0.0002007130733242317
84,94,0.6923076923076924,0.0125930304960941
84,95,0.7692307692307694,0.0034464502618274493
84,96,0.8741258741258742,0.0002007130733242317
84,97,0.8391608391608393,0.0006428259886278202
84,98,0.9300699300699302,1.170222792865967e-05
84,99,1.0,0.0
84,100,0.8391608391608393,0.0006428259886278202
84,101,0.9300699300699302,1.170222792865967e-05
84,102,1.0,0.0
84,103,0.8391608391608393,0.0006428259886278202
84,104,0.9300699300699302,1.170222792865967e-05
84,105,1.0,0.0
84,106,0.8391608391608393,0.0006428259886278202
84,107,0.9300699300699302,1.170222792865967e-05
84,108,1.0,0.0
84,109,0.6923076923076924,0.0125930304960941
84,110,0.7692307692307694,0.0034464502618274493
84,111,0.8741258741258742,0.0002007130733242317
84,112,0.6923076923076924,0.0125930304960941
84,113,0.7692307692307694,0.0034464502618274493
84,114,0.8741258741258742,0.0002007130733242317
84,115,0.8391608391608393,0.0006428259886278202
84,116,0.9300699300699302,1.170222792865967e-05
84,117,1.0,0.0
84,118,0.8391608391608393,0.0006428259886278202
84,119,0.9300699300699302,1.170222792865967e-05
84,120,1.0,0.0
84,121,0.8391608391608393,0.0006428259886278202
84,122,0.9300699300699302,1.170222792865967e-05
84,123,1.0,0.0
84,124,0.8391608391608393,0.0006428259886278202
84,125,0.9300699300699302,1.170222792865967e-05
84,126,1.0,0.0
84,127,0.6923076923076924,0.0125930304960941
84,128,0.7692307692307694,0.0034464502618274493
84,129,0.8741258741258742,0.0002007130733242317
84,130,0.6923076923076924,0.0125930304960941
84,131,0.7692307692307694,0.0034464502618274493
84,132,0.8741258741258742,0.0002007130733242317
84,133,0.8391608391608393,0.0006428259886278202
84,134,0.9300699300699302,1.170222792865967e-05
84,135,1.0,0.0
84,136,0.8391608391608393,0.0006428259886278202
84,137,0.9300699300699302,1.170222792865967e-05
84,138,1.0,0.0
84,139,0.8391608391608393,0.0006428259886278202
84,140,0.9300699300699302,1.170222792865967e-05
84,141,1.0,0.0
84,142,0.8391608391608393,0.0006428259886278202
84,143,0.9300699300699302,1.170222792865967e-05
84,144,1.0,0.0
84,145,0.6923076923076924,0.0125930304960941
84,146,0.7692307692307694,0.0034464502618274493
84,147,0.8741258741258742,0.0002007130733242317
84,148,0.6923076923076924,0.0125930304960941
84,149,0.7692307692307694,0.0034464502618274493
84,150,0.8741258741258742,0.0002007130733242317
84,151,0.8391608391608393,0.0006428259886278202
84,152,0.9300699300699302,1.170222792865967e-05
84,153,1.0,0.0
84,154,0.8391608391608393,0.0006428259886278202
84,155,0.9300699300699302,1.170222792865967e-05
84,156,1.0,0.0
84,157,0.8391608391608393,0.0006428259886278202
84,158,0.9300699300699302,1.170222792865967e-05
84,159,1.0,0.0
84,160,0.8391608391608393,0.0006428259886278202
84,161,0.9300699300699302,1.170222792865967e-05
84,162,1.0,0.0
85,86,0.9720279720279721,1.2868115751495034e-07
85,87,0.8391608391608393,0.0006428259886278202
85,88,1.0,0.0
85,89,0.9720279720279721,1.2868115751495034e-07
85,90,0.8391608391608393,0.0006428259886278202
85,91,0.8951048951048951,8.36658642909172e-05
85,92,0.8741258741258742,0.0002007130733242317
85,93,0.8041958041958043,0.0016147689860699299
85,94,0.8951048951048951,8.36658642909172e-05
85,95,0.8741258741258742,0.0002007130733242317
85,96,0.8041958041958043,0.0016147689860699299
85,97,1.0,0.0
85,98,0.9720279720279721,1.2868115751495034e-07
85,99,0.8391608391608393,0.0006428259886278202
85,100,1.0,0.0
85,101,0.9720279720279721,1.2868115751495034e-07
85,102,0.8391608391608393,0.0006428259886278202
85,103,1.0,0.0
85,104,0.9720279720279721,1.2868115751495034e-07
85,105,0.8391608391608393,0.0006428259886278202
85,106,1.0,0.0
85,107,0.9720279720279721,1.2868115751495034e-07
85,108,0.8391608391608393,0.0006428259886278202
85,109,0.8951048951048951,8.36658642909172e-05
85,110,0.8741258741258742,0.0002007130733242317
85,111,0.8041958041958043,0.0016147689860699299
85,112,0.8951048951048951,8.36658642909172e-05
85,113,0.8741258741258742,0.0002007130733242317
85,114,0.8041958041958043,0.0016147689860699299
85,115,1.0,0.0
85,116,0.9720279720279721,1.2868115751495034e-07
85,117,0.8391608391608393,0.0006428259886278202
85,118,1.0,0.0
85,119,0.9720279720279721,1.2868115751495034e-07
85,120,0.8391608391608393,0.0006428259886278202
85,121,1.0,0.0
85,122,0.9720279720279721,1.2868115751495034e-07
85,123,0.8391608391608393,0.0006428259886278202
85,124,1.0,0.0
85,125,0.9720279720279721,1.2868115751495034e-07
85,126,0.8391608391608393,0.0006428259886278202
85,127,0.8951048951048951,8.36658642909172e-05
85,128,0.8741258741258742,0.0002007130733242317
85,129,0.8041958041958043,0.0016147689860699299
85,130,0.8951048951048951,8.36658642909172e-05
85,131,0.8741258741258742,0.0002007130733242317
85,132,0.8041958041958043,0.0016147689860699299
85,133,1.0,0.0
85,134,0.9720279720279721,1.2868115751495034e-07
85,135,0.8391608391608393,0.0006428259886278202
85,136,1.0,0.0
85,137,0.9720279720279721,1.2868115751495034e-07
85,138,0.8391608391608393,0.0006428259886278202
85,139,1.0,0.0
85,140,0.9720279720279721,1.2868115751495034e-07
85,141,0.8391608391608393,0.0006428259886278202
85,142,1.0,0.0
85,143,0.9720279720279721,1.2868115751495034e-07
85,144,0.8391608391608393,0.0006428259886278202
85,145,0.8951048951048951,8.36658642909172e-05
85,146,0.8741258741258742,0.0002007130733242317
85,147,0.8041958041958043,0.0016147689860699299
85,148,0.8951048951048951,8.36658642909172e-05
85,149,0.8741258741258742,0.0002007130733242317
85,150,0.8041958041958043,0.0016147689860699299
85,151,1.0,0.0
85,152,0.9720279720279721,1.2868115751495034e-07
85,153,0.8391608391608393,0.0006428259886278202
85,154,1.0,0.0
85,155,0.9720279720279721,1.2868115751495034e-07
85,156,0.8391608391608393,0.0006428259886278202
85,157,1.0,0.0
85,158,0.9720279720279721,1.2868115751495034e-07
85,159,0.8391608391608393,0.0006428259886278202
85,160,1.0,0.0
85,161,0.9720279720279721,1.2868115751495034e-07
85,162,0.8391608391608393,0.0006428259886278202
86,87,0.9300699300699302,1.170222792865967e-05
86,88,0.9720279720279721,1.2868115751495034e-07
86,89,1.0,0.0
86,90,0.9300699300699302,1.170222792865967e-05
86,91,0.8321678321678322,0.0007854416778536138
86,92,0.8531468531468532,0.0004181179404149969
86,93,0.8461538461538463,0.0005211337004810046
86,94,0.8321678321678322,0.0007854416778536138
86,95,0.8531468531468532,0.0004181179404149969
86,96,0.8461538461538463,0.0005211337004810046
86,97,0.9720279720279721,1.2868115751495034e-07
86,98,1.0,0.0
86,99,0.9300699300699302,1.170222792865967e-05
86,100,0.9720279720279721,1.2868115751495034e-07
86,101,1.0,0.0
86,102,0.9300699300699302,1.170222792865967e-05
86,103,0.9720279720279721,1.2868115751495034e-07
86,104,1.0,0.0
86,105,0.9300699300699302,1.170222792865967e-05
86,106,0.9720279720279721,1.2868115751495034e-07
86,107,1.0,0.0
86,108,0.9300699300699302,1.170222792865967e-05
86,109,0.8321678321678322,0.0007854416778536138
86,110,0.8531468531468532,0.0004181179404149969
86,111,0.8461538461538463,0.0005211337004810046
86,112,0.8321678321678322,0.0007854416778536138
86,113,0.8531468531468532,0.0004181179404149969
86,114,0.8461538461538463,0.0005211337004810046
86,115,0.9720279720279721,1.2868115751495034e-07
86,116,1.0,0.0
86,117,0.9300699300699302,1.170222792865967e-05
86,118,0.9720279720279721,1.2868115751495034e-07
86,119,1.0,0.0
86,120,0.9300699300699302,1.170222792865967e-05
86,121,0.9720279720279721,1.2868115751495034e-07
86,122,1.0,0.0
86,123,0.9300699300699302,1.170222792865967e-05
86,124,0.9720279720279721,1.2868115751495034e-07
86,125,1.0,0.0
86,126,0.9300699300699302,1.170222792865967e-05
86,127,0.8321678321678322,0.0007854416778536138
86,128,0.8531468531468532,0.0004181179404149969
86,129,0.8461538461538463,0.0005211337004810046
86,130,0.8321678321678322,0.0007854416778536138
86,131,0.8531468531468532,0.0004181179404149969
86,132,0.8461538461538463,0.0005211337004810046
86,133,0.9720279720279721,1.2868115751495034e-07
86,134,1.0,0.0
86,135,0.9300699300699302,1.170222792865967e-05
86,136,0.9720279720279721,1.2868115751495034e-07
86,137,1.0,0.0
86,138,0.9300699300699302,1.170222792865967e-05
86,139,0.9720279720279721,1.2868115751495034e-07
86,140,1.0,0.0
86,141,0.9300699300699302,1.170222792865967e-05
86,142,0.9720279720279721,1.2868115751495034e-07
86,143,1.0,0.0
86,144,0.9300699300699302,1.170222792865967e-05
86,145,0.8321678321678322,0.0007854416778536138
86,146,0.8531468531468532,0.0004181179404149969
86,147,0.8461538461538463,0.0005211337004810046
86,148,0.8321678321678322,0.0007854416778536138
86,149,0.8531468531468532,0.0004181179404149969
86,150,0.8461538461538463,0.0005211337004810046
86,151,0.9720279720279721,1.2868115751495034e-07
86,152,1.0,0.0
86,153,0.9300699300699302,1.170222792865967e-05
86,154,0.9720279720279721,1.2868115751495034e-07
86,155,1.0,0.0
86,156,0.9300699300699302,1.170222792865967e-05
86,157,0.9720279720279721,1.2868115751495034e-07
86,158,1.0,0.0
86,159,0.9300699300699302,1.170222792865967e-05
86,160,0.9720279720279721,1.2868115751495034e-07
86,161,1.0,0.0
86,162,0.9300699300699302,1.170222792865967e-05
87,88,0.8391608391608393,0.0006428259886278202
87,89,0.9300699300699302,1.170222792865967e-05
87,90,1.0,0.0
87,91,0.6923076923076924,0.0125930304960941
87,92,0.7692307692307694,0.0034464502618274493
87,93,0.8741258741258742,0.0002007130733242317
87,94,0.6923076923076924,0.0125930304960941
87,95,0.7692307692307694,0.0034464502618274493
87,96,0.8741258741258742,0.0002007130733242317
87,97,0.8391608391608393,0.0006428259886278202
87,98,0.9300699300699302,1.170222792865967e-05
87,99,1.0,0.0
87,100,0.8391608391608393,0.0006428259886278202
87,101,0.9300699300699302,1.170222792865967e-05
87,102,1.0,0.0
87,103,0.8391608391608393,0.0006428259886278202
87,104,0.9300699300699302,1.170222792865967e-05
87,105,1.0,0.0
87,106,0.8391608391608393,0.0006428259886278202
87,107,0.9300699300699302,1.170222792865967e-05
87,108,1.0,0.0
87,109,0.6923076923076924,0.0125930304960941
87,110,0.7692307692307694,0.0034464502618274493
87,111,0.8741258741258742,0.0002007130733242317
87,112,0.6923076923076924,0.0125930304960941
87,113,0.7692307692307694,0.0034464502618274493
87,114,0.8741258741258742,0.0002007130733242317
87,115,0.8391608391608393,0.0006428259886278202
87,116,0.9300699300699302,1.170222792865967e-05
87,117,1.0,0.0
87,118,0.8391608391608393,0.0006428259886278202
87,119,0.9300699300699302,1.170222792865967e-05
87,120,1.0,0.0
87,121,0.8391608391608393,0.0006428259886278202
87,122,0.9300699300699302,1.170222792865967e-05
87,123,1.0,0.0
87,124,0.8391608391608393,0.0006428259886278202
87,125,0.9300699300699302,1.170222792865967e-05
87,126,1.0,0.0
87,127,0.6923076923076924,0.0125930304960941
87,128,0.7692307692307694,0.0034464502618274493
87,129,0.8741258741258742,0.0002007130733242317
87,130,0.6923076923076924,0.0125930304960941
87,131,0.7692307692307694,0.0034464502618274493
87,132,0.8741258741258742,0.0002007130733242317
87,133,0.8391608391608393,0.0006428259886278202
87,134,0.9300699300699302,1.170222792865967e-05
87,135,1.0,0.0
87,136,0.8391608391608393,0.0006428259886278202
87,137,0.9300699300699302,1.170222792865967e-05
87,138,1.0,0.0
87,139,0.8391608391608393,0.0006428259886278202
87,140,0.9300699300699302,1.170222792865967e-05
87,141,1.0,0.0
87,142,0.8391608391608393,0.0006428259886278202
87,143,0.9300699300699302,1.170222792865967e-05
87,144,1.0,0.0
87,145,0.6923076923076924,0.0125930304960941
87,146,0.7692307692307694,0.0034464502618274493
87,147,0.8741258741258742,0.0002007130733242317
87,148,0.6923076923076924,0.0125930304960941
87,149,0.7692307692307694,0.0034464502618274493
87,150,0.8741258741258742,0.0002007130733242317
87,151,0.8391608391608393,0.0006428259886278202
87,152,0.9300699300699302,1.170222792865967e-05
87,153,1.0,0.0
87,154,0.8391608391608393,0.0006428259886278202
87,155,0.9300699300699302,1.170222792865967e-05
87,156,1.0,0.0
87,157,0.8391608391608393,0.0006428259886278202
87,158,0.9300699300699302,1.170222792865967e-05
87,159,1.0,0.0
87,160,0.8391608391608393,0.0006428259886278202
87,161,0.9300699300699302,1.170222792865967e-05
87,162,1.0,0.0
88,89,0.9720279720279721,1.2868115751495034e-07
88,90,0.8391608391608393,0.0006428259886278202
88,91,0.8951048951048951,8.36658642909172e-05
88,92,0.8741258741258742,0.0002007130733242317
88,93,0.8041958041958043,0.0016147689860699299
88,94,0.8951048951048951,8.36658642909172e-05
88,95,0.8741258741258742,0.0002007130733242317
88,96,0.8041958041958043,0.0016147689860699299
88,97,1.0,0.0
88,98,0.9720279720279721,1.2868115751495034e-07
88,99,0.8391608391608393,0.0006428259886278202
88,100,1.0,0.0
88,101,0.9720279720279721,1.2868115751495034e-07
88,102,0.8391608391608393,0.0006428259886278202
88,103,1.0,0.0
88,104,0.9720279720279721,1.2868115751495034e-07
88,105,0.8391608391608393,0.0006428259886278202
88,106,1.0,0.0
88,107,0.9720279720279721,1.2868115751495034e-07
88,108,0.8391608391608393,0.0006428259886278202
88,109,0.8951048951048951,8.36658642909172e-05
88,110,0.8741258741258742,0.0002007130733242317
88,111,0.8041958041958043,0.0016147689860699299
88,112,0.8951048951048951,8.36658642909172e-05
88,113,0.8741258741258742,0.0002007130733242317
88,114,0.8041958041958043,0.0016147689860699299
88,115,1.0,0.0
88,116,0.9720279720279721,1.2868115751495034e-07
88,117,0.8391608391608393,0.0006428259886278202
88,118,1.0,0.0
88,119,0.9720279720279721,1.2868115751495034e-07
88,120,0.8391608391608393,0.0006428259886278202
88,121,1.0,0.0
88,122,0.9720279720279721,1.2868115751495034e-07
88,123,0.8391608391608393,0.0006428259886278202
88,124,1.0,0.0
88,125,0.9720279720279721,1.2868115751495034e-07
88,126,0.8391608391608393,0.0006428259886278202
88,127,0.8951048951048951,8.36658642909172e-05
88,128,0.8741258741258742,0.0002007130733242317
88,129,0.8041958041958043,0.0016147689860699299
88,130,0.8951048951048951,8.36658642909172e-05
88,131,0.8741258741258742,0.0002007130733242317
88,132,0.8041958041958043,0.0016147689860699299
88,133,1.0,0.0
88,134,0.9720279720279721,1.2868115751495034e-07
88,135,0.8391608391608393,0.0006428259886278202
88,136,1.0,0.0
88,137,0.9720279720279721,1.2868115751495034e-07
88,138,0.8391608391608393,0.0006428259886278202
88,139,1.0,0.0
88,140,0.9720279720279721,1.2868115751495034e-07
88,141,0.8391608391608393,0.0006428259886278202
88,142,1.0,0.0
88,143,0.9720279720279721,1.2868115751495034e-07
88,144,0.8391608391608393,0.0006428259886278202
88,145,0.8951048951048951,8.36658642909172e-05
88,146,0.8741258741258742,0.0002007130733242317
88,147,0.8041958041958043,0.0016147689860699299
88,148,0.8951048951048951,8.36658642909172e-05
88,149,0.8741258741258742,0.0002007130733242317
88,150,0.8041958041958043,0.0016147689860699299
88,151,1.0,0.0
88,152,0.9720279720279721,1.2868115751495034e-07
88,153,0.8391608391608393,0.0006428259886278202
88,154,1.0,0.0
88,155,0.9720279720279721,1.2868115751495034e-07
88,156,0.8391608391608393,0.0006428259886278202
88,157,1.0,0.0
88,158,0.9720279720279721,1.2868115751495034e-07
88,159,0.8391608391608393,0.0006428259886278202
88,160,1.0,0.0
88,161,0.9720279720279721,1.2868115751495034e-07
88,162,0.8391608391608393,0.0006428259886278202
89,90,0.9300699300699302,1.170222792865967e-05
89,91,0.8321678321678322,0.0007854416778536138
89,92,0.8531468531468532,0.0004181179404149969
89,93,0.8461538461538463,0.0005211337004810046
89,94,0.8321678321678322,0.0007854416778536138
89,95,0.8531468531468532,0.0004181179404149969
89,96,0.8461538461538463,0.0005211337004810046
89,97,0.9720279720279721,1.2868115751495034e-07
89,98,1.0,0.0
89,99,0.9300699300699302,1.170222792865967e-05
89,100,0.9720279720279721,1.2868115751495034e-07
89,101,1.0,0.0
89,102,0.9300699300699302,1.170222792865967e-05
89,103,0.9720279720279721,1.2868115751495034e-07
89,104,1.0,0.0
89,105,0.9300699300699302,1.170222792865967e-05
89,106,0.9720279720279721,1.2868115751495034e-07
89,107,1.0,0.0
89,108,0.9300699300699302,1.170222792865967e-05
89,109,0.8321678321678322,0.0007854416778536138
89,110,0.8531468531468532,0.0004181179404149969
89,111,0.8461538461538463,0.0005211337004810046
89,112,0.8321678321678322,0.0007854416778536138
89,113,0.8531468531468532,0.0004181179404149969
89,114,0.8461538461538463,0.0005211337004810046
89,115,0.9720279720279721,1.2868115751495034e-07
89,116,1.0,0.0
89,117,0.9300699300699302,1.170222792865967e-05
89,118,0.9720279720279721,1.2868115751495034e-07
89,119,1.0,0.0
89,120,0.9300699300699302,1.170222792865967e-05
89,121,0.9720279720279721,1.2868115751495034e-07
89,122,1.0,0.0
89,123,0.9300699300699302,1.170222792865967e-05
89,124,0.9720279720279721,1.2868115751495034e-07
89,125,1.0,0.0
89,126,0.9300699300699302,1.170222792865967e-05
89,127,0.8321678321678322,0.0007854416778536138
89,128,0.8531468531468532,0.0004181179404149969
89,129,0.8461538461538463,0.0005211337004810046
89,130,0.8321678321678322,0.0007854416778536138
89,131,0.8531468531468532,0.0004181179404149969
89,132,0.8461538461538463,0.0005211337004810046
89,133,0.9720279720279721,1.2868115751495034e-07
89,134,1.0,0.0
89,135,0.9300699300699302,1.170222792865967e-05
89,136,0.9720279720279721,1.2868115751495034e-07
89,137,1.0,0.0
89,138,0.9300699300699302,1.170222792865967e-05
89,139,0.9720279720279721,1.2868115751495034e-07
89,140,1.0,0.0
89,141,0.9300699300699302,1.170222792865967e-05
89,142,0.9720279720279721,1.2868115751495034e-07
89,143,1.0,0.0
89,144,0.9300699300699302,1.170222792865967e-05
89,145,0.8321678321678322,0.0007854416778536138
89,146,0.8531468531468532,0.0004181179404149969
89,147,0.8461538461538463,0.0005211337004810046
89,148,0.8321678321678322,0.0007854416778536138
89,149,0.8531468531468532,0.0004181179404149969
89,150,0.8461538461538463,0.0005211337004810046
89,151,0.9720279720279721,1.2868115751495034e-07
89,152,1.0,0.0
89,153,0.9300699300699302,1.170222792865967e-05
89,154,0.9720279720279721,1.2868115751495034e-07
89,155,1.0,0.0
89,156,0.9300699300699302,1.170222792865967e-05
89,157,0.9720279720279721,1.2868115751495034e-07
89,158,1.0,0.0
89,159,0.9300699300699302,1.170222792865967e-05
89,160,0.9720279720279721,1.2868115751495034e-07
89,161,1.0,0.0
89,162,0.9300699300699302,1.170222792865967e-05
90,91,0.6923076923076924,0.0125930304960941
90,92,0.7692307692307694,0.0034464502618274493
90,93,0.8741258741258742,0.0002007130733242317
90,94,0.6923076923076924,0.0125930304960941
90,95,0.7692307692307694,0.0034464502618274493
90,96,0.8741258741258742,0.0002007130733242317
90,97,0.8391608391608393,0.0006428259886278202
90,98,0.9300699300699302,1.170222792865967e-05
90,99,1.0,0.0
90,100,0.8391608391608393,0.0006428259886278202
90,101,0.9300699300699302,1.170222792865967e-05
90,102,1.0,0.0
90,103,0.8391608391608393,0.0006428259886278202
90,104,0.9300699300699302,1.170222792865967e-05
90,105,1.0,0.0
90,106,0.8391608391608393,0.0006428259886278202
90,107,0.9300699300699302,1.170222792865967e-05
90,108,1.0,0.0
90,109,0.6923076923076924,0.0125930304960941
90,110,0.7692307692307694,0.0034464502618274493
90,111,0.8741258741258742,0.0002007130733242317
90,112,0.6923076923076924,0.0125930304960941
90,113,0.7692307692307694,0.0034464502618274493
90,114,0.8741258741258742,0.0002007130733242317
90,115,0.8391608391608393,0.0006428259886278202
90,116,0.9300699300699302,1.170222792865967e-05
90,117,1.0,0.0
90,118,0.8391608391608393,0.0006428259886278202
90,119,0.9300699300699302,1.170222792865967e-05
90,120,1.0,0.0
90,121,0.8391608391608393,0.0006428259886278202
90,122,0.9300699300699302,1.170222792865967e-05
90,123,1.0,0.0
90,124,0.8391608391608393,0.0006428259886278202
90,125,0.9300699300699302,1.170222792865967e-05
90,126,1.0,0.0
90,127,0.6923076923076924,0.0125930304960941
90,128,0.7692307692307694,0.0034464502618274493
90,129,0.8741258741258742,0.0002007130733242317
90,130,0.6923076923076924,0.0125930304960941
90,131,0.7692307692307694,0.0034464502618274493
90,132,0.8741258741258742,0.0002007130733242317
90,133,0.8391608391608393,0.0006428259886278202
90,134,0.9300699300699302,1.170222792865967e-05
90,135,1.0,0.0
90,136,0.8391608391608393,0.0006428259886278202
90,137,0.9300699300699302,1.170222792865967e-05
90,138,1.0,0.0
90,139,0.8391608391608393,0.0006428259886278202
90,140,0.9300699300699302,1.170222792865967e-05
90,141,1.0,0.0
90,142,0.8391608391608393,0.0006428259886278202
90,143,0.9300699300699302,1.170222792865967e-05
90,144,1.0,0.0
90,145,0.6923076923076924,0.0125930304960941
90,146,0.7692307692307694,0.0034464502618274493
90,147,0.8741258741258742,0.0002007130733242317
90,148,0.6923076923076924,0.0125930304960941
90,149,0.7692307692307694,0.0034464502618274493
90,150,0.8741258741258742,0.0002007130733242317
90,151,0.8391608391608393,0.0006428259886278202
90,152,0.9300699300699302,1.170222792865967e-05
90,153,1.0,0.0
90,154,0.8391608391608393,0.0006428259886278202
90,155,0.9300699300699302,1.170222792865967e-05
90,156,1.0,0.0
90,157,0.8391608391608393,0.0006428259886278202
90,158,0.9300699300699302,1.170222792865967e-05
90,159,1.0,0.0
90,160,0.8391608391608393,0.0006428259886278202
90,161,0.9300699300699302,1.170222792865967e-05
90,162,1.0,0.0
91,92,0.9790209790209792,3.0898013985487064e-08
91,93,0.8741258741258742,0.0002007130733242317
91,94,1.0,0.0
91,95,0.9790209790209792,3.0898013985487064e-08
91,96,0.8741258741258742,0.0002007130733242317
91,97,0.8951048951048951,8.36658642909172e-05
91,98,0.8321678321678322,0.0007854416778536138
91,99,0.6923076923076924,0.0125930304960941
91,100,0.8951048951048951,8.36658642909172e-05
91,101,0.8321678321678322,0.0007854416778536138
91,102,0.6923076923076924,0.0125930304960941
91,103,0.8951048951048951,8.36658642909172e-05
91,104,0.8321678321678322,0.0007854416778536138
91,105,0.6923076923076924,0.0125930304960941
91,106,0.8951048951048951,8.36658642909172e-05
91,107,0.8321678321678322,0.0007854416778536138
91,108,0.6923076923076924,0.0125930304960941
91,109,1.0,0.0
91,110,0.9790209790209792,3.0898013985487064e-08
91,111,0.8741258741258742,0.0002007130733242317
91,112,1.0,0.0
91,113,0.9790209790209792,3.0898013985487064e-08
91,114,0.8741258741258742,0.0002007130733242317
91,115,0.8951048951048951,8.36658642909172e-05
91,116,0.8321678321678322,0.0007854416778536138
91,117,0.6923076923076924,0.0125930304960941
91,118,0.8951048951048951,8.36658642909172e-05
91,119,0.8321678321678322,0.0007854416778536138
91,120,0.6923076923076924,0.0125930304960941
91,121,0.8951048951048951,8.36658642909172e-05
91,122,0.8321678321678322,0.0007854416778536138
91,123,0.6923076923076924,0.0125930304960941
91,124,0.8951048951048951,8.36658642909172e-05
91,125,0.8321678321678322,0.0007854416778536138
91,126,0.6923076923076924,0.0125930304960941
91,127,1.0,0.0
91,128,0.9790209790209792,3.0898013985487064e-08
91,129,0.8741258741258742,0.0002007130733242317
91,130,1.0,0.0
91,131,0.9790209790209792,3.0898013985487064e-08
91,132,0.8741258741258742,0.0002007130733242317
91,133,0.8951048951048951,8.36658642909172e-05
91,134,0.8321678321678322,0.0007854416778536138
91,135,0.6923076923076924,0.0125930304960941
91,136,0.8951048951048951,8.36658642909172e-05
91,137,0.8321678321678322,0.0007854416778536138
91,138,0.6923076923076924,0.0125930304960941
91,139,0.8951048951048951,8.36658642909172e-05
91,140,0.8321678321678322,0.0007854416778536138
91,141,0.6923076923076924,0.0125930304960941
91,142,0.8951048951048951,8.36658642909172e-05
91,143,0.8321678321678322,0.0007854416778536138
91,144,0.6923076923076924,0.0125930304960941
91,145,1.0,0.0
91,146,0.9790209790209792,3.0898013985487064e-08
91,147,0.8741258741258742,0.0002007130733242317
91,148,1.0,0.0
91,149,0.9790209790209792,3.0898013985487064e-08
91,150,0.8741258741258742,0.0002007130733242317
91,151,0.8951048951048951,8.36658642909172e-05
91,152,0.8321678321678322,0.0007854416778536138
91,153,0.6923076923076924,0.0125930304960941
91,154,0.8951048951048951,8.36658642909172e-05
91,155,0.8321678321678322,0.0007854416778536138
91,156,0.6923076923076924,0.0125930304960941
91,157,0.8951048951048951,8.36658642909172e-05
91,158,0.8321678321678322,0.0007854416778536138
91,159,0.6923076923076924,0.0125930304960941
91,160,0.8951048951048951,8.36658642909172e-05
91,161,0.8321678321678322,0.0007854416778536138
91,162,0.6923076923076924,0.0125930304960941
92,93,0.9440559440559443,3.927261080965951e-06
92,94,0.9790209790209792,3.0898013985487064e-08
92,95,1.0,0.0
92,96,0.9440559440559443,3.927261080965951e-06
92,97,0.8741258741258742,0.0002007130733242317
92,98,0.8531468531468532,0.0004181179404149969
92,99,0.7692307692307694,0.0034464502618274493
92,100,0.8741258741258742,0.0002007130733242317
92,101,0.8531468531468532,0.0004181179404149969
92,102,0.7692307692307694,0.0034464502618274493
92,103,0.8741258741258742,0.0002007130733242317
92,104,0.8531468531468532,0.0004181179404149969
92,105,0.7692307692307694,0.0034464502618274493
92,106,0.8741258741258742,0.0002007130733242317
92,107,0.8531468531468532,0.0004181179404149969
92,108,0.7692307692307694,0.0034464502618274493
92,109,0.9790209790209792,3.0898013985487064e-08
92,110,1.0,0.0
92,111,0.9440559440559443,3.927261080965951e-06
92,112,0.9790209790209792,3.0898013985487064e-08
92,113,1.0,0.0
92,114,0.9440559440559443,3.927261080965951e-06
92,115,0.8741258741258742,0.0002007130733242317
92,116,0.8531468531468532,0.0004181179404149969
92,117,0.7692307692307694,0.0034464502618274493
92,118,0.8741258741258742,0.0002007130733242317
92,119,0.8531468531468532,0.0004181179404149969
92,120,0.7692307692307694,0.0034464502618274493
92,121,0.8741258741258742,0.0002007130733242317
92,122,0.8531468531468532,0.0004181179404149969
92,123,0.7692307692307694,0.0034464502618274493
92,124,0.8741258741258742,0.0002007130733242317
92,125,0.8531468531468532,0.0004181179404149969
92,126,0.7692307692307694,0.0034464502618274493
92,127,0.9790209790209792,3.0898013985487064e-08
92,128,1.0,0.0
92,129,0.9440559440559443,3.927261080965951e-06
92,130,0.9790209790209792,3.0898013985487064e-08
92,131,1.0,0.0
92,132,0.9440559440559443,3.927261080965951e-06
92,133,0.8741258741258742,0.0002007130733242317
92,134,0.8531468531468532,0.0004181179404149969
92,135,0.7692307692307694,0.0034464502618274493
92,136,0.8741258741258742,0.0002007130733242317
92,137,0.8531468531468532,0.0004181179404149969
92,138,0.7692307692307694,0.0034464502618274493
92,139,0.8741258741258742,0.0002007130733242317
92,140,0.8531468531468532,0.0004181179404149969
92,141,0.7692307692307694,0.0034464502618274493
92,142,0.8741258741258742,0.0002007130733242317
92,143,0.8531468531468532,0.0004181179404149969
92,144,0.7692307692307694,0.0034464502618274493
92,145,0.9790209790209792,3.0898013985487064e-08
92,146,1.0,0.0
92,147,0.9440559440559443,3.927261080965951e-06
92,148,0.9790209790209792,3.0898013985487064e-08
92,149,1.0,0.0
92,150,0.9440559440559443,3.927261080965951e-06
92,151,0.8741258741258742,0.0002007130733242317
92,152,0.8531468531468532,0.0004181179404149969
92,153,0.7692307692307694,0.0034464502618274493
92,154,0.8741258741258742,0.0002007130733242317
92,155,0.8531468531468532,0.0004181179404149969
92,156,0.7692307692307694,0.0034464502618274493
92,157,0.8741258741258742,0.0002007130733242317
92,158,0.8531468531468532,0.0004181179404149969
92,159,0.7692307692307694,0.0034464502618274493
92,160,0.8741258741258742,0.0002007130733242317
92,161,0.8531468531468532,0.0004181179404149969
92,162,0.7692307692307694,0.0034464502618274493
93,94,0.8741258741258742,0.0002007130733242317
93,95,0.9440559440559443,3.927261080965951e-06
93,96,1.0,0.0
93,97,0.8041958041958043,0.0016147689860699299
93,98,0.8461538461538463,0.0005211337004810046
93,99,0.8741258741258742,0.0002007130733242317
93,100,0.8041958041958043,0.0016147689860699299
93,101,0.8461538461538463,0.0005211337004810046
93,102,0.8741258741258742,0.0002007130733242317
93,103,0.8041958041958043,0.0016147689860699299
93,104,0.8461538461538463,0.0005211337004810046
93,105,0.8741258741258742,0.0002007130733242317
93,106,0.8041958041958043,0.0016147689860699299
93,107,0.8461538461538463,0.0005211337004810046
93,108,0.8741258741258742,0.0002007130733242317
93,109,0.8741258741258742,0.0002007130733242317
93,110,0.9440559440559443,3.927261080965951e-06
93,111,1.0,0.0
93,112,0.8741258741258742,0.0002007130733242317
93,113,0.9440559440559443,3.927261080965951e-06
93,114,1.0,0.0
93,115,0.8041958041958043,0.0016147689860699299
93,116,0.8461538461538463,0.0005211337004810046
93,117,0.8741258741258742,0.0002007130733242317
93,118,0.8041958041958043,0.0016147689860699299
93,119,0.8461538461538463,0.0005211337004810046
93,120,0.8741258741258742,0.0002007130733242317
93,121,0.8041958041958043,0.0016147689860699299
93,122,0.8461538461538463,0.0005211337004810046
93,123,0.8741258741258742,0.0002007130733242317
93,124,0.8041958041958043,0.0016147689860699299
93,125,0.8461538461538463,0.0005211337004810046
93,126,0.8741258741258742,0.0002007130733242317
93,127,0.8741258741258742,0.0002007130733242317
93,128,0.9440559440559443,3.927261080965951e-06
93,129,1.0,0.0
93,130,0.8741258741258742,0.0002007130733242317
93,131,0.9440559440559443,3.927261080965951e-06
93,132,1.0,0.0
93,133,0.8041958041958043,0.0016147689860699299
93,134,0.8461538461538463,0.0005211337004810046
93,135,0.8741258741258742,0.0002007130733242317
93,136,0.8041958041958043,0.0016147689860699299
93,137,0.8461538461538463,0.0005211337004810046
93,138,0.8741258741258742,0.0002007130733242317
93,139,0.8041958041958043,0.0016147689860699299
93,140,0.8461538461538463,0.0005211337004810046
93,141,0.8741258741258742,0.0002007130733242317
93,142,0.8041958041958043,0.0016147689860699299
93,143,0.8461538461538463,0.0005211337004810046
93,144,0.8741258741258742,0.0002007130733242317
93,145,0.8741258741258742,0.0002007130733242317
93,146,0.9440559440559443,3.927261080965951e-06
93,147,1.0,0.0
93,148,0.8741258741258742,0.0002007130733242317
93,149,0.9440559440559443,3.927261080965951e-06
93,150,1.0,0.0
93,151,0.8041958041958043,0.0016147689860699299
93,152,0.8461538461538463,0.0005211337004810046
93,153,0.8741258741258742,0.0002007130733242317
93,154,0.8041958041958043,0.0016147689860699299
93,155,0.8461538461538463,0.0005211337004810046
93,156,0.8741258741258742,0.0002007130733242317
93,157,0.8041958041958043,0.0016147689860699299
93,158,0.8461538461538463,0.0005211337004810046
93,159,0.8741258741258742,0.0002007130733242317
93,160,0.8041958041958043,0.0016147689860699299
93,161,0.8461538461538463,0.0005211337004810046
93,162,0.8741258741258742,0.0002007130733242317
94,95,0.9790209790209792,3.0898013985487064e-08
94,96,0.8741258741258742,0.0002007130733242317
94,97,0.8951048951048951,8.36658642909172e-05
94,98,0.8321678321678322,0.0007854416778536138
94,99,0.6923076923076924,0.0125930304960941
94,100,0.8951048951048951,8.36658642909172e-05
94,101,0.8321678321678322,0.0007854416778536138
94,102,0.6923076923076924,0.0125930304960941
94,103,0.8951048951048951,8.36658642909172e-05
94,104,0.8321678321678322,0.0007854416778536138
94,105,0.6923076923076924,0.0125930304960941
94,106,0.8951048951048951,8.36658642909172e-05
94,107,0.8321678321678322,0.0007854416778536138
94,108,0.6923076923076924,0.0125930304960941
94,109,1.0,0.0
94,110,0.9790209790209792,3.0898013985487064e-08
94,111,0.8741258741258742,0.0002007130733242317
94,112,1.0,0.0
94,113,0.9790209790209792,3.0898013985487064e-08
94,114,0.8741258741258742,0.0002007130733242317
94,115,0.8951048951048951,8.36658642909172e-05
94,116,0.8321678321678322,0.0007854416778536138
94,117,0.6923076923076924,0.0125930304960941
94,118,0.8951048951048951,8.36658642909172e-05
94,119,0.8321678321678322,0.0007854416778536138
94,120,0.6923076923076924,0.0125930304960941
94,121,0.8951048951048951,8.36658642909172e-05
94,122,0.8321678321678322,0.0007854416778536138
94,123,0.6923076923076924,0.0125930304960941
94,124,0.8951048951048951,8.36658642909172e-05
94,125,0.8321678321678322,0.0007854416778536138
94,126,0.6923076923076924,0.0125930304960941
94,127,1.0,0.0
94,128,0.9790209790209792,3.0898013985487064e-08
94,129,0.8741258741258742,0.0002007130733242317
94,130,1.0,0.0
94,131,0.9790209790209792,3.0898013985487064e-08
94,132,0.8741258741258742,0.0002007130733242317
94,133,0.8951048951048951,8.36658642909172e-05
94,134,0.8321678321678322,0.0007854416778536138
94,135,0.6923076923076924,0.0125930304960941
94,136,0.8951048951048951,8.36658642909172e-05
94,137,0.8321678321678322,0.0007854416778536138
94,138,0.6923076923076924,0.0125930304960941
94,139,0.8951048951048951,8.36658642909172e-05
94,140,0.8321678321678322,0.0007854416778536138
94,141,0.6923076923076924,0.0125930304960941
94,142,0.8951048951048951,8.36658642909172e-05
94,143,0.8321678321678322,0.0007854416778536138
94,144,0.6923076923076924,0.0125930304960941
94,145,1.0,0.0
94,146,0.9790209790209792,3.0898013985487064e-08
94,147,0.8741258741258742,0.0002007130733242317
94,148,1.0,0.0
94,149,0.9790209790209792,3.0898013985487064e-08
94,150,0.8741258741258742,0.0002007130733242317
94,151,0.8951048951048951,8.36658642909172e-05
94,152,0.8321678321678322,0.0007854416778536138
94,153,0.6923076923076924,0.0125930304960941
94,154,0.8951048951048951,8.36658642909172e-05
94,155,0.8321678321678322,0.0007854416778536138
94,156,0.6923076923076924,0.0125930304960941
94,157,0.8951048951048951,8.36658642909172e-05
94,158,0.8321678321678322,0.0007854416778536138
94,159,0.6923076923076924,0.0125930304960941
94,160,0.8951048951048951,8.36658642909172e-05
94,161,0.8321678321678322,0.0007854416778536138
94,162,0.6923076923076924,0.0125930304960941
95,96,0.9440559440559443,3.927261080965951e-06
95,97,0.8741258741258742,0.0002007130733242317
95,98,0.8531468531468532,0.0004181179404149969
95,99,0.7692307692307694,0.0034464502618274493
95,100,0.8741258741258742,0.0002007130733242317
95,101,0.8531468531468532,0.0004181179404149969
95,102,0.7692307692307694,0.0034464502618274493
95,103,0.8741258741258742,0.0002007130733242317
95,104,0.8531468531468532,0.0004181179404149969
95,105,0.7692307692307694,0.0034464502618274493
95,106,0.8741258741258742,0.0002007130733242317
95,107,0.8531468531468532,0.0004181179404149969
95,108,0.7692307692307694,0.0034464502618274493
95,109,0.9790209790209792,3.0898013985487064e-08
95,110,1.0,0.0
95,111,0.9440559440559443,3.927261080965951e-06
95,112,0.9790209790209792,3.0898013985487064e-08
95,113,1.0,0.0
95,114,0.9440559440559443,3.927261080965951e-06
95,115,0.8741258741258742,0.0002007130733242317
95,116,0.8531468531468532,0.0004181179404149969
95,117,0.7692307692307694,0.0034464502618274493
95,118,0.8741258741258742,0.0002007130733242317
95,119,0.8531468531468532,0.0004181179404149969
95,120,0.7692307692307694,0.0034464502618274493
95,121,0.8741258741258742,0.0002007130733242317
95,122,0.8531468531468532,0.0004181179404149969
95,123,0.7692307692307694,0.0034464502618274493
95,124,0.8741258741258742,0.0002007130733242317
95,125,0.8531468531468532,0.0004181179404149969
95,126,0.7692307692307694,0.0034464502618274493
95,127,0.9790209790209792,3.0898013985487064e-08
95,128,1.0,0.0
95,129,0.9440559440559443,3.927261080965951e-06
95,130,0.9790209790209792,3.0898013985487064e-08
95,131,1.0,0.0
95,132,0.9440559440559443,3.927261080965951e-06
95,133,0.8741258741258742,0.0002007130733242317
95,134,0.8531468531468532,0.0004181179404149969
95,135,0.7692307692307694,0.0034464502618274493
95,136,0.8741258741258742,0.0002007130733242317
95,137,0.8531468531468532,0.0004181179404149969
95,138,0.7692307692307694,0.0034464502618274493
95,139,0.8741258741258742,0.0002007130733242317
95,140,0.8531468531468532,0.0004181179404149969
95,141,0.7692307692307694,0.0034464502618274493
95,142,0.8741258741258742,0.0002007130733242317
95,143,0.8531468531468532,0.0004181179404149969
95,144,0.7692307692307694,0.0034464502618274493
95,145,0.9790209790209792,3.0898013985487064e-08
95,146,1.0,0.0
95,147,0.9440559440559443,3.927261080965951e-06
95,148,0.9790209790209792,3.0898013985487064e-08
95,149,1.0,0.0
95,150,0.9440559440559443,3.927261080965951e-06
95,151,0.8741258741258742,0.0002007130733242317
95,152,0.8531468531468532,0.0004181179404149969
95,153,0.7692307692307694,0.0034464502618274493
95,154,0.8741258741258742,0.0002007130733242317
95,155,0.8531468531468532,0.0004181179404149969
95,156,0.7692307692307694,0.0034464502618274493
95,157,0.8741258741258742,0.0002007130733242317
95,158,0.8531468531468532,0.0004181179404149969
95,159,0.7692307692307694,0.0034464502618274493
95,160,0.8741258741258742,0.0002007130733242317
95,161,0.8531468531468532,0.0004181179404149969
95,162,0.7692307692307694,0.0034464502618274493
96,97,0.8041958041958043,0.0016147689860699299
96,98,0.8461538461538463,0.0005211337004810046
96,99,0.8741258741258742,0.0002007130733242317
96,100,0.8041958041958043,0.0016147689860699299
96,101,0.8461538461538463,0.0005211337004810046
96,102,0.8741258741258742,0.0002007130733242317
96,103,0.8041958041958043,0.0016147689860699299
96,104,0.8461538461538463,0.0005211337004810046
96,105,0.8741258741258742,0.0002007130733242317
96,106,0.8041958041958043,0.0016147689860699299
96,107,0.8461538461538463,0.0005211337004810046
96,108,0.8741258741258742,0.0002007130733242317
96,109,0.8741258741258742,0.0002007130733242317
96,110,0.9440559440559443,3.927261080965951e-06
96,111,1.0,0.0
96,112,0.8741258741258742,0.0002007130733242317
96,113,0.9440559440559443,3.927261080965951e-06
96,114,1.0,0.0
96,115,0.8041958041958043,0.0016147689860699299
96,116,0.8461538461538463,0.0005211337004810046
96,117,0.8741258741258742,0.0002007130733242317
96,118,0.8041958041958043,0.0016147689860699299
96,119,0.8461538461538463,0.0005211337004810046
96,120,0.8741258741258742,0.0002007130733242317
96,121,0.8041958041958043,0.0016147689860699299
96,122,0.8461538461538463,0.0005211337004810046
96,123,0.8741258741258742,0.0002007130733242317
96,124,0.8041958041958043,0.0016147689860699299
96,125,0.8461538461538463,0.0005211337004810046
96,126,0.8741258741258742,0.0002007130733242317
96,127,0.8741258741258742,0.0002007130733242317
96,128,0.9440559440559443,3.927261080965951e-06
96,129,1.0,0.0
96,130,0.8741258741258742,0.0002007130733242317
96,131,0.9440559440559443,3.927261080965951e-06
96,132,1.0,0.0
96,133,0.8041958041958043,0.0016147689860699299
96,134,0.8461538461538463,0.0005211337004810046
96,135,0.8741258741258742,0.0002007130733242317
96,136,0.8041958041958043,0.0016147689860699299
96,137,0.8461538461538463,0.0005211337004810046
96,138,0.8741258741258742,0.0002007130733242317
96,139,0.8041958041958043,0.0016147689860699299
96,140,0.8461538461538463,0.0005211337004810046
96,141,0.8741258741258742,0.0002007130733242317
96,142,0.8041958041958043,0.0016147689860699299
96,143,0.8461538461538463,0.0005211337004810046
96,144,0.8741258741258742,0.0002007130733242317
96,145,0.8741258741258742,0.0002007130733242317
96,146,0.9440559440559443,3.927261080965951e-06
96,147,1.0,0.0
96,148,0.8741258741258742,0.0002007130733242317
96,149,0.9440559440559443,3.927261080965951e-06
96,150,1.0,0.0
96,151,0.8041958041958043,0.0016147689860699299
96,152,0.8461538461538463,0.0005211337004810046
96,153,0.8741258741258742,0.0002007130733242317
96,154,0.8041958041958043,0.0016147689860699299
96,155,0.8461538461538463,0.0005211337004810046
96,156,0.8741258741258742,0.0002007130733242317
96,157,0.8041958041958043,0.0016147689860699299
96,158,0.8461538461538463,0.0005211337004810046
96,159,0.8741258741258742,0.0002007130733242317
96,160,0.8041958041958043,0.0016147689860699299
96,161,0.8461538461538463,0.0005211337004810046
96,162,0.8741258741258742,0.0002007130733242317
97,98,0.9720279720279721,1.2868115751495034e-07
97,99,0.8391608391608393,0.0006428259886278202
97,100,1.0,0.0
97,101,0.9720279720279721,1.2868115751495034e-07
97,102,0.8391608391608393,0.0006428259886278202
97,103,1.0,0.0
97,104,0.9720279720279721,1.2868115751495034e-07
97,105,0.8391608391608393,0.0006428259886278202
97,106,1.0,0.0
97,107,0.9720279720279721,1.2868115751495034e-07
97,108,0.8391608391608393,0.0006428259886278202
97,109,0.8951048951048951,8.36658642909172e-05
97,110,0.8741258741258742,0.0002007130733242317
97,111,0.8041958041958043,0.0016147689860699299
97,112,0.8951048951048951,8.36658642909172e-05
97,113,0.8741258741258742,0.0002007130733242317
97,114,0.8041958041958043,0.0016147689860699299
97,115,1.0,0.0
97,116,0.9720279720279721,1.2868115751495034e-07
97,117,0.8391608391608393,0.0006428259886278202
97,118,1.0,0.0
97,119,0.9720279720279721,1.2868115751495034e-07
97,120,0.8391608391608393,0.0006428259886278202
97,121,1.0,0.0
97,122,0.9720279720279721,1.2868115751495034e-07
97,123,0.8391608391608393,0.0006428259886278202
97,124,1.0,0.0
97,125,0.9720279720279721,1.2868115751495034e-07
97,126,0.8391608391608393,0.0006428259886278202
97,127,0.8951048951048951,8.36658642909172e-05
97,128,0.8741258741258742,0.0002007130733242317
97,129,0.8041958041958043,0.0016147689860699299
97,130,0.8951048951048951,8.36658642909172e-05
97,131,0.8741258741258742,0.0002007130733242317
97,132,0.8041958041958043,0.0016147689860699299
97,133,1.0,0.0
97,134,0.9720279720279721,1.2868115751495034e-07
97,135,0.8391608391608393,0.0006428259886278202
97,136,1.0,0.0
97,137,0.9720279720279721,1.2868115751495034e-07
97,138,0.8391608391608393,0.0006428259886278202
97,139,1.0,0.0
97,140,0.9720279720279721,1.2868115751495034e-07
97,141,0.8391608391608393,0.0006428259886278202
97,142,1.0,0.0
97,143,0.9720279720279721,1.2868115751495034e-07
97,144,0.8391608391608393,0.0006428259886278202
97,145,0.8951048951048951,8.36658642909172e-05
97,146,0.8741258741258742,0.0002007130733242317
97,147,0.8041958041958043,0.0016147689860699299
97,148,0.8951048951048951,8.36658642909172e-05
97,149,0.8741258741258742,0.0002007130733242317
97,150,0.8041958041958043,0.0016147689860699299
97,151,1.0,0.0
97,152,0.9720279720279721,1.2868115751495034e-07
97,153,0.8391608391608393,0.0006428259886278202
97,154,1.0,0.0
97,155,0.9720279720279721,1.2868115751495034e-07
97,156,0.8391608391608393,0.0006428259886278202
97,157,1.0,0.0
97,158,0.9720279720279721,1.2868115751495034e-07
97,159,0.8391608391608393,0.0006428259886278202
97,160,1.0,0.0
97,161,0.9720279720279721,1.2868115751495034e-07
97,162,0.8391608391608393,0.0006428259886278202
98,99,0.9300699300699302,1.170222792865967e-05
98,100,0.9720279720279721,1.2868115751495034e-07
98,101,1.0,0.0
98,102,0.9300699300699302,1.170222792865967e-05
98,103,0.9720279720279721,1.2868115751495034e-07
98,104,1.0,0.0
98,105,0.9300699300699302,1.170222792865967e-05
98,106,0.9720279720279721,1.2868115751495034e-07
98,107,1.0,0.0
98,108,0.9300699300699302,1.170222792865967e-05
98,109,0.8321678321678322,0.0007854416778536138
98,110,0.8531468531468532,0.0004181179404149969
98,111,0.8461538461538463,0.0005211337004810046
98,112,0.8321678321678322,0.0007854416778536138
98,113,0.8531468531468532,0.0004181179404149969
98,114,0.8461538461538463,0.0005211337004810046
98,115,0.9720279720279721,1.2868115751495034e-07
98,116,1.0,0.0
98,117,0.9300699300699302,1.170222792865967e-05
98,118,0.9720279720279721,1.2868115751495034e-07
98,119,1.0,0.0
98,120,0.9300699300699302,1.170222792865967e-05
98,121,0.9720279720279721,1.2868115751495034e-07
98,122,1.0,0.0
98,123,0.9300699300699302,1.170222792865967e-05
98,124,0.9720279720279721,1.2868115751495034e-07
98,125,1.0,0.0
98,126,0.9300699300699302,1.170222792865967e-05
98,127,0.8321678321678322,0.0007854416778536138
98,128,0.8531468531468532,0.0004181179404149969
98,129,0.8461538461538463,0.0005211337004810046
98,130,0.8321678321678322,0.0007854416778536138
98,131,0.8531468531468532,0.0004181179404149969
98,132,0.8461538461538463,0.0005211337004810046
98,133,0.9720279720279721,1.2868115751495034e-07
98,134,1.0,0.0
98,135,0.9300699300699302,1.170222792865967e-05
98,136,0.9720279720279721,1.2868115751495034e-07
98,137,1.0,0.0
98,138,0.9300699300699302,1.170222792865967e-05
98,139,0.9720279720279721,1.2868115751495034e-07
98,140,1.0,0.0
98,141,0.9300699300699302,1.170222792865967e-05
98,142,0.9720279720279721,1.2868115751495034e-07
98,143,1.0,0.0
98,144,0.9300699300699302,1.170222792865967e-05
98,145,0.8321678321678322,0.0007854416778536138
98,146,0.8531468531468532,0.0004181179404149969
98,147,0.8461538461538463,0.0005211337004810046
98,148,0.8321678321678322,0.0007854416778536138
98,149,0.8531468531468532,0.0004181179404149969
98,150,0.8461538461538463,0.0005211337004810046
98,151,0.9720279720279721,1.2868115751495034e-07
98,152,1.0,0.0
98,153,0.9300699300699302,1.170222792865967e-05
98,154,0.9720279720279721,1.2868115751495034e-07
98,155,1.0,0.0
98,156,0.9300699300699302,1.170222792865967e-05
98,157,0.9720279720279721,1.2868115751495034e-07
98,158,1.0,0.0
98,159,0.9300699300699302,1.170222792865967e-05
98,160,0.9720279720279721,1.2868115751495034e-07
98,161,1.0,0.0
98,162,0.9300699300699302,1.170222792865967e-05
99,100,0.8391608391608393,0.0006428259886278202
99,101,0.9300699300699302,1.170222792865967e-05
99,102,1.0,0.0
99,103,0.8391608391608393,0.0006428259886278202
99,104,0.9300699300699302,1.170222792865967e-05
99,105,1.0,0.0
99,106,0.8391608391608393,0.0006428259886278202
99,107,0.9300699300699302,1.170222792865967e-05
99,108,1.0,0.0
99,109,0.6923076923076924,0.0125930304960941
99,110,0.7692307692307694,0.0034464502618274493
99,111,0.8741258741258742,0.0002007130733242317
99,112,0.6923076923076924,0.0125930304960941
99,113,0.7692307692307694,0.0034464502618274493
99,114,0.8741258741258742,0.0002007130733242317
99,115,0.8391608391608393,0.0006428259886278202
99,116,0.9300699300699302,1.170222792865967e-05
99,117,1.0,0.0
99,118,0.8391608391608393,0.0006428259886278202
99,119,0.9300699300699302,1.170222792865967e-05
99,120,1.0,0.0
99,121,0.8391608391608393,0.0006428259886278202
99,122,0.9300699300699302,1.170222792865967e-05
99,123,1.0,0.0
99,124,0.8391608391608393,0.0006428259886278202
99,125,0.9300699300699302,1.170222792865967e-05
99,126,1.0,0.0
99,127,0.6923076923076924,0.0125930304960941
99,128,0.7692307692307694,0.0034464502618274493
99,129,0.8741258741258742,0.0002007130733242317
99,130,0.6923076923076924,0.0125930304960941
99,131,0.7692307692307694,0.0034464502618274493
99,132,0.8741258741258742,0.0002007130733242317
99,133,0.8391608391608393,0.0006428259886278202
99,134,0.9300699300699302,1.170222792865967e-05
99,135,1.0,0.0
99,136,0.8391608391608393,0.0006428259886278202
99,137,0.9300699300699302,1.170222792865967e-05
99,138,1.0,0.0
99,139,0.8391608391608393,0.0006428259886278202
99,140,0.9300699300699302,1.170222792865967e-05
99,141,1.0,0.0
99,142,0.8391608391608393,0.0006428259886278202
99,143,0.9300699300699302,1.170222792865967e-05
99,144,1.0,0.0
99,145,0.6923076923076924,0.0125930304960941
99,146,0.7692307692307694,0.0034464502618274493
99,147,0.8741258741258742,0.0002007130733242317
99,148,0.6923076923076924,0.0125930304960941
99,149,0.7692307692307694,0.0034464502618274493
99,150,0.8741258741258742,0.0002007130733242317
99,151,0.8391608391608393,0.0006428259886278202
99,152,0.9300699300699302,1.170222792865967e-05
99,153,1.0,0.0
99,154,0.8391608391608393,0.0006428259886278202
99,155,0.9300699300699302,1.170222792865967e-05
99,156,1.0,0.0
99,157,0.8391608391608393,0.0006428259886278202
99,158,0.9300699300699302,1.170222792865967e-05
99,159,1.0,0.0
99,160,0.8391608391608393,0.0006428259886278202
99,161,0.9300699300699302,1.170222792865967e-05
99,162,1.0,0.0
100,101,0.9720279720279721,1.2868115751495034e-07
100,102,0.8391608391608393,0.0006428259886278202
100,103,1.0,0.0
100,104,0.9720279720279721,1.2868115751495034e-07
100,105,0.8391608391608393,0.0006428259886278202
100,106,1.0,0.0
100,107,0.9720279720279721,1.2868115751495034e-07
100,108,0.8391608391608393,0.0006428259886278202
100,109,0.8951048951048951,8.36658642909172e-05
100,110,0.8741258741258742,0.0002007130733242317
100,111,0.8041958041958043,0.0016147689860699299
100,112,0.8951048951048951,8.36658642909172e-05
100,113,0.8741258741258742,0.0002007130733242317
100,114,0.8041958041958043,0.0016147689860699299
100,115,1.0,0.0
100,116,0.9720279720279721,1.2868115751495034e-07
100,117,0.8391608391608393,0.0006428259886278202
100,118,1.0,0.0
100,119,0.9720279720279721,1.2868115751495034e-07
100,120,0.8391608391608393,0.0006428259886278202
100,121,1.0,0.0
100,122,0.9720279720279721,1.2868115751495034e-07
100,123,0.8391608391608393,0.0006428259886278202
100,124,1.0,0.0
100,125,0.9720279720279721,1.2868115751495034e-07
100,126,0.8391608391608393,0.0006428259886278202
100,127,0.8951048951048951,8.36658642909172e-05
100,128,0.8741258741258742,0.0002007130733242317
100,129,0.8041958041958043,0.0016147689860699299
100,130,0.8951048951048951,8.36658642909172e-05
100,131,0.8741258741258742,0.0002007130733242317
100,132,0.8041958041958043,0.0016147689860699299
100,133,1.0,0.0
100,134,0.9720279720279721,1.2868115751495034e-07
100,135,0.8391608391608393,0.0006428259886278202
100,136,1.0,0.0
100,137,0.9720279720279721,1.2868115751495034e-07
100,138,0.8391608391608393,0.0006428259886278202
100,139,1.0,0.0
100,140,0.9720279720279721,1.2868115751495034e-07
100,141,0.8391608391608393,0.0006428259886278202
100,142,1.0,0.0
100,143,0.9720279720279721,1.2868115751495034e-07
100,144,0.8391608391608393,0.0006428259886278202
100,145,0.8951048951048951,8.36658642909172e-05
100,146,0.8741258741258742,0.0002007130733242317
100,147,0.8041958041958043,0.0016147689860699299
100,148,0.8951048951048951,8.36658642909172e-05
100,149,0.8741258741258742,0.0002007130733242317
100,150,0.8041958041958043,0.0016147689860699299
100,151,1.0,0.0
100,152,0.9720279720279721,1.2868115751495034e-07
100,153,0.8391608391608393,0.0006428259886278202
100,154,1.0,0.0
100,155,0.9720279720279721,1.2868115751495034e-07
100,156,0.8391608391608393,0.0006428259886278202
100,157,1.0,0.0
100,158,0.9720279720279721,1.2868115751495034e-07
100,159,0.8391608391608393,0.0006428259886278202
100,160,1.0,0.0
100,161,0.9720279720279721,1.2868115751495034e-07
100,162,0.8391608391608393,0.0006428259886278202
101,102,0.9300699300699302,1.170222792865967e-05
101,103,0.9720279720279721,1.2868115751495034e-07
101,104,1.0,0.0
101,105,0.9300699300699302,1.170222792865967e-05
101,106,0.9720279720279721,1.2868115751495034e-07
101,107,1.0,0.0
101,108,0.9300699300699302,1.170222792865967e-05
101,109,0.8321678321678322,0.0007854416778536138
101,110,0.8531468531468532,0.0004181179404149969
101,111,0.8461538461538463,0.0005211337004810046
101,112,0.8321678321678322,0.0007854416778536138
101,113,0.8531468531468532,0.0004181179404149969
101,114,0.8461538461538463,0.0005211337004810046
101,115,0.9720279720279721,1.2868115751495034e-07
101,116,1.0,0.0
101,117,0.9300699300699302,1.170222792865967e-05
101,118,0.9720279720279721,1.2868115751495034e-07
101,119,1.0,0.0
101,120,0.9300699300699302,1.170222792865967e-05
101,121,0.9720279720279721,1.2868115751495034e-07
101,122,1.0,0.0
101,123,0.9300699300699302,1.170222792865967e-05
101,124,0.9720279720279721,1.2868115751495034e-07
101,125,1.0,0.0
101,126,0.9300699300699302,1.170222792865967e-05
101,127,0.8321678321678322,0.0007854416778536138
101,128,0.8531468531468532,0.0004181179404149969
101,129,0.8461538461538463,0.0005211337004810046
101,130,0.8321678321678322,0.0007854416778536138
101,131,0.8531468531468532,0.0004181179404149969
101,132,0.8461538461538463,0.0005211337004810046
101,133,0.9720279720279721,1.2868115751495034e-07
101,134,1.0,0.0
101,135,0.9300699300699302,1.170222792865967e-05
101,136,0.9720279720279721,1.2868115751495034e-07
101,137,1.0,0.0
101,138,0.9300699300699302,1.170222792865967e-05
101,139,0.9720279720279721,1.2868115751495034e-07
101,140,1.0,0.0
101,141,0.9300699300699302,1.170222792865967e-05
101,142,0.9720279720279721,1.2868115751495034e-07
101,143,1.0,0.0
101,144,0.9300699300699302,1.170222792865967e-05
101,145,0.8321678321678322,0.0007854416778536138
101,146,0.8531468531468532,0.0004181179404149969
101,147,0.8461538461538463,0.0005211337004810046
101,148,0.8321678321678322,0.0007854416778536138
101,149,0.8531468531468532,0.0004181179404149969
101,150,0.8461538461538463,0.0005211337004810046
101,151,0.9720279720279721,1.2868115751495034e-07
101,152,1.0,0.0
101,153,0.9300699300699302,1.170222792865967e-05
101,154,0.9720279720279721,1.2868115751495034e-07
101,155,1.0,0.0
101,156,0.9300699300699302,1.170222792865967e-05
101,157,0.9720279720279721,1.2868115751495034e-07
101,158,1.0,0.0
101,159,0.9300699300699302,1.170222792865967e-05
101,160,0.9720279720279721,1.2868115751495034e-07
101,161,1.0,0.0
101,162,0.9300699300699302,1.170222792865967e-05
102,103,0.8391608391608393,0.0006428259886278202
102,104,0.9300699300699302,1.170222792865967e-05
102,105,1.0,0.0
102,106,0.8391608391608393,0.0006428259886278202
102,107,0.9300699300699302,1.170222792865967e-05
102,108,1.0,0.0
102,109,0.6923076923076924,0.0125930304960941
102,110,0.7692307692307694,0.0034464502618274493
102,111,0.8741258741258742,0.0002007130733242317
102,112,0.6923076923076924,0.0125930304960941
102,113,0.7692307692307694,0.0034464502618274493
102,114,0.8741258741258742,0.0002007130733242317
102,115,0.8391608391608393,0.0006428259886278202
102,116,0.9300699300699302,1.170222792865967e-05
102,117,1.0,0.0
102,118,0.8391608391608393,0.0006428259886278202
102,119,0.9300699300699302,1.170222792865967e-05
102,120,1.0,0.0
102,121,0.8391608391608393,0.0006428259886278202
102,122,0.9300699300699302,1.170222792865967e-05
102,123,1.0,0.0
102,124,0.8391608391608393,0.0006428259886278202
102,125,0.9300699300699302,1.170222792865967e-05
102,126,1.0,0.0
102,127,0.6923076923076924,0.0125930304960941
102,128,0.7692307692307694,0.0034464502618274493
102,129,0.8741258741258742,0.0002007130733242317
102,130,0.6923076923076924,0.0125930304960941
102,131,0.7692307692307694,0.0034464502618274493
102,132,0.8741258741258742,0.0002007130733242317
102,133,0.8391608391608393,0.0006428259886278202
102,134,0.9300699300699302,1.170222792865967e-05
102,135,1.0,0.0
102,136,0.8391608391608393,0.0006428259886278202
102,137,0.9300699300699302,1.170222792865967e-05
102,138,1.0,0.0
102,139,0.8391608391608393,0.0006428259886278202
102,140,0.9300699300699302,1.170222792865967e-05
102,141,1.0,0.0
102,142,0.8391608391608393,0.0006428259886278202
102,143,0.9300699300699302,1.170222792865967e-05
102,144,1.0,0.0
102,145,0.6923076923076924,0.0125930304960941
102,146,0.7692307692307694,0.0034464502618274493
102,147,0.8741258741258742,0.0002007130733242317
102,148,0.6923076923076924,0.0125930304960941
102,149,0.7692307692307694,0.0034464502618274493
102,150,0.8741258741258742,0.0002007130733242317
102,151,0.8391608391608393,0.0006428259886278202
102,152,0.9300699300699302,1.170222792865967e-05
102,153,1.0,0.0
102,154,0.8391608391608393,0.0006428259886278202
102,155,0.9300699300699302,1.170222792865967e-05
102,156,1.0,0.0
102,157,0.8391608391608393,0.0006428259886278202
102,158,0.9300699300699302,1.170222792865967e-05
102,159,1.0,0.0
102,160,0.8391608391608393,0.0006428259886278202
102,161,0.9300699300699302,1.170222792865967e-05
102,162,1.0,0.0
103,104,0.9720279720279721,1.2868115751495034e-07
103,105,0.8391608391608393,0.0006428259886278202
103,106,1.0,0.0
103,107,0.9720279720279721,1.2868115751495034e-07
103,108,0.8391608391608393,0.0006428259886278202
103,109,0.8951048951048951,8.36658642909172e-05
103,110,0.8741258741258742,0.0002007130733242317
103,111,0.8041958041958043,0.0016147689860699299
103,112,0.8951048951048951,8.36658642909172e-05
103,113,0.8741258741258742,0.0002007130733242317
103,114,0.8041958041958043,0.0016147689860699299
103,115,1.0,0.0
103,116,0.9720279720279721,1.2868115751495034e-07
103,117,0.8391608391608393,0.0006428259886278202
103,118,1.0,0.0
103,119,0.9720279720279721,1.2868115751495034e-07
103,120,0.8391608391608393,0.0006428259886278202
103,121,1.0,0.0
103,122,0.9720279720279721,1.2868115751495034e-07
103,123,0.8391608391608393,0.0006428259886278202
103,124,1.0,0.0
103,125,0.9720279720279721,1.2868115751495034e-07
103,126,0.8391608391608393,0.0006428259886278202
103,127,0.8951048951048951,8.36658642909172e-05
103,128,0.8741258741258742,0.0002007130733242317
103,129,0.8041958041958043,0.0016147689860699299
103,130,0.8951048951048951,8.36658642909172e-05
103,131,0.8741258741258742,0.0002007130733242317
103,132,0.8041958041958043,0.0016147689860699299
103,133,1.0,0.0
103,134,0.9720279720279721,1.2868115751495034e-07
103,135,0.8391608391608393,0.0006428259886278202
103,136,1.0,0.0
103,137,0.9720279720279721,1.2868115751495034e-07
103,138,0.8391608391608393,0.0006428259886278202
103,139,1.0,0.0
103,140,0.9720279720279721,1.2868115751495034e-07
103,141,0.8391608391608393,0.0006428259886278202
103,142,1.0,0.0
103,143,0.9720279720279721,1.2868115751495034e-07
103,144,0.8391608391608393,0.0006428259886278202
103,145,0.8951048951048951,8.36658642909172e-05
103,146,0.8741258741258742,0.0002007130733242317
103,147,0.8041958041958043,0.0016147689860699299
103,148,0.8951048951048951,8.36658642909172e-05
103,149,0.8741258741258742,0.0002007130733242317
103,150,0.8041958041958043,0.0016147689860699299
103,151,1.0,0.0
103,152,0.9720279720279721,1.2868115751495034e-07
103,153,0.8391608391608393,0.0006428259886278202
103,154,1.0,0.0
103,155,0.9720279720279721,1.2868115751495034e-07
103,156,0.8391608391608393,0.0006428259886278202
103,157,1.0,0.0
103,158,0.9720279720279721,1.2868115751495034e-07
103,159,0.8391608391608393,0.0006428259886278202
103,160,1.0,0.0
103,161,0.9720279720279721,1.2868115751495034e-07
103,162,0.8391608391608393,0.0006428259886278202
104,105,0.9300699300699302,1.170222792865967e-05
104,106,0.9720279720279721,1.2868115751495034e-07
104,107,1.0,0.0
104,108,0.9300699300699302,1.170222792865967e-05
104,109,0.8321678321678322,0.0007854416778536138
104,110,0.8531468531468532,0.0004181179404149969
104,111,0.8461538461538463,0.0005211337004810046
104,112,0.8321678321678322,0.0007854416778536138
104,113,0.8531468531468532,0.0004181179404149969
104,114,0.8461538461538463,0.0005211337004810046
104,115,0.9720279720279721,1.2868115751495034e-07
104,116,1.0,0.0
104,117,0.9300699300699302,1.170222792865967e-05
104,118,0.9720279720279721,1.2868115751495034e-07
104,119,1.0,0.0
104,120,0.9300699300699302,1.170222792865967e-05
104,121,0.9720279720279721,1.2868115751495034e-07
104,122,1.0,0.0
104,123,0.9300699300699302,1.170222792865967e-05
104,124,0.9720279720279721,1.2868115751495034e-07
104,125,1.0,0.0
104,126,0.9300699300699302,1.170222792865967e-05
104,127,0.8321678321678322,0.0007854416778536138
104,128,0.8531468531468532,0.0004181179404149969
104,129,0.8461538461538463,0.0005211337004810046
104,130,0.8321678321678322,0.0007854416778536138
104,131,0.8531468531468532,0.0004181179404149969
104,132,0.8461538461538463,0.0005211337004810046
104,133,0.9720279720279721,1.2868115751495034e-07
104,134,1.0,0.0
104,135,0.9300699300699302,1.170222792865967e-05
104,136,0.9720279720279721,1.2868115751495034e-07
104,137,1.0,0.0
104,138,0.9300699300699302,1.170222792865967e-05
104,139,0.9720279720279721,1.2868115751495034e-07
104,140,1.0,0.0
104,141,0.9300699300699302,1.170222792865967e-05
104,142,0.9720279720279721,1.2868115751495034e-07
104,143,1.0,0.0
104,144,0.9300699300699302,1.170222792865967e-05
104,145,0.8321678321678322,0.0007854416778536138
104,146,0.8531468531468532,0.0004181179404149969
104,147,0.8461538461538463,0.0005211337004810046
104,148,0.8321678321678322,0.0007854416778536138
104,149,0.8531468531468532,0.0004181179404149969
104,150,0.8461538461538463,0.0005211337004810046
104,151,0.9720279720279721,1.2868115751495034e-07
104,152,1.0,0.0
104,153,0.9300699300699302,1.170222792865967e-05
104,154,0.9720279720279721,1.2868115751495034e-07
104,155,1.0,0.0
104,156,0.9300699300699302,1.170222792865967e-05
104,157,0.9720279720279721,1.2868115751495034e-07
104,158,1.0,0.0
104,159,0.9300699300699302,1.170222792865967e-05
104,160,0.9720279720279721,1.2868115751495034e-07
104,161,1.0,0.0
104,162,0.9300699300699302,1.170222792865967e-05
105,106,0.8391608391608393,0.0006428259886278202
105,107,0.9300699300699302,1.170222792865967e-05
105,108,1.0,0.0
105,109,0.6923076923076924,0.0125930304960941
105,110,0.7692307692307694,0.0034464502618274493
105,111,0.8741258741258742,0.0002007130733242317
105,112,0.6923076923076924,0.0125930304960941
105,113,0.7692307692307694,0.0034464502618274493
105,114,0.8741258741258742,0.0002007130733242317
105,115,0.8391608391608393,0.0006428259886278202
105,116,0.9300699300699302,1.170222792865967e-05
105,117,1.0,0.0
105,118,0.8391608391608393,0.0006428259886278202
105,119,0.9300699300699302,1.170222792865967e-05
105,120,1.0,0.0
105,121,0.8391608391608393,0.0006428259886278202
105,122,0.9300699300699302,1.170222792865967e-05
105,123,1.0,0.0
105,124,0.8391608391608393,0.0006428259886278202
105,125,0.9300699300699302,1.170222792865967e-05
105,126,1.0,0.0
105,127,0.6923076923076924,0.0125930304960941
105,128,0.7692307692307694,0.0034464502618274493
105,129,0.8741258741258742,0.0002007130733242317
105,130,0.6923076923076924,0.0125930304960941
105,131,0.7692307692307694,0.0034464502618274493
105,132,0.8741258741258742,0.0002007130733242317
105,133,0.8391608391608393,0.0006428259886278202
105,134,0.9300699300699302,1.170222792865967e-05
105,135,1.0,0.0
105,136,0.8391608391608393,0.0006428259886278202
105,137,0.9300699300699302,1.170222792865967e-05
105,138,1.0,0.0
105,139,0.8391608391608393,0.0006428259886278202
105,140,0.9300699300699302,1.170222792865967e-05
105,141,1.0,0.0
105,142,0.8391608391608393,0.0006428259886278202
105,143,0.9300699300699302,1.170222792865967e-05
105,144,1.0,0.0
105,145,0.6923076923076924,0.0125930304960941
105,146,0.7692307692307694,0.0034464502618274493
105,147,0.8741258741258742,0.0002007130733242317
105,148,0.6923076923076924,0.0125930304960941
105,149,0.7692307692307694,0.0034464502618274493
105,150,0.8741258741258742,0.0002007130733242317
105,151,0.8391608391608393,0.0006428259886278202
105,152,0.9300699300699302,1.170222792865967e-05
105,153,1.0,0.0
105,154,0.8391608391608393,0.0006428259886278202
105,155,0.9300699300699302,1.170222792865967e-05
105,156,1.0,0.0
105,157,0.8391608391608393,0.0006428259886278202
105,158,0.9300699300699302,1.170222792865967e-05
105,159,1.0,0.0
105,160,0.8391608391608393,0.0006428259886278202
105,161,0.9300699300699302,1.170222792865967e-05
105,162,1.0,0.0
106,107,0.9720279720279721,1.2868115751495034e-07
106,108,0.8391608391608393,0.0006428259886278202
106,109,0.8951048951048951,8.36658642909172e-05
106,110,0.8741258741258742,0.0002007130733242317
106,111,0.8041958041958043,0.0016147689860699299
106,112,0.8951048951048951,8.36658642909172e-05
106,113,0.8741258741258742,0.0002007130733242317
106,114,0.8041958041958043,0.0016147689860699299
106,115,1.0,0.0
106,116,0.9720279720279721,1.2868115751495034e-07
106,117,0.8391608391608393,0.0006428259886278202
106,118,1.0,0.0
106,119,0.9720279720279721,1.2868115751495034e-07
106,120,0.8391608391608393,0.0006428259886278202
106,121,1.0,0.0
106,122,0.9720279720279721,1.2868115751495034e-07
106,123,0.8391608391608393,0.0006428259886278202
106,124,1.0,0.0
106,125,0.9720279720279721,1.2868115751495034e-07
106,126,0.8391608391608393,0.0006428259886278202
106,127,0.8951048951048951,8.36658642909172e-05
106,128,0.8741258741258742,0.0002007130733242317
106,129,0.8041958041958043,0.0016147689860699299
106,130,0.8951048951048951,8.36658642909172e-05
106,131,0.8741258741258742,0.0002007130733242317
106,132,0.8041958041958043,0.0016147689860699299
106,133,1.0,0.0
106,134,0.9720279720279721,1.2868115751495034e-07
106,135,0.8391608391608393,0.0006428259886278202
106,136,1.0,0.0
106,137,0.9720279720279721,1.2868115751495034e-07
106,138,0.8391608391608393,0.0006428259886278202
106,139,1.0,0.0
106,140,0.9720279720279721,1.2868115751495034e-07
106,141,0.8391608391608393,0.0006428259886278202
106,142,1.0,0.0
106,143,0.9720279720279721,1.2868115751495034e-07
106,144,0.8391608391608393,0.0006428259886278202
106,145,0.8951048951048951,8.36658642909172e-05
106,146,0.8741258741258742,0.0002007130733242317
106,147,0.8041958041958043,0.0016147689860699299
106,148,0.8951048951048951,8.36658642909172e-05
106,149,0.8741258741258742,0.0002007130733242317
106,150,0.8041958041958043,0.0016147689860699299
106,151,1.0,0.0
106,152,0.9720279720279721,1.2868115751495034e-07
106,153,0.8391608391608393,0.0006428259886278202
106,154,1.0,0.0
106,155,0.9720279720279721,1.2868115751495034e-07
106,156,0.8391608391608393,0.0006428259886278202
106,157,1.0,0.0
106,158,0.9720279720279721,1.2868115751495034e-07
106,159,0.8391608391608393,0.0006428259886278202
106,160,1.0,0.0
106,161,0.9720279720279721,1.2868115751495034e-07
106,162,0.8391608391608393,0.0006428259886278202
107,108,0.9300699300699302,1.170222792865967e-05
107,109,0.8321678321678322,0.0007854416778536138
107,110,0.8531468531468532,0.0004181179404149969
107,111,0.8461538461538463,0.0005211337004810046
107,112,0.8321678321678322,0.0007854416778536138
107,113,0.8531468531468532,0.0004181179404149969
107,114,0.8461538461538463,0.0005211337004810046
107,115,0.9720279720279721,1.2868115751495034e-07
107,116,1.0,0.0
107,117,0.9300699300699302,1.170222792865967e-05
107,118,0.9720279720279721,1.2868115751495034e-07
107,119,1.0,0.0
107,120,0.9300699300699302,1.170222792865967e-05
107,121,0.9720279720279721,1.2868115751495034e-07
107,122,1.0,0.0
107,123,0.9300699300699302,1.170222792865967e-05
107,124,0.9720279720279721,1.2868115751495034e-07
107,125,1.0,0.0
107,126,0.9300699300699302,1.170222792865967e-05
107,127,0.8321678321678322,0.0007854416778536138
107,128,0.8531468531468532,0.0004181179404149969
107,129,0.8461538461538463,0.0005211337004810046
107,130,0.8321678321678322,0.0007854416778536138
107,131,0.8531468531468532,0.0004181179404149969
107,132,0.8461538461538463,0.0005211337004810046
107,133,0.9720279720279721,1.2868115751495034e-07
107,134,1.0,0.0
107,135,0.9300699300699302,1.170222792865967e-05
107,136,0.9720279720279721,1.2868115751495034e-07
107,137,1.0,0.0
107,138,0.9300699300699302,1.170222792865967e-05
107,139,0.9720279720279721,1.2868115751495034e-07
107,140,1.0,0.0
107,141,0.9300699300699302,1.170222792865967e-05
107,142,0.9720279720279721,1.2868115751495034e-07
107,143,1.0,0.0
107,144,0.9300699300699302,1.170222792865967e-05
107,145,0.8321678321678322,0.0007854416778536138
107,146,0.8531468531468532,0.0004181179404149969
107,147,0.8461538461538463,0.0005211337004810046
107,148,0.8321678321678322,0.0007854416778536138
107,149,0.8531468531468532,0.0004181179404149969
107,150,0.8461538461538463,0.0005211337004810046
107,151,0.9720279720279721,1.2868115751495034e-07
107,152,1.0,0.0
107,153,0.9300699300699302,1.170222792865967e-05
107,154,0.9720279720279721,1.2868115751495034e-07
107,155,1.0,0.0
107,156,0.9300699300699302,1.170222792865967e-05
107,157,0.9720279720279721,1.2868115751495034e-07
107,158,1.0,0.0
107,159,0.9300699300699302,1.170222792865967e-05
107,160,0.9720279720279721,1.2868115751495034e-07
107,161,1.0,0.0
107,162,0.9300699300699302,1.170222792865967e-05
108,109,0.6923076923076924,0.0125930304960941
108,110,0.7692307692307694,0.0034464502618274493
108,111,0.8741258741258742,0.0002007130733242317
108,112,0.6923076923076924,0.0125930304960941
108,113,0.7692307692307694,0.0034464502618274493
108,114,0.8741258741258742,0.0002007130733242317
108,115,0.8391608391608393,0.0006428259886278202
108,116,0.9300699300699302,1.170222792865967e-05
108,117,1.0,0.0
108,118,0.8391608391608393,0.0006428259886278202
108,119,0.9300699300699302,1.170222792865967e-05
108,120,1.0,0.0
108,121,0.8391608391608393,0.0006428259886278202
108,122,0.9300699300699302,1.170222792865967e-05
108,123,1.0,0.0
108,124,0.8391608391608393,0.0006428259886278202
108,125,0.9300699300699302,1.170222792865967e-05
108,126,1.0,0.0
108,127,0.6923076923076924,0.0125930304960941
108,128,0.7692307692307694,0.0034464502618274493
108,129,0.8741258741258742,0.0002007130733242317
108,130,0.6923076923076924,0.0125930304960941
108,131,0.7692307692307694,0.0034464502618274493
108,132,0.8741258741258742,0.0002007130733242317
108,133,0.8391608391608393,0.0006428259886278202
108,134,0.9300699300699302,1.170222792865967e-05
108,135,1.0,0.0
108,136,0.8391608391608393,0.0006428259886278202
108,137,0.9300699300699302,1.170222792865967e-05
108,138,1.0,0.0
108,139,0.8391608391608393,0.0006428259886278202
108,140,0.9300699300699302,1.170222792865967e-05
108,141,1.0,0.0
108,142,0.8391608391608393,0.0006428259886278202
108,143,0.9300699300699302,1.170222792865967e-05
108,144,1.0,0.0
108,145,0.6923076923076924,0.0125930304960941
108,146,0.7692307692307694,0.0034464502618274493
108,147,0.8741258741258742,0.0002007130733242317
108,148,0.6923076923076924,0.0125930304960941
108,149,0.7692307692307694,0.0034464502618274493
108,150,0.8741258741258742,0.0002007130733242317
108,151,0.8391608391608393,0.0006428259886278202
108,152,0.9300699300699302,1.170222792865967e-05
108,153,1.0,0.0
108,154,0.8391608391608393,0.0006428259886278202
108,155,0.9300699300699302,1.170222792865967e-05
108,156,1.0,0.0
108,157,0.8391608391608393,0.0006428259886278202
108,158,0.9300699300699302,1.170222792865967e-05
108,159,1.0,0.0
108,160,0.8391608391608393,0.0006428259886278202
108,161,0.9300699300699302,1.170222792865967e-05
108,162,1.0,0.0
109,110,0.9790209790209792,3.0898013985487064e-08
109,111,0.8741258741258742,0.0002007130733242317
109,112,1.0,0.0
109,113,0.9790209790209792,3.0898013985487064e-08
109,114,0.8741258741258742,0.0002007130733242317
109,115,0.8951048951048951,8.36658642909172e-05
109,116,0.8321678321678322,0.0007854416778536138
109,117,0.6923076923076924,0.0125930304960941
109,118,0.8951048951048951,8.36658642909172e-05
109,119,0.8321678321678322,0.0007854416778536138
109,120,0.6923076923076924,0.0125930304960941
109,121,0.8951048951048951,8.36658642909172e-05
109,122,0.8321678321678322,0.0007854416778536138
109,123,0.6923076923076924,0.0125930304960941
109,124,0.8951048951048951,8.36658642909172e-05
109,125,0.8321678321678322,0.0007854416778536138
109,126,0.6923076923076924,0.0125930304960941
109,127,1.0,0.0
109,128,0.9790209790209792,3.0898013985487064e-08
109,129,0.8741258741258742,0.0002007130733242317
109,130,1.0,0.0
109,131,0.9790209790209792,3.0898013985487064e-08
109,132,0.8741258741258742,0.0002007130733242317
109,133,0.8951048951048951,8.36658642909172e-05
109,134,0.8321678321678322,0.0007854416778536138
109,135,0.6923076923076924,0.0125930304960941
109,136,0.8951048951048951,8.36658642909172e-05
109,137,0.8321678321678322,0.0007854416778536138
109,138,0.6923076923076924,0.0125930304960941
109,139,0.8951048951048951,8.36658642909172e-05
109,140,0.8321678321678322,0.0007854416778536138
109,141,0.6923076923076924,0.0125930304960941
109,142,0.8951048951048951,8.36658642909172e-05
109,143,0.8321678321678322,0.0007854416778536138
109,144,0.6923076923076924,0.0125930304960941
109,145,1.0,0.0
109,146,0.9790209790209792,3.0898013985487064e-08
109,147,0.8741258741258742,0.0002007130733242317
109,148,1.0,0.0
109,149,0.9790209790209792,3.0898013985487064e-08
109,150,0.8741258741258742,0.0002007130733242317
109,151,0.8951048951048951,8.36658642909172e-05
109,152,0.8321678321678322,0.0007854416778536138
109,153,0.6923076923076924,0.0125930304960941
109,154,0.8951048951048951,8.36658642909172e-05
109,155,0.8321678321678322,0.0007854416778536138
109,156,0.6923076923076924,0.0125930304960941
109,157,0.8951048951048951,8.36658642909172e-05
109,158,0.8321678321678322,0.0007854416778536138
109,159,0.6923076923076924,0.0125930304960941
109,160,0.8951048951048951,8.36658642909172e-05
109,161,0.8321678321678322,0.0007854416778536138
109,162,0.6923076923076924,0.0125930304960941
110,111,0.9440559440559443,3.927261080965951e-06
110,112,0.9790209790209792,3.0898013985487064e-08
110,113,1.0,0.0
110,114,0.9440559440559443,3.927261080965951e-06
110,115,0.8741258741258742,0.0002007130733242317
110,116,0.8531468531468532,0.0004181179404149969
110,117,0.7692307692307694,0.0034464502618274493
110,118,0.8741258741258742,0.0002007130733242317
110,119,0.8531468531468532,0.0004181179404149969
110,120,0.7692307692307694,0.0034464502618274493
110,121,0.8741258741258742,0.0002007130733242317
110,122,0.8531468531468532,0.0004181179404149969
110,123,0.7692307692307694,0.0034464502618274493
110,124,0.8741258741258742,0.0002007130733242317
110,125,0.8531468531468532,0.0004181179404149969
110,126,0.7692307692307694,0.0034464502618274493
110,127,0.9790209790209792,3.0898013985487064e-08
110,128,1.0,0.0
110,129,0.9440559440559443,3.927261080965951e-06
110,130,0.9790209790209792,3.0898013985487064e-08
110,131,1.0,0.0
110,132,0.9440559440559443,3.927261080965951e-06
110,133,0.8741258741258742,0.0002007130733242317
110,134,0.8531468531468532,0.0004181179404149969
110,135,0.7692307692307694,0.0034464502618274493
110,136,0.8741258741258742,0.0002007130733242317
110,137,0.8531468531468532,0.0004181179404149969
110,138,0.7692307692307694,0.0034464502618274493
110,139,0.8741258741258742,0.0002007130733242317
110,140,0.8531468531468532,0.0004181179404149969
110,141,0.7692307692307694,0.0034464502618274493
110,142,0.8741258741258742,0.0002007130733242317
110,143,0.8531468531468532,0.0004181179404149969
110,144,0.7692307692307694,0.0034464502618274493
110,145,0.9790209790209792,3.0898013985487064e-08
110,146,1.0,0.0
110,147,0.9440559440559443,3.927261080965951e-06
110,148,0.9790209790209792,3.0898013985487064e-08
110,149,1.0,0.0
110,150,0.9440559440559443,3.927261080965951e-06
110,151,0.8741258741258742,0.0002007130733242317
110,152,0.8531468531468532,0.0004181179404149969
110,153,0.7692307692307694,0.0034464502618274493
110,154,0.8741258741258742,0.0002007130733242317
110,155,0.8531468531468532,0.0004181179404149969
110,156,0.7692307692307694,0.0034464502618274493
110,157,0.8741258741258742,0.0002007130733242317
110,158,0.8531468531468532,0.0004181179404149969
110,159,0.7692307692307694,0.0034464502618274493
110,160,0.8741258741258742,0.0002007130733242317
110,161,0.8531468531468532,0.0004181179404149969
110,162,0.7692307692307694,0.0034464502618274493
111,112,0.8741258741258742,0.0002007130733242317
111,113,0.9440559440559443,3.927261080965951e-06
111,114,1.0,0.0
111,115,0.8041958041958043,0.0016147689860699299
111,116,0.8461538461538463,0.0005211337004810046
111,117,0.8741258741258742,0.0002007130733242317
111,118,0.8041958041958043,0.0016147689860699299
111,119,0.8461538461538463,0.0005211337004810046
111,120,0.8741258741258742,0.0002007130733242317
111,121,0.8041958041958043,0.0016147689860699299
111,122,0.8461538461538463,0.0005211337004810046
111,123,0.8741258741258742,0.0002007130733242317
111,124,0.8041958041958043,0.0016147689860699299
111,125,0.8461538461538463,0.0005211337004810046
111,126,0.8741258741258742,0.0002007130733242317
111,127,0.8741258741258742,0.0002007130733242317
111,128,0.9440559440559443,3.927261080965951e-06
111,129,1.0,0.0
111,130,0.8741258741258742,0.0002007130733242317
111,131,0.9440559440559443,3.927261080965951e-06
111,132,1.0,0.0
111,133,0.8041958041958043,0.0016147689860699299
111,134,0.8461538461538463,0.0005211337004810046
111,135,0.8741258741258742,0.0002007130733242317
111,136,0.8041958041958043,0.0016147689860699299
111,137,0.8461538461538463,0.0005211337004810046
111,138,0.8741258741258742,0.0002007130733242317
111,139,0.8041958041958043,0.0016147689860699299
111,140,0.8461538461538463,0.0005211337004810046
111,141,0.8741258741258742,0.0002007130733242317
111,142,0.8041958041958043,0.0016147689860699299
111,143,0.8461538461538463,0.0005211337004810046
111,144,0.8741258741258742,0.0002007130733242317
111,145,0.8741258741258742,0.0002007130733242317
111,146,0.9440559440559443,3.927261080965951e-06
111,147,1.0,0.0
111,148,0.8741258741258742,0.0002007130733242317
111,149,0.9440559440559443,3.927261080965951e-06
111,150,1.0,0.0
111,151,0.8041958041958043,0.0016147689860699299
111,152,0.8461538461538463,0.0005211337004810046
111,153,0.8741258741258742,0.0002007130733242317
111,154,0.8041958041958043,0.0016147689860699299
111,155,0.8461538461538463,0.0005211337004810046
111,156,0.8741258741258742,0.0002007130733242317
111,157,0.8041958041958043,0.0016147689860699299
111,158,0.8461538461538463,0.0005211337004810046
111,159,0.8741258741258742,0.0002007130733242317
111,160,0.8041958041958043,0.0016147689860699299
111,161,0.8461538461538463,0.0005211337004810046
111,162,0.8741258741258742,0.0002007130733242317
112,113,0.9790209790209792,3.0898013985487064e-08
112,114,0.8741258741258742,0.0002007130733242317
112,115,0.8951048951048951,8.36658642909172e-05
112,116,0.8321678321678322,0.0007854416778536138
112,117,0.6923076923076924,0.0125930304960941
112,118,0.8951048951048951,8.36658642909172e-05
112,119,0.8321678321678322,0.0007854416778536138
112,120,0.6923076923076924,0.0125930304960941
112,121,0.8951048951048951,8.36658642909172e-05
112,122,0.8321678321678322,0.0007854416778536138
112,123,0.6923076923076924,0.0125930304960941
112,124,0.8951048951048951,8.36658642909172e-05
112,125,0.8321678321678322,0.0007854416778536138
112,126,0.6923076923076924,0.0125930304960941
112,127,1.0,0.0
112,128,0.9790209790209792,3.0898013985487064e-08
112,129,0.8741258741258742,0.0002007130733242317
112,130,1.0,0.0
112,131,0.9790209790209792,3.0898013985487064e-08
112,132,0.8741258741258742,0.0002007130733242317
112,133,0.8951048951048951,8.36658642909172e-05
112,134,0.8321678321678322,0.0007854416778536138
112,135,0.6923076923076924,0.0125930304960941
112,136,0.8951048951048951,8.36658642909172e-05
112,137,0.8321678321678322,0.0007854416778536138
112,138,0.6923076923076924,0.0125930304960941
112,139,0.8951048951048951,8.36658642909172e-05
112,140,0.8321678321678322,0.0007854416778536138
112,141,0.6923076923076924,0.0125930304960941
112,142,0.8951048951048951,8.36658642909172e-05
112,143,0.8321678321678322,0.0007854416778536138
112,144,0.6923076923076924,0.0125930304960941
112,145,1.0,0.0
112,146,0.9790209790209792,3.0898013985487064e-08
112,147,0.8741258741258742,0.0002007130733242317
112,148,1.0,0.0
112,149,0.9790209790209792,3.0898013985487064e-08
112,150,0.8741258741258742,0.0002007130733242317
112,151,0.8951048951048951,8.36658642909172e-05
112,152,0.8321678321678322,0.0007854416778536138
112,153,0.6923076923076924,0.0125930304960941
112,154,0.8951048951048951,8.36658642909172e-05
112,155,0.8321678321678322,0.0007854416778536138
112,156,0.6923076923076924,0.0125930304960941
112,157,0.8951048951048951,8.36658642909172e-05
112,158,0.8321678321678322,0.0007854416778536138
112,159,0.6923076923076924,0.0125930304960941
112,160,0.8951048951048951,8.36658642909172e-05
112,161,0.8321678321678322,0.0007854416778536138
112,162,0.6923076923076924,0.0125930304960941
113,114,0.9440559440559443,3.927261080965951e-06
113,115,0.8741258741258742,0.0002007130733242317
113,116,0.8531468531468532,0.0004181179404149969
113,117,0.7692307692307694,0.0034464502618274493
113,118,0.8741258741258742,0.0002007130733242317
113,119,0.8531468531468532,0.0004181179404149969
113,120,0.7692307692307694,0.0034464502618274493
113,121,0.8741258741258742,0.0002007130733242317
113,122,0.8531468531468532,0.0004181179404149969
113,123,0.7692307692307694,0.0034464502618274493
113,124,0.8741258741258742,0.0002007130733242317
113,125,0.8531468531468532,0.0004181179404149969
113,126,0.7692307692307694,0.0034464502618274493
113,127,0.9790209790209792,3.0898013985487064e-08
113,128,1.0,0.0
113,129,0.9440559440559443,3.927261080965951e-06
113,130,0.9790209790209792,3.0898013985487064e-08
113,131,1.0,0.0
113,132,0.9440559440559443,3.927261080965951e-06
113,133,0.8741258741258742,0.0002007130733242317
113,134,0.8531468531468532,0.0004181179404149969
113,135,0.7692307692307694,0.0034464502618274493
113,136,0.8741258741258742,0.0002007130733242317
113,137,0.8531468531468532,0.0004181179404149969
113,138,0.7692307692307694,0.0034464502618274493
113,139,0.8741258741258742,0.0002007130733242317
113,140,0.8531468531468532,0.0004181179404149969
113,141,0.7692307692307694,0.0034464502618274493
113,142,0.8741258741258742,0.0002007130733242317
113,143,0.8531468531468532,0.0004181179404149969
113,144,0.7692307692307694,0.0034464502618274493
113,145,0.9790209790209792,3.0898013985487064e-08
113,146,1.0,0.0
113,147,0.9440559440559443,3.927261080965951e-06
113,148,0.9790209790209792,3.0898013985487064e-08
113,149,1.0,0.0
113,150,0.9440559440559443,3.927261080965951e-06
113,151,0.8741258741258742,0.0002007130733242317
113,152,0.8531468531468532,0.0004181179404149969
113,153,0.7692307692307694,0.0034464502618274493
113,154,0.8741258741258742,0.0002007130733242317
113,155,0.8531468531468532,0.0004181179404149969
113,156,0.7692307692307694,0.0034464502618274493
113,157,0.8741258741258742,0.0002007130733242317
113,158,0.8531468531468532,0.0004181179404149969
113,159,0.7692307692307694,0.0034464502618274493
113,160,0.8741258741258742,0.0002007130733242317
113,161,0.8531468531468532,0.0004181179404149969
113,162,0.7692307692307694,0.0034464502618274493
114,115,0.8041958041958043,0.0016147689860699299
114,116,0.8461538461538463,0.0005211337004810046
114,117,0.8741258741258742,0.0002007130733242317
114,118,0.8041958041958043,0.0016147689860699299
114,119,0.8461538461538463,0.0005211337004810046
114,120,0.8741258741258742,0.0002007130733242317
114,121,0.8041958041958043,0.0016147689860699299
114,122,0.8461538461538463,0.0005211337004810046
114,123,0.8741258741258742,0.0002007130733242317
114,124,0.8041958041958043,0.0016147689860699299
114,125,0.8461538461538463,0.0005211337004810046
114,126,0.8741258741258742,0.0002007130733242317
114,127,0.8741258741258742,0.0002007130733242317
114,128,0.9440559440559443,3.927261080965951e-06
114,129,1.0,0.0
114,130,0.8741258741258742,0.0002007130733242317
114,131,0.9440559440559443,3.927261080965951e-06
114,132,1.0,0.0
114,133,0.8041958041958043,0.0016147689860699299
114,134,0.8461538461538463,0.0005211337004810046
114,135,0.8741258741258742,0.0002007130733242317
114,136,0.8041958041958043,0.0016147689860699299
114,137,0.8461538461538463,0.0005211337004810046
114,138,0.8741258741258742,0.0002007130733242317
114,139,0.8041958041958043,0.0016147689860699299
114,140,0.8461538461538463,0.0005211337004810046
114,141,0.8741258741258742,0.0002007130733242317
114,142,0.8041958041958043,0.0016147689860699299
114,143,0.8461538461538463,0.0005211337004810046
114,144,0.8741258741258742,0.0002007130733242317
114,145,0.8741258741258742,0.0002007130733242317
114,146,0.9440559440559443,3.927261080965951e-06
114,147,1.0,0.0
114,148,0.8741258741258742,0.0002007130733242317
114,149,0.9440559440559443,3.927261080965951e-06
114,150,1.0,0.0
114,151,0.8041958041958043,0.0016147689860699299
114,152,0.8461538461538463,0.0005211337004810046
114,153,0.8741258741258742,0.0002007130733242317
114,154,0.8041958041958043,0.0016147689860699299
114,155,0.8461538461538463,0.0005211337004810046
114,156,0.8741258741258742,0.0002007130733242317
114,157,0.8041958041958043,0.0016147689860699299
114,158,0.8461538461538463,0.0005211337004810046
114,159,0.8741258741258742,0.0002007130733242317
114,160,0.8041958041958043,0.0016147689860699299
114,161,0.8461538461538463,0.0005211337004810046
114,162,0.8741258741258742,0.0002007130733242317
115,116,0.9720279720279721,1.2868115751495034e-07
115,117,0.8391608391608393,0.0006428259886278202
115,118,1.0,0.0
115,119,0.9720279720279721,1.2868115751495034e-07
115,120,0.8391608391608393,0.0006428259886278202
115,121,1.0,0.0
115,122,0.9720279720279721,1.2868115751495034e-07
115,123,0.8391608391608393,0.0006428259886278202
115,124,1.0,0.0
115,125,0.9720279720279721,1.2868115751495034e-07
115,126,0.8391608391608393,0.0006428259886278202
115,127,0.8951048951048951,8.36658642909172e-05
115,128,0.8741258741258742,0.0002007130733242317
115,129,0.8041958041958043,0.0016147689860699299
115,130,0.8951048951048951,8.36658642909172e-05
115,131,0.8741258741258742,0.0002007130733242317
115,132,0.8041958041958043,0.0016147689860699299
115,133,1.0,0.0
115,134,0.9720279720279721,1.2868115751495034e-07
115,135,0.8391608391608393,0.0006428259886278202
115,136,1.0,0.0
115,137,0.9720279720279721,1.2868115751495034e-07
115,138,0.8391608391608393,0.0006428259886278202
115,139,1.0,0.0
115,140,0.9720279720279721,1.2868115751495034e-07
115,141,0.8391608391608393,0.0006428259886278202
115,142,1.0,0.0
115,143,0.9720279720279721,1.2868115751495034e-07
115,144,0.8391608391608393,0.0006428259886278202
115,145,0.8951048951048951,8.36658642909172e-05
115,146,0.8741258741258742,0.0002007130733242317
115,147,0.8041958041958043,0.0016147689860699299
115,148,0.8951048951048951,8.36658642909172e-05
115,149,0.8741258741258742,0.0002007130733242317
115,150,0.8041958041958043,0.0016147689860699299
115,151,1.0,0.0
115,152,0.9720279720279721,1.2868115751495034e-07
115,153,0.8391608391608393,0.0006428259886278202
115,154,1.0,0.0
115,155,0.9720279720279721,1.2868115751495034e-07
115,156,0.8391608391608393,0.0006428259886278202
115,157,1.0,0.0
115,158,0.9720279720279721,1.2868115751495034e-07
115,159,0.8391608391608393,0.0006428259886278202
115,160,1.0,0.0
115,161,0.9720279720279721,1.2868115751495034e-07
115,162,0.8391608391608393,0.0006428259886278202
116,117,0.9300699300699302,1.170222792865967e-05
116,118,0.9720279720279721,1.2868115751495034e-07
116,119,1.0,0.0
116,120,0.9300699300699302,1.170222792865967e-05
116,121,0.9720279720279721,1.2868115751495034e-07
116,122,1.0,0.0
116,123,0.9300699300699302,1.170222792865967e-05
116,124,0.9720279720279721,1.2868115751495034e-07
116,125,1.0,0.0
116,126,0.9300699300699302,1.170222792865967e-05
116,127,0.8321678321678322,0.0007854416778536138
116,128,0.8531468531468532,0.0004181179404149969
116,129,0.8461538461538463,0.0005211337004810046
116,130,0.8321678321678322,0.0007854416778536138
116,131,0.8531468531468532,0.0004181179404149969
116,132,0.8461538461538463,0.0005211337004810046
116,133,0.9720279720279721,1.2868115751495034e-07
116,134,1.0,0.0
116,135,0.9300699300699302,1.170222792865967e-05
116,136,0.9720279720279721,1.2868115751495034e-07
116,137,1.0,0.0
116,138,0.9300699300699302,1.170222792865967e-05
116,139,0.9720279720279721,1.2868115751495034e-07
116,140,1.0,0.0
116,141,0.9300699300699302,1.170222792865967e-05
116,142,0.9720279720279721,1.2868115751495034e-07
116,143,1.0,0.0
116,144,0.9300699300699302,1.170222792865967e-05
116,145,0.8321678321678322,0.0007854416778536138
116,146,0.8531468531468532,0.0004181179404149969
116,147,0.8461538461538463,0.0005211337004810046
116,148,0.8321678321678322,0.0007854416778536138
116,149,0.8531468531468532,0.0004181179404149969
116,150,0.8461538461538463,0.0005211337004810046
116,151,0.9720279720279721,1.2868115751495034e-07
116,152,1.0,0.0
116,153,0.9300699300699302,1.170222792865967e-05
116,154,0.9720279720279721,1.2868115751495034e-07
116,155,1.0,0.0
116,156,0.9300699300699302,1.170222792865967e-05
116,157,0.9720279720279721,1.2868115751495034e-07
116,158,1.0,0.0
116,159,0.9300699300699302,1.170222792865967e-05
116,160,0.9720279720279721,1.2868115751495034e-07
116,161,1.0,0.0
116,162,0.9300699300699302,1.170222792865967e-05
117,118,0.8391608391608393,0.0006428259886278202
117,119,0.9300699300699302,1.170222792865967e-05
117,120,1.0,0.0
117,121,0.8391608391608393,0.0006428259886278202
117,122,0.9300699300699302,1.170222792865967e-05
117,123,1.0,0.0
117,124,0.8391608391608393,0.0006428259886278202
117,125,0.9300699300699302,1.170222792865967e-05
117,126,1.0,0.0
117,127,0.6923076923076924,0.0125930304960941
117,128,0.7692307692307694,0.0034464502618274493
117,129,0.8741258741258742,0.0002007130733242317
117,130,0.6923076923076924,0.0125930304960941
117,131,0.7692307692307694,0.0034464502618274493
117,132,0.8741258741258742,0.0002007130733242317
117,133,0.8391608391608393,0.0006428259886278202
117,134,0.9300699300699302,1.170222792865967e-05
117,135,1.0,0.0
117,136,0.8391608391608393,0.0006428259886278202
117,137,0.9300699300699302,1.170222792865967e-05
117,138,1.0,0.0
117,139,0.8391608391608393,0.0006428259886278202
117,140,0.9300699300699302,1.170222792865967e-05
117,141,1.0,0.0
117,142,0.8391608391608393,0.0006428259886278202
117,143,0.9300699300699302,1.170222792865967e-05
117,144,1.0,0.0
117,145,0.6923076923076924,0.0125930304960941
117,146,0.7692307692307694,0.0034464502618274493
117,147,0.8741258741258742,0.0002007130733242317
117,148,0.6923076923076924,0.0125930304960941
117,149,0.7692307692307694,0.0034464502618274493
117,150,0.8741258741258742,0.0002007130733242317
117,151,0.8391608391608393,0.0006428259886278202
117,152,0.9300699300699302,1.170222792865967e-05
117,153,1.0,0.0
117,154,0.8391608391608393,0.0006428259886278202
117,155,0.9300699300699302,1.170222792865967e-05
117,156,1.0,0.0
117,157,0.8391608391608393,0.0006428259886278202
117,158,0.9300699300699302,1.170222792865967e-05
117,159,1.0,0.0
117,160,0.8391608391608393,0.0006428259886278202
117,161,0.9300699300699302,1.170222792865967e-05
117,162,1.0,0.0
118,119,0.9720279720279721,1.2868115751495034e-07
118,120,0.8391608391608393,0.0006428259886278202
118,121,1.0,0.0
118,122,0.9720279720279721,1.2868115751495034e-07
118,123,0.8391608391608393,0.0006428259886278202
118,124,1.0,0.0
118,125,0.9720279720279721,1.2868115751495034e-07
118,126,0.8391608391608393,0.0006428259886278202
118,127,0.8951048951048951,8.36658642909172e-05
118,128,0.8741258741258742,0.0002007130733242317
118,129,0.8041958041958043,0.0016147689860699299
118,130,0.8951048951048951,8.36658642909172e-05
118,131,0.8741258741258742,0.0002007130733242317
118,132,0.8041958041958043,0.0016147689860699299
118,133,1.0,0.0
118,134,0.9720279720279721,1.2868115751495034e-07
118,135,0.8391608391608393,0.0006428259886278202
118,136,1.0,0.0
118,137,0.9720279720279721,1.2868115751495034e-07
118,138,0.8391608391608393,0.0006428259886278202
118,139,1.0,0.0
118,140,0.9720279720279721,1.2868115751495034e-07
118,141,0.8391608391608393,0.0006428259886278202
118,142,1.0,0.0
118,143,0.9720279720279721,1.2868115751495034e-07
118,144,0.8391608391608393,0.0006428259886278202
118,145,0.8951048951048951,8.36658642909172e-05
118,146,0.8741258741258742,0.0002007130733242317
118,147,0.8041958041958043,0.0016147689860699299
118,148,0.8951048951048951,8.36658642909172e-05
118,149,0.8741258741258742,0.0002007130733242317
118,150,0.8041958041958043,0.0016147689860699299
118,151,1.0,0.0
118,152,0.9720279720279721,1.2868115751495034e-07
118,153,0.8391608391608393,0.0006428259886278202
118,154,1.0,0.0
118,155,0.9720279720279721,1.2868115751495034e-07
118,156,0.8391608391608393,0.0006428259886278202
118,157,1.0,0.0
118,158,0.9720279720279721,1.2868115751495034e-07
118,159,0.8391608391608393,0.0006428259886278202
118,160,1.0,0.0
118,161,0.9720279720279721,1.2868115751495034e-07
118,162,0.8391608391608393,0.0006428259886278202
119,120,0.9300699300699302,1.170222792865967e-05
119,121,0.9720279720279721,1.2868115751495034e-07
119,122,1.0,0.0
119,123,0.9300699300699302,1.170222792865967e-05
119,124,0.9720279720279721,1.2868115751495034e-07
119,125,1.0,0.0
119,126,0.9300699300699302,1.170222792865967e-05
119,127,0.8321678321678322,0.0007854416778536138
119,128,0.8531468531468532,0.0004181179404149969
119,129,0.8461538461538463,0.0005211337004810046
119,130,0.8321678321678322,0.0007854416778536138
119,131,0.8531468531468532,0.0004181179404149969
119,132,0.8461538461538463,0.0005211337004810046
119,133,0.9720279720279721,1.2868115751495034e-07
119,134,1.0,0.0
119,135,0.9300699300699302,1.170222792865967e-05
119,136,0.9720279720279721,1.2868115751495034e-07
119,137,1.0,0.0
119,138,0.9300699300699302,1.170222792865967e-05
119,139,0.9720279720279721,1.2868115751495034e-07
119,140,1.0,0.0
119,141,0.9300699300699302,1.170222792865967e-05
119,142,0.9720279720279721,1.2868115751495034e-07
119,143,1.0,0.0
119,144,0.9300699300699302,1.170222792865967e-05
119,145,0.8321678321678322,0.0007854416778536138
119,146,0.8531468531468532,0.0004181179404149969
119,147,0.8461538461538463,0.0005211337004810046
119,148,0.8321678321678322,0.0007854416778536138
119,149,0.8531468531468532,0.0004181179404149969
119,150,0.8461538461538463,0.0005211337004810046
119,151,0.9720279720279721,1.2868115751495034e-07
119,152,1.0,0.0
119,153,0.9300699300699302,1.170222792865967e-05
119,154,0.9720279720279721,1.2868115751495034e-07
119,155,1.0,0.0
119,156,0.9300699300699302,1.170222792865967e-05
119,157,0.9720279720279721,1.2868115751495034e-07
119,158,1.0,0.0
119,159,0.9300699300699302,1.170222792865967e-05
119,160,0.9720279720279721,1.2868115751495034e-07
119,161,1.0,0.0
119,162,0.9300699300699302,1.170222792865967e-05
120,121,0.8391608391608393,0.0006428259886278202
120,122,0.9300699300699302,1.170222792865967e-05
120,123,1.0,0.0
120,124,0.8391608391608393,0.0006428259886278202
120,125,0.9300699300699302,1.170222792865967e-05
120,126,1.0,0.0
120,127,0.6923076923076924,0.0125930304960941
120,128,0.7692307692307694,0.0034464502618274493
120,129,0.8741258741258742,0.0002007130733242317
120,130,0.6923076923076924,0.0125930304960941
120,131,0.7692307692307694,0.0034464502618274493
120,132,0.8741258741258742,0.0002007130733242317
120,133,0.8391608391608393,0.0006428259886278202
120,134,0.9300699300699302,1.170222792865967e-05
120,135,1.0,0.0
120,136,0.8391608391608393,0.0006428259886278202
120,137,0.9300699300699302,1.170222792865967e-05
120,138,1.0,0.0
120,139,0.8391608391608393,0.0006428259886278202
120,140,0.9300699300699302,1.170222792865967e-05
120,141,1.0,0.0
120,142,0.8391608391608393,0.0006428259886278202
120,143,0.9300699300699302,1.170222792865967e-05
120,144,1.0,0.0
120,145,0.6923076923076924,0.0125930304960941
120,146,0.7692307692307694,0.0034464502618274493
120,147,0.8741258741258742,0.0002007130733242317
120,148,0.6923076923076924,0.0125930304960941
120,149,0.7692307692307694,0.0034464502618274493
120,150,0.8741258741258742,0.0002007130733242317
120,151,0.8391608391608393,0.0006428259886278202
120,152,0.9300699300699302,1.170222792865967e-05
120,153,1.0,0.0
120,154,0.8391608391608393,0.0006428259886278202
120,155,0.9300699300699302,1.170222792865967e-05
120,156,1.0,0.0
120,157,0.8391608391608393,0.0006428259886278202
120,158,0.9300699300699302,1.170222792865967e-05
120,159,1.0,0.0
120,160,0.8391608391608393,0.0006428259886278202
120,161,0.9300699300699302,1.170222792865967e-05
120,162,1.0,0.0
121,122,0.9720279720279721,1.2868115751495034e-07
121,123,0.8391608391608393,0.0006428259886278202
121,124,1.0,0.0
121,125,0.9720279720279721,1.2868115751495034e-07
121,126,0.8391608391608393,0.0006428259886278202
121,127,0.8951048951048951,8.36658642909172e-05
121,128,0.8741258741258742,0.0002007130733242317
121,129,0.8041958041958043,0.0016147689860699299
121,130,0.8951048951048951,8.36658642909172e-05
121,131,0.8741258741258742,0.0002007130733242317
121,132,0.8041958041958043,0.0016147689860699299
121,133,1.0,0.0
121,134,0.9720279720279721,1.2868115751495034e-07
121,135,0.8391608391608393,0.0006428259886278202
121,136,1.0,0.0
121,137,0.9720279720279721,1.2868115751495034e-07
121,138,0.8391608391608393,0.0006428259886278202
121,139,1.0,0.0
121,140,0.9720279720279721,1.2868115751495034e-07
121,141,0.8391608391608393,0.0006428259886278202
121,142,1.0,0.0
121,143,0.9720279720279721,1.2868115751495034e-07
121,144,0.8391608391608393,0.0006428259886278202
121,145,0.8951048951048951,8.36658642909172e-05
121,146,0.8741258741258742,0.0002007130733242317
121,147,0.8041958041958043,0.0016147689860699299
121,148,0.8951048951048951,8.36658642909172e-05
121,149,0.8741258741258742,0.0002007130733242317
121,150,0.8041958041958043,0.0016147689860699299
121,151,1.0,0.0
121,152,0.9720279720279721,1.2868115751495034e-07
121,153,0.8391608391608393,0.0006428259886278202
121,154,1.0,0.0
121,155,0.9720279720279721,1.2868115751495034e-07
121,156,0.8391608391608393,0.0006428259886278202
121,157,1.0,0.0
121,158,0.9720279720279721,1.2868115751495034e-07
121,159,0.8391608391608393,0.0006428259886278202
121,160,1.0,0.0
121,161,0.9720279720279721,1.2868115751495034e-07
121,162,0.8391608391608393,0.0006428259886278202
122,123,0.9300699300699302,1.170222792865967e-05
122,124,0.9720279720279721,1.2868115751495034e-07
122,125,1.0,0.0
122,126,0.9300699300699302,1.170222792865967e-05
122,127,0.8321678321678322,0.0007854416778536138
122,128,0.8531468531468532,0.0004181179404149969
122,129,0.8461538461538463,0.0005211337004810046
122,130,0.8321678321678322,0.0007854416778536138
122,131,0.8531468531468532,0.0004181179404149969
122,132,0.8461538461538463,0.0005211337004810046
122,133,0.9720279720279721,1.2868115751495034e-07
122,134,1.0,0.0
122,135,0.9300699300699302,1.170222792865967e-05
122,136,0.9720279720279721,1.2868115751495034e-07
122,137,1.0,0.0
122,138,0.9300699300699302,1.170222792865967e-05
122,139,0.9720279720279721,1.2868115751495034e-07
122,140,1.0,0.0
122,141,0.9300699300699302,1.170222792865967e-05
122,142,0.9720279720279721,1.2868115751495034e-07
122,143,1.0,0.0
122,144,0.9300699300699302,1.170222792865967e-05
122,145,0.8321678321678322,0.0007854416778536138
122,146,0.8531468531468532,0.0004181179404149969
122,147,0.8461538461538463,0.0005211337004810046
122,148,0.8321678321678322,0.0007854416778536138
122,149,0.8531468531468532,0.0004181179404149969
122,150,0.8461538461538463,0.0005211337004810046
122,151,0.9720279720279721,1.2868115751495034e-07
122,152,1.0,0.0
122,153,0.9300699300699302,1.170222792865967e-05
122,154,0.9720279720279721,1.2868115751495034e-07
122,155,1.0,0.0
122,156,0.9300699300699302,1.170222792865967e-05
122,157,0.9720279720279721,1.2868115751495034e-07
122,158,1.0,0.0
122,159,0.9300699300699302,1.170222792865967e-05
122,160,0.9720279720279721,1.2868115751495034e-07
122,161,1.0,0.0
122,162,0.9300699300699302,1.170222792865967e-05
123,124,0.8391608391608393,0.0006428259886278202
123,125,0.9300699300699302,1.170222792865967e-05
123,126,1.0,0.0
123,127,0.6923076923076924,0.0125930304960941
123,128,0.7692307692307694,0.0034464502618274493
123,129,0.8741258741258742,0.0002007130733242317
123,130,0.6923076923076924,0.0125930304960941
123,131,0.7692307692307694,0.0034464502618274493
123,132,0.8741258741258742,0.0002007130733242317
123,133,0.8391608391608393,0.0006428259886278202
123,134,0.9300699300699302,1.170222792865967e-05
123,135,1.0,0.0
123,136,0.8391608391608393,0.0006428259886278202
123,137,0.9300699300699302,1.170222792865967e-05
123,138,1.0,0.0
123,139,0.8391608391608393,0.0006428259886278202
123,140,0.9300699300699302,1.170222792865967e-05
123,141,1.0,0.0
123,142,0.8391608391608393,0.0006428259886278202
123,143,0.9300699300699302,1.170222792865967e-05
123,144,1.0,0.0
123,145,0.6923076923076924,0.0125930304960941
123,146,0.7692307692307694,0.0034464502618274493
123,147,0.8741258741258742,0.0002007130733242317
123,148,0.6923076923076924,0.0125930304960941
123,149,0.7692307692307694,0.0034464502618274493
123,150,0.8741258741258742,0.0002007130733242317
123,151,0.8391608391608393,0.0006428259886278202
123,152,0.9300699300699302,1.170222792865967e-05
123,153,1.0,0.0
123,154,0.8391608391608393,0.0006428259886278202
123,155,0.9300699300699302,1.170222792865967e-05
123,156,1.0,0.0
123,157,0.8391608391608393,0.0006428259886278202
123,158,0.9300699300699302,1.170222792865967e-05
123,159,1.0,0.0
123,160,0.8391608391608393,0.0006428259886278202
123,161,0.9300699300699302,1.170222792865967e-05
123,162,1.0,0.0
124,125,0.9720279720279721,1.2868115751495034e-07
124,126,0.8391608391608393,0.0006428259886278202
124,127,0.8951048951048951,8.36658642909172e-05
124,128,0.8741258741258742,0.0002007130733242317
124,129,0.8041958041958043,0.0016147689860699299
124,130,0.8951048951048951,8.36658642909172e-05
124,131,0.8741258741258742,0.0002007130733242317
124,132,0.8041958041958043,0.0016147689860699299
124,133,1.0,0.0
124,134,0.9720279720279721,1.2868115751495034e-07
124,135,0.8391608391608393,0.0006428259886278202
124,136,1.0,0.0
124,137,0.9720279720279721,1.2868115751495034e-07
124,138,0.8391608391608393,0.0006428259886278202
124,139,1.0,0.0
124,140,0.9720279720279721,1.2868115751495034e-07
124,141,0.8391608391608393,0.0006428259886278202
124,142,1.0,0.0
124,143,0.9720279720279721,1.2868115751495034e-07
124,144,0.8391608391608393,0.0006428259886278202
124,145,0.8951048951048951,8.36658642909172e-05
124,146,0.8741258741258742,0.0002007130733242317
124,147,0.8041958041958043,0.0016147689860699299
124,148,0.8951048951048951,8.36658642909172e-05
124,149,0.8741258741258742,0.0002007130733242317
124,150,0.8041958041958043,0.0016147689860699299
124,151,1.0,0.0
124,152,0.9720279720279721,1.2868115751495034e-07
124,153,0.8391608391608393,0.0006428259886278202
124,154,1.0,0.0
124,155,0.9720279720279721,1.2868115751495034e-07
124,156,0.8391608391608393,0.0006428259886278202
124,157,1.0,0.0
124,158,0.9720279720279721,1.2868115751495034e-07
124,159,0.8391608391608393,0.0006428259886278202
124,160,1.0,0.0
124,161,0.9720279720279721,1.2868115751495034e-07
124,162,0.8391608391608393,0.0006428259886278202
125,126,0.9300699300699302,1.170222792865967e-05
125,127,0.8321678321678322,0.0007854416778536138
125,128,0.8531468531468532,0.0004181179404149969
125,129,0.8461538461538463,0.0005211337004810046
125,130,0.8321678321678322,0.0007854416778536138
125,131,0.8531468531468532,0.0004181179404149969
125,132,0.8461538461538463,0.0005211337004810046
125,133,0.9720279720279721,1.2868115751495034e-07
125,134,1.0,0.0
125,135,0.9300699300699302,1.170222792865967e-05
125,136,0.9720279720279721,1.2868115751495034e-07
125,137,1.0,0.0
125,138,0.9300699300699302,1.170222792865967e-05
125,139,0.9720279720279721,1.2868115751495034e-07
125,140,1.0,0.0
125,141,0.9300699300699302,1.170222792865967e-05
125,142,0.9720279720279721,1.2868115751495034e-07
125,143,1.0,0.0
125,144,0.9300699300699302,1.170222792865967e-05
125,145,0.8321678321678322,0.0007854416778536138
125,146,0.8531468531468532,0.0004181179404149969
125,147,0.8461538461538463,0.0005211337004810046
125,148,0.8321678321678322,0.0007854416778536138
125,149,0.8531468531468532,0.0004181179404149969
125,150,0.8461538461538463,0.0005211337004810046
125,151,0.9720279720279721,1.2868115751495034e-07
125,152,1.0,0.0
125,153,0.9300699300699302,1.170222792865967e-05
125,154,0.9720279720279721,1.2868115751495034e-07
125,155,1.0,0.0
125,156,0.9300699300699302,1.170222792865967e-05
125,157,0.9720279720279721,1.2868115751495034e-07
125,158,1.0,0.0
125,159,0.9300699300699302,1.170222792865967e-05
125,160,0.9720279720279721,1.2868115751495034e-07
125,161,1.0,0.0
125,162,0.9300699300699302,1.170222792865967e-05
126,127,0.6923076923076924,0.0125930304960941
126,128,0.7692307692307694,0.0034464502618274493
126,129,0.8741258741258742,0.0002007130733242317
126,130,0.6923076923076924,0.0125930304960941
126,131,0.7692307692307694,0.0034464502618274493
126,132,0.8741258741258742,0.0002007130733242317
126,133,0.8391608391608393,0.0006428259886278202
126,134,0.9300699300699302,1.170222792865967e-05
126,135,1.0,0.0
126,136,0.8391608391608393,0.0006428259886278202
126,137,0.9300699300699302,1.170222792865967e-05
126,138,1.0,0.0
126,139,0.8391608391608393,0.0006428259886278202
126,140,0.9300699300699302,1.170222792865967e-05
126,141,1.0,0.0
126,142,0.8391608391608393,0.0006428259886278202
126,143,0.9300699300699302,1.170222792865967e-05
126,144,1.0,0.0
126,145,0.6923076923076924,0.0125930304960941
126,146,0.7692307692307694,0.0034464502618274493
126,147,0.8741258741258742,0.0002007130733242317
126,148,0.6923076923076924,0.0125930304960941
126,149,0.7692307692307694,0.0034464502618274493
126,150,0.8741258741258742,0.0002007130733242317
126,151,0.8391608391608393,0.0006428259886278202
126,152,0.9300699300699302,1.170222792865967e-05
126,153,1.0,0.0
126,154,0.8391608391608393,0.0006428259886278202
126,155,0.9300699300699302,1.170222792865967e-05
126,156,1.0,0.0
126,157,0.8391608391608393,0.0006428259886278202
126,158,0.9300699300699302,1.170222792865967e-05
126,159,1.0,0.0
126,160,0.8391608391608393,0.0006428259886278202
126,161,0.9300699300699302,1.170222792865967e-05
126,162,1.0,0.0
127,128,0.9790209790209792,3.0898013985487064e-08
127,129,0.8741258741258742,0.0002007130733242317
127,130,1.0,0.0
127,131,0.9790209790209792,3.0898013985487064e-08
127,132,0.8741258741258742,0.0002007130733242317
127,133,0.8951048951048951,8.36658642909172e-05
127,134,0.8321678321678322,0.0007854416778536138
127,135,0.6923076923076924,0.0125930304960941
127,136,0.8951048951048951,8.36658642909172e-05
127,137,0.8321678321678322,0.0007854416778536138
127,138,0.6923076923076924,0.0125930304960941
127,139,0.8951048951048951,8.36658642909172e-05
127,140,0.8321678321678322,0.0007854416778536138
127,141,0.6923076923076924,0.0125930304960941
127,142,0.8951048951048951,8.36658642909172e-05
127,143,0.8321678321678322,0.0007854416778536138
127,144,0.6923076923076924,0.0125930304960941
127,145,1.0,0.0
127,146,0.9790209790209792,3.0898013985487064e-08
127,147,0.8741258741258742,0.0002007130733242317
127,148,1.0,0.0
127,149,0.9790209790209792,3.0898013985487064e-08
127,150,0.8741258741258742,0.0002007130733242317
127,151,0.8951048951048951,8.36658642909172e-05
127,152,0.8321678321678322,0.0007854416778536138
127,153,0.6923076923076924,0.0125930304960941
127,154,0.8951048951048951,8.36658642909172e-05
127,155,0.8321678321678322,0.0007854416778536138
127,156,0.6923076923076924,0.0125930304960941
127,157,0.8951048951048951,8.36658642909172e-05
127,158,0.8321678321678322,0.0007854416778536138
127,159,0.6923076923076924,0.0125930304960941
127,160,0.8951048951048951,8.36658642909172e-05
127,161,0.8321678321678322,0.0007854416778536138
127,162,0.6923076923076924,0.0125930304960941
128,129,0.9440559440559443,3.927261080965951e-06
128,130,0.9790209790209792,3.0898013985487064e-08
128,131,1.0,0.0
128,132,0.9440559440559443,3.927261080965951e-06
128,133,0.8741258741258742,0.0002007130733242317
128,134,0.8531468531468532,0.0004181179404149969
128,135,0.7692307692307694,0.0034464502618274493
128,136,0.8741258741258742,0.0002007130733242317
128,137,0.8531468531468532,0.0004181179404149969
128,138,0.7692307692307694,0.0034464502618274493
128,139,0.8741258741258742,0.0002007130733242317
128,140,0.8531468531468532,0.0004181179404149969
128,141,0.7692307692307694,0.0034464502618274493
128,142,0.8741258741258742,0.0002007130733242317
128,143,0.8531468531468532,0.0004181179404149969
128,144,0.7692307692307694,0.0034464502618274493
128,145,0.9790209790209792,3.0898013985487064e-08
128,146,1.0,0.0
128,147,0.9440559440559443,3.927261080965951e-06
128,148,0.9790209790209792,3.0898013985487064e-08
128,149,1.0,0.0
128,150,0.9440559440559443,3.927261080965951e-06
128,151,0.8741258741258742,0.0002007130733242317
128,152,0.8531468531468532,0.0004181179404149969
128,153,0.7692307692307694,0.0034464502618274493
128,154,0.8741258741258742,0.0002007130733242317
128,155,0.8531468531468532,0.0004181179404149969
128,156,0.7692307692307694,0.0034464502618274493
128,157,0.8741258741258742,0.0002007130733242317
128,158,0.8531468531468532,0.0004181179404149969
128,159,0.7692307692307694,0.0034464502618274493
128,160,0.8741258741258742,0.0002007130733242317
128,161,0.8531468531468532,0.0004181179404149969
128,162,0.7692307692307694,0.0034464502618274493
129,130,0.8741258741258742,0.0002007130733242317
129,131,0.9440559440559443,3.927261080965951e-06
129,132,1.0,0.0
129,133,0.8041958041958043,0.0016147689860699299
129,134,0.8461538461538463,0.0005211337004810046
129,135,0.8741258741258742,0.0002007130733242317
129,136,0.8041958041958043,0.0016147689860699299
129,137,0.8461538461538463,0.0005211337004810046
129,138,0.8741258741258742,0.0002007130733242317
129,139,0.8041958041958043,0.0016147689860699299
129,140,0.8461538461538463,0.0005211337004810046
129,141,0.8741258741258742,0.0002007130733242317
129,142,0.8041958041958043,0.0016147689860699299
129,143,0.8461538461538463,0.0005211337004810046
129,144,0.8741258741258742,0.0002007130733242317
129,145,0.8741258741258742,0.0002007130733242317
129,146,0.9440559440559443,3.927261080965951e-06
129,147,1.0,0.0
129,148,0.8741258741258742,0.0002007130733242317
129,149,0.9440559440559443,3.927261080965951e-06
129,150,1.0,0.0
129,151,0.8041958041958043,0.0016147689860699299
129,152,0.8461538461538463,0.0005211337004810046
129,153,0.8741258741258742,0.0002007130733242317
129,154,0.8041958041958043,0.0016147689860699299
129,155,0.8461538461538463,0.0005211337004810046
129,156,0.8741258741258742,0.0002007130733242317
129,157,0.8041958041958043,0.0016147689860699299
129,158,0.8461538461538463,0.0005211337004810046
129,159,0.8741258741258742,0.0002007130733242317
129,160,0.8041958041958043,0.0016147689860699299
129,161,0.8461538461538463,0.0005211337004810046
129,162,0.8741258741258742,0.0002007130733242317
130,131,0.9790209790209792,3.0898013985487064e-08
130,132,0.8741258741258742,0.0002007130733242317
130,133,0.8951048951048951,8.36658642909172e-05
130,134,0.8321678321678322,0.0007854416778536138
130,135,0.6923076923076924,0.0125930304960941
130,136,0.8951048951048951,8.36658642909172e-05
130,137,0.8321678321678322,0.0007854416778536138
130,138,0.6923076923076924,0.0125930304960941
130,139,0.8951048951048951,8.36658642909172e-05
130,140,0.8321678321678322,0.0007854416778536138
130,141,0.6923076923076924,0.0125930304960941
130,142,0.8951048951048951,8.36658642909172e-05
130,143,0.8321678321678322,0.0007854416778536138
130,144,0.6923076923076924,0.0125930304960941
130,145,1.0,0.0
130,146,0.9790209790209792,3.0898013985487064e-08
130,147,0.8741258741258742,0.0002007130733242317
130,148,1.0,0.0
130,149,0.9790209790209792,3.0898013985487064e-08
130,150,0.8741258741258742,0.0002007130733242317
130,151,0.8951048951048951,8.36658642909172e-05
130,152,0.8321678321678322,0.0007854416778536138
130,153,0.6923076923076924,0.0125930304960941
130,154,0.8951048951048951,8.36658642909172e-05
130,155,0.8321678321678322,0.0007854416778536138
130,156,0.6923076923076924,0.0125930304960941
130,157,0.8951048951048951,8.36658642909172e-05
130,158,0.8321678321678322,0.0007854416778536138
130,159,0.6923076923076924,0.0125930304960941
130,160,0.8951048951048951,8.36658642909172e-05
130,161,0.8321678321678322,0.0007854416778536138
130,162,0.6923076923076924,0.0125930304960941
131,132,0.9440559440559443,3.927261080965951e-06
131,133,0.8741258741258742,0.0002007130733242317
131,134,0.8531468531468532,0.0004181179404149969
131,135,0.7692307692307694,0.0034464502618274493
131,136,0.8741258741258742,0.0002007130733242317
131,137,0.8531468531468532,0.0004181179404149969
131,138,0.7692307692307694,0.0034464502618274493
131,139,0.8741258741258742,0.0002007130733242317
131,140,0.8531468531468532,0.0004181179404149969
131,141,0.7692307692307694,0.0034464502618274493
131,142,0.8741258741258742,0.0002007130733242317
131,143,0.8531468531468532,0.0004181179404149969
131,144,0.7692307692307694,0.0034464502618274493
131,145,0.9790209790209792,3.0898013985487064e-08
131,146,1.0,0.0
131,147,0.9440559440559443,3.927261080965951e-06
131,148,0.9790209790209792,3.0898013985487064e-08
131,149,1.0,0.0
131,150,0.9440559440559443,3.927261080965951e-06
131,151,0.8741258741258742,0.0002007130733242317
131,152,0.8531468531468532,0.0004181179404149969
131,153,0.7692307692307694,0.0034464502618274493
131,154,0.8741258741258742,0.0002007130733242317
131,155,0.8531468531468532,0.0004181179404149969
131,156,0.7692307692307694,0.0034464502618274493
131,157,0.8741258741258742,0.0002007130733242317
131,158,0.8531468531468532,0.0004181179404149969
131,159,0.7692307692307694,0.0034464502618274493
131,160,0.8741258741258742,0.0002007130733242317
131,161,0.8531468531468532,0.0004181179404149969
131,162,0.7692307692307694,0.0034464502618274493
132,133,0.8041958041958043,0.0016147689860699299
132,134,0.8461538461538463,0.0005211337004810046
132,135,0.8741258741258742,0.0002007130733242317
132,136,0.8041958041958043,0.0016147689860699299
132,137,0.8461538461538463,0.0005211337004810046
132,138,0.8741258741258742,0.0002007130733242317
132,139,0.8041958041958043,0.0016147689860699299
132,140,0.8461538461538463,0.0005211337004810046
132,141,0.8741258741258742,0.0002007130733242317
132,142,0.8041958041958043,0.0016147689860699299
132,143,0.8461538461538463,0.0005211337004810046
132,144,0.8741258741258742,0.0002007130733242317
132,145,0.8741258741258742,0.0002007130733242317
132,146,0.9440559440559443,3.927261080965951e-06
132,147,1.0,0.0
132,148,0.8741258741258742,0.0002007130733242317
132,149,0.9440559440559443,3.927261080965951e-06
132,150,1.0,0.0
132,151,0.8041958041958043,0.0016147689860699299
132,152,0.8461538461538463,0.0005211337004810046
132,153,0.8741258741258742,0.0002007130733242317
132,154,0.8041958041958043,0.0016147689860699299
132,155,0.8461538461538463,0.0005211337004810046
132,156,0.8741258741258742,0.0002007130733242317
132,157,0.8041958041958043,0.0016147689860699299
132,158,0.8461538461538463,0.0005211337004810046
132,159,0.8741258741258742,0.0002007130733242317
132,160,0.8041958041958043,0.0016147689860699299
132,161,0.8461538461538463,0.0005211337004810046
132,162,0.8741258741258742,0.0002007130733242317
133,134,0.9720279720279721,1.2868115751495034e-07
133,135,0.8391608391608393,0.0006428259886278202
133,136,1.0,0.0
133,137,0.9720279720279721,1.2868115751495034e-07
133,138,0.8391608391608393,0.0006428259886278202
133,139,1.0,0.0
133,140,0.9720279720279721,1.2868115751495034e-07
133,141,0.8391608391608393,0.0006428259886278202
133,142,1.0,0.0
133,143,0.9720279720279721,1.2868115751495034e-07
133,144,0.8391608391608393,0.0006428259886278202
133,145,0.8951048951048951,8.36658642909172e-05
133,146,0.8741258741258742,0.0002007130733242317
133,147,0.8041958041958043,0.0016147689860699299
133,148,0.8951048951048951,8.36658642909172e-05
133,149,0.8741258741258742,0.0002007130733242317
133,150,0.8041958041958043,0.0016147689860699299
133,151,1.0,0.0
133,152,0.9720279720279721,1.2868115751495034e-07
133,153,0.8391608391608393,0.0006428259886278202
133,154,1.0,0.0
133,155,0.9720279720279721,1.2868115751495034e-07
133,156,0.8391608391608393,0.0006428259886278202
133,157,1.0,0.0
133,158,0.9720279720279721,1.2868115751495034e-07
133,159,0.8391608391608393,0.0006428259886278202
133,160,1.0,0.0
133,161,0.9720279720279721,1.2868115751495034e-07
133,162,0.8391608391608393,0.0006428259886278202
134,135,0.9300699300699302,1.170222792865967e-05
134,136,0.9720279720279721,1.2868115751495034e-07
134,137,1.0,0.0
134,138,0.9300699300699302,1.170222792865967e-05
134,139,0.9720279720279721,1.2868115751495034e-07
134,140,1.0,0.0
134,141,0.9300699300699302,1.170222792865967e-05
134,142,0.9720279720279721,1.2868115751495034e-07
134,143,1.0,0.0
134,144,0.9300699300699302,1.170222792865967e-05
134,145,0.8321678321678322,0.0007854416778536138
134,146,0.8531468531468532,0.0004181179404149969
134,147,0.8461538461538463,0.0005211337004810046
134,148,0.8321678321678322,0.0007854416778536138
134,149,0.8531468531468532,0.0004181179404149969
134,150,0.8461538461538463,0.0005211337004810046
134,151,0.9720279720279721,1.2868115751495034e-07
134,152,1.0,0.0
134,153,0.9300699300699302,1.170222792865967e-05
134,154,0.9720279720279721,1.2868115751495034e-07
134,155,1.0,0.0
134,156,0.9300699300699302,1.170222792865967e-05
134,157,0.9720279720279721,1.2868115751495034e-07
134,158,1.0,0.0
134,159,0.9300699300699302,1.170222792865967e-05
134,160,0.9720279720279721,1.2868115751495034e-07
134,161,1.0,0.0
134,162,0.9300699300699302,1.170222792865967e-05
135,136,0.8391608391608393,0.0006428259886278202
135,137,0.9300699300699302,1.170222792865967e-05
135,138,1.0,0.0
135,139,0.8391608391608393,0.0006428259886278202
135,140,0.9300699300699302,1.170222792865967e-05
135,141,1.0,0.0
135,142,0.8391608391608393,0.0006428259886278202
135,143,0.9300699300699302,1.170222792865967e-05
135,144,1.0,0.0
135,145,0.6923076923076924,0.0125930304960941
135,146,0.7692307692307694,0.0034464502618274493
135,147,0.8741258741258742,0.0002007130733242317
135,148,0.6923076923076924,0.0125930304960941
135,149,0.7692307692307694,0.0034464502618274493
135,150,0.8741258741258742,0.0002007130733242317
135,151,0.8391608391608393,0.0006428259886278202
135,152,0.9300699300699302,1.170222792865967e-05
135,153,1.0,0.0
135,154,0.8391608391608393,0.0006428259886278202
135,155,0.9300699300699302,1.170222792865967e-05
135,156,1.0,0.0
135,157,0.8391608391608393,0.0006428259886278202
135,158,0.9300699300699302,1.170222792865967e-05
135,159,1.0,0.0
135,160,0.8391608391608393,0.0006428259886278202
135,161,0.9300699300699302,1.170222792865967e-05
135,162,1.0,0.0
136,137,0.9720279720279721,1.2868115751495034e-07
136,138,0.8391608391608393,0.0006428259886278202
136,139,1.0,0.0
136,140,0.9720279720279721,1.2868115751495034e-07
136,141,0.8391608391608393,0.0006428259886278202
136,142,1.0,0.0
136,143,0.9720279720279721,1.2868115751495034e-07
136,144,0.8391608391608393,0.0006428259886278202
136,145,0.8951048951048951,8.36658642909172e-05
136,146,0.8741258741258742,0.0002007130733242317
136,147,0.8041958041958043,0.0016147689860699299
136,148,0.8951048951048951,8.36658642909172e-05
136,149,0.8741258741258742,0.0002007130733242317
136,150,0.8041958041958043,0.0016147689860699299
136,151,1.0,0.0
136,152,0.9720279720279721,1.2868115751495034e-07
136,153,0.8391608391608393,0.0006428259886278202
136,154,1.0,0.0
136,155,0.9720279720279721,1.2868115751495034e-07
136,156,0.8391608391608393,0.0006428259886278202
136,157,1.0,0.0
136,158,0.9720279720279721,1.2868115751495034e-07
136,159,0.8391608391608393,0.0006428259886278202
136,160,1.0,0.0
136,161,0.9720279720279721,1.2868115751495034e-07
136,162,0.8391608391608393,0.0006428259886278202
137,138,0.9300699300699302,1.170222792865967e-05
137,139,0.9720279720279721,1.2868115751495034e-07
137,140,1.0,0.0
137,141,0.9300699300699302,1.170222792865967e-05
137,142,0.9720279720279721,1.2868115751495034e-07
137,143,1.0,0.0
137,144,0.9300699300699302,1.170222792865967e-05
137,145,0.8321678321678322,0.0007854416778536138
137,146,0.8531468531468532,0.0004181179404149969
137,147,0.8461538461538463,0.0005211337004810046
137,148,0.8321678321678322,0.0007854416778536138
137,149,0.8531468531468532,0.0004181179404149969
137,150,0.8461538461538463,0.0005211337004810046
137,151,0.9720279720279721,1.2868115751495034e-07
137,152,1.0,0.0
137,153,0.9300699300699302,1.170222792865967e-05
137,154,0.9720279720279721,1.2868115751495034e-07
137,155,1.0,0.0
137,156,0.9300699300699302,1.170222792865967e-05
137,157,0.9720279720279721,1.2868115751495034e-07
137,158,1.0,0.0
137,159,0.9300699300699302,1.170222792865967e-05
137,160,0.9720279720279721,1.2868115751495034e-07
137,161,1.0,0.0
137,162,0.9300699300699302,1.170222792865967e-05
138,139,0.8391608391608393,0.0006428259886278202
138,140,0.9300699300699302,1.170222792865967e-05
138,141,1.0,0.0
138,142,0.8391608391608393,0.0006428259886278202
138,143,0.9300699300699302,1.170222792865967e-05
138,144,1.0,0.0
138,145,0.6923076923076924,0.0125930304960941
138,146,0.7692307692307694,0.0034464502618274493
138,147,0.8741258741258742,0.0002007130733242317
138,148,0.6923076923076924,0.0125930304960941
138,149,0.7692307692307694,0.0034464502618274493
138,150,0.8741258741258742,0.0002007130733242317
138,151,0.8391608391608393,0.0006428259886278202
138,152,0.9300699300699302,1.170222792865967e-05
138,153,1.0,0.0
138,154,0.8391608391608393,0.0006428259886278202
138,155,0.9300699300699302,1.170222792865967e-05
138,156,1.0,0.0
138,157,0.8391608391608393,0.0006428259886278202
138,158,0.9300699300699302,1.170222792865967e-05
138,159,1.0,0.0
138,160,0.8391608391608393,0.0006428259886278202
138,161,0.9300699300699302,1.170222792865967e-05
138,162,1.0,0.0
139,140,0.9720279720279721,1.2868115751495034e-07
139,141,0.8391608391608393,0.0006428259886278202
139,142,1.0,0.0
139,143,0.9720279720279721,1.2868115751495034e-07
139,144,0.8391608391608393,0.0006428259886278202
139,145,0.8951048951048951,8.36658642909172e-05
139,146,0.8741258741258742,0.0002007130733242317
139,147,0.8041958041958043,0.0016147689860699299
139,148,0.8951048951048951,8.36658642909172e-05
139,149,0.8741258741258742,0.0002007130733242317
139,150,0.8041958041958043,0.0016147689860699299
139,151,1.0,0.0
139,152,0.9720279720279721,1.2868115751495034e-07
139,153,0.8391608391608393,0.0006428259886278202
139,154,1.0,0.0
139,155,0.9720279720279721,1.2868115751495034e-07
139,156,0.8391608391608393,0.0006428259886278202
139,157,1.0,0.0
139,158,0.9720279720279721,1.2868115751495034e-07
139,159,0.8391608391608393,0.0006428259886278202
139,160,1.0,0.0
139,161,0.9720279720279721,1.2868115751495034e-07
139,162,0.8391608391608393,0.0006428259886278202
140,141,0.9300699300699302,1.170222792865967e-05
140,142,0.9720279720279721,1.2868115751495034e-07
140,143,1.0,0.0
140,144,0.9300699300699302,1.170222792865967e-05
140,145,0.8321678321678322,0.0007854416778536138
140,146,0.8531468531468532,0.0004181179404149969
140,147,0.8461538461538463,0.0005211337004810046
140,148,0.8321678321678322,0.0007854416778536138
140,149,0.8531468531468532,0.0004181179404149969
140,150,0.8461538461538463,0.0005211337004810046
140,151,0.9720279720279721,1.2868115751495034e-07
140,152,1.0,0.0
140,153,0.9300699300699302,1.170222792865967e-05
140,154,0.9720279720279721,1.2868115751495034e-07
140,155,1.0,0.0
140,156,0.9300699300699302,1.170222792865967e-05
140,157,0.9720279720279721,1.2868115751495034e-07
140,158,1.0,0.0
140,159,0.9300699300699302,1.170222792865967e-05
140,160,0.9720279720279721,1.2868115751495034e-07
140,161,1.0,0.0
140,162,0.9300699300699302,1.170222792865967e-05
141,142,0.8391608391608393,0.0006428259886278202
141,143,0.9300699300699302,1.170222792865967e-05
141,144,1.0,0.0
141,145,0.6923076923076924,0.0125930304960941
141,146,0.7692307692307694,0.0034464502618274493
141,147,0.8741258741258742,0.0002007130733242317
141,148,0.6923076923076924,0.0125930304960941
141,149,0.7692307692307694,0.0034464502618274493
141,150,0.8741258741258742,0.0002007130733242317
141,151,0.8391608391608393,0.0006428259886278202
141,152,0.9300699300699302,1.170222792865967e-05
141,153,1.0,0.0
141,154,0.8391608391608393,0.0006428259886278202
141,155,0.9300699300699302,1.170222792865967e-05
141,156,1.0,0.0
141,157,0.8391608391608393,0.0006428259886278202
141,158,0.9300699300699302,1.170222792865967e-05
141,159,1.0,0.0
141,160,0.8391608391608393,0.0006428259886278202
141,161,0.9300699300699302,1.170222792865967e-05
141,162,1.0,0.0
142,143,0.9720279720279721,1.2868115751495034e-07
142,144,0.8391608391608393,0.0006428259886278202
142,145,0.8951048951048951,8.36658642909172e-05
142,146,0.8741258741258742,0.0002007130733242317
142,147,0.8041958041958043,0.0016147689860699299
142,148,0.8951048951048951,8.36658642909172e-05
142,149,0.8741258741258742,0.0002007130733242317
142,150,0.8041958041958043,0.0016147689860699299
142,151,1.0,0.0
142,152,0.9720279720279721,1.2868115751495034e-07
142,153,0.8391608391608393,0.0006428259886278202
142,154,1.0,0.0
142,155,0.9720279720279721,1.2868115751495034e-07
142,156,0.8391608391608393,0.0006428259886278202
142,157,1.0,0.0
142,158,0.9720279720279721,1.2868115751495034e-07
142,159,0.8391608391608393,0.0006428259886278202
142,160,1.0,0.0
142,161,0.9720279720279721,1.2868115751495034e-07
142,162,0.8391608391608393,0.0006428259886278202
143,144,0.9300699300699302,1.170222792865967e-05
143,145,0.8321678321678322,0.0007854416778536138
143,146,0.8531468531468532,0.0004181179404149969
143,147,0.8461538461538463,0.0005211337004810046
143,148,0.8321678321678322,0.0007854416778536138
143,149,0.8531468531468532,0.0004181179404149969
143,150,0.8461538461538463,0.0005211337004810046
143,151,0.9720279720279721,1.2868115751495034e-07
143,152,1.0,0.0
143,153,0.9300699300699302,1.170222792865967e-05
143,154,0.9720279720279721,1.2868115751495034e-07
143,155,1.0,0.0
143,156,0.9300699300699302,1.170222792865967e-05
143,157,0.9720279720279721,1.2868115751495034e-07
143,158,1.0,0.0
143,159,0.9300699300699302,1.170222792865967e-05
143,160,0.9720279720279721,1.2868115751495034e-07
143,161,1.0,0.0
143,162,0.9300699300699302,1.170222792865967e-05
144,145,0.6923076923076924,0.0125930304960941
144,146,0.7692307692307694,0.0034464502618274493
144,147,0.8741258741258742,0.0002007130733242317
144,148,0.6923076923076924,0.0125930304960941
144,149,0.7692307692307694,0.0034464502618274493
144,150,0.8741258741258742,0.0002007130733242317
144,151,0.8391608391608393,0.0006428259886278202
144,152,0.9300699300699302,1.170222792865967e-05
144,153,1.0,0.0
144,154,0.8391608391608393,0.0006428259886278202
144,155,0.9300699300699302,1.170222792865967e-05
144,156,1.0,0.0
144,157,0.8391608391608393,0.0006428259886278202
144,158,0.9300699300699302,1.170222792865967e-05
144,159,1.0,0.0
144,160,0.8391608391608393,0.0006428259886278202
144,161,0.9300699300699302,1.170222792865967e-05
144,162,1.0,0.0
145,146,0.9790209790209792,3.0898013985487064e-08
145,147,0.8741258741258742,0.0002007130733242317
145,148,1.0,0.0
145,149,0.9790209790209792,3.0898013985487064e-08
145,150,0.8741258741258742,0.0002007130733242317
145,151,0.8951048951048951,8.36658642909172e-05
145,152,0.8321678321678322,0.0007854416778536138
145,153,0.6923076923076924,0.0125930304960941
145,154,0.8951048951048951,8.36658642909172e-05
145,155,0.8321678321678322,0.0007854416778536138
145,156,0.6923076923076924,0.0125930304960941
145,157,0.8951048951048951,8.36658642909172e-05
145,158,0.8321678321678322,0.0007854416778536138
145,159,0.6923076923076924,0.0125930304960941
145,160,0.8951048951048951,8.36658642909172e-05
145,161,0.8321678321678322,0.0007854416778536138
145,162,0.6923076923076924,0.0125930304960941
146,147,0.9440559440559443,3.927261080965951e-06
146,148,0.9790209790209792,3.0898013985487064e-08
146,149,1.0,0.0
146,150,0.9440559440559443,3.927261080965951e-06
146,151,0.8741258741258742,0.0002007130733242317
146,152,0.8531468531468532,0.0004181179404149969
146,153,0.7692307692307694,0.0034464502618274493
146,154,0.8741258741258742,0.0002007130733242317
146,155,0.8531468531468532,0.0004181179404149969
146,156,0.7692307692307694,0.0034464502618274493
146,157,0.8741258741258742,0.0002007130733242317
146,158,0.8531468531468532,0.0004181179404149969
146,159,0.7692307692307694,0.0034464502618274493
146,160,0.8741258741258742,0.0002007130733242317
146,161,0.8531468531468532,0.0004181179404149969
146,162,0.7692307692307694,0.0034464502618274493
147,148,0.8741258741258742,0.0002007130733242317
147,149,0.9440559440559443,3.927261080965951e-06
147,150,1.0,0.0
147,151,0.8041958041958043,0.0016147689860699299
147,152,0.8461538461538463,0.0005211337004810046
147,153,0.8741258741258742,0.0002007130733242317
147,154,0.8041958041958043,0.0016147689860699299
147,155,0.8461538461538463,0.0005211337004810046
147,156,0.8741258741258742,0.0002007130733242317
147,157,0.8041958041958043,0.0016147689860699299
147,158,0.8461538461538463,0.0005211337004810046
147,159,0.8741258741258742,0.0002007130733242317
147,160,0.8041958041958043,0.0016147689860699299
147,161,0.8461538461538463,0.0005211337004810046
147,162,0.8741258741258742,0.0002007130733242317
148,149,0.9790209790209792,3.0898013985487064e-08
148,150,0.8741258741258742,0.0002007130733242317
148,151,0.8951048951048951,8.36658642909172e-05
148,152,0.8321678321678322,0.0007854416778536138
148,153,0.6923076923076924,0.0125930304960941
148,154,0.8951048951048951,8.36658642909172e-05
148,155,0.8321678321678322,0.0007854416778536138
148,156,0.6923076923076924,0.0125930304960941
148,157,0.8951048951048951,8.36658642909172e-05
148,158,0.8321678321678322,0.0007854416778536138
148,159,0.6923076923076924,0.0125930304960941
148,160,0.8951048951048951,8.36658642909172e-05
148,161,0.8321678321678322,0.0007854416778536138
148,162,0.6923076923076924,0.0125930304960941
149,150,0.9440559440559443,3.927261080965951e-06
149,151,0.8741258741258742,0.0002007130733242317
149,152,0.8531468531468532,0.0004181179404149969
149,153,0.7692307692307694,0.0034464502618274493
149,154,0.8741258741258742,0.0002007130733242317
149,155,0.8531468531468532,0.0004181179404149969
149,156,0.7692307692307694,0.0034464502618274493
149,157,0.8741258741258742,0.0002007130733242317
149,158,0.8531468531468532,0.0004181179404149969
149,159,0.7692307692307694,0.0034464502618274493
149,160,0.8741258741258742,0.0002007130733242317
149,161,0.8531468531468532,0.0004181179404149969
149,162,0.7692307692307694,0.0034464502618274493
150,151,0.8041958041958043,0.0016147689860699299
150,152,0.8461538461538463,0.0005211337004810046
150,153,0.8741258741258742,0.0002007130733242317
150,154,0.8041958041958043,0.0016147689860699299
150,155,0.8461538461538463,0.0005211337004810046
150,156,0.8741258741258742,0.0002007130733242317
150,157,0.8041958041958043,0.0016147689860699299
150,158,0.8461538461538463,0.0005211337004810046
150,159,0.8741258741258742,0.0002007130733242317
150,160,0.8041958041958043,0.0016147689860699299
150,161,0.8461538461538463,0.0005211337004810046
150,162,0.8741258741258742,0.0002007130733242317
151,152,0.9720279720279721,1.2868115751495034e-07
151,153,0.8391608391608393,0.0006428259886278202
151,154,1.0,0.0
151,155,0.9720279720279721,1.2868115751495034e-07
151,156,0.8391608391608393,0.0006428259886278202
151,157,1.0,0.0
151,158,0.9720279720279721,1.2868115751495034e-07
151,159,0.8391608391608393,0.0006428259886278202
151,160,1.0,0.0
151,161,0.9720279720279721,1.2868115751495034e-07
151,162,0.8391608391608393,0.0006428259886278202
152,153,0.9300699300699302,1.170222792865967e-05
152,154,0.9720279720279721,1.2868115751495034e-07
152,155,1.0,0.0
152,156,0.9300699300699302,1.170222792865967e-05
152,157,0.9720279720279721,1.2868115751495034e-07
152,158,1.0,0.0
152,159,0.9300699300699302,1.170222792865967e-05
152,160,0.9720279720279721,1.2868115751495034e-07
152,161,1.0,0.0
152,162,0.9300699300699302,1.170222792865967e-05
153,154,0.8391608391608393,0.0006428259886278202
153,155,0.9300699300699302,1.170222792865967e-05
153,156,1.0,0.0
153,157,0.8391608391608393,0.0006428259886278202
153,158,0.9300699300699302,1.170222792865967e-05
153,159,1.0,0.0
153,160,0.8391608391608393,0.0006428259886278202
153,161,0.9300699300699302,1.170222792865967e-05
153,162,1.0,0.0
154,155,0.9720279720279721,1.2868115751495034e-07
154,156,0.8391608391608393,0.0006428259886278202
154,157,1.0,0.0
154,158,0.9720279720279721,1.2868115751495034e-07
154,159,0.8391608391608393,0.0006428259886278202
154,160,1.0,0.0
154,161,0.9720279720279721,1.2868115751495034e-07
154,162,0.8391608391608393,0.0006428259886278202
155,156,0.9300699300699302,1.170222792865967e-05
155,157,0.9720279720279721,1.2868115751495034e-07
155,158,1.0,0.0
155,159,0.9300699300699302,1.170222792865967e-05
155,160,0.9720279720279721,1.2868115751495034e-07
155,161,1.0,0.0
155,162,0.9300699300699302,1.170222792865967e-05
156,157,0.8391608391608393,0.0006428259886278202
156,158,0.9300699300699302,1.170222792865967e-05
156,159,1.0,0.0
156,160,0.8391608391608393,0.0006428259886278202
156,161,0.9300699300699302,1.170222792865967e-05
156,162,1.0,0.0
157,158,0.9720279720279721,1.2868115751495034e-07
157,159,0.8391608391608393,0.0006428259886278202
157,160,1.0,0.0
157,161,0.9720279720279721,1.2868115751495034e-07
157,162,0.8391608391608393,0.0006428259886278202
158,159,0.9300699300699302,1.170222792865967e-05
158,160,0.9720279720279721,1.2868115751495034e-07
158,161,1.0,0.0
158,162,0.9300699300699302,1.170222792865967e-05
159,160,0.8391608391608393,0.0006428259886278202
159,161,0.9300699300699302,1.170222792865967e-05
159,162,1.0,0.0
160,161,0.9720279720279721,1.2868115751495034e-07
160,162,0.8391608391608393,0.0006428259886278202
161,162,0.9300699300699302,1.170222792865967e-05
