document,page,matched_terms,text
MeitY_Annual_Report_2025_26.pdf,54,"fabrication, testing","Digital India
REPORT
Ministry of Electronics & Information Technology, Government of India
Annual
2025-2026
52
As part of the initial rollout, five exemplar Government of India websites were made live at the time of the DBIM launch to 
demonstrate practical implementation of the framework and serve as reference models for Ministries and Departments. 
Subsequently, as of date, six Ministry/Department websites have been successfully migrated and are live.
The harmonisation initiative is presently being accelerated with emphasis on DBIM 3.0 compliance, thereby progressively 
realising the vision of a unified, accessible, citizen-first, and globally recognisable digital footprint for the Government 
of India.
2.4.13	 Digital Economy
2.4.13.1 Background: India’s Digital Economy
India’s digital economy has been expanding at an exceptional pace over the past decade, driven by rapid technological 
adoption, progressive public digital infrastructure, the evolving dynamic innovation ecosystem etc. This transformation 
has positioned India among one of the world’s leading digitalizing economies. 
According to the latest estimates, the digital economy contributed 11.74% of national income in 2022–23, valued at INR 
31.64 lakh crore (~USD 402 billion). Digital-enabling industries—ICT services, telecommunications, and electronics 
manufacturing—form the largest component with 7.83% of GVA, while new digital industries such as platforms and 
digital intermediaries contribute nearly 2%. Traditional sectors including BFSI, trade, and education add an additional 
2% through their growing digital components, underscoring the deepening digitalisation of India’s economic landscape. 
Employment in the digital economy stood at 14.67 million workers (2.55% of the workforce) in 2022–23, with productivity 
nearly five times higher than the rest of the economy. Projections indicate that the digital economy will grow almost 
twice as fast as overall GDP and is expected to reach around 20% of national income by 2030. 
India’s digital transformation is accelerated by strong progress in Artificial Intelligence (AI) ecosystem, with vast 
applications across governance, agriculture, healthcare, mobility, and finance. The semiconductor and electronics 
ecosystem continue to strengthen through new investments in fabrication, assembly and testing, semiconductor design, 
and production-linked incentive schemes. These developments support domestic manufacturing and meet growing 
demand from strategic sectors such as telecom, EVs, cloud, and IoT systems. Global Capability Centres (GCCs) have 
also emerged as a key pillar of India’s digital and innovation landscape, with global enterprises increasingly relying on 
India for high-end engineering, product development, AI/ML research, cybersecurity, semiconductor design, and digital 
operations. 	
Further, India’s globally recognised Digital Public Infrastructure (DPI)—including Aadhaar, UPI, DigiLocker, FASTag, 
Account Aggregator, DIKSHA, and ABDM—remains central to inclusive growth. DPI enables secure identity, seamless 
digital payments, paperless service delivery, and interoperable data exchange, while fostering a strong foundation for 
private-sector innovation, GCC expansion, and digital entrepreneurship. Together, these developments highlight India’s 
evolution into a digitally integrated and innovation-driven economy, where technologies such as AI, semiconductors, 
and DPI—supported by a strong GCC ecosystem—drive productivity, competitiveness, and inclusive growth.
2.4.13.2 Banking and Fintech Ecosystem: An Overview
India’s banking sector stands as a pillar of the nation’s economic progress, playing a vital role in mobilising capital, 
expanding credit access, and driving financial inclusion. While it continues to navigate challenges such as regulatory 
shifts, rising operational costs, and growing competition from fintech players, the sector is simultaneously embracing 
opportunities brought by digital innovation, structural reforms, and evolving customer needs.
India’s fintech sector is rapidly evolving, driven by technological advancements, regulatory support, and a robust digital 
ecosystem. India’s fintech ecosystem encompasses a diverse range of segments that collectively transform the financial 
"
MeitY_Annual_Report_2025_26.pdf,85,ATMP,"Make in India
REPORT
Ministry of Electronics & Information Technology, Government of India
Annual
2025-2026
83
Industrial electronics is an empirical barometer of overall growth in the contribution of the manufacturing sector 
in the economy. The spurt in investments due to the “Make in India” programme is bringing significant interest in 
engineering, electrical, automotive and electronics segments which are the driving force behind the growth of industrial 
electronics  sector. In future, M2M (machine-to-machine and machine-to-man) communication modules driven by 
Industry 4.0 activities will determine the growth of the Industrial electronic segment.
3.2.6	 Automotive Electronics 
Automotive electronics are electrically operated systems integrated and mounted in several vehicle applications such 
as body electronics, safety systems, and infotainment. The automotive market demand is experiencing trends related 
to advanced mobility solutions, powertrain & vehicle system electrification, and advanced safety systems. Due to the 
increased implementation of these systems in vehicles, the penetration of automotive electronics has also increased, 
further creating the demand for automotive electronics products across the globe. The digitization of automotive systems 
by including connected technologies, in-vehicle communication, and ADAS & automated systems have created several 
opportunities for market growth. The growing integration & adoption of automotive electronics in modern vehicles to 
deliver enhanced safety & comfort to consumers is one of the major factors driving the automotive electronics industry 
growth. Several features offered by OEMs including Automated Emergency Braking (AEB) system, airbag system, 
and lane departure warning, etc. have significantly decreased road accidents worldwide. Automotive electronics along 
with the presence of broad computing technologies and connected features are enhancing automobile capabilities. 
Alcohol ignition interlock, accident data recorder system, and emergency call system are some of the features gaining 
attraction, which will further propel the growth. According to Allied Market Research, the global Auto electronics market 
is estimated to reach USD 382.16 billion by 2026, growing at a CAGR of 7.3 percent from 2019 to 2026.
Automotive Mission Plan 2016-26 targets India to be among the top three in the world for engineering, manufacturing and 
export of vehicles and auto components. The growing presence of global automobile Original Equipment Manufacturers 
(OEMs) in the Indian manufacturing landscape has significantly increased the localization of their components in the 
country. India has become the preferred designing and manufacturing base for most global auto OEMs for local sourcing 
and exports. 
3.2.7	 Electronic Components 
The global market for electronic components is expected to grow. Following this global trend, the Indian electronic 
components market is also poised to grow significantly. Mobile Phones, Consumer Electronics and Industrial Electronics 
account for the major demand (82%) for electronic components in India. 
GoI launched the Scheme for Promotion of Manufacturing of Electronic Components and Semiconductors (SPECS) 
(notified vide Gazette Notification No.CG-DL-E-01042020-218992 dated April 01, 2020). This scheme provides financial 
incentive of 25% on capital expenditure for the identified list of electronic goods that comprise downstream value chain 
of electronic products, i.e., electronic components, ATMP units, specialized sub-assemblies and capital goods for 
manufacture of aforesaid goods, e-waste recycling facility and R&D units for the manufacturing of semiconductors. 
Apart from SPECS, the other initiatives of the Government that boost the production of electronic components include 
rationalization of tariff structure, Phased Manufacturing Programme (PMP), and notification of electronics products 
under the Public Procurement (Preference to Make in India), Order 2017. Under the umbrella of “Make in India” program, 
BCD has been imposed on Printed Circuit Board (PCB) Assembly of Mobile handsets with the intention to strengthen 
the domestic EMS and components segment in India. Production Linked Incentive Scheme (PLI) for Large Scale 
Electronics Manufacturing is also supporting manufacturing of specified electronic components. The Indian government 
has imposed an anti-dumping duty (ADD) on bare printed circuit boards (PCBs) with fewer than six layers.
"
MeitY_Annual_Report_2025_26.pdf,87,"packaging, testing","Make in India
REPORT
Ministry of Electronics & Information Technology, Government of India
Annual
2025-2026
85
3.3.2	 Modified Special Incentive Package Scheme (M-SIPS)
In order to promote large scale manufacturing in the country, a Modified Special Incentive Package Scheme (M-SIPS) 
was announced by the Government in July 2012. The Scheme has been amended twice – in August 2015 and in 
January 2017. The Scheme has been closed on 31st December 2018 to receive new applications. The salient features 
of the Scheme are: 
• 
Provides Capital Subsidy - 20% for investments in Special Economic Zones (SEZs) and 25% in non-SEZs.
• 
Provides incentives for both new units and expansion units.
• 
Provides incentives for a period of 5 years from the date of approval of application.
• 
Provides incentives for 44 categories/verticals across the value chain (raw materials including assembly, testing, 
packaging and accessories, chips, components).
• 
Minimum investment threshold for each product category/vertical Unit to be in Industrial Area notified by Central/
State Govt.
Status of M-SIPS till December, 2025 is as follows:
As on 31 December 2025, 304 applications with proposed investment of Rs 64,872 Crore are approved. 
The incentives to the tune of Rs 2817.20 Crore have been disbursed to the 153 applicants.
Out of 304 approved applicants, 288 applicants have started incurring investment on their projects and have made 
investment of Rs 54,117 Crore. Out of 304 approved applicants, 272 applicants have commenced commercial production 
with reported turnover of Rs 16,98,109 Crore, which includes exports to the tune of Rs 4,41,784 Crore. These units 
have given employment opportunities (Direct & Indirect) to over 4,79,548 persons and given revenue of approximately 
Rs 2,19,654 Crore to the Government.
3.3.3	 Electronic Cluster Manufacturing (EMC) Schemes
To create conducive and sustainable ecosystem for electronics manufacturing in the country, Government notified 
the Electronics Manufacturing Cluster (EMC) Scheme in October, 2012 for providing support to create world-class 
"
MeitY_Annual_Report_2025_26.pdf,91,"ATMP, fabrication, semiconductor fab","Make in India
REPORT
Ministry of Electronics & Information Technology, Government of India
Annual
2025-2026
89
3.3.7	 PLI Scheme 2.0 for IT Hardware
PLI Scheme 2.0 for IT Hardware was notified on 29.05.2023 with an approved outlay of Rs.17,000 crore to boost domestic 
manufacturing and attract large investments in the value chain. The Scheme extends an incentive of around 5% (based 
on localization of components/sub-assemblies) on net incremental sales (over base year) of goods manufactured in 
India and covered under the target segment, to eligible companies, for a period of six (6) years. The Target Segment 
includes (i) Laptops (ii) Tablets (iii) All-in-One PCs and (iv) Servers (v) USFF (Ultra Small Form Factor). A total of 27 
companies have been approved under the Scheme.
The Scheme is expected to generate following outcomes during its tenure:
i)	
Expected incremental production is Rs. 3.35 Lakh crore
ii)	
Expected incremental investment is Rs. 2,430 crores
iii)	
Expected incremental direct employment is 75,000
The status of PLI Scheme 2.0 for IT Hardware till December, 2025 is as follows:
As on 31.12.2025, PLI Schemes for IT Hardware have led to a total cumulative production of Rs. 16,531.64 crore, total 
cumulative investment of Rs. 856.64 crore and total cumulative employment of 4,776 (direct jobs).
3.3.8	 Scheme for Promotion of Manufacturing of Electronic Components and Semiconductors (SPECS) 
Notified vide Gazette Notification dated April 01, 2020, the Scheme provides financial incentive of 25% on capital 
expenditure for the identified list of electronic goods that comprise downstream value chain of electronic products, 
i.e., electronic components, semiconductor/ display fabrication units, ATMP units, specialized sub-assemblies and 
capital goods for manufacture of aforesaid goods, e-waste recycling facility and R&D units for the manufacturing of 
semiconductors The scheme promotes development of electronic components manufacturing ecosystem in the country 
and deepening of electronics value chain and is expected to bring new investments to the tune of ` 20,000 crore 
with total employment generation potential of 6,00,000 (Direct and Indirect). The scheme is closed to receive new 
applications on 31.03.2024.
Progress under the scheme till December, 2025 as per latest Quarterly Progress Report
58 applications have been approved with total proposed investment of Rs. 22,081 crore. As per the Quarterly Progress 
report submitted by the applicant total investment done by the approved applications is Rs. 20,488 crore. Total production 
done by the approved applications is Rs. 49,352 crore. Total employment generated by the approved applications is 
56,314 persons.
3.3.9	 Programme for Development of Semiconductors and Display Manufacturing Ecosystem in India
Government of India approved the comprehensive program for the development of a sustainable semiconductor and 
display ecosystem in the country with an outlay of ` 76,000 crore (>10 billion USD) in order to foster the objective of the 
development of a diversified, resilient, and sustainable semiconductor and display manufacturing ecosystem in India, 
which provides
i.	
Fiscal support of 50% of the project cost on pari-passu basis for setting up of Silicon Complementary Metal-Oxide-
Semiconductor (CMOS) based Semiconductor Fabs in India.
ii.	
Fiscal support of 50% of Project Cost on pari-passu basis for setting up of Display Fabs in India.
iii.	
Fiscal support of 50% of the Capital Expenditure on pari-passu basis for setting up of Compound Semiconductors 
/ Silicon Photonics (SiPh) / Sensors (including Micro-Electro-Mechanical Systems) Fab/ Discrete Semiconductor 
"
MeitY_Annual_Report_2025_26.pdf,92,"ATMP, Micron, OSAT, fabrication, packaging, testing, wafer","Make in India
REPORT
Ministry of Electronics & Information Technology, Government of India
Annual
2025-2026
90
Fab and Semiconductor Assembly, Testing, Marking and Packaging (ATMP) / Outsourced Semiconductor 
Assembly and Test (OSAT) facilities in India. 
iv.	
Product Design Linked Incentive (DLI) of up to 50% of the eligible expenditure subject to a ceiling of `15 Crore 
per application and also “Deployment Linked Incentive” of 6% to 4% of net sales turnover over 5 years subject to 
a ceiling of `30 Crore per application for incentivizing chip design
Government has also approved the modernization of Semi-Conductor Laboratory, Mohali under the Programme.
3.3.9.1	 India Semiconductor Mission (ISM):
India Semiconductor Mission (ISM) as an Independent Business Division under the Digital India Corporation, has been 
nurturing India’s strategies for developing Semiconductors and display ecosystem focussed on the objectives namely-
• 
Promoting development of indigenous products/ technologies via suitable mechanisms/ infrastructure facilities  
• 
Enabling cutting-edge research and development and curating pool of skilled manpower.
• 
Encouraging technology transfer by networking/ partnerships with national and international entities.
• 
Assisting in obtaining monetary support through requisite fund mechanisms/ grants schemes, etc. 
• 
Facilitating adoption of secure microelectronics and developing a trusted semiconductor supply chain.
3.3.9.2 Modernization of Semi-Conductor Laboratory (SCL), Mohali
The Union Cabinet has also approved that Ministry of Electronics and Information Technology will take requisite steps 
for modernization and commercialization of Semi-conductor Laboratory (SCL), Mohali. Semi-conductor Laboratory 
(SCL), Mohali has been brought under the administrative control of Ministry of Electronics and Information Technology 
from Department of Space 
SCL is an Integrated Device Manufacturer which undertakes activities pertaining to design, development, fabrication, 
assembly & packaging, testing and quality assurance of Silicon CMOS and MEMS Devices for various applications. 
Presently, SCL has two wafer fabrication lines, i.e., 200 mm wafer line operating in 180nm CMOS technology and 150 
mm wafer line for MEMS technology. SCL predominantly caters to low volume requirements for various applications.
Boston Consulting Group (BCG) has been engaged to provide consultancy services for the Modernization of Semi-
Conductor Laboratory, Mohali. 
The primary focus of the modernization of SCL is the 8-inch 180nm CMOS fab-line with the following outlined objectives:
(i)	
Augment the capacity of the line to at least 1500 WSPM, build redundancy and improve operational performance
(ii)	
Enhance technological capability to support broader needs of government, academia and industry
(iii)	 Ensure operational continuity and improved customer commitment.
As part of its modernization, SCL published RFP and invited proposals to upgrade its chip manufacturing facilities. 
Through this RFP, SCL intends to engage experienced Contractor(s) for augmentation and enhancement of the existing 
8-inch fab-line. The technical evaluation and financial evaluations of the bids received have been completed, and the 
results have been published on the SCL website.
3.3.9.3 Approvals issued under the programme:
• 
Micron Technology Inc.’s proposal for setting up an ATMP facility in Gujarat with an investment of ` 22,516 crore 
was approved in June 2023. Micron’s facility in India will enable assembly and test manufacturing for both DRAM 
and NAND products and address demand from domestic and international markets. The production capacity is 
around 14 million units per week. 
"
MeitY_Annual_Report_2025_26.pdf,93,"ATMP, CG Power, Foxconn, Kaynes, OSAT, Renesas, SiCSem, Tata Electronics, packaging, semiconductor fab, wafer","Make in India
REPORT
Ministry of Electronics & Information Technology, Government of India
Annual
2025-2026
91
• 
Tata Electronics Private Limited (TEPL)’s proposal for setting up a Semiconductor Fab facility in Gujarat with an 
investment of ` 91,526 crore was approved in February 2024. The fab facility will be set up in technology partner­
ship with PSMC, Taiwan. PSMC is an established semiconductor company having 6 semiconductor foundries in 
Taiwan. The production capacity of the project would be around 50,000 wafer starts per month (WSPM). 
• 
Tata Electronics Private Limited (TEPL)’s proposal for setting up of OSAT facility in Assam with an investment 
of ` 27,120 crores was approved in February 2024. The facility will use indigenous semiconductor packaging 
technologies with a production capacity of 48 million per day. 
• 
CG Power and Industrial Solutions Limited’s proposal for setting up OSAT facility in Gujarat with an investment 
of ` 7,584 crore was also approved in February 2024. The facility will be set up as joint venture partnership 
with Renesas Electronics America Inc., USA, and STARS Microelectronic, Thailand. The Technology would be 
provided for this facility by Renesas Electronics Corporation, Japan and STARS Microelectronic, Thailand. The 
production capacity would be around 15.07Million Units per day. 
• 
Kaynes Technology India Limited (KTIL) proposal for setting up of Outsourced Semiconductor Assembly 
and Test (OSAT) facility in Gujarat for Wire bond Interconnect, Substrate Based Packages was approved in 
September,2024. The Technology would be provided by ISO Technology Sdn. Bhd. and AOI Electronics Co. Ltd. 
(AOI). This facility will be setup with an investment of ` 3,307 crore. The facility will have the capacity to produce 
more than 6.33 million chips per day.
• 
Vama Sundari Investments (Delhi) Private Limited (VSIPL) proposal for setting up of Outsourced Semiconductor 
Assembly and Test (OSAT) facility in Uttar Pradesh for display driver ICs (DDIC) using Gold (Au) Bump technology 
along with chip probing facilities and die processing services was approved in May,2025. The Technology would 
be provided by Hon Hai, Taiwan. The facility will be set up as joint venture partnership between VSIPL and 
Foxconn, India with an investment of Rs 3,706 crore. The production capacity would be around 20K wafers per 
month/36 Mn chips per month.
• 
3D Glass Solutions Inc. (3DGS) proposal for setting up of a vertically integrated advanced packaging and 
embedded glass substrate manufacturing on the glass panels in Odisha with an investment of ` 1,943 crores has 
been approved in August,2025. The plant will handle the assembly of packaged products such as Flip Chip Ball 
Grid Array (FCBGA) assembly, Radio Frequency System in Package (RF SiP), Antenna in Package System in 
Package (AiP SiP), glass interposers with passives and silicon bridges and 3D Heterogenous Integration (3DHI) 
modules. Proposed Installed capacity for glass panel substrate production, assembly and 3DHI is around 5800 
panels per month, 4.20 million units per month, and 1100 units per months respectively.
• 
SiCSem Private Limited’s proposal for setting up an integrated facility for Silicon Carbide (SiC) based Compound 
Semiconductors fab and ATMP in Odisha with an investment of ` 2,066 crore has been approved in August 2025. 
The facility will be set up in technology partnership with Clas-SiC Wafer Fab Ltd. for SiC fab and Continental 
Device India Pvt. Ltd. for packaging. The production capacity is 5,000 wafers/month and packaging capacity of 8 
million units/month.
• 
Continental Device India Private Limited (CDIL) proposal for Brownfield expansion of its semiconductor 
manufacturing facility at Punjab, with an investment of ` 117 crores has been approved in August 2025. The 
proposed facility will manufacture high-power discrete semiconductor devices such as MOSFETs, IGBTs, 
Schottky Bypass Diodes, and transistors, both in Silicon and Silicon Carbide. The production capacity of the will 
be around 158.38 million units/annum. 
• 
Advanced System in Package Technologies Private Limited (ASIP) proposal for setting up an OSAT facility in 
Andhra Pradesh, with an investment of ` 480 crores in August 2025. The facility will be set up in technology 
partnership with APACT Co. Ltd, South Korea. The production capacity of the facility would be around 96 million 
units/annum. 
"
MeitY_Annual_Report_2025_26.pdf,95,"Tata Electronics, fabrication, packaging, testing","Make in India
REPORT
Ministry of Electronics & Information Technology, Government of India
Annual
2025-2026
93
	
These courses will help in creating Semicon industry ready talent pipeline and will reduce the time gap to make 
students industry ready. 
• 
India is also collaborating with countries overseas for capacity building and Talent development in Semiconductor 
domain. ISM has signed an MoU with Purdue University, to enable collaboration for development of skilled 
workforce (through curation of specific courses/ academic programs), specialized R&D programs. 
• 
Lam Research, USA, Semiconductor Equipment Manufacture announced to train 60,000 workforce in the next 10 
years through its Semiverse Solutions virtual nano-fabrication platform and course customization in collaboration 
with IISc and Indian academic institutions, aiming to expedite India’s semiconductor education and workforce 
development goals. After a successful completion of pilot programme, an MoU has been signed between ISM, 
IISc Bangalore and LAM Research in April 2024, to scale up the training. Under the MoU, a project is being 
implemented to train up to 4800 students in two years.
• 
NIELIT has jointly finalized the course curriculum with Tata Electronics Pvt. Ltd. for skilling manpower in various 
verticals of Semiconductor Assembly, Testing, Marking and Packaging. NIELIT is planning to roll out these skilling 
programs in its following Centers: Tezpur / Guwahati, Imphal, Agartala, Aurangabad, and Calicut.
• 
The First India-Dutch Semicon School has been conducted over five days, from 9-13th December, 2024 in online 
mode. The program featured 2 or 3 lectures each day, along with a group assignment at the end of the program. 
170 students participated in the program from the following institutions: IIT Delhi, IIT Madras, IIT Guwahati, IIT 
Gandhinagar, Technical University Eindhoven, University of Twente, Technical University Delft.
• 
Proposal on “Upskilling program for Master Trainers in Japan” for training of 50 Indian master trainers in Japan 
was approved at the 158th meeting of the Screening Committee held on 29.08.2025. Under this program, 50 
master trainers will be upskilled in Japan through hands-on training (Technician and Engineer level) at shop 
loor in areas such as Facility management, Fab Operations, Maintenance Engineer, Semiconductor Packaging 
and Testing, Reliability and Failure Analysis. The implementation schedule for the training program of 50 master 
trainers is tentatively planned from May 2026 to March 2028.
3.3.9.6	 Outreach Activities: 
Semicon India Conference 2025:
‘SEMICON India 2025’ Conference has been organized from 2nd –4th September, 2025 with the Theme ‘Building the 
Next Semiconductor Powerhouse’. The event witnessed the super success with over 30,000 attendees, participation 
from 48 countries, and more than 350 companies showcasing innovations. Unique features included country pavilions, 
workforce development sessions, and student mentoring programs. 
 
"
MeitY_Annual_Report_2025_26.pdf,97,packaging,"Make in India
REPORT
Ministry of Electronics & Information Technology, Government of India
Annual
2025-2026
95
200 engineers to the workforce. The Phase II office of Microchip is underway to add more than 1200 engineers in 
Chennai.
MoU with Singapore: Government of India has recently signed an MoU with Singapore to establish an “India-Singapore 
Semiconductor Ecosystem Policy Dialogue”. The Policy Dialogue will be used as a platform to:
• 
Discuss semiconductor supply chain related issues;
• 
Exchange best practices to leverage opportunities for growth in the global semiconductor industry;
• 
Explore areas for mutually beneficial semiconductor R&D collaboration; 
• 
Encourage collaboration between Singapore-based and India-based companies towards mutually beneficial 
semiconductor related business opportunities and partnerships;
• 
Consider initiatives to enhance semiconductor supply chain resilience, based on areas of mutual strength such as 
fabs, packaging, design, equipment, specialty chemicals and gases, semiconductor grade materials; and
• 
Promote Industrial Parks and workforce development for mutual benefit
3.3.9.8 R&D Road map
• 
Applied Materials Inc. (AMAT) has announced a planned investment of $400 Mn to establish Collaborative 
Engineering Centre in Bangalore. During the initial 5 years. the center would support $2Bn+ of spending and 
create ~500 advanced engineering jobs. This initiative will facilitate R&D collaboration amongst R&D team of 
Applied Materials, Indian academic institutions and R&D team of vendors of Applied Materials. This will also help 
in development and sourcing of components/sub-assemblies required for the AMAT’s semiconductor equipment.
• 
Advanced Micro Devices: Advanced Micro Device (AMD) announced plan to invest approximately $400 Million 
over the next five years to expand Research, Development and Engineering Operations in India. The planned 
investment includes a new AMD campus in Bangalore, Karnataka that will serve as the company’s largest design 
center, as well as the addition of approximately 3,000 new engineering roles by the end of 2028. AMD committed 
to an investment of $73Mn for Year 2024 and $32Mn for Year 2025 as a part of $400Mn investment. It has hired 
980 Engineers, including 22% women. 
• 
Microchip: Microchip Technology announced a $300 million investment plan to expand its operations in India. To 
strengthen its presence in India, the company has inaugurated a new research and development (R&D) facility 
at One Golden Mile Office Tower in Hyderabad. This 168,000-square-foot center, which has a capacity for 1,000 
employees, joins Microchip’s existing developments in Bengaluru and Chennai. Microchip has added more than 
200 engineers to the workforce. The Phase II office of Microchip is underway to add more than 1200 engineers in 
Chennai.
3.3.10	 Investment Promotion to Attract Investment in ESDM Sector
3.3.10.1 Promotion of ECMS, PLI, SPECS, EMC 2.0 and Schemes for Development of Semiconductors and 
Display Manufacturing Ecosystem in India
To boost investment in India’s Electronics System Design and Manufacturing (ESDM) sector, the Ministry undertook a 
series of targeted promotion initiatives, including the launch of a new initiate i.e. Electronics Component Manufacturing 
Scheme. Extensive outreach efforts - such as webinars, seminars, roadshows and stakeholder consultations - were 
conducted to highlight the benefits of these schemes. High-level engagements were also facilitated, enabling direct 
interactions between industry representatives and senior MeitY officials to address concerns and provide clarity on 
investment pathways. These efforts have positioned India as a promising destination for ESDM, significantly enhancing 
global awareness and industry interest.
"
MeitY_Annual_Report_2025_26.pdf,100,"Foxconn, Micron","Make in India
REPORT
Ministry of Electronics & Information Technology, Government of India
Annual
2025-2026
98
3.3.10.2.6 AI Infrastructure for Bharat
On 20th June 2025, Joint Secretary Shri Sushil Pal addressed the AI Infrastructure for Bharat event hosted by Netweb 
and NVIDIA. He outlined MeitY’s efforts to position India as a global hub for IT hardware manufacturing, noting that the 
success achieved in mobile manufacturing is now paving the way for a similar transformation in the IT hardware sector. 
With strengthening domestic capabilities and supportive policy interventions, India is set for rapid growth in innovation-
led manufacturing, contributing to both economic expansion and technological self-reliance.
3.3.10.2.7 Investment Promotion Roadshow for Electronics Component Manufacturing Scheme (ECMS), Taiwan
From 9–11 July 2025, a delegation from the Ministry of Electronics and Information Technology (MeitY), led by Shri 
Sushil Pal, Joint Secretary, visited Taiwan to promote investment in India’s electronics manufacturing sector. The visit 
included an Investment Promotion Roadshow, the India–Taiwan Electronics Supply Chain Roundtable (attended by 
over 60 Taiwanese companies), and focused one-to-one meetings with leading firms such as Advantech, Foxconn, 
Unimicron, Supermicro, Compal, MSI, and others. The delegation highlighted India’s growth in electronics manufacturing, 
the Electronics Component Manufacturing Scheme (ECMS), and Production Linked Incentive (PLI) schemes, while 
encouraging Taiwanese companies to expand their manufacturing footprint in India.
 
3.3.10.2.8 India–Japan Industrial Collaboration and Investment in Electronics Manufacturing, Japan
From 14–19 September 2025, a delegation led by  Secretary, Department for Promotion of Industry and Internal Trade 
(DPIIT), visited Japan to advance the India–Japan Industrial Competitiveness Partnership.
Joint Secretary, participated in the delegation with a focus on promoting investment in India’s electronics manufacturing 
sector and facilitating partnerships between Japanese companies and Indian industry. 
During the visit, the Joint Secretary held one-on-one meetings with leading Japanese firms, including Air Water, 
FANUC, NIDEC, Sharp, and TDK. The delegation showcased India’s growth in electronics manufacturing, highlighting 
the Electronics Component Manufacturing Scheme (ECMS) and Production Linked Incentive (PLI) schemes, while 
encouraging Japanese companies to expand their manufacturing footprint in India.
3.3.10.2.9 Measures to facilitate Ease of Doing Business
Central Board of Indirect Taxes & Customs (CBIC), Department of Revenue, Ministry of Finance has decided to exempt 
the Electronics and Semiconductor Manufacturing Sector from application of Section 65A of the Customs Act.
"
MeitY_Annual_Report_2025_26.pdf,103,"fabrication, packaging","Make in India
REPORT
Ministry of Electronics & Information Technology, Government of India
Annual
2025-2026
101
The technology has been transferred to M/s SPMCIL and got ordered of more than ` 300 crore from Delhi Excise 
Department etc. The other startup M/s Likhotronics Pvt. Ltd. has been incubated recently for the product Educational 
Kits using special inks. In addition, 5 technologies of the centre have been transferred to industries/start-ups for 
commercialization. Several companies have invested in the centre for R&D, prototype & product developments etc. 
The Centre is working closely with industries to meet their requirement in this thematic area and developed various 
prototypes like Temperature Sensors for Milk Adulteration & Gas Sensors for Food Spoilage, Smart Label with tamper 
evident tracking, OLED Display, Handheld Infrared Thermometer, Screen-printed sensor for Bilirubin detection in 
Serum, Warm Hug/Heater Jackets, TFT Array, Sensor for Breast Cancer detection, Smart IV Bottle, Piano keyboard 
on paper etc. 
Based on achieving of targeted objectives & milestones successfully and steer the centre activities ahead, the Ministry 
of Electronics & IT (MeitY) accorded approval to IIT-Kanpur on 24.11.2023 for initiation of Phase-II activity with a 
project cost of ` 83.08 crore including Government Grant-in-aid of ` 60.00 crore from MeitY, ` 10.00 crore as industry 
contribution and `13.08 crore from IIT-Kanpur. As on date, MeitY has released a Grant-in-aid of `10.79 crores to IIT-K 
towards the Phase-II of the project. Under the Phase-II, prima-facie, the prototypes /technological applications in the 
field of “Level & Packaging, Strategic and Healthcare sector (but not limited to)” has been considered to address the 
technological requirement of the industry/organization in these sectors. The canter facility is available for industry / start-
ups / academia / MSME /other organizations for active collaboration. Under Phase-II, 30 patents have been filed. The 
following 2 Technologies have been transferred to the industry. 
Product /Technology
Industry
Sector
Status
Bilirubin Sensor 
Sensa Core Medical 
Instrumentation Pvt. Ltd.
Healthcare
Technology Licensed to M/s 
Sensa Core
LFIA based strips for 
detection of bovine mastitis
Prompt Equipment Pvt. Ltd.
Milk Safety
Technology Licensed to M/s 
PROMPT Equipment’s
Further, 8 industrial projects have been initiated with relevant stakeholders including industries as well as Govt. 
organizations. Under the Phase-II, 7 prototypes have been developed including sustainable sensing platform for 
electrochemical sensors using sugarcane skin having varied applications from biosensing to heavy metal detection 
and Li ion-based technology (coin cell) having capacity of > 30 mAH and under field trial. A lab prototype of a pouch 
cell battery with 350 mAH capacity has also been developed and demonstrated to provide home-grown technological 
solution for LED lights and power pack applications.
3.3.12.2 Next Generation AMOLED Displays, OLED Lighting and OPV Products
The project “Next Generation AMOLED Displays, OLED Lighting and OPV products: Development of disruptive 
Technologies to enable cost effective electronic component manufacturing in India”, approved by MeitY being 
implemented by IIT Madras with total budget outlay of INR 41.60 Crore, including MeitY’s Grant-in-Aid amounting to 
INR 35.32 Crore. The objective of the centre is to demonstrate state- of-the-art AMOLED based displays developed by 
Fine Metal Mask (FMM) and Closed Space Sublimation (CSS) processes. OPV devices are also being developed for 
roll-to-roll manufacturing. A laboratory has been developed successfully for state-of-the-art research facility. A clean 
area has been set up of area around 3000 sq. ft. There are two parts in the clean area. One is of class 100 and the rest 
of the area is of class 1000. The class 100 area is used for substrate cleaning, which is very crucial for the fabrication. 
Class 1000 area has all the deposition units and is utilized for AMOLED device fabrication.
"
MeitY_Annual_Report_2025_26.pdf,120,"fabrication, testing","Innovate and Design in India
REPORT
Ministry of Electronics & Information Technology, Government of India
Annual
2025-2026
118
Indian languages. This is being implemented jointly by IIT Madras, IITM Pravartak, and CDAC Chennai. BharatDB 
aims to build a robust database ecosystem, strengthen security and reliability and drive digital transformation. 
BharatDB, a secure, scalable, and modular database platform forked from PostgreSQL 17.4, is being designed for 
enterprise and government workloads. Two beta versions have been developed with several new and improved 
features: Beta 1 included database upgrade validation, role-based auditing, log analysis, job scheduling, vector 
support, and single sign-on, while Beta 2 added SSL by default, multi-factor authentication, enhanced auditing, 
distributed DB with load balancing, and real-time monitoring. It has undergone customer testing to confirm its 
stability and readiness for production. Beta 3 version is currently in development with further enhancements, and 
performance benchmarking is ongoing. The pilot deployment of Bharat DB has been carried out at STPI and City 
Union Bank.
• 
Open Challenge Competition for Development of “Indian Web Browser with built-in CCA India Root 
Certificate: The Indian Web Browser Development Challenge (IWBDC) was launched as a national open challenge 
to foster the development of secure, standards-compliant, and India-centric web browsers. The initiative focused 
on incorporating critical indigenous capabilities such as a built-in CCA India Root Certificate, native in-browser 
digital signing, support for all official Indian languages, parental controls, web filtering, and other essential modern 
browser features. Through a rigorous multi-stage evaluation process, the challenge successfully resulted in the 
development of three finalist browsers, each implementing the mandated indigenous features while leveraging 
open-source browser engines as their foundational platforms.
• 
Indigenous Intelligent and Scalable Neuromorphic Multi Chip for AI Training and Inference Solutions: 
MeitY initiated a research project at IIT Hyderabad, aimed to design and develop an indigenous neuro-morphic 
architecture for AI training and inferencing. The project progresses from FPGA prototyping to System on Chip 
(SOC) realization, leading to fabrication of a MCM (Multi-Chip Module) module which comprises multiple SOCs. 
The team has demonstrated various applications such as image classification, object detection etc on the FPGA 
prototype. The first Chip Tapeout using TSMC 65nm has been completed. Optimization efforts to enhance 
performance, reduce power consumption, minimize chip area, memory integration etc. have been carried out. The 
first AI chip was launched at the T-Chip Semicon Constitution Summit 2025 held in Hyderabad. 
• 
Development of computational protocols for 
designing inhibitors using PARP-1: Breast 
cancer is the most common type of cancer among 
the Indian population, with lack of awareness and 
high cost of treatment leads to lower reporting of 
illnesses. Poly Adenosine Diphosphate Ribose 
polymerase (PARP-1) inhibitors are among a few 
handfuls of targets which play an efficient role 
in treating breast cancer. A project was initiated 
at NIPER, Guwahati for the development of 
computational protocols for designing inhibitors 
using PARP-1 as a model and synthesis & 
biological evaluation of designed inhibitors. 
Machine Learning models for prediction of PARP-
1 activity have been designed and deployed 
as a web-server-based GUI. The work has 
led to publications in high-impact journals and 
development of two webtools: one for assessing 
drug synthesis routes and another for the prediction 
"
MeitY_Annual_Report_2025_26.pdf,123,"Kaynes, testing","Innovate and Design in India
REPORT
Ministry of Electronics & Information Technology, Government of India
Annual
2025-2026
121
The PARAM Utkarsh system at C-DAC Bengaluru is supporting initiatives such as Design Linked Incentive (DLI), Chip 
to Startup (C2S), AI for Cyber Security, and various other industrial research programs. Similarly, PARAM Siddhi at 
C-DAC Pune is being utilized by startups and research institutions for AI/ML-driven applications in science, engineering, 
and finance.
The PARAM systems under NSM are being accessed by over 14,000 active researchers, including 1,700+ PhD scholars 
from 250+ institutions across the country via the National Knowledge Network (NKN). These systems have enabled 
research in critical areas such as drug discovery, disaster management, climate modeling, astronomy, computational 
chemistry, material science, aircraft engine design, hypersonic flight, and green energy technologies. To date, 
researchers have completed over 1.5 crore compute jobs and published more than 1,650 research papers in leading 
international journals. Additionally, startups and MSMEs are leveraging NSM’s HPC and AI infrastructure to accelerate 
innovation and product development in India.
5.2.1.2 Indigenous HPC Technologies under NSM
Rudra-I server
C-DAC’s indigenously designed Rudra-I server platform is poised to ensure India’s self-sufficiency to design, develop 
and deliver as per country’s needs. It has an edge in security conscious environments and businesses. It features Intel 
Xeon 2nd Generation Cascade Lake processor supporting DDR4 memory.
C-DAC has partnered with EMS partners in India for mass manufacturing of Rudra servers. More than 6000 servers have 
been manufactured so far. All the NSM Phase-3 systems are based on Rudra -I server. Under transfer of technology 
agreement, C-DAC has transferred the Rudra Server Design to three industry partners, viz. M/s VVDN, M/s Kaynes 
technologies and M/s Avalon technologies. These efforts by C-DAC have catalysed the development of entire eco-
system right from design, manufacturing and userbase generation. 
Rudra-II server
Rudra-II is based on Intel’s Fifth generation Xeon Scalable Processor Emerald Rapids. It supports next-gen industry-
standard technologies such as PCIe 5.0, HBM & DDR5 memory speeds of up to 5600MT. It is compatible with Open 
Compute Platform (OCP) 48V DC for Cloud/Data center and HPC market. For cooling it has option of both Liquid (better 
energy efficiency) and Air cooling. 
Rudra-SPX Design validation testing is completed. Production process of the servers has commenced. For production 
of the servers, C-DAC has signed-up with EMS partners VVDN Technologies and Kaynes Technology. These servers 
are being used in upgradation and new systems under NSM. 
"
MeitY_Annual_Report_2025_26.pdf,138,testing,"Innovate and Design in India
REPORT
Ministry of Electronics & Information Technology, Government of India
Annual
2025-2026
136
Motion planning algorithms, kinematic modelling of the tractor, and integrated testing are under development, and field 
testing of the system on a 24 HP tractor, targeting vineyard applications, is currently in progress. 
5.3.2.4 Autonomous Bathymetric Survey Vessel (ABSV) for Advanced Glacier Lake Profiling
The design and development of an Autonomous Bathymetric Survey Vessel (ABSV) for reservoir and glacial lake 
profiling has been successfully completed. The prototype was field-tested at two high-altitude glacial lakes—Baspa and 
Vasuki in Himachal Pradesh—under challenging environmental conditions. This represents a first-of-its-kind indigenous 
capability in the country and is expected to significantly benefit communities residing downstream of glacial lakes by 
strengthening disaster-preparedness efforts.
As an important offshoot of the project, a Water Quality Index (WQI) indicator was also developed and validated through 
field trials. In addition, a Grand Challenge was organized to promote the development of innovative and sustainable 
indigenous solutions for Glacial Lake Outburst Flood (GLOF) mitigation.
5.3.2.5 The project on “TULIP: TEA HARVESTING UNMANNED ROBOTIC PLATFORM FOR NORTHEAST INDIAN 
TEA PLANTATION”
The technical development of sub-systems for vision based identification of two leaves & a bud, Robotic manipulator, 
cutting and storing of the leaves and related AI based software have been completed. All sub-assemblies have been 
integrated and extensive testing of the system has been carried out in the model tea factory at Jorhat. For safe and 
reliable operation, the entire system is powered with an inverter-based power supply. The system field trials are in 
progress.
5.3.2.6 Joint Call for Proposal under MeitY- NSF (USA) Research Collaboration.
The U.S. National Science Foundation (NSF) and the Ministry of Electronics and Information Technology (MeitY) of 
the Government of India have signed an Implementation Arrangement on research cooperation. The Implementation 
Arrangement provides a framework to encourage collaborations between U.S. and Indian research communities and 
sets out the principles by which joint activities might be supported. This NSF-MeitY collaborative opportunity focuses 
on research and technological development  in areas of semiconductor, next-generation communication systems, 
cyber-security, sustainability & green technologies, and intelligent transportation systems. Twelve projects have been 
awarded jointly with NSF with a combined outlay of nearly $10 million. 
5.3.2.7	 National Mission on Power Electronics Technology (Phase-III)
The National Mission on Power Electronics Technology Phase-III (NaMPET-III) program has been highly successful 
in strengthening the power electronics technology base in the country by carrying out a multitude of activities like 
Technology development, deployment, technology transfer, awareness creation & manpower development and 
strengthening the industry interactions with R&D and academic institutes through collaborative research projects. New 
Horizon in power electronics technology by Exploratory Research through premier Academic Institutions are carried out 
especially in Wide Band Gap (WBG) power semiconductor device based power electronics systems, Application R&D 
in, Smart grid Power Quality Centre Concept (SPQC) is established with Power Quality systems and IOT modules. 
High voltage power electronic for applications in Medical devices like X-Rays systems are established for first time in 
the country.
Under the programme User agencies, Industries and startups are participating in the technology development and 
commercialization through Transfer of Technologies (ToT). 
"
MeitY_Annual_Report_2025_26.pdf,140,testing,"Innovate and Design in India
REPORT
Ministry of Electronics & Information Technology, Government of India
Annual
2025-2026
138
etc. are being arranged. 6 technology functions / ToT programs are conducted with active involvement of MeitY officials, 
including Secretary, along with members from railway, MoP, MNRE, DST.
  
5.3.2.7.1 Design and Development of Propulsion System for 3 phase Electric Locomotives:
The Ministry of Electronics and IT, in collaboration with the Ministry of Railways, has initiated a national effort to develop 
an indigenous propulsion system for three-phase electric locomotives, addressing challenges arising from obsolete GTO-
based technologies, discontinued ASIC components, and proprietary communication standards. Building on C-DAC 
Thiruvananthapuram’s successful development and deployment of VCU and TCN technologies now operational in over 
3,000 locomotives, the initiative proposes the design and development of Traction Converter technology, engineering 
of the Auxiliary Converter, and transfer of the VCU technology for Train Control and Management System (TCMS). 
The project will be implemented through a consortium of C-DAC, CLW, and Indian Railways–identified industries with 
joint financial support from MeitY, the Ministry of Railways, and industry partners. This programme aims to strengthen 
domestic capability, reduce dependence on foreign suppliers, and advance the vision of ‘Aatmanirbhar Bharat’ and 
‘Design and Make in India’. The expected outcome is a fully indigenous propulsion system including traction converter, 
auxiliary converter and VCU with TCMS, ready for adoption by Indian Railways and further commercialization through 
qualified industry partners. This will be the highest (5000kW) power electronics converter technology development for 
propulsion in the country.
5.3.2.7.2 Development of Planar Magnetic Components for MHz Applications and customization for Electronics 
& Radar Development Establishment (LRDE’s)(DRDO) Active Phase Array Radar (APAR)
The Ministry of Electronics and IT, under the National Mission on Power Electronics Technology (NaMPET), has initiated 
an advanced R&D project on the development of Planar Magnetic components for MHz Applications in Active Phased 
Array Radar (APAR) systems. The project aims to establish indigenous capability in high-frequency, high–power-density 
planar magnetics to address critical requirements of APAR systems developed by LRDE, DRDO. The initiative focuses 
on designing, fabricating, and testing compact planar inductors and 
transformers operating in 1 MHz range, with lower form factors, to 
meet the demanding size, efficiency, and thermal constraints of 
modern radar platforms. The project aims to develop planar 
magnetics for both ground-based and airborne APAR systems, 
along with a dedicated magnetics test bench and encapsulation 
techniques for rugged operation. The outcome is expected to reduce 
import dependence, enable customization for strategic applications, 
and support domestic production of high-power-density converters, 
benefitting defense, aerospace, radar manufacturers, and high-
frequency power electronics industries.
Planer Magnetics based sub-systems
"
MeitY_Annual_Report_2025_26.pdf,142,packaging,"Innovate and Design in India
REPORT
Ministry of Electronics & Information Technology, Government of India
Annual
2025-2026
140
5.3.2.8.1 Agri-Excellence: National Programme on Application of Electronics and ICT in Himalayan Region Crop 
Management 
The Ministry of Electronics and IT has initiated a national-level programme for Himalayan Region crop management, 
leveraging automation, robotics, IoT, and ICT technologies. The objective of the programme is to pursue national-
level R&D, product and solution development, and commercialization for identified crops of saffron, walnut, and apple 
for the Himalayan Region, in collaboration with academia, R&D institutions, and industry partners. Sher-e-Kashmir 
University of Agricultural Sciences and Technology (SKUAST), Kashmir, is executing this programme in partnership 
with multiple collaborators and industry/start-ups. The Agri-Excellence programme has been launched to develop 
automation technologies in agriculture and support farmers through smart cultivation and e-marketing solutions. 
Currently, technologies under the programme are being developed for application in identified crops cultivation, post-
processing and e-marketing.
5.3.2.8.2 e-GUNA: Sensory assessment for quality of fermented foods from North-Eastern 
The Ministry of Electronics and IT has supported the project which is being implemented by Centre for Development of 
Advanced Computing (C-DAC), Kolkata, the Institute of Bioresources and Sustainable Development (IBSD), Imphal, the 
National Institute of Technology (NIT), Nagaland, and the Indian Institute of Technology (IIT), Hyderabad. This initiative 
aims to develop and deploy a point-of-analysis device for the detection of bacterial pathogens and toxins in fermented 
food products. Currently, the project has generated 03 technologies such as CG-STAT system, an electrochemical 
sensing platform for the detection of cyanogenic glycosides in fermented foods which has been developed, field trialed, 
deployed, and IP protected through an Indian patent application and copyright. IIT Hyderabad has pioneered the 
development of FP-SENS, a food pathogen sensor that can simultaneously detect a range of bacterial pathogens 
including Staphylococcus aureus, Bacillus cereus, Escherichia coli, Listeria monocytogenes, Clostridium botulinum, and 
Proteus mirabilis that integrates seamlessly with mobile phones. IBSD Imphal and NIT Nagaland have collaboratively 
worked on developing a software platform for the analysis of Foodpatho chips. The technologies are now ready and 
underway commercialization.
5.3.2.9 Development of Electric Vehicles (EVs) Sub System (EVSS)
The Ministry of Electronics & IT (MeitY) has initiated a program on “Development of Electric Vehicles (EVs) Sub System 
(EVSS-I) with broad objective to indigenously develop the Electric Vehicle sub- systems in the areas of Electric motor, 
controller, converters Chargers, BMS, etc., for 2-Wheeler, 3-Wheeler/e-rickshaw, and economy 4 Wheeler. The EV 
sub-systems development is being taken up in consortium mode consisting of academic institutes/ R&D organization 
for design and development, industry to commercialize it and vehicle manufacturers to use the developed product in 
the manufacturing. Technology of high-efficiency PMSM motor and controller for e-rickshaw, BLDC Motor Controller 
for low- to medium-power e-vehicle applications, and a BLDC motor with a smart Vehicle Control Unit for e-rickshaw 
have been developed, tested, and transferred to various industries for production and commercialization. 2 kW DC 
portable EV charger was launched by Secretary MeitY, Shri S. Krishnan with the setup and inauguration of the Model 
EV Charging Station (MCS) at Technology Park, Thiruvananthapuram. The Mobile EV DC Fast Charger and 3 kW DC-
DC Converter were launched by Hon’ble MoS MeitY, with transfer of technologies to industries. Out of the technologies 
undertaken in EVSS, EoIs for all the 10 completed technologies have been published to enable technology transfer and 
facilitate engagement with potential industry partners for commercialization.
Additionally, to support EV Battery technology developments, a Resource facility for EV Battery packaging including 
electro chemical workstation and thermal management in battery pack is established at C-DAC, Thiruvanathapuram 
Development of Motor/Controller/Charger/Converter Technologies under EoI for EVSS.
"
MeitY_Annual_Report_2025_26.pdf,154,"fabrication, packaging, testing","Innovate and Design in India
REPORT
Ministry of Electronics & Information Technology, Government of India
Annual
2025-2026
152
include successful design and fabrication of rib and strip-loaded waveguides, 3-dB couplers, and periodically poled LNOI 
(PPLN) structures for nonlinear optics. State-of-the-art facilities are being created, including ISO-6/7/8 cleanrooms, 
PIC design and lithography labs, and quantum application laboratories. A total of 18 trained manpower and multiple 
academic collaborations (University of Paris-Saclay, University of Sorbonne, University of Paderborn, TCG Crest) have 
been established.
The project is progressing toward fabrication of full LNOI-based Quantum Accelerator Chips by FY 2026, supported 
by industrial participation for packaging and commercialization, positioning India as a key player in global photonic-
quantum computing technologies.
5.4.7	 National Strategy for Additive Manufacturing (NSAM) 
Additive Manufacturing (AM), is a key enabler of Industry 4.0 and 5.0, integrating digital design, simulation, and 
fabrication to create complex components layer by layer. AM enhances productivity, flexibility, and sustainability, 
enabling rapid prototyping, mass customization, and distributed production. It supports UN Sustainable Development 
Goals (SDGs) through material efficiency, reduced emissions, and localized manufacturing. For India, AM presents 
a transformative opportunity to strengthen indigenous manufacturing, reduce imports, and advance toward a USD 
1.45 trillion manufacturing economy by 2030, positioning the nation as a global hub for advanced and sustainable 
manufacturing. In this direction, India launched National Strategy for Additive Manufacturing (NSAM) in 2022 for 
development and deployment of AM technologies in India aspiring to achieve $1 billion Indian AM market. The program 
is being implemented through seven development and deployment centres and R&D projects.
5.4.7.1	 National Centre on Additive Manufacturing (NCAM) 
• 
National Centre for Additive Manufacturing (NCAM) is a company registered under section 8(1) of the Companies 
Act 2013. The NCAM is established by the Ministry of Electronics and Information Technology (MeitY), Government 
of India and ITE&C Department, Government of Telangana has been established in Hyderabad, Telangana, in 
partnership with industry.
• 
The NCAM is established as an independent agency to build a comprehensive ecosystem of additive manufacturing 
in the country by enabling the adoption in the industry, prototyping new products and focusing on indigenization, 
access to state-of-the-art infrastructure, enabling research and development of standards, enabling key foreign 
players to establish their manufacturing units and new product development, and promoting skill development 
activities to generate quality manpower.
• 
The vision of NCAM is “To create and enable a sustainable ecosystem for product innovation in India with 
emphasis on research, design, development, and testing through collaborative efforts between academia, industry 
and government using the disruptive technology of Additive Manufacturing”. NCAM acts as the central agency 
to promote, foster, and drive the adoption of additive manufacturing technology in India to make the country 
AtmaNirbhar in the sector.
• 
The Centre has engaged 20 start-ups with a focus on generating IPR. NCAM has organized workshops, seminars, 
and conferences for delegates across India, cumulatively benefiting over 69,000 professionals. A total of 25 
Faculty Development Programs were conducted across various states including Jammu & Kashmir, Punjab, 
Uttar Pradesh, Maharashtra, Karnataka, Tamil Nadu, Andhra Pradesh, and Telangana. Additionally, NCAM has 
conducted 34 Additive Expert Talks and collaborated with industry partners to organize seven international events 
in Delhi, Mumbai, Warangal, and Hyderabad. These events exhibited new technology and audience gained 
knowledge on the subject. 
"
MeitY_Annual_Report_2025_26.pdf,156,"Micron, fabrication, testing","Innovate and Design in India
REPORT
Ministry of Electronics & Information Technology, Government of India
Annual
2025-2026
154
• 
In recent years, Additive Manufacturing (AM) processes are bringing fundamental change in how manufacturing 
is carried out in many sectors due to its ability for scalable, cost effective and sustainable fabrication process. AM 
is an enabler for digital manufacturing which has capability in producing products directly from design data by 
adding layers of material to obtain the final shape with minimal wastage. 3D printing in optical computing chip for 
global market
• 
The Ministry of Electronics and Information Technology (MeitY) has initiated a centre on Additive Manufacturing 
based Cost-Effective Optical Computing Chips at Indian Institute of Science, Bangalore (IISc) in collaboration with 
Centre for Materials for Electronics Technology (C-MET), Pune. 
• 
The objective of the centre is to design and fabricate global state of the art 3D printer to achieve sub-micron 
resolution, indigenous materials for printing and to design & fabricate optical devices for computation. The centre 
is expected to achieve self-sustenance and focus on developing indigenous materials and machine technologies 
for photonics manufacturing sector. 
• 
The centre is also bringing opportunities for Indian companies to develop their own AM material and machine 
technologies for global market at much reduced R&D cost for any sector (not limited to photonics) such as 
aerospace, medical, automotive etc. The centre has designed and developed 3 materials, 2 machine and 1 
software. Additionally, training has been provided to 65 personnel. 
5.4.7.5	 CoE on Additive Manufacturing: Medical Device Sector
• 
Ministry of Electronics and Information Technology (MeitY) has initiated a Centre of Excellence on Additive 
Manufacturing at Andhra Pradesh MedTech Zone, Vishakapatnam, Andhra Pradesh which will support Medical 
Device Sector. 
• 
The vision of the centre is to make COE at AMTZ a hub (common facility for local AM industry which will offset 
disabilities for competing with global peers) for medical device innovation in India by nurturing various medical 
device start-ups through Additive Manufacturing (AM) technology. 
• 
Through this centre sustainable long-term ecosystem will be provided to start-ups and industries which will enable 
medical device innovation in India; build skill-sets in the AM industry, in particular AM in the medical industry to 
achieve competitive advantages in the global market; promote creation of Indian IPR & facilitate IPR filing activity 
and offer industry, academia, global linkages to provide market access to the incubated products. 
• 
The CoE has achieved several milestones both in skill development and technology development. Over 2400 
manpower were trained in 3D printing, Medical Device Design, Prototyping and Testing in CoE AM - MDS. CoE 
is successful in establishing production of materials and products which earlier were under import dependency. 
The CoE developed 4 materials, 5 machines, 2 softwares and 9 AM products. The CoE also created capacities 
to deliver the highest quality small metal components with outstanding levels of chemistry control, strength, and 
density across a wide range of alloys. 
5.4.7.6  Centre for Promotion of Additive Manufacturing - Agri & Food Processing (CPAM – A & FP)
• 
The Center for Additive Manufacturing (CPAM), established under the Additive Manufacturing (AM) initiative of 
MeitY at the Centre for Development of Advanced Computing, Kolkata, pioneers a groundbreaking concept of 
Agri-factories. 
• 
These facilities integrate agri-produce lines with value-added agri-product lines, ensuring control over quality, 
quantity, and costs. Through this innovative approach, dependency on open agri-produce markets diminishes. 
CPAM’s mission encompasses enhancing time-to-market, market resilience, and establishing product-
independent manufacturing lines for value-added agri-products, introducing AM to the sector for the first time 
"
MeitY_Annual_Report_2025_26.pdf,158,fabrication,"Innovate and Design in India
REPORT
Ministry of Electronics & Information Technology, Government of India
Annual
2025-2026
156
NCQMT is supporting the goals of the National Quantum Mission through indigenous innovation, technology transfer, 
and start-up incubation. 
5.4.9	 MeitY-NSF: Machine Learning Guided 3D Printing of Self-Healing Sustainable Concrete from Waste 
Materials
• 
Concrete, primarily composed of Ordinary Portland Cement (OPC), is the most widely used construction material 
globally. However, OPC production contributes nearly 8% of human-induced global carbon emissions, making the 
development of sustainable alternatives a key environmental priority. Furthermore, the brittle nature of concrete 
leads to frequent structural damage due to environmental exposure. To address these challenges, the proposed 
project focuses on developing 3D-printed sustainable, self-healing concrete using industrial waste materials and 
marine organisms, supported by machine learning (ML)-driven autonomous printing technology.
• 
The project aims to create sustainable, self-healing concrete by replacing OPC and natural aggregates with spent 
foundry sand and recycled PET plastic, while incorporating carbonic anhydrase enzyme to enable autonomous 
crack healing through calcium carbonate deposition. It also targets multifunctionality through dual-nozzle 3D 
printing of multilayer concrete with silk–algae hydrogel coatings—silk waste providing thermal insulation and 
algae supporting CO₂ capture and O₂ generation. 
5.4.10	 MeitY-NSF: Alloy Design and Processing Science for Additive Manufacturing of Rare Earth Permanent 
Magnets
• 
Additive manufacturing (AM) of rare-earth magnets is gaining importance for its ability to create complex designs 
with minimal material waste. These magnets are vital for green energy systems such as wind turbines and electric 
vehicles. The project focuses on developing AM processes to fabricate high-performance isotropic and anisotropic 
magnet. 
• 
The project focuses on alloy design, process optimization, and fabrication of dense magnet with high coercivity. 
It aims to establish standardized AM processes, develop tailored alloy compositions, and explore potential for 
industrial-scale production. The objectives include achieving high coercivity, understanding process–microstructure 
correlations, and producing magnets with an optimal balance of remanence and coercivity.
5.4.11 	 MeitY-NSF: Energy-Efficient Quantum Materials-Based Magnetic Tunnel Junctions for Unconventional 
Computing Applications
• 
Advancements in technology have created a demand for smaller, faster, non-volatile, and energy-efficient spintronic 
devices. Spin-based devices, such as magnetic memory (hard drives and MRAM) and spin logic systems, are 
also being explored for emerging computing paradigms like bioinspired, probabilistic, and Ising-based computing. 
The key challenge lies in identifying suitable materials that combine high speed, low power consumption, non-
volatility, and long endurance. Magnetic tunnel junctions (MTJs), consisting of two magnetic layers separated by 
an insulating barrier, are central to many spintronic applications, including probabilistic computing. 
• 
The project aims to develop quantum materials-based magnetic tunnel junctions (MTJs) for energy-efficient 
computing. It aims to overcome limitations of conventional systems through Stochastic Computing Computational 
Random-Access Memory (SC-CRAM) built on quantum MTJs. 
5.4.12	 CoE on products based on Li-ion (Post Cell): 
• 
In order to boost the mobile and other electronic industries in the country, a Centre of Excellence (CoE) for 
Products based on Li-ion Cells (Post-Cell) has been set up at CDAC Noida in association with the Industry 
Association – India Cellular and Electronics Association (ICEA) & financially sponsored by Ministry of Electronics 
"
MeitY_Annual_Report_2025_26.pdf,170,"fabrication, testing","Innovate and Design in India
REPORT
Ministry of Electronics & Information Technology, Government of India
Annual
2025-2026
168
successfully recorded and benchmarked against the GE-4C probe. It has also been validated as per ISO and 
IEC requirements for biocompatibility and electrical safety. Clinical trial protocols are approved, and fabrication of 
additional is in progress for clinical trials. These achievements mark an important step towards self-reliant medical 
imaging and open the path for developing advanced ultrasound transducers in India.
• 
Self-contained X-ray blood irradiator system:
	
The self-contained X-ray blood irradiator system uses high-dose X-rays to treat blood products and prevent 
transfusion-associated graft versus host disease (TA-GVHD) in immuno-compromised patients. SAMEER has 
developed two such units with financial support from MeitY. The system is fully shielded, safe, reliable, and 
provides a consistent high dose rate without requiring additional radioprotection measures.
 
Electrical safety testing has been completed and certification obtained. SAMEER has also received AERB 
authorization as an approved supplier of X-ray blood irradiator systems, and the CDSCO test licence is in place. 
All required AERB radiation safety QA tests have been completed and submitted for type approval, and the AERB 
inspection process is currently underway. Once type approval is granted, the indigenous system will be deployed 
at the user hospital for clinical validation.
• 
Design and Development of EEG Based Real-Time Depth of Anesthesia (DoA) Monitoring System: 
	
The project aims to develop an indigenous real-time Depth of Anesthesia (DoA) monitoring system using EEG 
signals. A machine learning model is being trained on a locally compiled clinical EEG database, which will help 
improve the accuracy of DoA estimation for all age groups and for different anesthetic drugs. The trained model 
is implemented on an FPGA to validate the software results on hardware.
	
Clinical EEG data from 1,581 surgical patients have been collected and processed. Using reverse feature 
elimination, 11 key EEG features were identified. A Neural Network Regression model was developed. The 
hardware architecture for the Pre-Processing Unit, Feature-Extraction Unit, and Machine Learning Unit has been 
designed, implemented on FPGA, and successfully validated with clinical data. An FPGA-based prototype was 
also tested in real time during surgery at JNIMS Imphal. The ASIC design, including RTL and physical design, has 
been completed, and a fabrication of ASIC is yet to done. 
• 
Development of focused Compact Microwave Hyperthermia Applicator for small cancerous tumors:
	
The project aims to design and develop a non-invasive, compact, and focused hyperthermia applicator operating 
in the ISM band (2.45 GHz) for the treatment of superficial melanoma lesions and small tumors located in sensitive 
regions such as the face, neck, and nose. By combining focused RF power delivery with integrated temperature 
monitoring, the system provides a precise and localized therapeutic option for controlled hyperthermia treatment.
	
A prototype applicator has been successfully designed, fabricated, and evaluated (Fig. 1a). The applicator 
uses a double-spiral antenna along with a reflector structure (Fig. 1b) to improve forward radiation and achieve 
better focusing at the target depth. Experimental testing was carried out to study temperature rise and Specific 
Absorption Rate (SAR) using ex-vivo tissue samples (Fig. 1c) and head-simulating liquid phantoms (Fig. 1d) at 
2.45 GHz.
	
The primary objective of these measurements was to quantify the SAR distribution at different depths inside the 
phantom to assess the focusing capability and therapeutic effectiveness of the applicator.
• 
Development of High Energy Linac for Medical and other Applications
	
The project focuses on the design and development of a high-energy electron Linear Accelerator (LINAC) capable 
of accelerating electrons up to 30 MeV with a beam power of 5–10 kW. Such a LINAC has significant applications 
in medical radioisotope production (especially Mo-99/Tc-99m), neutron imaging, non-destructive testing, and 
"
MeitY_Annual_Report_2025_26.pdf,201,"fabrication, testing","Skill India:
REPORT
Ministry of Electronics & Information Technology, Government of India
Annual
2025-2026
199
utilizing advanced tools. Key objectives include promoting awareness of cyber laws, enhancing data security, enabling 
efficient technology use in governance, building incident response capacity, fostering collaboration among stakeholders, 
and bridging the digital divide in remote areas. The program also emphasizes public awareness, integrates a Learning 
Management System (LMS), and develops a Virtual Training Environment (VTE) for hands-on cyber security training.
By December 2025, the Resource Centre’s have trained 
8,714 Government Officials. The Awareness training 
(6 hrs) has been completed, and the Basic training (20 
hours) is currently ongoing. Additionally, cybersecurity 
labs have been established in each Northeast (NE) state 
capital (8 locations) and in 9 selected district locations 
across NE states, making a total of 17 fully set-up labs. 
The development of a Virtual Training Environment (VTE) 
has been completed, and the Learning Management 
System (LMS) is fully developed and live.
7.4.6	 Finishing School Program on 3D Printing & Additive Manufacturing Technology for Engineering Students 
of West Bengal and Bihar:
The Ministry of Electronics and Information Technology (MeitY) has approved the project titled “Finishing School 
Program on 3D Printing & Additive Manufacturing Technology for Engineering Students of West Bengal and Bihar” for 
a duration of 60 months, from 05.08.2024. The programme is being implemented to establish state-of-the-art Centres 
of Excellence (CoEs) equipped with modern 3D printing and additive manufacturing facilities in selected engineering 
colleges across West Bengal and Bihar. The primary objective of the project is to equip engineering students and 
youth with industry-relevant theoretical knowledge and hands-on skills in emerging manufacturing technologies. The 
programme focuses on bridging the industry–academia gap through practical modules, workshops, and boot-camp 
programmes aligned with current and future industrial requirements. 
By December 2025, 7 state-of-the-art Centres of Excellence (CoEs) have been established across West Bengal and 
Bihar as regional hubs for training and innovation in 3D Printing and Additive Manufacturing Technology. These centres 
are equipped with advanced 3D printing systems covering multiple technologies such as FDM, LDM, PolyJet, SLA, and 
DMLS, along with post-processing facilities including Ultrasonic Cleaners, Water Jet systems, Agitation Tanks, and 
Sintering Stations. Structured Light 3D Scanners have also been deployed to support reverse engineering applications. 
1,360 students have successfully completed the training programme, while an additional 530 students are currently 
undergoing training. 
7.4.7	 Chips to Startup (C2S) Programme
Chips to Start-up (C2S) Programme is an umbrella programme initiated by Ministry of Electronics and Information 
Technology (MeitY) with an outlay of Rs. 250 Crore for 5 years in the year 2022 with an aim to generate 85,000 number 
of industry-ready manpower at B.Tech, M.Tech, and PhD levels specialized in semiconductor chip design, VLSI (Very 
Large-Scale Integration) and embedded system design areas and create vibrant fabless chip design ecosystem in the 
country. Against the target of generation of 85,000 manpower by the year 2027, total 67,000 manpower at B.Tech, 
M.Tech & PhD levels have been enrolled till date and are being trained under the Programme.
The Programme takes a comprehensive approach by offering students complete hands-on experience in chip design, 
fabrication, and testing. This is achieved through regular training sessions, conducted in collaboration with industry 
partners, and by providing mentorship and access to chip design, fabrication & testing resources to students, including 
state-of-the-art EDA (Electronic Design Automation) tools, access to semiconductor foundries for fabricating their chips 
"
MeitY_Annual_Report_2025_26.pdf,234,testing,"Attached Offices and Societies
REPORT
Ministry of Electronics & Information Technology, Government of India
Annual
2025-2026
232
9.1.10.7 eGovernance Standards and Guidelines
C-DAC and Standardisation Testing and Quality Certification (STQC) Directorate have been entrusted to develop/
review ICT standards, guidelines, and/or frameworks for e-Governance projects along with proliferation of MeitY notified 
standards and guidelines so far.
•	
The draft guidelines documents on topics namely Mobile Security Guidelines (MSG), Guidelines for Internet of 
Things (IoT) Security, Guidelines for Zero Trust Architecture (ZTA), Enterprise Architecture (EA) Security were 
submitted to BIS for further notification/publication.
•	
The draft guidelines documents on topics namely Guidelines for Anonymization of Data (AoD), Metadata and 
Data Standards of Education, Metadata and Data Standards of Logistics were submitted to AI & ET Division, 
MeitY for notification and publication. 
•	
The drafting of the standard/guideline documents for Online Learning and Examination System (OLES), Metadata 
and Data Standards of Agriculture, Microservices, Sandbox Testing, Enterprise Risk Management, Two Factor & 
Multifactor Authentication, and Interoperability framework for e-Governance (revision) is under progress.
9.1.11 Free and Open-Source Software (FOSS)
Enterprise BOSS Linux has been rolled out across PAN C-DAC. Secure BOSS Linux has been revamped and deployed 
for clients in the Indian Navy and Indian Army, migrating over 15,000 machines. Secure BOSS Linux has been launched 
for the Indian Army Terrifier Cyber Quest 2025, a national-level challenge addressing real defence and cybersecurity 
threats. To counter emerging threat vectors advanced security features have been integrated into Secure BOSS Linux 
deployments within the defence sector. C-DAC has developed the next version of Secure Exam OS, enabling secure 
online examinations for over 25 lakh candidates.
9.1.11.1 Neuromorphic Computing
C-DAC Chennai and MeitY have organized a Brainstorming Session on Neuromorphic Computing on April 16, 2025, 
with participants from 18 prestigious institutes of national importance, including IITs and IISc, attracting around 40 
attendees. The session covered various ongoing activities in Neuromorphic Computing across academic and research 
institutes. Based on the insights from brainstorming session, key work themes and action plan have been identified 
in collaboration with the participating institutions. A joint proposal involving respective academic institutes and R&D 
organizations is being prepared for development of India’s first Neuromorphic Chip.
9.1.12	 Capacity Building Initiatives
9.1.12.1 Information Security Education and Awareness (ISEA)
Details are covered in Chapter 7.
9.1.12.2 Future Skills PRIME
Details are covered in Chapter 7.
9.1.12.3 SwaYaan- Capacity Building for Human Resource Development in Unmanned Aircraft Systems/Drone 
& related technology
Details are covered in Chapter 7.
9.1.12.4 Work Based Learning Programme (WBLP)
Details may be seen at Chapter 7.
"
MeitY_Annual_Report_2025_26.pdf,241,"packaging, testing","Attached Offices and Societies
REPORT
Ministry of Electronics & Information Technology, Government of India
Annual
2025-2026
239
9.2.4.2	 Radio Frequency Interference (RFI) Testing of Bharat Heavy Electricals Limited (BHEL) Make Non-AC 
Electric Multiple Units (EMU)
Radiated Emission of BHEL make EMU was performed at Gopal Nagar on Ranaghat to Bangaon railway line in 
Stationary mode and Slow moving mode (Traction & Braking mode).
9.2.4.3 Electromagnetic Compatibility (EMC) Consultancy
•	
EMP Expert Consultant for High-Altitude Electromagnetic Pulse (HEMP) Facility Building for its Strategic 
use in Indian Air force
 
SAMEER is a part of prestigious project in which, for the first time in the country, HEMP-hardened structures 
are being constructed for strategic applications. SAMEER was engaged in the project as an expert consultant 
for EMP, beginning from the design stage and continuing through installation. The acceptance and qualification 
of the HEMP filters and the shielded structures of the facility were evaluated and vetted by SAMEER as domain 
experts.
•	
EMC Consultancy and Qualification of EMI Shielded Door for Naval Ships – Achieving 60 dB Shielding 
Effectiveness (10 kHz–40 GHz)
	
The EMI Shielded Door developed by NAVSYS Marine Technologies, Hyderabad, was assessed, and technical 
inputs were provided through EMC consultancy to ensure compliance with stringent defence standards. The 
design objective of achieving 60 dB shielding effectiveness across a wide frequency range of 10 kHz to 40 GHz 
was successfully met by the door, ensuring reliable protection for naval applications.
9.3	
Centre for Materials for Electronics Technology (C-MET)  
Centre for Materials for Electronics Technology (C-MET) has been set up as a registered scientific society in March 
1990 under Ministry of Electronics and Information Technology, (MeitY), (formerly known as Department of Electronics, 
DoE) as a unique concept for development of viable technologies in the area of materials mainly for electronics with the 
objectives of;
•	
To establish the technology up to pilot-plant scale for a range of electronic materials and transfer the same to 
industry for commercialization.
•	
To establish relevant advanced analytical facilities.
•	
To undertake applied research activities in the area of its operation.
9.3.1   Core competence at C-MET laboratories
C-MET’s R & D activities have been implemented in three laboratories located at Pune, Hyderabad and Thrissur. 
C-MET headquarter is functioning at Pune Laboratory Campus, which monitors the administrative activity and central 
technical coordination of C-MET R&D activities. Each of these laboratories has its own area of specialization with 
requisite infrastructure and expertise. This approach has proven to be successful in creating core competence at each 
laboratory.
A. Pune laboratory	
Pune laboratory is mainly focused on cutting edge R&D on materials for electronic packaging, renewable energy, energy 
storage, sensors and nano-materials/composites. These key areas of research have been thrived out into various inter-
disciplinary applications. Additionally, C-MET Pune has established Centre of Excellences in Rechargeable Battery 
Technology (CoERBT), Additive Manufacturing (CoEAM), National Centre on Quantum Materials (NCQM) and National 
Centre on Quantum Accelerator Chips (NCQAC).
"
MeitY_Annual_Report_2025_26.pdf,242,"fabrication, packaging","Attached Offices and Societies
REPORT
Ministry of Electronics & Information Technology, Government of India
Annual
2025-2026
240
B. Hyderabad laboratory 
C-MET, Hyderabad, has evolved as a national hub for research and technology development in advanced materials, 
especially those critical to strategic and electronic applications. Recognizing the importance of self-reliance in critical raw 
materials (CRMs), rare earth elements (REEs), ultra-high purity (UHP) metals, and wide bandgap (WGB) semiconductors, 
C-MET Hyderabad has invested significantly in building comprehensive laboratory infrastructure, specialized R&D units, 
pilot-scale facilities, and state-of-the-art instrumentation. This combination of capabilities enables C-MET to undertake 
end-to-end development starting from processing of raw materials to fabrication and evaluation of functional devices, 
while supporting scale-up and transfer of technologies to user agencies and industry. C-MET Hyderabad laboratory 
embraces unique R&D facilities, one of its kinds in the country for purification of metals to 99.99999 % (7N grade). A 
state-of-the-art SiC single crystal growth facility has been established, achieving a significant milestone by successfully 
growing 2-inch diameter semi insulating 6H SiC boules. The facility is further equipped for the growth of large-diameter 
SiC single crystal boules up to 6 inches to cater to the demands of power electronics and strategic device applications.
One of the key differentiators of C-MET Hyderabad is its robust pilot-scale and production infrastructure that enables 
seamless translation of lab-scale research into industrial processes. Among the most strategic of these is the Hafnium 
(Hf) production plant, which has been established with an annual production capacity of 320kg. This facility, recognized 
as the sole establishment of its kind within India, is designed to extract high-purity hafnium metal from intermediate 
zirconium-hafnium feedstock through the application of solvent extraction and metallothermic reduction methodologies. 
The purified Hf metal is used in aerospace alloys for space applications and supplied directly to ISRO and other 
strategic sectors. The entire process is backed by in-house Q Acertification using various characterization techniques, 
making C-MET the sole supplier of aerospace-grade Hf.
C. Thrissur laboratory	
The focus of C-MET Thrissur is in the development of materials and devices encompassing Sensors and Actuators, 2D 
materials, Microwave materials, Energy materials and storage devices, piezo electric materials and Plasmonic materials 
for electronic applications. In addition, the two national programs being implemented are i) Centre of Excellence on IoT 
based sensors, and ii) India Innovation Centre for Graphene (IICG). CMET Thrissur has gained expertise to develop 
customised IIoT sensors and deployed them for field trials. It has championed the art of making multi stacked capacitors 
and actuators are catering to the requirement of strategic sectors. Thrissur laboratory also meeting requirement of 
health sector in the form point of care devices based on plasmonic sensors, thermal sensor based early warning cancer 
devices and indigenously developed ultrasound probe.
Various reputed organizations such as DRDO, ISRO and DAE institutions and other private industries/start-ups have 
joined hands with C-MET through Memorandum of Understanding (MoUs) to facilitate collaborative activities. These 
meaningful associations exemplify C-MET’s dedication towards encouraging innovation, knowledge exchange, and 
progress in diverse fields through joint efforts.
9.3.2   Products developed by C-MET for different applications 
•	
3D printed pouch cell and coin cell
•	
3D design and printed package of POC 4 (Optical coupler for opto-electronic packaging) and POC 5 (Ring 
resonator)
•	
Carbide derived carbon (CDC)
•	
Polybutadiene based Substrate Integrated Waveguides (SIW) for microwave and millimetre wave circuit 
applications
•	
Tri-band composite NavIC Antenna
"
MeitY_Annual_Report_2025_26.pdf,292,"fabrication, packaging","Attached Offices and Societies
REPORT
Ministry of Electronics & Information Technology, Government of India
Annual
2025-2026
290
expertise for the rollout of customized skilling, upskilling, and reskilling programmes as per the specific needs of youths 
and industries.
NIELIT qualifications are widely accepted across the country. Owing to the quality, some of the NIELIT digital competency 
courses are linked with both promotion & recruitment by number of state governments viz; Arunachal Pradesh, Bihar, 
Chandigarh, Daman & Diu, Gujarat, Rajasthan, Sikkim, Uttar Pradesh.  Also, NIELIT is offering its CCC course free of 
cost in online mode as a knowledge product through its virtual academy.  The course is also available at 15+ Indian and 
International Language, accessible at https://nva.nielit.gov.in/ccc 
Since the year 2014, NIELIT has trained over 95 lakh candidates. Taking into the account advancement in IT and 
Electronics and emergence of disruptive technologies, NIELIT has been continuously upgrading its courses in emerging 
technologies such as Artificial Intelligence, IoT, Big Data, Cloud Computing, Robotics,3D Printing, Chip Design, 
Embedded Technologies, VLSI and related technologies. NIELIT is amongst the front-runners that have aligned 139 
Skill Oriented courses with National Skills Qualifications Framework (NSQF) at different levels ranging from Level 2 
to 6.
NIELIT Centres at Aurangabad, Calicut, Kolkata have been identified as Technology Resource Centres to offer blended 
learning programmes under the Future Skills prime initiative which is being jointly conceived by MeitY and NASSCOM. 
The first IndiaAI Lab has been established at NIELIT Delhi and since then,  27 IndiaAI Labs have been established at 
NIELIT Centres. NIELIT plays a pivotal role in building a highly skilled semiconductor workforce through Specialized 
training programs & certifications in semiconductor design, fabrication, and packaging and establishing Centre of 
Excellences in Chip Design and related technologies.  NIELIT has also expertise in cyber skilling at various levels.
NIELIT Deemed to be University:
NIELIT achieved a significant milestone by being conferred the status of Deemed to be University (under distinct 
category) vide Gazette Notification No. 9-3/2023-U.3(A) dated 15 July 2024, published in Part-I, Section-1 of the Gazette 
of India with NIELIT Ropar (Punjab) as its main campus along-with 11 constituent units located at Aizawl, Agartala, 
Aurangabad, Calicut, Gorakhpur, Imphal, Kohima, Patna, Srinagar, Ajmer (Kekri) and Itanagar.  This recognition marks 
a major leap forward in the nation’s journey toward digital empowerment and inclusive education. Recognized under 
the UGC’s “distinct” category, the NIELIT Deemed to be University is the only university under MeitY, offering industry-
relevant undergraduate, postgraduate, doctoral, and diploma programs in IT and Electronics.  The University focuses 
on Research, Innovation, and Entrepreneurship, Faculty and Staff Development programmes, and enhancing the 
infrastructure.  NIELIT Deemed to be University was inaugurated on 03.01.2025 at 12 locations and the inaugural event 
was jointly presided over by Shri Lakshman Prasad Acharya, Hon’ble Governor of Assam, Shri Ashwini Vaishnaw, 
Union Minister of Railways, Information & Broadcasting, and Electronics & Information Technology, and Dr. Himanta 
Biswa Sarma, Chief Minister of Assam, during a ceremony held in Guwahati.
"
MeitY_Annual_Report_2025_26.pdf,299,"fabrication, testing","Attached Offices and Societies
REPORT
Ministry of Electronics & Information Technology, Government of India
Annual
2025-2026
297
Under the project, setting up of DIR-V based SoC and Embedded System Design Labs & the installation of Synopsys, 
CADENCE and Mentor Graphics VLSI Design tools have been completed. Achievement as on 31.10.2024: - 
•	
DIR-V SoC and Embedded Design Labs established – Completed
•	
High-Level Design Document developed jointly with NIT & IIIT Trichy – Completed
•	
DIR-V Processor architecture familiarization and RTL analysis – Completed
•	
Edge AI Processor micro-architecture and low-level design prepared with NIT & IIIT Trichy – Completed
•	
EEG, EMG, ECG, and EOG sensor interfacing with OpenBCI Cyton board – Completed
•	
ADS1299-based bio-signal acquisition board for ZYNQ using SPI communication – Completed
• 
Sub-blocks for RISC-V CDAC VEGA Processor developed; preliminary NPU verification – Completed
•	
Component procurement for analog front-end PCB (EEG, ECG, EMG, EOG) – Ongoing
•	
Pre-processing algorithm design and development – Ongoing
•	
SPI interfacing with ZYNQ UltraScale ZCU104 FPGA board – Completed
• 
22 DRDO officials trained in PCB Design, Fabrication & Testing using C2S EDA tools – Completed
• 
Reviewing NPU RTL design and specifications to understand core functionality- Ongoing
9.8.3.16 Empowering Police Personnel and Government Officials of NE States through IT and Cyber Security 
Training
Project is sponsored by MeitY vide Administrative Approval No L-14011/7/2023-HRD, dated 26-02-2024  with the 
financial support of Rs. 2245.47 Lakhs over a period of three (3) years. The Project is being implemented by NIELIT 
Kohima with the objective to train Police Personnel and Government Officials of NE States through IT and Cyber 
Security Training through a comprehensive training program with setting up IT cum Security labs equipped with the 
latest hardware and software at different police headquarters and selected districts in NE States. Under the project, a 
total of  8,714 Police personnel & Govt. officials have been trained out of the assigned target of  18,660.
9.8.3.17  Electronics & ICT Academy Scheme, Phase-II 
Project is sponsored by MeitY vide Administrative Approval No L-14011/1/2024-HRD, dated 26-04-2024  with the 
financial support of  Rs. 9468.82 Lakh over a period of five (5) years. The Project is being implemented by NIELIT 
Aurangabad, NIELIT Calicut, NIELIT Gorakhpur along with 11 other institutes ( IITs, CDACs & NITs etc.). The objective 
of the project is to conduct faculty/mentor training through specialized Faculty Development Programs (FDPs) with the 
vision of MeitY by promoting emerging areas of technology and other high priority areas that are pillars of both, the 
“Make in India” and the “Digital India” programmes in ITI/Polytechnic. The target of the NIELITs is to train 7500 faculties 
& also to develop 60 Faculty Development Programs (FDPs) on emerging Technologies. A total of 3,029 faculties have 
been trained .
9.8.3.18 Capacity Building for human resource development in Unmanned Aircraft System (Drone and related 
Technology) : 
Project is sponsored by MeitY vide Administrative Approval No L-14011/29/2021-HRD, dated 11.07.2022  with the 
financial support of  Rs. 89.87 Crore over a period of five (5) years. The Project is being implemented by NIELIT 
Aurangabad, NIELIT Bhubaneswar, NIELIT Calicut, NIELIT Imphal & NIELIT J&K. The objective of the project is to 
leverage collaborative activities in human resource development through capacity building in education and training in 
the area of Unmanned Aircraft System (UAS). Under the project, 5425 Candidates have been trained as against the 
target of 8100.
"
MeitY_Annual_Report_2025_26.pdf,301,"fabrication, testing","Attached Offices and Societies
REPORT
Ministry of Electronics & Information Technology, Government of India
Annual
2025-2026
299
9.8.3.24 Design and development of Ultrasonic transducer probes for medical imaging
Project is sponsored by MeitY vide administrative approval F. No. 1(3)/2019-ME&HI, dt-13.08.2021. The primary 
objectives of the project is to Design of ultrasound probes, Development of piezoelectric Transducer, Development 
of backing and matching Layers, Fabrication of transducer probes, Validation and clinical trials of developed Probes. 
Achievement so far is as under: 
•	
Design and development of Ultrasonic Probe Test jig – Completed
•	
Development of a test setup for testing the transducer probe elements (Open/Short test - capacitance based) and 
develop GUI for displaying the test- Completed
•	
Testing and evaluation of the Ultrasound probe prototype developed by C-MET Trissur using the Research 
platform available at NIELIT Calicut - The IEC and other testing of the developed probe is Under progress.
•	
Probe development completed.
•	
The IEC and other testing of the developed probe is Under progress.
•	
After the testing probe clinical trials to be completed.
9.8.3.25  Indigenous state-of-the-art FPGA- based ultrasound beam former modules for Affordable Ultrasound 
scanners: A Proof-of-concept scanner development 
Project has been approved by Ministry of Science & Technology Department of Biotechnology vide administrative 
approval No BT/PR49659/MED/32/893/2023 Dated 21.03.2024. The primary objectives of the project proposal to VLSI 
Architecture design for identified state-of-the-art algorithm, Design and implementation of Ultrasound Beamforming 
Accelerator on FPGA and Verification of the implementation results. Achievement so far is as under:
•	
VLSI and system architecture designed for state-of-the-art ultrasound beamforming algorithms.
• 
FPGA emulation of ultrasound beamformer core completed with performance analysis and verification.
•	
CFB-DAS and DB-SAT beamforming architectures developed for XC7A100T and XCZU5EG (PYNQ-ZU) 
FPGAs.
•	
CFB-DAS beamformer implemented and tested on XCZU5EG in two modes (real-time and precomputed 
delay).
•	
Integration of CFB-DAS and DB-SAT beamformers with data acquisition setup – In progress.
•	
initiated by CMET Thrissur
9.8.3.26 Smart Bioinformatics Ecosystem:Leveraging AI and Cloud Technology for  Innovation and  Capacity 
Building in Bioinformatics.
Project is sponsored by MeitY vide Administrative Approval L-14011/14/2025-HRD dated 19/08/2025 with Financial 
Support of Rs. 18.04 Crore over a period of three (03) Years. Project has been Implemented by NIELIT, Guwahati with 
a target to train 23430 candidates. Under the project, a total of 348 candidates have been trained.
9.8.3.27 SAMARTH - Students Advancing Mindsets in AI, Robotics, Technology, and Digital Hardware.
Project is sponsored by MeitY vide Administrative Approval L-14011/12/2025-HRD dated 01/09/2025 with Financial 
Support of Rs. 50.50 Crore over a period of three (03) Years. Project has been Implemented by NIELIT, Kohima with a 
target to train 153400 candidates. Under the project, a total of 1109 candidates have been trained.
"
MeitY_Annual_Report_2025_26.pdf,304,testing,"Attached Offices and Societies
REPORT
Ministry of Electronics & Information Technology, Government of India
Annual
2025-2026
302
•	
Consultancy Services
	
STPI provides consultancy and Project Management Services and turnkey solution to various national and 
International organizations in the areas of Communication Networks, Network Operation Centres, Network 
Management Systems, Computerization, e-Governance networks etc. The technology capability coupled with 
process strengths has enabled STPI to secure a number of projects from time to time.
•	
Cybersecurity Services
	
STPI is empanelled with the Indian Computer Emergency Response Team CERT-In, MeitY, ensuring compliance 
with the highest standards of cybersecurity practices mandated by the Government of India. STPI offers end-to-
end Vulnerability Assessment and Penetration Testing (VAPT) services to identify, assess, and mitigate security 
vulnerabilities in software applications, network infrastructure, and IT systems. Our approach helps organizations 
proactively manage threats and strengthen their cybersecurity posture
	
STPI conducts comprehensive cybersecurity audits and compliance assessments to ensure adherence to 
key national and international standards. These audits help organizations identify gaps, enforce security best 
practices, and meet regulatory requirements
	
STPI specializes in the design, implementation, and management of robust cybersecurity frameworks tailored to 
organizational needs. We deploy advanced security tools, risk mitigation techniques, and global best practices to 
protect digital infrastructure and sensitive data from unauthorized access and cyber threats
•	
Data Centre and Cloud Services
 
To fulfil industry needs, STPI has been creating a strategic infrastructure to facilitate high availability, quick 
scalability, efficient management & optimised utilization of resources.
	
o	
Operating six state-of-the-art Data Centres at Chennai, Bengaluru, Mohali, Bhubaneswar, Noida and Vi­
jayawada with a total area of around 55,000 sq. ft. and rack capacity of around 700.
	
o	
Catering to the needs of Government Organization/ Institutions/ Industries etc., ensuring availability, reli­
ability and security of its customers. 
	
o	
Providing hosting and fully managed services, including monitoring, updates and system maintenance 
	
o	
Specialised in the design, establishment and end-to-end management of Data Centres tailored to client 
requirements
	
o	
STPI’s infrastructure and systems assure disaster recovery and offer minimal downtime during disruptions, 
ensuring business continuity 
	
o	
Data Centres are also equipped with 24x7 help desks and a Network Operations Centre (NOC)
	
o	
Presence of data centres across different seismic zones.
	
o	
Hosted in STPI Data Centres, Ananta Cloud platform by STPI is an indigenous cloud infrastructure solu­
tion tailored to meet the requirements of government organizations, enterprises, and startups by providing 
secure, reliable, and scalable cloud services across India. Ananta offers the Government Community Cloud 
(GCC) and Hybrid cloud services. 
9.9.3 	Centres of Entrepreneurship (CoEs)
For ensuring India builds leadership in the emerging technologies such as IoT, Blockchain, FinTech, Artificial Intelligence, 
Augmented & Virtual Reality, Medical Electronics & Healthcare, Gaming & Animation, Machine Learning, Data Science 
& Analytics, Cyber Security, Chip Designing, ESDM, etc. and to build next wave of budding entrepreneurs, STPI is 
setting up several domain-focused CoEs in collaboration with suitable partners in various parts of country. These CoEs 
"
MeitY_Annual_Report_2024_25.pdf,69,ATMP,"Make in India
REPORT
Ministry of Electronics & Information Technology
Annual
2024-2025
67
a.	
Mobile Phones: India has emerged as the 
2nd largest manufacturer of mobile handsets in 
the world in volume terms. Over 260 units are 
manufacturing cellular mobile phones and parts/ 
components thereof in the country. Production of 
mobile phones stood at INR 4.22 lakh crore (~USD 
51 billion) in FY23-24 as per industry association 
reports. The export of mobile phones stands at 
approx. INR 1.29 lakh crore (~USD 16 Bn) for FY 
2023-24. 
	
MeitY had introduced the Phased Manufacturing 
Programme (PMP) for cellular mobile handsets 
and related sub-assemblies/ parts manufacturing 
with the objective of progressively increasing the 
domestic value addition for establishment of a 
robust cellular mobile handsets manufacturing eco-
system. As a result of implementation of the PMP 
and other Schemes/ Programmes of Government 
of India, now almost entire demand of cellular 
mobile handsets is being met from domestic 
manufacturing. 
b.	
Information & Communication Technology (ICT) 
Hardware: The first application of electronics was 
in the domain of communication and computing. 
With the emergence of integrated circuit, the world 
saw the advent of the digital computer era, and with 
the advent of microprocessor in the 1970’s, the 
world saw an exponential growth of the Information 
and Communication Technology (ICT) industry. 
Its strategic importance is such that countries 
across the world have declared it as an essential 
commodity. With its pool of technical manpower 
and proven capability as a design center for most 
of the global hardware companies, the country 
is ready to become an end-to-end player and 
global leader in the ICT hardware design and 
manufacturing space. 
	
India has a huge opportunity arising from both 
import substitution and export-led manufacturing 
in the space of ICT hardware. In addition, ICT 
hardware holds the promise of high value addition 
in India, with the manufacturing of the Components 
(i.e., Sub-Assemblies of ICT Products), Product 
design and Semiconductor Design being done in 
the country.
	
Emerging domains of AI, ML, IOT are becoming 
the new driving forces behind the growth of ICT 
hardware segment. These domains require the 
design of specialized Semiconductors, Sensors 
and Servers for which India has the capability. 
Another emerging domain in ICT hardware is the 
Large-Scale Data Centres. India with its technical 
prowess, cheap labour, large pool of manpower, 
and English as the working language, has the 
opportunity to lead the world in all these domains.
c.	
Electronic Components: The global market 
for electronic components is expected to grow. 
Following this global trend, the Indian electronic 
components market is also poised to grow 
significantly. Mobile Phones, Consumer Electronics 
and Industrial Electronics account for the major 
demand (82%) for electronic components in India. 
	
GoI launched the Scheme for Promotion of 
Manufacturing of Electronic Components and 
Semiconductors (SPECS) (notified vide Gazette 
Notification No.CG-DL-E-01042020-218992 dated 
April 01, 2020). This scheme provides financial 
incentive of 25% on capital expenditure for the 
identified list of electronic goods that comprise 
downstream value chain of electronic products, i.e., 
electronic components, ATMP units, specialized 
sub-assemblies and capital goods for manufacture 
of aforesaid goods. Apart from SPECS, the other 
policies of Government that boost the production 
of electronic components include rationalization of 
tariff structure, Phased Manufacturing Programme 
(PMP), and notification of electronics products 
under the Public Procurement (Preference to Make 
in India), Order 2017. Under the umbrella of “Make 
in India” program, Basic Customs Duty (BCD) has 
been imposed on Printed Circuit Board (PCB) 
Assembly of Mobile handsets with the intention to 
strengthen the domestic Electronics Manufacturing 
Services (EMS) and components segment in 
India. Production Linked Incentive Scheme (PLI) 
for Large Scale Electronics Manufacturing is also 
supporting manufacturing of specified electronic 
"
MeitY_Annual_Report_2024_25.pdf,72,"packaging, testing","REPORT
Ministry of Electronics & Information Technology
Make in India
Annual
2024-2025
70
	
• 
The induction of state-of-art weapons by the 
armed forces
	
• 
The impact of indigenization and the Make in 
India programme
h.	
Medical Electronics: Indian medical devices mar-
ket is among the top twenty in the world by mar-
ket size, and fourth in Asia after Japan, China and 
South Korea. The Government has taken various 
regulatory steps to promote this sector and has 
created excellent opportunities for the domestic 
manufacturers, thereby reducing the dependence 
on imports. Medical devices industry in the country 
is dominated by multinationals that controls about 
75-80 per cent of the Indian market. Further, more 
than 80 percent of domestic manufacturers are in 
the small-scale sector and have a turnover of less 
than ` 10 crore. Also, more than 6,000 types of 
medical devices are in use worldwide, but India 
manufacturers are just one-sixth of these medical 
devices.
3.3	
Schemes and programs
1.	
Modified Special Incentive Package Scheme 
(M-SIPS):
	
In order to promote large scale manufacturing in 
the country, a Modified Special Incentive Package 
Scheme (M-SIPS) was announced by the Govern-
ment in July 2012. The Scheme has been amend-
ed twice – in August, 2015 and in January, 2017. 
The Scheme has been closed on 31st December, 
2018 to receive new applications. The salient fea-
tures of the Scheme are: 
 
• 
Provides Capital Subsidy - 20% for invest-
ments in Special Economic Zones (SEZs) 
and 25% in non-SEZs.
 
• 
Provides incentives for both new units and 
expansion units.
 
• 
Provides incentives for a period of 5 years 
from the date of approval of application.
 
• 
Provides incentives for 44 categories/verti-
cals across the value chain (raw materials 
including assembly, testing, packaging and 
accessories, chips, components).
 
• 
Minimum investment threshold for each 
product category/vertical.
 
• 
Unit to be in Industrial Area notified by Cen-
tral/State Govt.
	
Status of M-SIPS till December, 2024 is as 
follows:
	
As on 31st December, 2024, 316 applications with 
proposed investment of ` 82,247 Crore are under 
consideration. Out of these, 316 applications, 315 
applications with proposed investment of approxi-
mately ` 80,238 Crore have been approved, 1 ap-
plication with proposed investment of ` 2,009 crore 
is under appraisal.
	
The incentives to the tune of ` 2558.12 Crore have 
been disbursed to the 145 applicants.
"
MeitY_Annual_Report_2024_25.pdf,77,"ATMP, OSAT, fabrication, packaging, semiconductor fab, testing, wafer","Make in India
REPORT
Ministry of Electronics & Information Technology
Annual
2024-2025
75
crore, total investment of ` 522.17 crore and total 
employment of 3,879.
7.	
Scheme for Promotion of Manufacturing of 
Electronic Components and Semiconductors 
(SPECS) 
 
Notified vide Gazette Notification dated April 01, 
2020, the Scheme provides financial incentive of 
25% on capital expenditure for the identified list 
of electronic goods that comprise downstream 
value chain of electronic products, i.e., electronic 
components, semiconductor/ display fabrication 
units, ATMP units, specialized sub-assemblies 
and capital goods for manufacture of aforesaid 
goods. The scheme promotes development of 
electronic components manufacturing ecosystem 
in the country and deepening of electronics value 
chain and is expected to bring new investments to 
the tune of ` 20,000 crore with total employment 
generation potential (Direct and Indirect) of 
6,00,000. The scheme is closed to receive new 
applications on 31.03.2024.
	
Progress under the scheme till December, 2024 
as per latest Quarterly Progress Report
	
58 applications have been approved with total 
proposed investment of Rs.22,081 crore. As per 
the Quarterly Progress report submitted by the 
applicant total investment done by the approved 
applications is ` 9,481.56 crore. Total production 
done by the approved applications is ` 25,571.59 
crore. Total employment generated by the 
approved applications is 39,092 persons.
8.	
Modified Programme for Development of 
Semiconductors and Display Manufacturing 
Ecosystem in India
	
In furtherance of the vision of AatmaNirbhar Bharat 
and positioning India as the global hub for ESDM, 
a comprehensive program for the development 
of semiconductors and display manufacturing 
ecosystem in India was approved by Government of 
India with an outlay of ` 76,000 crore (>$10 billion). 
The Programme contained various schemes to 
attract investments in the field of semiconductors 
and display manufacturing. The following four 
schemes have been notified under the Semicon 
India Programme: -
8.1	
Modified Scheme for setting up Semiconductor 
Fabs in India
	
•	
The scheme is aimed at attracting large 
investments for setting up semiconductor 
wafer fabrication facilities in the country to 
strengthen the electronics manufacturing 
ecosystem and help establish a trusted val-
ue chain.
	
•	
The Scheme extends a fiscal support of 50% 
of the project cost across the technologyn-
odes for setting up of Silicon based Semi-
conductor Fabs in India.
 
The fiscal support under the scheme shall be 
provided on pari-passu basis for a period of six 
years from the date of approval.
8.2	
Modified Scheme for setting up of Display Fabs 
in India
	
The scheme is aimed at attracting large investments 
for manufacturing TFT LCD or AMOLED based 
display panels in the country to strengthen 
the electronics manufacturing ecosystem. The 
Scheme extends fiscal support of 50% of Project 
Cost for setting up of Display Fabs in India. The 
fiscal support under the scheme shall be provided 
on pari-passu basis for a period of six years from 
the date of approval.
8.3 
Modified Scheme for setting up of Compound 
Semiconductors / Silicon Photonics / Sensors Fab/ 
Discrete Semiconductors Fab and Semiconductor 
Assembly, Testing, Marking and Packaging 
(ATMP) / OSAT facilities in India
 
The scheme extends a fiscal support of 50% 
of the Capital Expenditure for setting up of 
Compound Semiconductors / Silicon Photonics 
(SiPh) / Sensors (including MEMS) Fab/ Discrete 
Semiconductor Fab and Semiconductor ATMP / 
OSAT facilities in India.
8.4	
Design Linked Incentive (DLI) Scheme
 
• 
‘Design Linked Incentive Scheme’ has been 
notified on 21.12.2021. It shall offer financial 
"
MeitY_Annual_Report_2024_25.pdf,78,"ATMP, Micron, OSAT, Tata Electronics, fabrication, packaging, semiconductor fab, testing, wafer","REPORT
Ministry of Electronics & Information Technology
Make in India
Annual
2024-2025
76
incentives as well as design infrastructure 
support across various stages of develop-
ment and deployment of semiconductor de-
sign for Integrated Circuits (ICs), Chipsets, 
System on Chips (SoCs), Systems & IP 
Cores and semiconductor linked design.
 
• 
Under the “Product Design Linked Incen-
tive” component of the scheme, reimburse-
ment of up to 50% of the eligible expenditure 
subject to a ceiling of Rs15 crore per appli-
cation will be provided as fiscal support to 
the approved applicants. This shall include 
expenditure relating to design, development, 
testing, fabrication, validation, prototype de-
velopment, product development, filing of 
Intellectual Property Rights etc. It will also 
include manpower costs.
 
• 
Under the “Deployment Linked Incentive” 
component of the scheme, incentive of 6% 
to 4% of net sales turnover over 5 years sub-
ject to a ceiling of ` 30 crore per application 
will be provided to the approved applicants 
whose semiconductor design for Integrated 
Circuits (ICs), Chipsets, System on Chips 
(SoCs), Systems & IP Cores and semicon-
ductor linked design are deployed in elec-
tronic products.
 
• 
C-DAC is the Nodal Agency to implement 
the scheme and establish the semiconduc-
tor design infrastructure such as EDA Tool 
Grid, repository of IP Cores, hardware and 
software licenses, patents and trademarks 
etc.
8.5	
India Semiconductor Mission (ISM)
 
• 
India Semiconductor Mission (ISM) imple-
ments the schemes for Semiconductor and 
Display Fabs, Compound Semiconductor 
Fabs, Silicon Photonics Fabs, MEMS Sen-
sors Fabs, Discrete Semiconductor Fabs 
and Semiconductor Packaging Units (ATMP 
/ OSAT). It drives the long-term strategies for 
the development of semiconductor and dis-
play ecosystem in the country.
 
• 
The India Semiconductor Mission acts as 
the nodal agency for efficient and smooth 
implementation of the schemes for setting 
up of Semiconductor, Display Fabs and 
Compound 
Semiconductors/ATMP/OSAT 
facilities in India.
8.6	
Semi-Conductor Laboratory (SCL) 
	
The Union Cabinet has also approved that 
Ministry of Electronics and Information Technology 
will take requisite steps for modernization and 
commercialization of Semi-conductor Laboratory 
(SCL), Mohali. Semi-conductor Laboratory (SCL), 
Mohali has been brought under the administrative 
control of Ministry of Electronics and Information 
Technology from Department of Space.
	
SCL is an Integrated Device Manufacturer 
which undertakes activities pertaining to design, 
development, fabrication, assembly & packaging, 
testing and quality assurance of Silicon CMOS and 
MEMS Devices for various applications. Presently, 
SCL has two wafer fabrication lines, i.e., 200 mm 
wafer line operating in 180nm CMOS technology 
and 150 mm wafer line for MEMS technology. SCL 
predominantly caters to low volume requirements 
for various applications.
	
Boston Consulting Group (BCG) has been 
engaged for providing consultancy services for 
Modernization of Semi-Conductor Laboratory, 
Mohali. 
8.7	
Projects approved under the Programme:
	
The Government has approved following projects:
	
i.	
Micron Technology Inc.’s proposal for set-
ting up an ATMP facility in India with an in-
vestment of ` 22,516 crore was approved 
in June 2023. Micron’s facility in India will 
enable assembly and test manufacturing 
for both DRAM and NAND products and ad-
dress demand from domestic and interna-
tional markets with a production capacity of 
around 40 million per week.
	
ii.	
Tata Electronics Private Limited (TEPL)’s 
proposal for setting up a Semiconductor Fab 
"
MeitY_Annual_Report_2024_25.pdf,79,"CG Power, Kaynes, OSAT, Renesas, Tata Electronics, wafer","Make in India
REPORT
Ministry of Electronics & Information Technology
Annual
2024-2025
77
facility in India with an investment of ` 91,526 
crore was approved in February 2024. The 
fab facility will be set up in technology part-
nership with PSMC, Taiwan. PSMC is an 
established semiconductor company hav-
ing 6 semiconductor foundries in Taiwan. 
The production capacity of the project would 
be around 50,000 wafer starts per month 
(WSPM). 
	
iii.	
Tata Electronics Private Limited (TEPL)’s 
proposal for setting up of OSAT facility in 
India with an investment of ` 27,120 crores 
was approved in February 2024. The facility 
will use indigenous semiconductor packag-
ing technologies with a production capacity 
of 48 million per day.
	
iv.	
CG Power and Industrial Solutions Limited’s 
proposal for setting up OSAT facility in India 
with an investment of ` 7,584 crore was also 
approved in February 2024. The facility will 
be set up as joint venture partnership with 
Renesas Electronics America Inc., USA, 
and STARS Microelectronic, Thailand. The 
technology would be provided for this facil-
ity by Renesas Electronics Corporation, Ja-
pan and STARS Microelectronic, Thailand. 
The production capacity would be around 
15.07Million Units per day. 
	
v.	
Kaynes Technology India Limited (KTIL) 
proposal of for setting up of Outsourced 
Semiconductor Assembly and Test (OSAT) 
facility at Sanand, Gujarat for Wire bond In-
terconnect, Substrate Based Packages was 
approved in September, 2024. The Technol-
ogy would be provided by ISO Technology 
Sdn. Bhd. and Aptos Technology Inc. This 
facility will be setup with an investment of ` 
3,307 crore. The facility will have the capac-
ity to produce more than 6.33 Million chips 
per day.
	
vi.	
51 start-ups and MSMEs companies have 
been approved for design infrastructure sup-
port under the DLI Scheme made available 
by ChipIN Centre at C-DAC Bengaluru. Out 
of these, 17 companies have also been ap-
proved for financial support for developing 
semiconductor chip/ SoCs for applications in 
sectors such as automotive, mobility, com-
puting, communications etc namely - DV2JS 
Innovation LLP­, Vervesemi Microelectron-
ics, Fermionic Design, Morphing Machines, 
Calligo Technologies, Sensesemi Technolo-
gies, Saankhya Labs, Aryabhata Circuits and 
Research Labs, BigEndian Semiconductors, 
C2i Semiconductors, Aheesa Digital Innova-
tions, Mindgrove Technologies, InCore Sem-
iconductors, Netrasemi, Green PMU Semi, 
WiSig Networks, MosChip Technologies.
8.8	
Employment: The semiconductor manufacturing 
facilities will generate direct employment of about 
25 thousand advanced technology jobs and about 
60 thousand indirect jobs. 
3.4	
Investment Promotion to Attract Investment in 
ESDM Sector	
3.4.1	 Promotion of PLI, SPECS, EMC 2.0 and 
Schemes for Development of Semiconductors and 
Display Manufacturing Ecosystem in India
To stimulate more investment in the Electronics 
System Design and Manufacturing (ESDM) sector in 
India, several investment promotion initiatives have 
been launched. In addition, these initiatives are aimed 
at creating a world-class semiconductor and display 
manufacturing ecosystem, these efforts also include the 
introduction of significant schemes like the PLI Scheme 
2.0 for IT Hardware. Further, thorough outreach plan that 
includes online meetings with possible investors and in-
depth presentations outlining the advantages of these 
programs were conducted. To address the concerns and 
establish a clear investment path, high-level discussions 
were arranged, including direct interactions between 
company representatives and senior officials from MeitY. 
As a result of these promotional efforts, India is now 
seen as a potential ESDM destination and have greatly 
increased awareness and interest in the international 
industry.
"
MeitY_Annual_Report_2024_25.pdf,81,"CG Power, Foxconn, Micron, Renesas, Tata Electronics","Make in India
REPORT
Ministry of Electronics & Information Technology
Annual
2024-2025
79
With over 263 exhibitors and 45,000 in-person 
attendees, it established itself as one of Southeast 
Asia’s premier platforms for showcasing advancements 
in semiconductors and electronics. Representatives 
from Applied Materials, Cadence, CG Power, KLA, Lam 
Research, Micron, NXP, Renesas, TATA Electronics, 
Tokyo Electron, SiLT, KAS Technologies, Western 
Digital, DISCO, Merck, Jacobs, and many other industry 
leaders attended the event.
3.4.3	 Outreach Activities for Shifting Global Value 
Chain
As part of MeitY’s ongoing outreach efforts, several 
interactions were organized with industry stakeholders 
to raise awareness about the PLI Scheme 2.0 for IT 
Hardware. These engagements aimed to encourage 
companies to localize their manufacturing processes 
in alignment with the newly introduced scheme, with a 
focus on boosting domestic production and creating 
employment opportunities within the IT hardware 
sector. Meetings with the applicants of PLI Scheme 
(IT Hardware & LSEM) to discuss investment plans, 
progress and challenges were conducted time to time by 
senior officials of MeitY 
International Collaborations and Business Delegation 
Visits
A Taiwan Electrical and Electronic Manufacturers’ 
Association (TEEMA) delegation called-on Secretary on 
8th August, 2024. The discussions during the meeting 
focused on the way forward for India-Taiwan collaboration, 
fostering innovation and support technological growth in 
the electronics sector. 
MeitY officials held discussion with delegation from 
Foxconn led by Dr. Young Liu, Chairman, Foxconn about 
Foxconn’s plan for development of electronics ecosystem 
including Semiconductors in India on 14th August, 2024.
• 
3rd India-Taiwan CEOs Roundtable Meeting & 2024 
India-Taiwan Industrial Collaboration Summit was 
held along with FICCI in partnership with TAITRA, 
TEEMA & CNFI at New Delhi. Joint Secretary 
(Electronics) Shri Sushil Pal addressed the session 
wherein he highlighted that the global winds of 
trade dynamics present an opportune window for 
leapfrogging India-Taiwan industrial partnership 
to the next level.
"
MeitY_Annual_Report_2024_25.pdf,83,packaging,"Make in India
REPORT
Ministry of Electronics & Information Technology
Annual
2024-2025
81
3.4.5	 International Events & Facilitations
• 
Outreach 
engagements 
held 
with 
Indian 
Consulates/ 
Embassies/ 
High 
Commissions 
in other countries for promoting the schemes 
launched by MeitY.
• 
MeitY participated in various Investment Promotion 
Roadshows organized by other Ministries like 
DPIIT to Taiwan, Korea, Japan, Singapore etc.
• 
MeitY also contributed to international engagements 
like G20, India-EU TTC, India-Taiwan Cooperation 
Forum, 
World 
Economic 
Forum, 
Industrial 
Collaboration Working Group (ICWG) between 
India and Taiwan (ICWG), India-Japan Industrial 
Competitiveness Partnership (IJICP)
3.4.6	 Social Media Participation
To reach out to all ESDM stakeholders, all the events, 
webinars were widely promoted on X (erstwhile Twitter) 
through the official handle (Electronics Gol) of the IPHW 
Division of MeitY. 
3.4.6.1 International Collaborations in the field of 
Semiconductors
MoU with Singapore: Government of India has recently 
signed an MoU with Singapore to establish an “India-
Singapore Semiconductor Ecosystem Policy Dialogue”. 
The Policy Dialogue will be used as a platform to:
• 
Discuss semiconductor supply chain related 
issues;
• 
Exchange best practices to leverage opportunities 
for growth in the global semiconductor industry;
• 
Explore areas for mutually beneficial semiconductor 
R&D collaboration; 
• 
Encourage collaboration between Singapore-
based 
and 
India-based 
companies 
towards 
mutually beneficial semiconductor related business 
opportunities and partnerships;
• 
Consider initiatives to enhance semiconductor 
supply chain resilience, based on areas of 
mutual strength such as fabs, packaging, design, 
equipment, 
specialty 
chemicals 
and 
gases, 
semiconductor grade materials;
• 
Promote 
Industrial 
Parks 
and 
workforce 
development for mutual benefit.
Building on the Semiconductor MoU, the first India-
Singapore Semiconductor Ecosystem Policy Dialogue, 
co-chaired by Secretary, MeitY, Shri S Krishnan & 
Permanent Secretary, MTI, was held in November,2024.
3.4.6.2	 Capacity building and talent development for 
semiconductors
New curriculums have been launched by AICTE at UG, 
Diploma level as a step towards creation of Talent pool 
"
MeitY_Annual_Report_2024_25.pdf,84,testing,"REPORT
Ministry of Electronics & Information Technology
Make in India
Annual
2024-2025
82
in Semiconductor design and Manufacturing domain. 
Curriculums at Diploma, UG and PG level have been 
adopted by more than 625 colleges and institutes with 
approved intake of 16,307 students. These courses at 
Diploma and UG level will drastically reduce the time 
gap to make students industry ready. Semiconductor 
design and technology specific curriculums in Diploma 
and Engineering, have been designed according to 
Semiconductor industry needs. 
ISM has signed an MoU with Purdue University, to 
enable collaboration for development of skilled workforce 
(through curation of specific courses/ academic 
programs), specialized R&D programs, collaboration for 
funding/ grants support.
Lam 
Research, 
USA, 
Semiconductor 
Equipment 
Manufacture has announced to train 60,000 workforce 
in the next 10 years through its Semiverse Solution 
virtual platform in collaboration with Indian academic 
institutions, aiming to expedite India’s semiconductor 
education and workforce development goals.
3.4.7	 R&D Road map
Applied Materials Inc. (AMAT) has announced a planned 
investment of $400 Mn to establish Collaborative 
Engineering Centre in Bangalore. During the initial 5 
years. the center would support $2Bn+ of spending and 
create ~500 advanced engineering jobs. This initiative 
will facilitate R&D collaboration amongst R&D team of 
Applied Materials, Indian academic institutions and 
R&D team of vendors of Applied Materials. This will 
also help in development and sourcing of components/
sub-assemblies required for the AMAT’s semiconductor 
equipment.
3.5	
 Measures to facilitate Ease of Doing Business:
Central Board of Indirect Taxes & Customs (CBIC), 
Department of Revenue, Ministry of Finance has 
decided to exempt the Electronics and Semiconductor 
Manufacturing Sector from application of Section 65A of 
the Customs Act.
3.6	
Other programs
Compulsory Safety Standards for Electronics
The “Electronics and Information Technology Goods 
(Requirements for Compulsory Registration) Order, 
2012” was notified on 3rd  October, 2012 under the 
Compulsory Registration Scheme notified by Bureau of 
Indian Standards (BIS) under the ambit of the BIS Act, 
1986, to ensure the    safety of Indian consumers and 
curb the inflow of substandard electronic products. The 
Order has been migrated to BIS Act 2016 as “Electronics 
and Information Technology Goods (Requirement of 
Compulsory Registration) Order, 2021”. The Order 
necessitates   creation   of   an institutional   mechanism  
for    developing    and    mandating    standards    and 
certification for electronic products to strengthen 
Conformity Assessment infrastructure nationwide. As 
per the provisions of the Order,  before manufacturing, 
import, sale, stock etc of the products notified under 
the schedule of the Order, the products need to be 
registered with BIS based on testing of the notified 
product at BIS recognized laboratories as per the Indian 
Standards. The registration is granted to a manufacturer 
for manufacturing a product at a particular location. 
The Compulsory Registration Scheme has resulted in 
high compliance of notified electronic goods to Indian 
safety standards and more than 45,000 registrations have 
been granted by BIS to manufacturing units covering 
approximately 4,00,000 products models/series.
Public Procurement (Preference to Make in India) 
Order 2017
Government has issued Public Procurement (Preference 
to Make in India) [PPP-MII] Order 2017 vide the 
Department for Promotion of Industry and Internal 
Trade (DPIIT) Order No. P-45021/2/2017-B.E.-II dated 
15.06.2017 with subsequent revisions dated 28.05.2018, 
29.05.2019, 04.06.2020, 16.09.2020 and 19.07.2024 to 
encourage ‘Make in India’ and to promote manufacturing 
and production of goods, services and works in India with 
a view to enhancing income and employment. 
In furtherance of the aforesaid revised Order, MeitY has 
notified mechanism for calculating local content for 14 
Electronic Products dated 07.09.2020 and 06.03.2024 
viz., (i) Desktop PCs, (ii) Thin Clients, (iii) Computer 
Monitors, (iv) Laptop PCs, (v) Tablet PCs, (vi) Dot 
Matrix Printers, (vii) Contact and Contactless Smart 
Cards, (viii) LED Products, (ix) Biometric Access Control 
/ Authentication Devices, (x) Biometric Finger Print 
"
MeitY_Annual_Report_2024_25.pdf,86,fabrication,"REPORT
Ministry of Electronics & Information Technology
Make in India
Annual
2024-2025
84
Under Phase-II, 5 industrial projects have been initiated 
and 2 prototypes viz; sustainable sensing platform for 
electrochemical sensors using sugarcane skin having 
varied applications from biosensing to heavy metal 
detection and Li ion-based technology (coin cell) having 
capacity of > 30 mAH developed and under field trial. 2 
Technologies have been transferred to the industry. 
Product /
technology
Industry
Sector
Status
Bilirubin Sen-
sor 
Sensa Core 
Medical 
Instrumenta-
tion Pvt. Ltd.
Health-
care
Technology 
Licensed to 
M/s Sensa 
Core
LFIA based 
strips for de-
tection of bo-
vine mastitis
Prompt
Equipment 
Pvt. Ltd.
Food 
Safety
Technology 
Licensed to 
M/s PROMPT 
Equipment’s
3.7.2	 National Centre of Excellence in Technology 
for Internal Security (NCETIS)
National Centre of Excellence in Technology for Internal 
Security (NCETIS) at IIT-Bombay has been approved 
on 28th May, 2015 with a total outlay of ` 83.89 crore 
(MeitY contribution: ` 83.89 crore). The aim of the CoE 
is to address the challenges of homeland security and 
to develop state-of-the-art technologies which are vital 
for the national security agencies for providing rescue 
and relief operations with the indigenously developed 
technologies/ products. The project is envisaged 
to set up the required infrastructures and carrying 
out R&D activities for developing prototype model, 
commercialization and technology transfer of multiple 
products. The project has been completed in March 
2023. Under the project, various technologies have been 
developed and three of them have commercialized. 
Explosive detector developed under the project has been 
registered and made available at GEM portal after the 
successful certification and trials. Two Start-ups have 
been incubated under the CoE.
3.7.3	 Next Generation AMOLED Displays, OLED 
Lighting and OPV Products
The project “Next Generation AMOLED Displays, OLED 
Lighting and OPV products: Development of disruptive 
Technologies to enable cost effective electronic 
component manufacturing in India”, approved by MeitY 
and being implemented by IIT Madras with total budget 
outlay of INR 41.60 Crore, including MeitY’s Grant-
in-Aid amounting to INR 34.65 Crore. The objective of 
the centre is to demonstrate state- of-the-art AMOLED 
based displays developed by Fine Metal Mask (FMM) 
and Closed Space Sublimation (CSS) processes. 
OPV devices are also being developed for roll-to-
roll manufacturing. A laboratory has been developed 
successfully for state-of-the-art research facility. A clean 
area has been set up of area around 3000 sq. ft. There 
are two parts in the clean area. One is of class 100 and 
the rest of the area is of class 1000. The class 100 area 
is used for substrate cleaning, which is very crucial for 
the fabrication. Class 1000 area has all the deposition 
units and is utilized for AMOLED device fabrication.
AMOLED Dock system control
"
MeitY_Annual_Report_2024_25.pdf,93,packaging,"International Cooperation
REPORT
Ministry of Electronics & Information Technology
Annual
2024-2025
91
15.	
Under the framework of the MoU on Semiconductor, 
the 1st India-Singapore Semiconductor Policy 
Dialogue was held on November 5, 2024 in New 
Delhi. Discussions emphasized India’s initiative 
and Singapore’s expertise in supply chains, 
R&D, and workforce development. Key priorities 
included skill development, joint R&D in advanced 
packaging, compound semiconductors, and trade 
optimization.
16.	
The India-US Information and Communications 
Technology Working Group (ICTWG) Meeting was 
held at Sushma Swaraj Bhawan on October 17, 
2024. The meeting, in which the Secretary, MeitY, 
and the US Ambassador to India participated, saw 
fruitful discussions on varied topics, including IT/
IT-enabled services, digital talent, cross-border 
data flows, data privacy, collaboration in AI, 
semiconductor and electronics manufacturing, and 
telecommunications. 
17.	
A virtual meeting of the Technology and IT Joint 
Working Group, co-chaired by India and Saudi 
Arabia under the Economy and Investment Pillar 
of the Strategic Partnership Council, was held 
on October 14, 2024. MeitY also participated in 
the 5th Senior Officials Meeting of the Economy 
and Investment Committee under the Strategic 
Partnership Council, held on October 17, 2024, at 
NITI Aayog.
18.	
MeitY virtually participated in a panel discussion 
on “Deep Dive Digital Dialogues: Results, 
Opportunities, and Prospects for International 
Cooperation in Digital Policy” during the 17th 
Federal Government Digital Summit, Germany, on 
October 22, 2024. The panel discussion focused 
on AI, DPI, digital literacy, and cybersecurity.
19.	
On November 7, 2024, the 8th session of the Indo-
Russia Joint Working Group on ICT Cooperation, 
co-chaired by the Secretary, MeitY, and Russia’s 
Deputy Minister of Digital Development, was held. 
Discussions during the meeting covered IT/ITeS, 
ESDM, telecom, cybersecurity, digital governance, 
and digital education.
4.4.2	 International Projects 
To showcase India’s prowess in the electronics and IT 
sector and emerging technologies, MeitY has initiated 
joint projects with various countries. Also, MeitY has been 
assisting the Ministry of External Affairs in executing a 
number of projects in developing and least-developed 
countries. Under such initiatives, number of Centers of 
Excellence in IT, IT Parks, Capacity Building Institutes, 
telemedicine & tele-education facilities, e-networks 
have been established. The following projects are under 
execution and initiated during the year:
1.	
High-performance 
Computing: 
India 
and 
EU launched a joint call for proposal on HPC 
applications under the signed Intent of Cooperation 
(IoC) on High Performance Computing (HPC), 
Weather Extremes & Climate Modeling and 
Quantum Technologies. 
2.	
India-Argentina 
Centre 
of 
Excellence 
in 
Information Technology (IA-CEIT) set up by 
C-DAC Delhi with financial assistance from the 
"
MeitY_Annual_Report_2024_25.pdf,96,Kaynes,"REPORT
Ministry of Electronics & Information Technology
Innovate and Design in India
Annual
2024-2025
94
Finance and Data Science domains are optimized and 
scaled for underneath architecture/ processor. The 
systems are accessed by 10000+ active researchers 
and academicians from 220+ institutes across the 
country on Nation Knowledge Network (NKN). More than 
one crore jobs have been executed on these systems 
by 1,500+ PhD students who, in turn, have published 
1,200+ research papers in leading journals in India and 
overseas. 
5.1.1.2	 Indigenous HPC Technologies under NSM
Rudra-I server
C-DAC’s, indigenously designed Rudra-I server platform 
is targeted for Hyperscale Data Centers in addition to HPC, 
Cloud, Edge computing and Communication. It is poised 
to ensure India’s self-sufficiency to design, develop and 
deliver as per country’s needs. It has an edge in security 
conscious environments and businesses. Performance 
of HPC applications on Rudra-1 is found to be at par with 
clusters with commercial servers elsewhere. All Rudra 
systems under Phase-3 are based on Rudra-I server.  
C-DAC has built a Rudra -1 based 1 PF pilot system 
in Open19 form factor and inhouse developed Network 
Interface Card Trinetra, Nvidia GPU cards A100, 
Mellanox InfiniBand Switch and Open19 Delta Power 
shelf. 
C-DAC partnered with M/s VVDN Technologies, M/s 
Kaynes Technologies and Avalon with technology 
transfer of server design for proliferating Rudra servers 
in the commercial server market. C-DAC has signed 
contract with M/s VVDN Technologies and M/s Kaynes 
Technology for the production of 6000 Rudra-I servers 
for phase-3 systems.
Rudra-II server
C-DAC’s RUDRA-II is based on Intel’s (Sapphire Rapids/ 
Emerald Rapids processor). It supports next-gen 
industry-standard technologies such as PCIe 5.0, HBM & 
DDR5 memory speeds of up to 5600MT. It is compatible 
with Open Compute Platform (OCP) 48V DC for Cloud/ 
Data center. For cooling, it has option of both liquid 
(better energy efficiency) and air cooling. The server is 
designed with interfaces required for HPC system and in 
small form factor.
Rudra-II Base Board Layout
Rudra-II Server assembly consists of 3 Cards: Base 
Board (BB) carries processors, memory, Clock, PCIe 
gen5 connectivity and other control logic, Controller 
Board (CB) carries Chipset and BMC logic and Power 
Distribution Board (PDB) comprises of Power distribution 
logic. The Mechanical Design for Rudra-II is carried out 
considering efficient utilization of space and effective 
thermal design.  
5.1.1.3	 Trinetra Interconnect
C-DAC’s Trinetra interconnect development is aimed 
at Indigenous exascale network design, allowing for 
scalability to hundreds of thousands of compute nodes, 
without the need for dedicated switching hardware. 
It consists of Trinetra-A (currently in production), and 
Trinetra-B (Under development). The interconnect has 
complex chip design (NCC: Network Controller chip), 
Platform design (PCB development), and Lightweight 
Protocol networking software design. 
Trinetra-A is based on PCI-e Gen3 host interface, and 
100 Gigabits physical link layer. It uses six 100 Gbps links 
to realize a 3D torus topology. The topology is scalable 
to large number of compute nodes. The software stack 
allows application interface, based on standards to run 
HPC applications seamlessly.  
PARAM Rudra - Trinetra-A Cluster
"
MeitY_Annual_Report_2024_25.pdf,101,testing,"Innovate and Design in India
REPORT
Ministry of Electronics & Information Technology
Annual
2024-2025
99
Hon’ble Secretary, MeitY at CDAC  
Booth at IMC 2024
The first release of the software in GitHub involves 5G 
Radio Access Network (RAN) software, 5G Core (5GC) 
Software, Service Management and Orchestration (SMO) 
software to interwork with Lekha Wireless Solutions and 
VVDN technologies 7.2 Fronthaul (FH) n78 indoor Radio 
Units. More than 10 test beds across IISc, CDAC and 
IIT Delhi have been setup for enhancing test coverage 
through manual or automated testing. In lab conditions, 
data transfer speed of up to 900 Mbps on Core using 
standalone SD-Core testing with RAN simulators and up 
to 600 Mbps downlink and 50 Mbps uplink on RAN in 
an end-to-end setup with 2x2 split 7.2x Radio Unit (RU), 
gNB, and SD-Core transmitting wirelessly to a mobile 
phone were achieved. Four commercial User Equipment 
(UE) tests with RAN and Core for more than 24 hours in 
lab have been achieved. An Outdoor Radio Unit (ORU) 
simulator-based testbed for automated traffic model 
tests has been established. Configuration management 
of Core and RAN through SMO has been completed.
Design of Dynamic MAC and PHY SoC for Low Power 
and Long Range Networks: The project has successfully 
implemented and tested the IEEE 802.15.4:2020 
standard on ARM M4 processor (nRF52840) and also 
implemented an out-of-tree module on GNU radio 
(ADF7242 and ADF7030) covering MAC features based 
on IEEE 802.15.4:2020 TSCH MAC Standard.
Implementation of TSCH MAC using ARM M4 processor 
and GNU radio
Tape-out of an RF front for receiver using sub sampling 
has been successfully implemented and tested. Further, 
two IEEE transaction and conference papers are also 
published on the same.
	
(a) Characterization	
(b) Full-chip 
	
board and microphotograph
(c) Measurement setup
Development and testing of a low-power digital baseband 
at 2.4 GHz on FPGA using the beacon, MAC command 
and Data frame provided in the IEEE 802.15.4:2020 
standard has been completed.  The Physical testing and 
GDSII of developed digital baseband phase-1 is also 
completed and the test set-up for the same is also shown 
in the below Figure. 
"
MeitY_Annual_Report_2024_25.pdf,123,testing,"Innovate and Design in India
REPORT
Ministry of Electronics & Information Technology
Annual
2024-2025
121
5.2.2.3	 Design and development of indigenous, cost-
effective Autonomous Tractor, for Indian Farming 
Conditions and Applications (A-TRACT).
The project envisages the design and development of 
technologies and system components for an indigenous 
and cost-effective Autonomous Tractor, specifically for 
Indian farming conditions. In this project the aim is to 
undertake the indigenous development of the system 
components that are required for autonomous navigation. 
These components are currently sourced from external 
vendors and integrated into the system architecture, 
thereby increasing costs. The project is progressing.
5.2.2.4 Autonomous Bathymetric Survey Vessel 
(ABSV) for Advanced Glacier Lake Profiling
A project on Design and Development of an 
Autonomous bathymetric survey vessel for reservoir 
and glacier lake profiling has been awarded to  CDAC 
-Thiruvananthapuram. The system is the first of its kind 
in the country and will be a great boon to the Nation in 
the area of disaster forecast and management. Although 
glacier outburst flood happened in many parts of the 
world, a scientific repository for analysis of the frequency 
of events, actual impact of the GLOF to the environment 
and to human settlements are not documented properly. 
By profiling the glacier lake on a regular basis may 
mitigate the hazard and make aware the people to be 
prepared to handle such situations. Also depending 
on the characteristics of the lake we could rank the 
glaciers based on the chance of occurrence of GLOF.
Prototype of the system has been completed and testing 
is in progress. For Development of innovative and 
sustainable indigenous solutions for GLOF mitigation 
Grand Challenge on HIMASHIELD was announced.
5.2.2.5 The project on “TULIP: TEA HARVESTING 
UNMANNED ROBOTIC PLATFORM FOR NORTHEAST 
INDIAN TEA PLANTATION”
The project is being implemented in a collaborative 
manner with CDAC-Kolkata as nodal agency and 
TTRA-Jorhat, Jadavpur University and CIAE-Bhopal as 
participating agencies. The prime focus of the project 
is development of low cost Robotic harvester for small 
and medium scale Tea gardens with the features like 
selective plucking etc
The developed Selective Tea Plucker (STP) has been 
developed and fine tuning is in progress to make it ready 
as field deployable and industry grade. 
Joint Call for Proposal under MeitY- NSF (USA) 
Research Collaboration.
The U.S. National Science Foundation (NSF) and the 
Ministry of Electronics and Information Technology 
(MeitY) of the Government of India have signed an 
Implementation Arrangement on research cooperation. 
The Implementation Arrangement provides a framework 
to encourage collaborations between U.S. and Indian 
research communities  and sets out the principles by 
which joint activities might be supported. This  NSF-
MeitY collaborative opportunity focuses on research and 
technological development  in areas of mutual interest 
listed through the participating NSF programs that 
develop new knowledge in all aspects of semiconductor 
research, next-generation communication systems, 
cyber-security, sustainability and green technologies, 
and intelligent transportation systems. 
The Leaders announced the award of 12 funding awards 
under the National Science Foundation and Ministry 
of Electronics and Information Technology, research 
collaboration with a combined outlay of nearly $10 million 
to enable joint U.S.-India. 
5.2.2.6 National Mission on Power Electronics 
Technology (Phase-III)
The National Mission on Power Electronics Technology 
Phase-III (NaMPET-III) program is ongoing with an 
"
MeitY_Annual_Report_2024_25.pdf,129,"fabrication, testing","Innovate and Design in India
REPORT
Ministry of Electronics & Information Technology
Annual
2024-2025
127
Electronic Soil Nutrients Analyzer (ESNA)
5.2.3 
Initiatives 
under 
Microelectronics 
and 
Nanotechnology areas
5.2.3.1 Some of the technologies developed/ are being 
developed indigenously under the R&D projects initiated 
in Microelectronics area are:
(i)	
Chips to Start-up (C2S) Programme: has been 
initiated by MeitY as capacity building programme 
at 113 organizations (including 100 academia/ 
R&D originations and 13 Start-ups/ MSMEs) with 
an outlay of Rs. 250 Crore for duration of 5 years in 
the year 2022. C2S Programme aims to generate 
industry-ready 85,000 number of manpower at 
113 organizations (including academic institutions, 
R&D organizations, start-ups, MSMEs) at B.Tech, 
M.Tech and PhD levels specialized in the area of 
VLSI and Embedded System Design and leapfrog 
in ESDM space by way of inculcating the culture of 
Chip/ System-on-Chip (SoC)/ System Level Design 
at Bachelors, Masters and Research level and act 
as a catalyst for growth of Start-ups involved in 
semiconductor design in the country. 
	
The 
Programme 
takes 
a 
comprehensive 
approach by offering students complete hands-on 
experience in chip design, fabrication, and testing. 
This is achieved through regular training sessions, 
conducted in collaboration with industry partners, 
and by providing mentorship and access to chip 
design, fabrication & testing resources to students, 
including state-of-the-art EDA (Electronic Design 
Automation) tools, access to semiconductor 
foundries for fabricating their chips etc. These 
opportunities include implementing the R&D 
(Research & Development) projects under C2S 
Programme for development of working prototypes 
of ASICs (Application-Specific Integrated Circuits), 
Systems/ 
SoCs 
(System-on-Chips), 
and 
IP 
(Intellectual Property) Core designs. Total 25,000+ 
number of engineering students have been trained 
at 113 organizations under C2S Programme till 
date
(ii)	
Design 
Linked 
Incentive 
(DLI) 
Scheme: 
Government of India has approved the ‘Modified 
Programme for Semiconductors and Display Fab 
Ecosystem’ with an outlay of ₹76,000 crore in order 
to catalyse the semiconductor & display ecosystem 
in the country. The Design Linked Incentive (DLI) 
Scheme has been approved as part of it with an 
outlay of Rs. 1000 Crore to offset the disabilities in 
the domestic semiconductor chip design industry 
as well as move up in value-chain and strengthen 
the semiconductor chip design ecosystem in 
the country. The DLI Scheme offers financial 
incentives & design infrastructure support to 
domestic companies, start-ups and MSMEs across 
various stages of development & deployment of 
semiconductor chips.
	
52 
design 
companies 
(including 
start-ups 
and MSMEs) have been approved for design 
infrastructure support under the DLI Scheme. Out 
of these, 15 companies have also been approved 
for financial support for developing semiconductor 
chip/ SoCs for applications in sectors such as 
automotive, mobility, computing, communications 
etc.
(iii)	
Microprocessor 
Development 
Programme: 
Family of 32-bit/ 64-bit Microprocessor has been 
indigenously designed using Open-Source ISA 
(Instruction Set Architecture) along with reusable 
IP Cores by C-DAC, IIT Madras & IIT Bombay. 
	
Following successful tapeouts were earlier carried 
out of – (a) 32-bit/ 64-bit SHAKTI Processors at 
180nm, SCL foundry & 22nm, Intel foundry by IIT 
Madras, (b) 32-bit AJIT Processor at 180nm, SCL 
foundry by IIT Bombay (c) 32-bit VEGA Processor 
"
MeitY_Annual_Report_2024_25.pdf,132,"testing, wafer","REPORT
Ministry of Electronics & Information Technology
Innovate and Design in India
Annual
2024-2025
130
Spectrometric Biosensor” for pathogen de-
tection was transferred to UNINO Healthcare 
Private Limited, Mumbai, India. Technology 
named ‘DNA Aptamer for Prostate Cancer 
Detection’ has been transferred HUMMSA 
Biotech Pvt Ltd, Kolkata, India.
	
14.	
Smart Wearable Advanced nanoSensing 
Technologies in Healthcare ASICs (SW-
ASTHA)” at IIT Guwahati.
	
	
For the upscaling and commercialization of 
the technologies developed under the Cen-
tre of Excellence in Theranostics Devices at 
IIT Guwahati, a project entitled “Smart Wear-
able Advanced nanoSensing Technologies 
in Healthcare ASICs (SWASTHA)” is being 
supported by MeitY. 
	
	
Many projects including the development of 
an array of wearable, microfluidic and nano-
electronics technologies integrated with Ap-
plication Specific Integrated Circuits (ASICs) 
for the detection of various diseases is being 
developed under SWASTHA. 
	
	
State of the art ISO 5 and 6 cleanroom fa-
cilities at the Centre for Nanotechnology, 
IIT Guwahati were inaugurated by the Sec-
retary, MeitY under the ground breaking 
project Smart Wearable Nanosensing Tech-
nologies in heathcare ASICs (SWASTHA) in 
February 2024. 
B.	
Startups in different domains have been 
incubated during the reporting period:
	
1.	
Matterwave Technologies Private Limit-
ed- startup incubated in August 2024 under 
the MeitY funded “Nanoelectronics Network 
for Research and Applications (NNetRA)” at 
IIT Bombay. 
	
2.	
Bengaluru based startup AGNIT Semi-
conductors secured 3.5 million dollar 
seed funding- AGNIT Semiconductors at 
IISc working on vertically integrated Gal-
lium Nitride (GaN) semiconductors, has 
raised $3.5 million in a seed round led by 
3one4 Capital and Zephyr in October 2024. 
The round also witnessed participation from 
Lakshmi Narayanan, former CEO of Cogni-
zant and noted angel investor. The company 
designs and manufactures GaN materials 
(wafers) and electronic components primar-
ily for radio-frequency applications. AGNIT’s 
GaN components offer performance-price 
footprint advantages for the defence and tel-
ecommunication industries. AGNIT’s patent-
protected technology comes from over 15 
years of R&D at IISc and spans the verticals 
of Gallium Nitride materials, manufacturing 
processes, and device design.
	
3.	
Proximal  Soilsens Private Limited, a start-
up incubated under MeitY funded project 
NNetRA at IIT Bombay has developed the 
NutriSens soil testing system, known for its 
accuracy and user-friendly interface. With 
Krishi Mangal’s support, Soilsens has scaled 
its operations in Maharashtra by building 
B2B channel partners and enhancing ground 
reach through a micro-entrepreneurship 
model.
C.	
Patent & Publications 
	
46 research articles have been published in 
National and International journals and 8 Patents 
have been filed in the reported duration.
"
MeitY_Annual_Report_2024_25.pdf,140,"fabrication, testing","REPORT
Ministry of Electronics & Information Technology
Innovate and Design in India
Annual
2024-2025
138
 
• 
Creation of start-ups/SMEs
 
• 
Services to Industries
 
• 
Testing lab as per International/national 
standards
 
• 
Training and Skill manpower development in 
the relevant areas
 
Under CoE several sensors were developed 
with different communication modules in-built. 15 
startups were incubated with the CoE and several 
skill development programmes were conducted by 
CoE.  We strongly believe that Government should 
make an ecosystem for manufacturing and testing 
of various types of sensors and an electronic 
hub for integration of artificial intelligence and 
communications to sensor-based devices.
5.3.14 India Innovation Centre for Graphene (IICG)
Graphene is a wonder material and possesses 
remarkable properties including high strength, electrical 
conductivity, flexibility, and transparency, which makes 
graphene as desirable material for applications in sectors 
like electronics, energy storage, construction, defence, 
aerospace, automotive, medicine etc. Advancements in 
extraction and production methods can lead to improved 
quality and scalability, enhancing its usability across 
different sectors. Considering the facts, MeitY, has 
been engaged in Research and Development (R&D) in 
Graphene extraction and development processes in order 
to future unlocking economic growth in technological 
advancements and contributing to sustainable solutions 
across various industries. 
India Innovation Centre for Graphene (IICG): The 
objective of this project is to set up the India Innovation 
Centre for Graphene (IICG) to focus on R & D, 
Innovation and Capacity building activities which leads 
to aknowledge centre that caters the following primary 
objectives:
	
Undertake R&D, Product Innovation and Capacity 
building activities in the area ofgraphene, and other 
2D material systems for sensors and actuators, 
energy 
storageand 
harvesting, 
graphene 
– 
CMOS integration, and wearable devices with a 
view todevelop indigenous technology, products, 
intellectual 
property 
rights 
(IPR) 
andtrained 
manpower.
	
The centre is slated to establish a State of the art 
Research and Capability building facility for
 
• 
Microelectronic and semiconductor devices
 
• 
Sensors and thin film devices
 
• 
Nan electrodes for inexpensive organic elec-
tronic devices such as organic
 
• 
photovoltaic (OPVs), liquid-crystal devices 
(LCDs), organic light-emitting
 
• 
diodes (OLEDs), or organic field effect tran-
sistors (OFETs)
 
• 
Energy conversion devices (e.g., Superca-
pacitors, fuel cells and batteries).
	
In addition, the centre aims
 
• 
To provide business and mentorship support 
to Start ups, companies along with the facili-
ties to realize an industry standard product 
solution with graphene and 2D materials
 
• 
To create skilled manpower and jobs in the 
area of emerging technologies in graphene 
and 2D materials development, design and 
fabrication of future electronic components 
and devices.
 
• 
To promote innovation and entrepreneur-
ship through design challenges, outreach 
programs, innovation and incubation grants.
 
Significant progress was made by IICG through 
DUK and CMET in developing  graphene-based 
heaters, energy storage materials, and sensors. 
Notable 
advancements 
include 
self-healing 
anti-corrosive coatings, improved transparent 
piezoelectric 
films, 
and 
polymer/graphene 
actuators for soft gripper applications. 16 patents 
have been filed, showcasing innovation across 
multiple domains.
	
IICG has successfully completed six Innovation 
Grants, 
awarding 
winners 
from 
prestigious 
organizations. Additionally, two Grand Challenges 
were conducted.  R&D training to about 300 
students was carried out through 3 certificate 
"
MeitY_Annual_Report_2024_25.pdf,141,"fabrication, packaging","Innovate and Design in India
REPORT
Ministry of Electronics & Information Technology
Annual
2024-2025
139
programs at DUK and 2 certificate courses at 
CMET.
Infrastructure for the IICG established at Kochi
The characterization Lab of IICG at C-MET
5.3.15  National Centre for Quantum Accelerator Chip 
using Lithium Niobate (NCQAC)
 
A quantum accelerator chip (QAC) promises 
to solve complex problems much faster than 
the 
best 
possible 
classical 
computers 
by 
exploiting 
fundamental 
quantum 
physical 
laws, e.g., superposition and entanglement. 
Photonic integrated circuits (PICs) with suitable 
programmability 
offer 
a 
promising 
solution 
for developing scalable quantum-accelerated 
processors operating at room temperature which 
have the potential for diverse applications such as 
drug design and development, weather forecasting, 
logistic and scheduling optimization, financial 
modeling, etc. 
 
Lithium niobate has many favorable material 
properties for building scalable, programmable, 
PIC-based QACs including a large transparency 
window covering the entire spectrum of available 
optical sources and devices, stable physical and 
chemical characteristics suitable for reliable 
fabrication 
methods, 
strong 
second-order 
nonlinearity along with the possibility of periodic 
polling that can be harnessed for the efficient 
generation and manipulation of qubits, strong 
electro-optic effect providing access to fast and 
energy-efficient switching.
 
The NCQAC at IIT Kharagpur, in partnership with 
C-MET, Pune, and M/S New Age Instruments and 
Materials, Gurgaon, aims to develop indigenous 
technologies (design, material, machine, process, 
packaging, and applications) for the LNOI PICs, 
validate them through ambient temperature QAC 
solutions, and deploy them for handling simulation 
and optimization problems in education and R&D 
sectors through R&D services and start-ups. 
5.3.16 Graphene Aurora
 
Graphene and related 2D materials have proven 
to show exceptional mechanical and electrical 
properties that make it an attractive alternative to 
build newer and better products. Today, Graphene 
is considered as a family of many 2D materials that 
is one atomic thick (monolayer) or in bulk form that 
can be added to existing products as a thin film or 
as a bulk material for developing several innovative 
solutions in the domains of building materials, 
sensors, 
electronics, 
electrical 
engineering, 
pharmaceuticals, etc.
 
Graphene-Aurora 
aspires 
to 
revolutionize 
Graphene translational research & democratize 
commercialization for overall graphene based 
industrial growth while supporting SMEs deliver 
the Graphene products through the Program.
 
This program compliments state of Kerala’s and 
Govt. of India commitment to translate graphene 
technology to scale deployment and has approved 
setting up of a large-scale Graphene Pilot 
Production facility (GPPF) beyond the proposed 
Graphene Aurora program, supporting ongoing 
"
MeitY_Annual_Report_2024_25.pdf,176,fabrication,"REPORT
Ministry of Electronics & Information Technology
Skill India
Annual
2024-2025
174
respective domains. The Ministry has also supported the 
development of new job roles/NOSs with ESSCI, TSSC, 
and IT/ITeS Sector Skill Council in the area of Electronics 
and IT. 
7.4	
Capacity Building in Niche Areas
I.	
Programme in Chips to Startup (C2S) 
The C2S Programme aims to train 85,000 number of 
Specialized Manpower at 113 participating Institutions 
(including Academia, R&D Organization, Startups, 
MSMEs) over a period of 5 years in the area of VLSI 
and Embedded System Design and leapfrog in ESDM 
space by way of inculcating the culture of System-on-
Chip (SoC)/ System Level Design at Bachelors, Masters 
and Research level and act as a catalyst for growth of 
Start-ups involved in fabless design. 
The programme would not only generate 85,000 number 
of Specialized Manpower at B.Tech, M.Tech & PhD level 
in Chip design area; but also results in the development 
of 20 Systems/ 175 Chips/ 30 reusable IP Cores and 
incubating 25 startups in this area. Details of the 
Programme are available at http://c2s.gov.in/
• 
Under 
the 
programme, 
113 
Organizations 
across the country (Including Academia/ R&D 
Organization/ Startup/ MSME) are being supported 
by way of providing centralized access of EDA tools, 
Fabrication and financial support for implementing 
R&D projects for IP/ Chip/ SoC development.
• 
ChipIN Centre, setup at C-DAC Bangalore as one 
stop centre for chip designers, is providing following 
design and fabrication services to PIs under C2S 
Programme:
A.	
Design infrastructure support: 
	
1)	
EDA tools commissioned and onboarded 
about 240 institutions (against a target of 
100 institutions). Details at https://c2s.gov.
in/EDA_Tool_Support.jsp
	
2)	
Commissioning of FPGA Boards: Details at 
https://c2s.gov.in/DetailsFPGA.jsp
	
	
i)	
FPGA Boards from XILINX(AMD) has 
been provided to 100 PIs to provide 
hands-on training on FPGA prototyping 
to the students. 
	
	
ii)	
Some of the Advanced FPGA boards 
are centrally hosted at ChipIN Centre 
and are made accessible to institutions 
participating in C2S Programme. These 
boards are designed for advanced 
applications, such as AI acceleration, 
data 
analytics, 
high-performance 
computing, 
advanced 
hardware 
prototyping, etc. 
B.	
Design flow trainings
i.	
ChipIN Centre has collaborated with semiconductor 
industry and providing regular training on ASIC 
design flow and EDA Tools. So far, 141 training 
sessions conducted by the ChipIN Centre in 
collaboration with SCL Mohali, IMEC, MUSE 
Semiconductors and Semiconductor Industry such 
as Synopsys, Cadence, Siemens EDA, Ansys, 
Keysight Technologies, AMD (Xilinx) and IBM. 
The details are available at https://c2s.gov.in/
training2024.jsp
	
ChipIN Centre, as VCA (Value-chain Aggregator) 
of SCL Mohali, is providing MPW fabrication 
support to 113 PIs for fabrication of their designs at 
180nm, SCL Mohali.
ii.	
SMART Lab Facility: 
	
VLSI SMART Lab Facility has been setup at NIELIT 
Calicut (with two labs having 100 hardware system) 
to train about 1 Lakh candidates in 5 Years (20,000 
candidates /year) in Hardware design including 
VLSI Design, Embedded hardware design, Board 
design, etc. through NSQF aligned Courses and by 
providing remote access of FPGA boards ported 
with SHAKTI/ VEGA Processors. Total of 38,622 
candidates have been trained till October 2024 
for different courses offered through SMART Lab. 
Details of SMART Lab courses are available at 
https://c2s.gov.in/NIELIT_Calicut.jsp  
iii.	
M.Tech and M.DesProgramme in Electronics 
Product Design
	
To train manpower in the area of Electronics 
Product Design for designing innovative products, 
rapid prototyping & development and hands-on 
experience with cutting edge technology and 
"
MeitY_Annual_Report_2024_25.pdf,216,"fabrication, packaging","REPORT
Ministry of Electronics & Information Technology
Attached Offices and Societies
Annual
2024-2025
214
of C-MET laboratories has its own area of specialization 
with requisite infrastructure and expertise. This approach 
has proven to be successful in creating core competence 
at each laboratory.
a.	
Pune laboratory: Pune laboratory is mainly 
focusing on cutting edge R & D research on 
materials for Additive Manufacturing (CoE), 
electronic packaging, renewable energy, energy 
storage (CoE), sensors and nano-materials/
composites, this also includes inorganic materials, 
polymers, organics and glasses, National Centre 
on Quantum Materials Technology (NCQMT). 
These key areas of research have been thrived out 
into various inter-disciplinary applications.
b.	
Hyderabad laboratory: C-MET, Hyderabad has 
evolved as a unique facility for high pure materials 
in the country and is working independently in a 
focused manner to create excellent national facility 
for ultra-pure materials, compound semiconductors, 
MEMS acoustic sensors, NavIC antennas for 
location mapping, Permanent magnets for electric 
vehicles, refractory metals, alloys, Restriction 
of Hazardous Substances (RoHS) and E-waste 
recycling.
c.	
Thrissur laboratory: Major thrust area of C-MET 
Thrissur includes microwave material (including 
microwave dielectrics and substrates), energy 
materials (Carbon aerogel and Graphene based 
super capacitors), Sensors and Actuators (Thermal 
sensors, Piezo ceramics and Piezo actuators) and 
Nanomaterial (nano structured oxides, thin films, 
thick films and materials for Plasmonic application), 
India Innovation Centre for Graphene (IICG) and 
IIoT sensors.
Various reputed organizations such as DRDO, ISRO and 
DAE institutions have joined hands with C-MET through 
Memorandum of Understanding (MoUs) to facilitate 
collaborative activities. These meaningful associations 
exemplify C-MET’s dedication towards encouraging 
innovation, knowledge exchange, and progress in 
diverse fields through joint efforts.
9.3.2	 Products developed by C-MET for different 
applications 
• 
3D Printable Composite Filaments and 3D 
printed Patch Antenna, materials for Additive 
Manufacturing technology.
• 
DLP-based 3D printing technology for low-cost 
Low Temperature Co-Fired Ceramic (LTCC) based 
electronics package fabrication
• 
Nano silver screen-printable ink for flexible 
Electronics Applications 
• 
Silver screen-printed RFID tags technology for 
NFC applications 
• 
Plasmonic 
based 
portable 
Biosensor 
with 
disposable chip developed jointly with C-MET 
and Rajiv Gandhi Centre for Biotechnology, 
Thiruvananthapuram
• 
Eddy current sensor fabricated using LTCC 
technology at C-MET, Pune
• 
LTCC based Micro coolers with one inlet and one 
outlet configuration for 200W microprocessors.
• 
Polybutadiene-based Cu cladded MW substrates 
of various dielectric constants
• 
CuIn1-xGaxSe2 and perovskite thin films and 
tandem solar cell fabrication
• 
New photocatalyst based on coupled catalytic 
system for Hydrogen generation and Metal Organic 
Frameworks (MOFs) for hydrogen storage. 
• 
Developed the first indigenous pilot plant to produce 
space grade Hafnium (Hf) metal is established 
at C-MET, Hyderabad with the financial support 
from VSSC, ISRO. The plant has the capacity to 
produce 320 kg/annum of Hf sponge.
• 
Indigenously designed and developed Hydrogen 
Decrepitation Furnace
• 
Developed 
a 
cost-effective 
technology 
for 
discarded Li-ion battery recycling and transfer the 
same to 15 industries. 
• 
Indigenous development of processing equipment 
for Printed Circuit Boards (PCB) recycling at 1000 
kg per day capacity.
"
MeitY_Annual_Report_2024_25.pdf,275,"fabrication, semiconductor fab","Other Matters
REPORT
Ministry of Electronics & Information Technology
Annual
2024-2025
273
the National Informatics Centre (NIC), C-DAC, NIELIT, 
SAMEER, C-MET, STQC Directorate, STPI, ERNET 
India, C-DOT. The Ministry provides on-line access to 
various e- resources i.e. IEEE Journals/Transactions/
Proceedings, IEE Journals/Proceedings, ACM Digital 
Library and ISO Standards to its users through MCIT 
Libraiy Consortium.
I&DC provides Gartner Research and Advisory Services 
which is useful e- resource consists of reliable global trends 
& best practices• and latest reports on digital technologies.
I&DC also provides “Bloomberg Terminal Services”. 
The Bloomberg Terminal service is a global, 24-hour 
a day, financial information network providing real-
time and historical pricing, indicative and fundametal 
data, and customized analytics. Other features include 
on-demand print and multimedia news and research, 
extensive electronic-trading capabilities, and a superior 
communications platform.
10.6	 Parliament Section
1. 	
In Calendar Year 2024 the Budget Session, the 
Special Session, Budget cum Monsoon Session 
and Winter session were held. During these 
Sessions 124 number of Parliament Questions in 
Lok Sabha (8 Starred & 116 Unstarred) and 120 
number of Parliament Questions in Rajya Sabha 
(8 Starred & 112 Unstarred) were admitted and 
handled by the Parliament Section. These were 
mainly related to Development of IT Hub, Financial 
Cyber Crime, Control of Cert-In, Development 
of Additive Manufacturing (3D Printing ) in India, 
National 
Knowledge 
Network(NKN), 
Global 
Outage, Incentive for Semiconductor and display 
ecosystem, Digital India Bill, Uniform Fiscal Support, 
Robotic Process Automation Lab, Grievance 
Redressal 
By 
Social 
Media 
Intermediaries, 
Visveswaraya Ph.D. Scheme, Development of 
Metaverse, Big Tech companies, Digital Public 
Infrastructure and AI, Electronic Manufacturing 
Companies, Research and Development, Online 
Gamers, Cyber Security Incidents, Progress of 
Digital India Programme, Future Skills Prime 
Programme, Digital copyright infringement by online 
chatbots, Leakage of personal data on Dark Web, 
Manufacturing of Mobile Phone, Implementation of 
Digital Personal Data Protection Act, 2023, TIDE 
2.0 scheme, Electricity supply to data centres, Tariff 
rationalisation  for  smart  phone  manufacturing, 
Action against Data Breaches, Semiconductor 
Industry, Technological expertise for blockchain 
effectiveness 
for 
MSMEs, 
Digital 
Personal 
Data 
Protection 
Act 
(DPDPA), 
Legislation/
Rules for Online Gaming and Online Gambling, 
Adoption 
and 
Development 
of 
Artificial  
Intelligence  under  PPP  Model, Amendment 
in IT Act to regulate AI, Support to Tech-
Startup, Semiconductor  chip  fabrication, Digital 
Literacy 
and 
Skill 
Development, 
Greenfield 
Semiconductor Fab, Personal Data Mining and 
Phishing, Deepfake, Digital Public Infrastructure, 
Scheme  for  scaling  up  electronics  production, 
Identified digital villages in Andhra Pradesh, Digi 
Locker, National Cyber Security Policy, Software 
Technology Park, Business Process Outsourcing 
Industry, Generative Artificial Intelligence, High 
Purity Silicon.
2.	
Department 
related 
Parliamentary 
Standing 
Committee on Communications and Information 
Technology has discussed on the following 
subjects:- 
	
i.	
Demands for Grants (2024-25);
 
ii. 
Impact of emergence of Artificial Intelligence 
and related issues.
3. 	
The Parliamentary Committee on Information and 
Communication Technology Management (ICTM), 
Rajya Sabha has taken meeting on the subject 
“Exploring the Use of Artificial Intelligence (AI) 
in Parliamentary Processes” in New Parliament 
Building.
4. 	
The 
Parliamentary 
Standing 
Committee 
on 
Communications and Information Technology 
has selected the following subjects for discussion 
during the year 2024-25:
 
i. 
Impact of emergence of Artificial Intelligence 
and related issues
	
ii.	
Social and digital platforms and their regula-
tion
"
MeitY_Annual_Report_2024_25.pdf,281,"ATMP, OSAT, packaging, semiconductor fab, testing","Annexure
REPORT
Ministry of Electronics & Information Technology
Annual
2024-2025
279
Sl. 
No.
Scheme/Non-Schemes
Budgetary Support 
(Rupees in crore)
5.6
R&D in IT/Electronics/ CCBT
1249.75
5.7
Cyber Security Projects (NCCC & Others)
782.00
5.8
Promotion of Digital Transactions (excluding Digital Payments)
5.00
5.9
IndiaAI Mission
2000.00
6
Other Schemes
16000.00
6.1
Production Linked Incentive Scheme
9000.00
6.1.1
Production Linked Incentive for Large Scale Electronics Manufacturing
8885.00
6.1.2
Production Linked Incentive for IT Hardware
115.00
6.2
Modified Programme for Development of Semiconductor and Display Ecosystem in 
India
7000.00
6.2.1
Modified Scheme for setting up of Compound Semiconductors/Silicon Photonics/
Sensors Fab/Discrete Semiconductors Fab and Semiconductor Assembly, Testing, 
Marking and Packaging (ATMP)/Outsourced Semiconductor Assembly and Test 
(OSAT) facilities in India
3900.00
6.2.2
Modified Scheme for Setting up of Semiconductor Fabs in India
2499.96
6.2.3
Modified Scheme for setting up of Display Fabs in India
0.04
6.2.4
Modernisation of Semi-Conductor Laboratory, Mohali
400.00
6.2.5
Design Linked Incentive Scheme
200.00
Sub-Total (Scheme)
22071.00
Total (Scheme & Non-Scheme)
26026.25
"
