unnamed:_1,unnamed:_2,unnamed:_3,unnamed:_4,unnamed:_5,unnamed:_6,unnamed:_7,unnamed:_8,unnamed:_9
MOVEMENT OF NON-PERFORMING ASSETS (NPAs) OF SCHEDULED COMMERCIAL BANKS,,,,,,,,
(Amount in ₹ Crores),,,,,,,,
,,As on March 31,,,,,,
Year,Bank,Gross NPAs,,,,,Net NPAs,
,,Opening Balance,Addition during the Year,Reduction during the Year,Write-off during the Year,Closing Balance,Opening Balance,Closing Balance
,,(2),(3),(4),(5),(6),(7),(8)
2025,BANK OF BARODA,31833.63,9310.13,4320.06,8988.82,27834.88,7213.34,6994.22
,BANK OF INDIA,29182.77,7588.56,7265.87,7756.57,21748.89,6845.26,5358.49
,BANK OF MAHARASHTRA,3833.05,1687.86,540.8,795.59,4184.52,408.990151,431.780151
,CANARA BANK,40605,8544,3269,14350,31530,11823,7353
,CENTRAL BANK OF INDIA,11340.34,3494.58,2270.78,3339.36,9224.78,3001.95,1543.25
,INDIAN BANK,21106.31,5786.46,3839.07,4874.84,18178.86,2222.58,1109.56
,INDIAN OVERSEAS BANK,6794.4266,3627.54,1191.41,3882.84,5347.7166,1216.85,911.86
,PUNJAB AND SIND BANK,4665.35,822.4196,596.5571,1521.1531,3370.0594,1350.46,937.0578
,PUNJAB NATIONAL BANK,56343.05,6761.25,6864.13,12158.57,44081.6,6798.77,4290.55
,STATE BANK OF INDIA,84276.33,20817.57,7904.99,20308.71,76880.2,21051.08,19666.92
,UCO BANK,6463.31,2247.91,1226.58,1566.1,5918.54,1621.65,1068.31
,UNION BANK OF INDIA,43097.73,12073.93,8187.9,11633.38,35350.38,8989.92,5969.29
,PUBLIC SECTOR BANKS,339541.2966,82762.2096,47477.1471,91175.9331,283650.426,72543.850151,55634.287951
,AXIS BANK LIMITED,14345.04,19441.97,8019.43,11806.39,13961.19,3247.47,3685.45
,BANDHAN BANK LIMITED,4784.881723,5379.005614,1212.120205,2516.20557,6435.561562,1347.609458,1692.84292
,CITY UNION BANK LIMITED,1854.43,814.96,834.44,196.78,1638.17,898.68,653.07
,CSB BANK LIMITED,361.0725,228.7455,68.6945,22.6636,498.4599,124.8996,163.5307
,DCB BANK LIMITED,1353.466,1523.9621,1203.2878,119.7094,1554.4309,454.3305,571.5502
,DHANLAXMI BANK LIMITED,421.210612,152.262051,141.577034,67.783573,364.112056,126.467609,117.939209
,FEDERAL BANK LTD,4528.87,1847.13,1289.24,711.22,4375.54,1255.33,1040.38
,HDFC BANK LTD.,31173.32,31977.43,16082.31,11845.8,35222.64,8091.74,11320.43
,ICICI BANK LIMITED,27313.86601,20201.13094,13796.95578,10194.93794,23523.10323,5377.7934,5589.413112
,IDBI BANK LIMITED,8917,1923,3021,1124,6695,644,337
,IDFC FIRST BANK LIMITED,3718.36,8054.78,2479.59,4859.97,4433.58,1160.47,1229.92
,INDUSIND BANK LTD,6693.373554,10547.73,2114.58,4080.14,11046.38355,1968.899927,3287.139927
,JAMMU & KASHMIR BANK LTD,3956.18,952.91,879.85,424.4,3604.84,736.83,818.03
,KARNATAKA BANK LTD,2578.42,1206.77,1054.58,328.53,2402.08,1129.177,1004.547
,KARUR VYSYA BANK LTD,1041.64,481.85,185.11,696.58,641.8,297.97,166.21
,KOTAK MAHINDRA BANK LTD.,5274.777298,6378.624693,2776.419627,2743.131758,6133.850606,1270.566389,1343.434968
,NAINITAL BANK LTD,398.67,65.01,73.95,3.53,386.2,41.88,25.92
,RBL BANK LTD,2270.97,4112.72,987.49,2930.73,2465.47,619.3,270.79
,SOUTH INDIAN BANK LTD,3620.34,1176.44,954.23,1042.71,2799.84,1134.58,790.52
,TAMILNAD MERCANTILE BANK LTD,575.0565363,177.7601563,169.5951415,27.09015965,556.1313914,335.8214398,160.4478545
,YES BANK LTD.,3982.558,5090.351,2335.275,2802.022,3935.612,1329.731,800.139
,PRIVATE SECTOR BANKS,129163.5022333,121734.5420543,59679.7250875,58544.32400065,132673.9951954,31593.5463228,35068.7048905
,AB BANK PLC,-,-,-,-,-,-,-
,AMERICAN EXPRESS BANKING CORP.,261.8794,2006.3593,1835.8914,137.0689,295.2784,38.1327,37.8159
,AUSTRALIA AND NEW ZEALAND BANKING GROUP LIMITED,-,-,-,-,-,-,-
,"BANK OF AMERICA , NATIONAL ASSOCIATION",-,-,-,-,-,-,-
,BANK OF BAHRAIN & KUWAIT B.S.C.,18.389702,4.708588,1.181141,16.737633,5.179516,2.889332,0.088446
,BANK OF CEYLON,48.02,-,12.32,-,35.7,12.67,8.7
,BANK OF CHINA LIMITED,-,-,-,-,-,-,-
,BANK OF NOVA SCOTIA,-,-,-,-,-,-,-
,BARCLAYS BANK PLC,0.1559,-,-,0.1559,-,-,-
,BNP PARIBAS,-,-,-,-,-,-,-
,CITIBANK N.A,196.0592,1282.457659,1282.50594,91.255425,104.755494,-,-
,COOPERATIEVE RABOBANK U.A.,-,-,-,-,-,-,-
,CREDIT AGRICOLE CORPORATE AND INVESTMENT BANK,2.929,-,-,-,2.929,-,-
,"CTBC BANK CO., LTD.",-,-,-,-,-,-,-
,DBS BANK INDIA LIMITED,1792.6495,822.9323,476.6597,600.7796,1538.1425,125.1782,150.482607
,DEUTSCHE BANK AG,761.7697,1117.4695,976.2496,260.6005,642.3891,190.5002,187.3697
,DOHA BANK Q.P.S.C.,9.3734,-,-,-,9.3734,5.4636,4.3376
,EMIRATES NBD BANK (P.J.S.C.),-,-,-,-,-,-,-
,FIRST ABU DHABI BANK PJSC,-,-,-,-,-,-,-
,FIRSTRAND BANK LTD,-,-,-,-,-,-,-
,INDUSTRIAL AND COMMERCIAL BANK OF CHINA,-,-,-,-,-,-,-
,INDUSTRIAL BANK OF KOREA,-,-,-,-,-,-,-
,JPMORGAN CHASE BANK NATIONAL ASSOCIATION,-,-,-,-,-,-,-
,JSC VTB BANK,-,-,-,-,-,-,-
,KEB HANA BANK,40.41,-,22.05,18.36,-,-,-
,KOOKMIN BANK,10.3568,-,-,10.3568,-,-,-
,MASHREQ BANK PSC,-,-,-,-,-,-,-
,MIZUHO BANK LTD,6.34,-,-,6.34,-,-,-
,"MUFG BANK, LTD.",-,-,-,-,-,-,-
,NATWEST MARKETS PLC,-,-,-,-,-,-,-
,NONGHYUP BANK,-,-,-,-,-,-,-
,PT BANK MAYBANK INDONESIA TBK,-,-,-,-,-,-,-
,QATAR NATIONAL BANK (Q.P.S.C),-,-,-,-,-,-,-
,SBERBANK,21.875,-,8.308892,-,13.566108,-,-
,SBM BANK (INDIA) LIMITED,123.63269,70.52751,21.4128,9.831,162.9164,28.663773,45.944593
,SHINHAN BANK,20.8607,30.350995,24.698,0.7156,25.798095,6.438755,16.334947
,SOCIETE GENERALE,5.6371,-,1.6949,-,3.9422,-,-
,SONALI BANK PLC,4.4977,1.4089,0.2728,-,5.6338,0.2015,0.6863
,STANDARD CHARTERED BANK,2674.368239,1648.294697,1251.256471,1054.875265,2016.5312,301.883446,285.569108
,SUMITOMO MITSUI BANKING CORPORATION,-,-,-,-,-,-,-
,THE HONGKONG AND SHANGHAI BANKING CORPORATION LIMITED,458.1303,271.1092,179.024,91.2726,458.9429,50.3015,38.5962
,UBS AG,-,-,-,-,-,-,-
,UNITED OVERSEAS BANK LTD,-,-,-,-,-,-,-
,WOORI BANK,65.7771,-,7.6031,58.174,-,49.3328,-
,FOREIGN BANKS,6523.111431,7255.618649,6101.128744,2356.523223,5321.078113,811.655806,775.925401
,AU SMALL FINANCE BANK LIMITED,1237.400363,3995.604386,1584.800304,1171.174591,2477.029854,441.986969,832.340435
,CAPITAL SMALL FINANCE BANK LIMITED,170.1832,84.4301,68.7692,0.5084,185.3357,85.0792,91.8372
,EQUITAS SMALL FINANCE BANK LIMITED,821.2772,2031.6257,958.8217,826.3513,1067.7299,360.8988,354.1952
,ESAF SMALL FINANCE BANK LIMITED,893.0451,1699.94,77.49,1224.93,1290.5651,413.79,539.64
,JANA SMALL FINANCE BANK LIMITED,494.334,1859.12,1251.5,352.35,749.604,130.02,254.18
,NORTH EAST SMALL FINANCE BANK LIMITED,99.203632,194.866194,23.753644,85.552497,184.763685,67.059588,135.595512
,SHIVALIK SMALL FINANCE BANK LIMITED,42.7089,63.7602,14.9075,11.4351,80.1265,17.6338,17.6338
,SURYODAY SMALL FINANCE BANK LIMITED,242.371623,743.732,22.4607,229.8061,733.836823,69.871831,457.021133
,UJJIVAN SMALL FINANCE BANK LIMITED,612.524693,1128.834724,180.03745,865.43671,695.885257,76.292231,152.426266
,UNITY SMALL FINANCE BANK LIMITED,360.2127,696.522764,138.732699,248.57,669.432765,50.383724,169.373724
,UTKARSH SMALL FINANCE BANK LIMITED,417.578219,2108.166175,201.057851,470.302776,1854.383767,4.489248,905.273065
,SMALL FINANCE BANKS,5390.83963,14606.602243,4522.331048,5486.417474,9988.693351,1717.505391,3909.516335
,AIRTEL PAYMENTS BANK LIMITED,-,-,-,-,-,-,-
,FINO PAYMENTS BANK LIMITED,-,-,-,-,-,-,-
,INDIA POST PAYMENTS BANK LIMITED,-,-,-,-,-,-,-
,PAYTM PAYMENTS BANK LIMITED,-,-,-,-,-,-,-
,PAYMENTS BANKS,-,-,-,-,-,-,-
2024,BANK OF BARODA,36763.7,10396.53,4729.29,10597.31,31833.63,8384.32,7213.34
,BANK OF INDIA,37685.56,7550.76,6304.5,9749.05,29182.77,8053.61,6845.26
,BANK OF MAHARASHTRA,4334,1255.2,766.18,989.97,3833.05,435.173993,408.990151
,CANARA BANK,46159,10626,4355,11825,40605,14349,11823
,CENTRAL BANK OF INDIA,18386.25,5124.35,2168.81,10001.45,11340.34,3591.72,3001.95
,INDIAN BANK,28179.53,6769.93,5121.93,8721.22,21106.31,4043.07,2222.58
,INDIAN OVERSEAS BANK,14071.5466,1648.51,1711.8,7213.83,6794.4266,3266.01,1216.85
,PUNJAB AND SIND BANK,5648.21,971.19,1158.09,795.96,4665.35,1411.5,1350.46
,PUNJAB NATIONAL BANK,77327.67,5826.2,10553.59,16257.23,56343.05,22585.04,6798.77
,STATE BANK OF INDIA,90927.78,20316.9,10806.98,16161.37,84276.33,21466.64,21051.08
,UCO BANK,7726.46,2072.39,1397.62,1937.92,6463.31,2018.02,1621.65
,UNION BANK OF INDIA,60987.29,11876.65,11502,18264.21,43097.73,12927.44,8989.92
,PUBLIC SECTOR BANKS,428196.9966,84434.61,60575.79,112514.52,339541.2966,102531.543993,72543.850151
,AXIS BANK LIMITED,17019.09,14404.64,8732.66,8346.03,14345.04,3439.11,3247.47
,BANDHAN BANK LIMITED,5298.624703,5681.68,1545.08,4650.34298,4784.881723,1228.272438,1347.609458
,CITY UNION BANK LIMITED,1920.16,1013.51,815.78,263.46,1854.43,1017.63,898.68
,CSB BANK LIMITED,262.5604,175.7262,71.1279,6.0862,361.0725,71.8203,124.8996
,DCB BANK LIMITED,1122.8377,1488.3881,1146.132,111.6278,1353.466,356.9195,454.3305
,DHANLAXMI BANK LIMITED,511.149369,152.242434,151.65038,90.530811,421.210612,109.200381,126.467609
,FEDERAL BANK LTD,4183.77,1741.53,1351.15,45.28,4528.87,1205.01,1255.33
,HDFC BANK LTD.,18019.03,40262.1,16077.86,11029.95,31173.32,4368.43,8091.74
,ICICI BANK LIMITED,29986.0742,18998.7893,15472.7442,6198.253294,27313.86601,5150.0699,5377.7934
,IDBI BANK LIMITED,10969,3559,2627,2984,8917,1495,644
,IDFC FIRST BANK LIMITED,3884.45,5257.78,2440.24,2983.63,3718.36,1304.05,1160.47
,INDUSIND BANK LTD,5826.263554,6033.05,2695.34,2470.6,6693.373554,1714.959927,1968.899927
,JAMMU & KASHMIR BANK LTD,5204.43,1111.62,1747.18,612.69,3956.18,1334.24,736.83
,KARNATAKA BANK LTD,2292.9079,1650.2005,937.4684,427.22,2578.42,1021.2679,1129.177
,KARUR VYSYA BANK LTD,1458.15,499.23,261.71,654.03,1041.64,468.15,297.97
,KOTAK MAHINDRA BANK LTD.,5768.324032,5001.107355,3236.732705,2257.921384,5274.777298,1193.304984,1270.566389
,NAINITAL BANK LTD,443.26,97.25,92.84,49,398.67,78.33,41.88
,RBL BANK LTD,2419.86,2441.3,870.18,1720.01,2270.97,772.54,619.3
,SOUTH INDIAN BANK LTD,3708.26,1395.48,1155.76,327.64,3620.34,1293.61,1134.58
,TAMILNAD MERCANTILE BANK LTD,521.4609092,502.7742334,237.9371487,211.2414577,575.0565363,229.8252004,335.8214398
,YES BANK LTD.,4394.572,5334.037,2984.029,2762.022,3982.558,1658.091,1329.731
,PRIVATE SECTOR BANKS,125214.2347672,116801.4351224,64650.6017337,48201.5659267,129163.5022333,29509.8315304,31593.5463228
,AB BANK LIMITED,-,-,-,-,-,-,-
,AMERICAN EXPRESS BANKING CORP.,288.1172,1870.4554,1798.1033,98.5899,261.8794,41.4015,38.1327
,AUSTRALIA AND NEW ZEALAND BANKING GROUP LIMITED,-,-,-,-,-,-,-
,"BANK OF AMERICA , NATIONAL ASSOCIATION",-,7.753967129,7.753967129,-,-,-,-
,BANK OF BAHRAIN & KUWAIT B.S.C.,18.3579,0.650442,0.420574,0.198066,18.389702,13.399332,2.889332
,BANK OF CEYLON,48.88,-,0.86,-,48.02,16.13,12.67
,BANK OF CHINA LIMITED,-,-,-,-,-,-,-
,BANK OF NOVA SCOTIA,0.3615,-,-,0.3615,-,-,-
,BARCLAYS BANK PLC,31.5587,-,-,31.4028,0.1559,-,-
,BNP PARIBAS,-,-,-,-,-,-,-
,CITIBANK N.A,207.2972,50.5978,58.4991,3.3367,196.0592,-,-
,COOPERATIEVE RABOBANK U.A.,103.9326,-,44.8102,59.1224,-,37.9284,-
,CREDIT AGRICOLE CORPORATE AND INVESTMENT BANK,2.929,-,-,-,2.929,-,-
,CREDIT SUISSE AG,-,-,-,-,-,-,-
,"CTBC BANK CO., LTD.",0.663957,-,0.663957,-,-,-,-
,DBS BANK INDIA LIMITED,2772.4209,585.9308,874.2273,691.4749,1792.6495,550.4187,125.1782
,DEUTSCHE BANK AG,1747.9701,782.2061,961.4554,806.9511,761.7697,520.3435,190.5002
,DOHA BANK Q.P.S.C.,26.4996,9.3734,9.3132,17.1864,9.3734,-,5.4636
,EMIRATES NBD BANK (P.J.S.C.),-,3.4012,3.4012,-,-,-,-
,FIRST ABU DHABI BANK PJSC,-,-,-,-,-,-,-
,FIRSTRAND BANK LTD,-,-,-,-,-,-,-
,INDUSTRIAL AND COMMERCIAL BANK OF CHINA,-,-,-,-,-,-,-
,INDUSTRIAL BANK OF KOREA,-,-,-,-,-,-,-
,JPMORGAN CHASE BANK NATIONAL ASSOCIATION,-,-,-,-,-,-,-
,JSC VTB BANK,-,-,-,-,-,-,-
,KEB HANA BANK,40.41,-,-,-,40.41,-,-
,KOOKMIN BANK,-,10.3568,-,-,10.3568,-,-
,KRUNG THAI BANK PUBLIC COMPANY LIMITED,-,-,-,-,-,-,-
,MASHREQ BANK PSC,-,-,-,-,-,-,-
,MIZUHO BANK LTD,6.34,-,-,-,6.34,-,-
,"MUFG BANK, LTD.",-,22.6739,22.6739,-,-,-,-
,NATWEST MARKETS PLC,-,-,-,-,-,-,-
,NONGHYUP BANK,-,-,-,-,-,-,-
,PT BANK MAYBANK INDONESIA TBK,-,-,-,-,-,-,-
,QATAR NATIONAL BANK (Q.P.S.C),-,-,-,-,-,-,-
,SBERBANK,21.875,-,-,-,21.875,-,-
,SBM BANK (INDIA) LIMITED,97.475261,90.465811,30.575456,33.732926,123.63269,16.58614,28.663773
,SHINHAN BANK,156.224635,4.949365,7.5286,132.7847,20.8607,10.905282,6.438755
,SOCIETE GENERALE,78.9178,-,-,73.2807,5.6371,-,-
,SONALI BANK,4.2384,0.2687,0.0094,-,4.4977,0.0063,0.2015
,STANDARD CHARTERED BANK,3232.789947,1472.043176,1463.596355,566.868529,2674.368239,375.184017,301.883446
,SUMITOMO MITSUI BANKING CORPORATION,-,-,-,-,-,-,-
,THE HONGKONG AND SHANGHAI BANKING CORPORATION LIMITED,523.5385,229.3713,194.6765,100.103,458.1303,83.2639,50.3015
,UNITED OVERSEAS BANK LTD,55.4867,-,4.9049,50.5818,-,-,-
,WOORI BANK,7.6031,65.7771,7.6031,-,65.7771,-,49.3328
,FOREIGN BANKS,9473.888,5206.275261129,5491.076409129,2665.975421,6523.111431,1665.567071,811.655806
,AU SMALL FINANCE BANK LIMITED,981.312629,1698.192858,1037.109591,404.995533,1237.400363,286.158756,441.986969
,CAPITAL SMALL FINANCE BANK LIMITED,152.6249,128.4298,110.5451,0.3264,170.1832,74.0465,85.0792
,EQUITAS SMALL FINANCE BANK LIMITED,723.9646,1138.8712,809.5321,232.0265,821.2772,312.0164,360.8988
,ESAF SMALL FINANCE BANK LIMITED,351.6978,894.91,47.4327,306.13,893.0451,157.89,413.79
,FINCARE SMALL FINANCE BANK LIMITED,288.461559,594.919707,381.042233,302.806373,199.53266,113.022403,78.416494
,JANA SMALL FINANCE BANK LIMITED,709.19,1110.96,1007.0275,318.7885,494.334,468.0044,130.02
,NORTH EAST SMALL FINANCE BANK LIMITED,347.331611,255.24899,503.376969,-,99.203632,27.163795,67.059588
,SHIVALIK SMALL FINANCE BANK LIMITED,32.7338,16.5496,5.482,1.0925,42.7089,16.3026,17.6338
,SURYODAY SMALL FINANCE BANK LIMITED,191.401326,196.326968,42.28191,103.074761,242.371623,92.976153,69.871831
,UJJIVAN SMALL FINANCE BANK LIMITED,630.6094,479.779738,223.993373,273.871072,612.524693,9.0383,76.292231
,UNITY SMALL FINANCE BANK LIMITED,3767.36379,168.4871,169.72129,3405.9169,360.2127,15.312387,50.383724
,UTKARSH SMALL FINANCE BANK LIMITED,431.503628,469.191677,169.695376,313.42171,417.578219,50.511564,4.489248
,SMALL FINANCE BANKS,8608.195043,7151.867638,4507.240142,5662.450249,5590.37229,1622.443258,1795.921885
,AIRTEL PAYMENTS BANK LIMITED,-,-,-,-,-,-,-
,FINO PAYMENTS BANK LIMITED,-,-,-,-,-,-,-
,INDIA POST PAYMENTS BANK LIMITED,-,-,-,-,-,-,-
,PAYTM PAYMENTS BANK LIMITED,-,-,-,-,-,-,-
,PAYMENTS BANKS,-,-,-,-,-,-,-
2023,BANK OF BARODA,54059.4,11150.39,10099.27,18346.82,36763.7,13364.65,8384.32
,BANK OF INDIA,45605.39,7968.83,7233.78,8654.88,37685.56,9851.92,8053.61
,BANK OF MAHARASHTRA,5327.213,1629.7171,1132.354432,1490.572917,4334.002751,1276.57441,435.173993
,CANARA BANK,55652,11979,8712,12760,46159,18668,14349
,CENTRAL BANK OF INDIA,28156.22,4075.72,3587.44,10258.25,18386.25,6675.17,3591.72
,INDIAN BANK,35214.25,7042.73,5693.03,8384.42,28179.53,8848.64,4043.07
,INDIAN OVERSEAS BANK,15298.62,4472.431388,2276.761245,3422.743543,14071.5466,3824.63,3266.01
,PUNJAB AND SIND BANK,8564.82,908.46,1541.78,2283.29,5648.21,1742.27,1411.5
,PUNJAB NATIONAL BANK,92448.04,16028.92,14571.29,16578,77327.67,34908.73,22585.04
,STATE BANK OF INDIA,112023.37,18420.64,15454.96,24061.27,90927.78,27965.71,21466.64
,UCO BANK,10237.43,2096.03,2032.23,2574.77,7726.46,3315.78,2018.02
,UNION BANK OF INDIA,79587.07,12518.6,11943.38,19175,60987.29,24303.3,12927.44
,PUBLIC SECTOR BANKS,542173.823,98291.468488,84278.275677,127990.01646,428196.999351,154745.37441,102531.543993
,AXIS BANK LIMITED,18565.63,14253.58,9551.84,6248.28,17019.09,4745.3,3439.11
,BANDHAN BANK LIMITED,6380.000758,9662.692987,2302.08,8441.989042,5298.624703,1564.229451,1228.272438
,CITY UNION BANK LIMITED,1933.18,1329.03,812.5,529.55,1920.16,1191.1,1017.63
,CSB BANK LIMITED,289.511037,81.076795,92.291258,15.736214,262.56036,106.9894,71.8214
,DCB BANK LIMITED,1289.9347,1698.4584,1703.5125,162.0429,1122.8377,573.2306,356.9195
,DHANLAXMI BANK LIMITED,533.536031,100.113073,117.766153,4.733582,511.149369,232.162559,109.200381
,FEDERAL BANK LTD,4136.74,1719.13,1297.07,375.03,4183.77,1392.62,1205.01
,HDFC BANK LTD.,16140.96,24536.31,11856.84,10801.4,18019.03,4407.68,4368.43
,ICICI BANK LIMITED,33294.9243,18309.3833,17097.0354,4521.198,29986.0742,6931.0462,5150.0699
,IDBI BANK LIMITED,34115,3750,4970,21926,10969,1864,1495
,IDFC FIRST BANK LIMITED,4469.13,4543.05,2330.45,2797.28998,3884.44002,1808.07,1304.05
,INDUSIND BANK LTD,5517.153876,6892.003459,2821.322314,3761.567591,5826.26743,1529.83,1714.959927
,JAMMU & KASHMIR BANK LTD,6520.54,7446.61,7725.56,1037.16,5204.43,1750.1,1334.24
,KARNATAKA BANK LTD,2250.8208,1836.6384,1288.2934,506.2579,2292.9079,1376.9662,1021.2679
,KARUR VYSYA BANK LTD,3431.04,479.24,560.14,1891.99,1458.15,1260.79,468.15
,KOTAK MAHINDRA BANK LTD.,6469.738491,3989.925541,3900.97,790.37,5768.324032,1736.712788,1193.302788
,NAINITAL BANK LTD,507.95,122.34,178.93,8.1,443.26,163.61,78.33
,RBL BANK LTD,2728.39,2754.7,1304.8,1758.43,2419.86,806.56,772.54
,SOUTH INDIAN BANK LTD,3648.09,1513.22,1295.82,157.23,3708.26,1777.77,1293.61
,TAMILNAD MERCANTILE BANK LTD,570.918549,271.351039,222.091657,98.717023,521.460909,317.581525,229.8252
,YES BANK LTD.,27975.977,4775.111,10242.499,18114.017,4394.572,8204.532,1658.091
,PRIVATE SECTOR BANKS,180769.165542,110063.963994,81671.811682,83947.089232,125214.228623,43740.880723,29509.830434
,AB BANK LIMITED,-,-,-,-,-,-,-
,AMERICAN EXPRESS BANKING CORP.,227.3532,1986.104,1847.6865,77.6535,288.1172,20.492,41.4015
,AUSTRALIA AND NEW ZEALAND BANKING GROUP LIMITED,25,-,25,-,-,-,-
,"BANK OF AMERICA , NATIONAL ASSOCIATION",-,534.612786,534.612786,-,-,-,-
,BANK OF BAHRAIN & KUWAIT B.S.C.,17.4644,1.0085,0.115,-,18.3579,13.8187,13.399332
,BANK OF CEYLON,53.6,-,4.72,-,48.88,0.002085,0.001613
,BANK OF CHINA LIMITED,-,-,-,-,-,-,-
,BANK OF NOVA SCOTIA,63.5243,-,-,63.1628,0.3615,-,-
,BARCLAYS BANK PLC,111.2171,-,-,79.6584,31.5587,-,-
,BNP PARIBAS,6.119397,-,-,6.119397,-,-,-
,CITIBANK N.A,758.604844,531.2316,731.6891,350.8494,207.297944,275.333548,0.000901
,COOPERATIEVE RABOBANK U.A.,150.4678,40.7187,27.4618,59.7921,103.9326,65.9048,37.9284
,CREDIT AGRICOLE CORPORATE AND INVESTMENT BANK,2.929,-,-,-,2.929,-,-
,CREDIT SUISSE AG,-,-,-,-,-,-,-
,"CTBC BANK CO., LTD.",1.479957,-,0.816,-,0.663957,-,-
,DBS BANK INDIA LIMITED,4533.8005,490.1558,647.7679,1603.7675,2772.4209,732.616996,550.418696
,DEUTSCHE BANK AG,2731.6046,903.0175,1786.795,99.857,1747.9701,1304.5553,520.3435
,DOHA BANK Q.P.S.C.,26.4996,-,-,-,26.4996,8.8095,-
,EMIRATES NBD BANK (P.J.S.C.),-,-,-,-,-,-,-
,FIRST ABU DHABI BANK PJSC,-,-,-,-,-,-,-
,FIRSTRAND BANK LTD,-,-,-,-,-,-,-
,INDUSTRIAL AND COMMERCIAL BANK OF CHINA,-,-,-,-,-,-,-
,INDUSTRIAL BANK OF KOREA,-,-,-,-,-,-,-
,JPMORGAN CHASE BANK NATIONAL ASSOCIATION,-,-,-,-,-,-,-
,JSC VTB BANK,-,-,-,-,-,-,-
,KEB HANA BANK,40.41,-,-,-,40.41,11.81,-
,KOOKMIN BANK,-,-,-,-,-,-,-
,KRUNG THAI BANK PUBLIC COMPANY LIMITED,-,-,-,-,-,-,-
,MASHREQ BANK PSC,-,-,-,-,-,-,-
,MIZUHO BANK LTD,6.34,-,-,-,6.34,-,-
,"MUFG BANK, LTD.",-,-,-,-,-,-,-
,NATWEST MARKETS PLC,-,-,-,-,-,-,-
,PT BANK MAYBANK INDONESIA TBK,-,-,-,-,-,-,-
,QATAR NATIONAL BANK (Q.P.S.C),53.1482,-,-,0.9102,52.238,-,-
,SBERBANK,41.345171,-,5.610011,13.86016,21.875,-,-
,SBM BANK (INDIA) LIMITED,93.236964,35.995025,18.379612,13.377116,97.475261,17.134693,16.58614
,SHINHAN BANK,153.668038,3.309054,0.708167,0.04429,156.224635,28.025515,10.905282
,SOCIETE GENERALE,78.9178,-,-,-,78.9178,-,-
,SONALI BANK,4.2384,-,-,-,4.2384,-,0.0063
,STANDARD CHARTERED BANK,3886.350444,1229.317933,1460.248948,422.629482,3232.789947,397.906855,375.184017
,SUMITOMO MITSUI BANKING CORPORATION,-,-,-,-,-,-,-
,THE HONGKONG AND SHANGHAI BANKING CORPORATION LIMITED,643.7985,208.9508,230.6231,98.5877,523.5385,150.0981,83.2639
,UNITED OVERSEAS BANK LTD,75,-,19.5133,-,55.4867,-,-
,WOORI BANK,-,7.6031,-,-,7.6031,-,6.4626
,FOREIGN BANKS,13786.118215,5972.024798,7341.747224,2890.269045,9526.126744,3026.508092,1655.902181
,AU SMALL FINANCE BANK LIMITED,924.378173,1239.882053,992.454945,190.492652,981.312629,271.845456,286.158756
,CAPITAL SMALL FINANCE BANK LIMITED,117.1338,154.3729,118.7636,0.1182,152.6249,63.2306,74.0465
,EQUITAS SMALL FINANCE BANK LIMITED,837.18,1087.09,790.47,409.84,723.96,479.47,312.01
,ESAF SMALL FINANCE BANK LIMITED,949.6,719.05,820.36,496.5922,351.6978,455.96,157.89
,FINCARE SMALL FINANCE BANK LIMITED,573.221161,596.757065,329.931528,551.585139,288.461559,249.830157,113.022403
,JANA SMALL FINANCE BANK LIMITED,756.904,1311.145,719.908,638.955,709.186,513.2584,468.0044
,NORTH EAST SMALL FINANCE BANK LIMITED,189.9232,266.5174,10.7107,98.3983,347.3316,57.435,27.1638
,SHIVALIK SMALL FINANCE BANK LIMITED,32.5066,13.8563,8.1834,5.4457,32.7338,14.7698,16.3026
,SURYODAY SMALL FINANCE BANK LIMITED,597.421925,505.2,206.7,704.520599,191.401326,283.366568,92.976153
,UJJIVAN SMALL FINANCE BANK LIMITED,1284.0773,334.9931,505.7459,482.7151,630.6094,99.5979,9.0383
,UNITY SMALL FINANCE BANK LIMITED,3773.2996,151.3005,148.4233,8.8135,3767.3633,196.8943,15.3051
,UTKARSH SMALL FINANCE BANK LIMITED,648.156909,521.086653,354.958496,382.781438,431.503628,235.795461,50.511564
,SMALL FINANCE BANKS,10683.802668,6901.250971,5006.609869,3970.257828,8608.185942,2921.453642,1622.429576
,AIRTEL PAYMENTS BANK LIMITED,-,-,-,-,-,-,-
,FINO PAYMENTS BANK LIMITED,-,-,-,-,-,-,-
,INDIA POST PAYMENTS BANK LIMITED,-,-,-,-,-,-,-
,PAYTM PAYMENTS BANK LIMITED,-,-,-,-,-,-,-
,PAYMENTS BANKS,-,-,-,-,-,-,-
2022,BANK OF BARODA,66670.99,14255.33,8448.15,18418.77,54059.4,21799.88,13364.65
,BANK OF INDIA,56534.94,8834.65,9440.26,10323.94,45605.39,12494.24,9851.93
,BANK OF MAHARASHTRA,7779.6793,2182.3567,1517.266,3117.557,5327.213,2544.32,1276.57
,CANARA BANK,60288,13890,10104,8422,55652,24442,18668
,CENTRAL BANK OF INDIA,29276.96,4717.93,4603.17,1235.5,28156.22,9036.45,6675.17
,INDIAN BANK,38455.35,10164.66,5059.19,8346.57,35214.25,12271.13,8848.64
,INDIAN OVERSEAS BANK,16323.18,5030.84,2341.4,3714,15298.62,4577.59,3824.63
,PUNJAB AND SIND BANK,9334,2064.63,1700.27,1133.54,8564.82,2461.95,1742.27
,PUNJAB NATIONAL BANK,104423.42,24743.67,14719.91,21999.14,92448.04,38575.7,34908.73
,STATE BANK OF INDIA,126389.02,25021.23,19720.66,19666.22,112023.37,36809.72,27965.71
,UCO BANK,11351.97,6122.62,3385.93,3851.23,10237.43,4389.5,3315.78
,UNION BANK OF INDIA,89788.2,22877.39,13594.09,19484.43,79587.07,27280.52,24303.3
,PUBLIC SECTOR BANKS,616615.7093,139905.3067,94634.296,119712.897,542173.823,196683,154745.38
,AXIS BANK LIMITED,22681.69,18915.68,13906.13,9125.61,18565.63,6584.59,4745.3
,BANDHAN BANK LIMITED,5757.760073,9430.27,5561.166704,3246.862611,6380.000758,2861.026154,1564.229451
,CITY UNION BANK LIMITED,1893.19,1275.68,606.27,629.42,1933.18,1075.19,1191.1
,CSB BANK LIMITED,393.4943,118.7078,127.7321,94.959,289.511,168.81,106.9894
,DCB BANK LIMITED,1083.4366,1771.9121,1476.9672,88.4468,1289.9347,594.15,573.2306
,DHANLAXMI BANK LIMITED,657.206697,365.623194,406.475755,82.818105,533.536031,322.922381,232.162559
,FEDERAL BANK LTD,4602.39,1880.81,1534.75,811.71,4136.74,1569.28,1392.62
,HDFC BANK LTD.,15086,26861.43,16376.6,9429.87,16140.96,4554.82,4407.68
,ICICI BANK LIMITED,40841.4196,19291.0195,16689.7242,10147.7906,33294.9243,9117.6637,6931.0462
,IDBI BANK LIMITED,36212,5866,5074,2889,34115,2519.38,1861.38
,IDFC FIRST BANK LIMITED,4303.008955,7551.875553,3184.174287,4201.564731,4469.14549,1883.27502,1808.05887
,INDUSIND BANK LTD,5794.99,10102.871924,5995.600477,4385.107571,5517.153876,1476.562678,1529.826013
,JAMMU & KASHMIR BANK LTD,6954.75,3130.87,2801.68,763.4,6520.54,1969.33,1750.1
,KARNATAKA BANK LTD,2588.4144,1552.8644,1215.398,675.06,2250.8208,1645.0522,1376.9662
,KARUR VYSYA BANK LTD,4142.87,842.73,675.89,878.67,3431.04,1719.39,1260.79
,KOTAK MAHINDRA BANK LTD.,7425.508491,4316.13,4042.31,1229.59,6469.738491,2705.172788,1736.712788
,NAINITAL BANK LTD,650.67,129.97,152.82,119.87,507.95,206.93,163.61
,RBL BANK LTD,2601.53,3943.44,1522.74,2293.84,2728.39,1241.35,806.56
,SOUTH INDIAN BANK LTD,4143.24,2159.23,1952.74,701.64,3648.09,2734.52,1777.77
,TAMILNAD MERCANTILE BANK LTD,1084.78,518.16,711.13,320.89,570.92,613.82,317.58
,YES BANK LTD.,28609.529,5795.392,5458.031,970.913,27975.977,9813.359,8204.532
,PRIVATE SECTOR BANKS,197507.878116,125820.666471,89472.329723,53087.032418,180769.182446,55376.593921,43738.244081
,AB BANK LIMITED,-,-,-,-,-,-,-
,ABU DHABI COMMERCIAL BANK PJSC,-,-,-,-,-,-,-
,AMERICAN EXPRESS BANKING CORP.,253.3102,686.6966,497.5001,215.1535,227.3532,40.7576,20.492
,AUSTRALIA AND NEW ZEALAND BANKING GROUP LIMITED,25,-,-,-,25,-,-
,"BANK OF AMERICA , NATIONAL ASSOCIATION",-,-,-,-,-,-,-
,BANK OF BAHRAIN & KUWAIT B.S.C.,14.1571,16.7377,4.5511,8.8793,17.4644,2.0087,13.8187
,BANK OF CEYLON,33.399528,22.536391,2.330078,-,53.605841,24.44,20.85
,BANK OF CHINA LIMITED,-,-,-,-,-,-,-
,BANK OF NOVA SCOTIA,63.5243,-,-,-,63.5243,-,-
,BARCLAYS BANK PLC,268.2164,56.6894,50.5733,163.1154,111.2171,30.344,-
,BNP PARIBAS,6.89866,-,-,0.779263,6.119397,-,-
,CITIBANK N.A,990.935476,954.051906,610.473718,575.90882,758.604844,446.934345,275.333548
,COOPERATIEVE RABOBANK U.A.,372.273,27.5168,74.48,174.842,150.4678,251.9423,65.9048
,CREDIT AGRICOLE CORPORATE AND INVESTMENT BANK,2.929,-,-,-,2.929,-,-
,CREDIT SUISSE AG,-,-,-,-,-,-,-
,"CTBC BANK CO., LTD.",1.772457,-,0.2925,-,1.479957,-,-
,DBS BANK INDIA LIMITED,5333.1555,620.0254,1419.3804,-,4533.8005,1045.4753,707.9814
,DEUTSCHE BANK AG,1456.6177,3046.1726,1558.642,212.5437,2731.6046,453.3866,1304.5553
,DOHA BANK Q.P.S.C.,26.4996,-,-,-,26.4996,13.9199,8.8095
,EMIRATES NBD BANK (P.J.S.C.),-,-,-,-,-,-,-
,FIRST ABU DHABI BANK PJSC,-,-,-,-,-,-,-
,FIRSTRAND BANK LTD,28,-,-,28,-,-,-
,HONGKONG AND SHANGHAI BANKING CORPN.LTD.,912.6039,438.0136,472.613,234.206,643.7985,290.229,150.0981
,INDUSTRIAL AND COMMERCIAL BANK OF CHINA,-,-,-,-,-,-,-
,INDUSTRIAL BANK OF KOREA,-,-,-,-,-,-,-
,JPMORGAN CHASE BANK NATIONAL ASSOCIATION,-,-,-,-,-,-,-
,JSC VTB BANK,-,-,-,-,-,-,-
,KEB HANA BANK,40.41,-,-,-,40.41,16.53,11.81
,KOOKMIN BANK,-,-,-,-,-,-,-
,KRUNG THAI BANK PUBLIC COMPANY LIMITED,-,-,-,-,-,-,-
,MASHREQ BANK PSC,-,-,-,-,-,-,-
,MIZUHO BANK LTD,6.34,-,-,-,6.34,-,-
,"MUFG BANK, LTD.",-,-,-,-,-,-,-
,PT BANK MAYBANK INDONESIA TBK,17.781835,-,-,17.781835,-,-,-
,QATAR NATIONAL BANK (Q.P.S.C),50,3.1482,-,-,53.1482,-,-
,SBERBANK,91.633649,-,0.27897,50.009509,41.34517,-,-
,SBM BANK (INDIA) LIMITED,88.4297,29.2893,5.673636,18.8084,93.236964,28.745593,17.134693
,SHINHAN BANK,128.2451,41.228388,15.80545,-,153.668038,23.9556,28.025515
,SOCIETE GENERALE,78.9178,-,-,-,78.9178,-,-
,SONALI BANK,4.293,-,-,-,4.293,0.6253,-
,STANDARD CHARTERED BANK,4673.731429,2380.606392,1843.145942,1324.84152,3886.350359,531.958805,397.906854
,SUMITOMO MITSUI BANKING CORPORATION,-,-,-,-,-,-,-
,THE ROYAL BANK OF SCOTLAND N.V.,-,-,-,-,-,-,-
,UNITED OVERSEAS BANK LTD,75,-,-,-,75,-,-
,WOORI BANK,-,-,-,-,-,-,-
,FOREIGN BANKS,15044.075334,8322.712677,6555.740194,3024.869247,13786.17857,3201.253043,3022.72041
,AU SMALL FINANCE BANK LIMITED,1502.829069,1442.124545,1832.959165,187.616276,924.378173,755.454682,271.845456
,CAPITAL SMALL FINANCE BANK LIMITED,78.2433,78.1127,39.1558,0.0664,117.1338,42.1421,63.2306
,EQUITAS SMALL FINANCE BANK LIMITED,642.78,1389.33,834.47,360.46,837.18,266.17,479.47
,ESAF SMALL FINANCE BANK LIMITED,564,642.46,182.4,74.46,949.6,316.58,455.96
,FINCARE SMALL FINANCE BANK LIMITED,353.58312,1098.460086,509.314039,369.508006,573.221161,148.414789,249.830157
,JANA SMALL FINANCE BANK LIMITED,857.984,1304.235,819.986,585.329,756.904,618.675,513.2584
,NORTH EAST SMALL FINANCE BANK LIMITED,191.6624,97.4369,18.5673,80.6088,189.9232,112.451,57.435
,SHIVALIK SMALL FINANCE BANK LIMITED,-,49.4411,16.9263,0.0082,32.5066,-,14.7698
,SURYODAY SMALL FINANCE BANK LIMITED,393.676963,537.263087,101.788422,231.729703,597.421925,188.120801,283.366568
,UJJIVAN SMALL FINANCE BANK LIMITED,1070.5976,2088.35,1086.2904,788.5799,1284.0773,424.5839,99.5979
,UTKARSH SMALL FINANCE BANK LIMITED,315.288713,656.426281,101.56999,221.988095,648.156909,108.817475,235.795461
,SMALL FINANCE BANKS,5970.645165,9383.639699,5543.427416,2900.35438,6910.503068,2981.409747,2724.559342
,AIRTEL PAYMENTS BANK LIMITED,-,-,-,-,-,-,-
,FINO PAYMENTS BANK LIMITED,-,-,-,-,-,-,-
,INDIA POST PAYMENTS BANK LIMITED,-,-,-,-,-,-,-
,PAYTM PAYMENTS BANK LIMITED,-,-,-,-,-,-,-
,PAYMENTS BANKS,-,-,-,-,-,-,-
2021,BANK OF BARODA,69381.43,20005.12,7290.06,15425.51,66670.98,21576.59,21799.89
,BANK OF INDIA,61549.93,8540.03,4823.56,8731.46,56534.94,14320.1,12262.02
,BANK OF MAHARASHTRA,12152.15,2202.39,1643.72,4931.14,7779.68,4145.38,2544.32
,CANARA BANK*,61127,17885,9592,9132,60288,26755,24442
,CENTRAL BANK OF INDIA,32589.08,6448.53,3768.21,5992.44,29276.96,11534.46,9036.45
,INDIAN BANK*,41997.71,9429.55,4600.56,8371.35,38455.35,14272.33,12271.13
,INDIAN OVERSEAS BANK,19912.7,3175.35,2146.66,4618.21,16323.18,6602.8,4577.59
,PUNJAB AND SIND BANK,8874.57,1556.71,1026.71,70.57,9334,4684.15,2461.95
,PUNJAB NATIONAL BANK*,73478.76,60626.21,13804.57,15876.98,104423.42,27218.9,38575.7
,STATE BANK OF INDIA,149091.85,28563.45,16864.08,34402.2,126389.02,51871.3,36809.72
,UCO BANK,19281.95,3102.06,1621.65,9410.39,11351.97,5510.66,4389.51
,UNION BANK OF INDIA*,97192.54,17442.68,7864.37,16982.65,89788.2,31324.63,27280.52
,PUBLIC SECTOR BANKS,646629.67,178977.08,75046.15,133944.9,616615.7,219816.3,196450.8
,AXIS BANK LIMITED,26604.1,16109.99,8015.37,12017.03,22681.69,9251.99,6584.59
,BANDHAN BANK LIMITED,992.779265,6887.84,84.508468,2038.350724,5757.760073,389.396154,2861.026154
,CITY UNION BANK LIMITED,1413.4,1113.05,221.39,411.87,1893.19,778.49,1075.19
,CSB BANK LIMITED,409.434,192.1203,81.28,126.78,393.4943,216.94,168.81
,DCB BANK LIMITED,631.513296,686.158631,107.916306,126.319021,1083.4366,293.51,594.15
,DHANLAXMI BANK LIMITED,401.222489,391.235188,121.512421,13.735256,657.21,100.943316,322.922381
,FEDERAL BANK LTD,3530.83,1921.9,452.83,397.51,4602.39,1607.17,1569.28
,HDFC BANK LTD.,12649.97,16040.01,4314.9,9289.08,15086,3542.36,4554.82
,ICICI BANK LIMITED,40829.09,16048.2246,6529.2673,9506.6277,40841.4196,9923.2411,9117.6637
,IDBI BANK LIMITED,47272,2631.66,5300.28,8391.75,36211.63,5439.49,2519.38
,IDFC FIRST BANK LIMITED,2279.561536,5626.758335,931.322507,2671.988409,4303.008955,808.566324,1883.27502
,INDUSIND BANK LTD,5146.7441,7664.067,2960.535,4055.2861,5794.99,1886.581478,1476.562678
,JAMMU & KASHMIR BANK LTD,7671.62,1106.89,607.32,1216.44,6954.75,2243.82,1969.33
,KARNATAKA BANK LTD,2799.9344,1346.37,404.49,1153.4,2588.4144,1755.6849,1645.0522
,KARUR VYSYA BANK LTD,4212.77,959.35,410.31,618.94,4142.87,1808.65,1719.39
,KOTAK MAHINDRA BANK LTD.,5026.891667,5488.317706,2461.656571,628.044311,7425.508491,1557.887395,2705.172788
,NAINITAL BANK LTD,536.03,176.94,62.3,-,650.67,184.14,206.93
,RBL BANK LTD,2136.52,3147.83,1007.8,1675.02,2601.53,1189.37,1241.35
,SOUTH INDIAN BANK LTD,3261.77,2339.99,323.84,1134.68,4143.24,2150.78,2734.52
,TAMILNAD MERCANTILE BANK LTD,1020.98,574.96,118.57,392.59,1084.78,497.47,613.82
,YES BANK LTD.,32877.588,12034.789,4062.702,12240.144,28609.531,8623.78,9813.359
,PRIVATE SECTOR BANKS,201704.748753,102488.45076,38580.100573,68105.585521,197507.513419,54250.260667,55376.593921
,AB BANK LIMITED,-,-,-,-,-,-,-
,ABU DHABI COMMERCIAL BANK PJSC,-,-,-,-,-,-,-
,AMERICAN EXPRESS BANKING CORP.,80.1169,404.9789,104.7772,127.0084,253.3102,36.8585,40.7576
,AUSTRALIA AND NEW ZEALAND BANKING GROUP LIMITED,25,-,-,-,25,-,-
,"BANK OF AMERICA , NATIONAL ASSOCIATION",-,-,-,-,-,-,-
,BANK OF BAHRAIN & KUWAIT B.S.C.,78.6475,3.0012,6.2416,61.25,14.1571,6.582,2.0087
,BANK OF CEYLON,20.13,14.8,-,1.54,33.39,15.99,24.44
,BANK OF CHINA LIMITED,-,-,-,-,-,-,-
,BANK OF NOVA SCOTIA,68.0453,-,4.521,-,63.5243,-,-
,BARCLAYS BANK PLC,339.0701,50.5733,48.1195,73.3075,268.2164,-,30.344
,BNP PARIBAS,6.89866,-,-,-,6.89866,-,-
,CITIBANK N.A,961.04,852.73,452.73,370.1,990.94,370.51,446.93
,COOPERATIEVE RABOBANK U.A.,169.811,202.462,-,-,372.273,79.4803,251.9423
,CREDIT AGRICOLE CORPORATE AND INVESTMENT BANK,2.929,-,-,-,2.929,-,-
,CREDIT SUISSE AG,-,-,-,-,-,-,-
,"CTBC BANK CO., LTD.",2.576832,-,0.804375,-,1.772457,-,-
,DBS BANK INDIA LIMITED,507.5666,5229.9893,157.492,246.9084,5333.1555,89.6638,1045.4753
,DEUTSCHE BANK AG,1510.2753,709.6128,277.9191,485.3513,1456.6177,668.3155,453.3866
,DOHA BANK Q.P.S.C.,8.8807,17.6189,-,-,26.4996,-,13.9199
,EMIRATES NBD BANK (P.J.S.C.),-,-,-,-,-,-,-
,FIRST ABU DHABI BANK PJSC,-,-,-,-,-,-,-
,FIRSTRAND BANK LTD,28,-,-,-,28,-,-
,HONGKONG AND SHANGHAI BANKING CORPN.LTD.,669.3266,592.6666,164.2343,185.155,912.6039,126.192,290.229
,INDUSTRIAL AND COMMERCIAL BANK OF CHINA,35.2404,-,-,35.2404,-,22.9062,-
,INDUSTRIAL BANK OF KOREA,-,-,-,-,-,-,-
,JPMORGAN CHASE BANK NATIONAL ASSOCIATION,-,-,-,-,-,-,-
,JSC VTB BANK,-,-,-,-,-,-,-
,KEB HANA BANK,53.4097,-,-,13,40.4097,20.6625,16.53
,KOOKMIN BANK,-,-,-,-,-,-,-
,KRUNG THAI BANK PUBLIC COMPANY LIMITED,-,-,-,-,-,-,-
,MASHREQ BANK PSC,-,-,-,-,-,-,-
,MIZUHO BANK LTD,6.34,-,-,-,6.34,-,-
,"MUFG BANK, LTD.",-,-,-,-,-,-,-
,PT BANK MAYBANK INDONESIA TBK,17.781835,-,-,-,17.781835,-,-
,QATAR NATIONAL BANK (Q.P.S.C),-,50,-,-,50,-,40
,SBERBANK,91.846265,-,0.212616,-,91.633649,-,-
,SBM BANK (INDIA) LIMITED,115.5766,0.7396,16.1891,11.6974,88.4297,39.288893,28.745593
,SHINHAN BANK,100.0377,29.0547,0.8473,-,128.2451,0.0283,23.9556
,SOCIETE GENERALE,78.9178,-,-,-,78.9178,-,-
,SONALI BANK,4.6107,-,0.3177,-,4.293,1.1214,0.6253
,STANDARD CHARTERED BANK,5151.236258,4680.172086,3460.726238,1696.950684,4673.731422,608.91304,531.95886
,SUMITOMO MITSUI BANKING CORPORATION,-,-,-,-,-,-,-
,THE ROYAL BANK OF SCOTLAND N.V.,-,-,-,-,-,-,-
,UNITED OVERSEAS BANK LTD,75,-,-,-,75,-,-
,WOORI BANK,-,-,-,-,-,-,-
,FOREIGN BANKS,10208.31175,12838.399386,4695.132029,3307.509084,15044.070023,2086.512433,3241.248753
,AU SMALL FINANCE BANK LIMITED,457.784866,1285.777236,126.117012,114.614888,1502.830202,217.302322,755.454682
,CAPITAL SMALL FINANCE BANK LIMITED,58.5069,24.8532,5.1,0.0168,78.2433,41.2497,42.1421
,EQUITAS SMALL FINANCE BANK LIMITED,417.32,589.37,119.18,244.73,642.78,228.62,266.17
,ESAF SMALL FINANCE BANK LIMITED,100.8604,473.465,10.3281,-,563.9973,42.17,316.5782
,FINCARE SMALL FINANCE BANK LIMITED,44.713482,357.117628,14.316972,33.931018,353.58312,19.755146,148.414789
,JANA SMALL FINANCE BANK LIMITED,320.81,828.19,58.31,232.7,857.99,140.382246,618.672246
,NORTH EAST SMALL FINANCE BANK LIMITED,26.285,170.0752,4.6978,-,191.6624,16.2114,112.451
,SURYODAY SMALL FINANCE BANK LIMITED,101.250418,398.901068,9.525101,96.949422,393.676963,20.374053,188.120801
,UJJIVAN SMALL FINANCE BANK LIMITED,137.140987,1032.803074,25.499894,73.846629,1070.597538,27.489397,424.583955
,UTKARSH SMALL FINANCE BANK LIMITED,44.655314,309.579152,3.619939,35.325814,315.288713,11.092825,108.817475
,SMALL FINANCE BANKS,1709.327367,5470.131558,376.694818,832.114571,5970.649536,764.647089,2981.405248
,FINO PAYMENTS BANK LIMITED,-,-,-,-,-,-,-
,INDIA POST PAYMENTS BANK LIMITED,-,-,-,-,-,-,-
,PAYMENTS BANKS,-,-,-,-,-,-,-
2020,ALLAHABAD BANK,28704.78,13246.13,5101.06,9002.98,27846.87,7419.31,8088.09
,ANDHRA BANK,28973.97,5899.84,1970.69,4194.58,28708.54,9091.4,7764.52
,BANK OF BARODA*,48232.76,45006.65,7971.92,15886.06,69381.43,15609.5,21576.6
,BANK OF INDIA,60661.12,16328.81,7812.51,7627.49,61549.93,19118.96,14320.1
,BANK OF MAHARASHTRA,15324.49,4040.6,1515.34,5697.6,12152.15,4559.33,4145.38
,CANARA BANK,39224.12,15044.75,9730.2,7497.52,37041.15,22955.11,18250.95
,CENTRAL BANK OF INDIA,32356.04,8150.61,3748.38,4169.19,32589.08,11333.24,11534.46
,CORPORATION BANK,20723.68,4336.27,1847.3,3813.63,19399.02,6926.64,6256.97
,INDIAN BANK,13353.434519,5320.5045,1491.5098,3031.6067,14150.822519,6793.1144,6184.2444
,INDIAN OVERSEAS BANK,33398.12,7225.33,4304.14,16406.61,19912.7,14368.3,6602.8
,ORIENTAL BANK OF COMMERCE,21717.07,6120.14,2735.22,3350.84,21751.15,9439.62,7909.41
,PUNJAB AND SIND BANK,8605.87,2908.56,858.99,1780.87,8874.57,4994.23,4684.15
,PUNJAB NATIONAL BANK,78472.7,20751.25,12380.1,13365.09,73478.76,30037.66,27218.9
,STATE BANK OF INDIA,172750.36,49826.28,21122.42,52362.37,149091.85,65894.74,51871.3
,SYNDICATE BANK,24680.37,9112.46,4772.65,4933.7,24086.48,12627.73,8504.7
,UCO BANK,29888.33,6181.38,4308.67,12479.09,19281.95,9649.92,5510.66
,UNION BANK OF INDIA,48729.15,14911.44,6137.81,8417.48,49085.3,20332.42,17303.14
,UNITED BANK OF INDIA,12053.38,4053.08,1882.63,4288.6,9935.23,5785.61,3191.22
,PUBLIC SECTOR BANKS,717849.744519,238464.0845,99691.5398,178305.3067,678316.982519,276936.8344,230917.5944
,AXIS BANK LIMITED,29789.44,19915.01,9301.36,10169.27,30233.82,11275.6,9360.41
,BANDHAN BANK LIMITED,933.996487,926.01,212.21,655.017222,992.779265,289.296487,389.396154
,CITY UNION BANK LIMITED,977.05,1110.47,300.27,373.85,1413.4,591.46,778.49
,CSB BANK LIMITED,530.62,181.78,104.7,198.27,409.43,240.68,216.94
,DCB BANK LIMITED,439.479198,664.051841,351.779376,120.238367,631.513296,153.77,293.51
,DHANLAXMI BANK LIMITED,495.84,167.59,158.956048,103.249713,401.224239,151.71,100.94
,FEDERAL BANK LTD,3260.68,1918.8,914.46,734.19,3530.83,1626.2,1607.17
,HDFC BANK LTD.,11224.16,17563.13,7882.83,8254.49,12649.97,3214.52,3542.36
,ICICI BANK LIMITED,45676.0423,13801.9984,7697.0968,10951.8539,40829.09,13449.7235,9923.2411
,IDBI BANK LIMITED,50027.94,11021.99,7841.65,5935.91,47272.37,14837.44,5439.49
,IDFC FIRST BANK LIMITED,2136.044377,2693.49423,1039.75,1510.23,2279.558607,1106.634498,808.574498
,INDUSIND BANK LTD,3947.4134,5829.87,2091.7313,2538.81,5146.7421,2248.277,1886.581478
,JAMMU & KASHMIR BANK LTD,6221.35,4053.79,2536.3127,67.1973,7671.63,3239.61,2181.36
,KARNATAKA BANK LTD,2456.3781,1998.584,564.1912,1090.8365,2799.9344,1616.7114,1755.0114
,KARUR VYSYA BANK LTD,4449.57,1602.25,877.73,961.32,4212.77,2420.34,1808.65
,KOTAK MAHINDRA BANK LTD.,4467.940147,3394.974772,1899.537739,936.485513,5026.891667,1544.373665,1557.887395
,LAKSHMI VILAS BANK LTD,3358.99,1553.24,659.92,19,4233.31,1506.29,1387.86
,NAINITAL BANK LTD,388.22,181.68,33.87,-,536.03,199.52,184.14
,RBL BANK LTD,754.62,3359.1,724.25,1252.95,2136.52,372.74,1189.37
,SOUTH INDIAN BANK LTD,3131.66,1369.59,371.97,867.51,3261.77,2163.62,2150.78
,TAMILNAD MERCANTILE BANK LTD,1168.11,554.66,335.88,365.91,1020.98,636.51,497.47
,YES BANK LTD.,7882.56,37272.486,5435.459,6841.998,32877.589,4484.85,8623.78
,PRIVATE SECTOR BANKS,183718.104009,131134.549243,51335.914163,53948.586515,209568.152574,67369.87655,55683.412025
,AB BANK LIMITED,8.898,-,-,8.898,-,-,-
,ABU DHABI COMMERCIAL BANK PJSC,53.3766,74.6765,64.3669,63.6862,-,39.9503,-
,AMERICAN EXPRESS BANKING CORP.,199.5881,1252.4459,1191.7138,180.2033,80.1169,108.2073,36.8585
,AUSTRALIA AND NEW ZEALAND BANKING GROUP LIMITED,99.9674,-,-,74.9674,25,-,-
,"BANK OF AMERICA , NATIONAL ASSOCIATION",-,0.2236,0.2236,-,-,-,-
,BANK OF BAHRAIN & KUWAIT B.S.C.,79.549,7.63412,3.983744,4.551916,78.64746,49.8344,6.581973
,BANK OF CEYLON,3.45,18.8101,-,2.13,20.1301,2.13,15.9886
,BANK OF CHINA LIMITED,-,-,-,-,-,-,-
,BANK OF NOVA SCOTIA,68.0453,-,-,-,68.0453,-,-
,BARCLAYS BANK PLC,295.8392,121.427,26.146,52.0501,339.0701,54.3718,-
,BNP PARIBAS,6.89866,-,-,-,6.89866,-,-
,CITIBANK N.A,849.11,1128.35,457.375,559.045,961.04,312.62,370.505
,COOPERATIEVE RABOBANK U.A.,126.5317,169.811,3.9924,122.5393,169.811,-,-
,CREDIT AGRICOLE CORPORATE AND INVESTMENT BANK,3.1695,-,-,0.2405,2.929,-,-
,CREDIT SUISSE AG,260,-,-,260,-,107.69,-
,"CTBC BANK CO., LTD.",3.461832,-,0.885,-,2.576832,-0.35,-
,DBS BANK INDIA LIMITED,583.1716,148.8991,40.8073,183.6968,507.5666,58.8628,89.6638
,DEUTSCHE BANK AG,1424.4373,815.6514,624.88,104.9334,1510.2753,694.6507,668.3155
,DOHA BANK Q.P.S.C.,8.8807,-,-,-,8.8807,-,-
,EMIRATES NBD BANK (P.J.S.C.),-,-,-,-,-,-,-
,FIRST ABU DHABI BANK PJSC,-,-,-,-,-,-,-
,FIRSTRAND BANK LTD,28,0.0002,-,0.0002,28,21,-
,HONGKONG AND SHANGHAI BANKING CORPN.LTD.,597.7082,469.412,279.296,118.4976,669.3266,129.117,126.192
,INDUSTRIAL AND COMMERCIAL BANK OF CHINA,50.0542,36.7954,8.7866,42.8226,35.2404,-,22.9062
,INDUSTRIAL BANK OF KOREA,-,-,-,-,-,-,-
,JPMORGAN CHASE BANK NATIONAL ASSOCIATION,-,-,-,-,-,-,-
,JSC VTB BANK,-,-,-,-,-,-,-
,KEB HANA BANK,53.5097,-,0.1,-,53.4097,31.403,20.6625
,KOOKMIN BANK,-,-,-,-,-,-,-
,KRUNG THAI BANK PUBLIC COMPANY LIMITED,-,-,-,-,-,-,-
,MASHREQ BANK PSC,-,-,-,-,-,-,-
,MIZUHO BANK LTD,6.34,-,-,-,6.34,-,-
,"MUFG BANK, LTD.",70,-,70,-,-,-,-
,PT BANK MAYBANK INDONESIA TBK,17.781835,-,-,-,17.781835,-,-
,QATAR NATIONAL BANK (Q.P.S.C),-,-,-,-,-,-,-
,SBERBANK,91.846265,-,-,-,91.846265,-,-
,SBM BANK (INDIA) LIMITED,149.3059,21.15,10.0196,44.8597,115.5766,50.6694,36.7814
,SHINHAN BANK,100,0.0377,-,-,100.0377,85,0.0283
,SOCIETE GENERALE,148.9178,-,70,-,78.9178,45.4466,-
,SONALI BANK,4.4624,0.2378,0.0895,-,4.6107,1.0057,1.1214
,STANDARD CHARTERED BANK,6690.7776,2485.2072,913.7652,3110.9834,5151.2362,259.8361,608.9131
,SUMITOMO MITSUI BANKING CORPORATION,-,-,-,-,-,-,-
,THE ROYAL BANK OF SCOTLAND N.V.,-,-,-,-,-,-,-
,UNITED OVERSEAS BANK LTD,155.1936,-,25.5137,54.6799,75,-,-
,WESTPAC BANKING CORPORATION,-,-,-,-,-,-,-
,WOORI BANK,12.8866,-,-,12.8866,-,-,-
,FOREIGN BANKS,12251.158992,6750.76902,3791.944344,5001.671916,10208.311752,2051.4451,2004.518273
,AU SMALL FINANCE BANK LIMITED,470.14366,617.025305,582.255156,47.128943,457.784866,294.498046,217.302322
,CAPITAL SMALL FINANCE BANK LIMITED,33.9556,42.19,17.6324,0.0063,58.5069,24.2204,41.2497
,EQUITAS SMALL FINANCE BANK LIMITED,295.71,409.301552,216.186106,71.50776,417.317686,167.4164,228.605276
,ESAF SMALL FINANCE BANK LIMITED,74.0137,80.1058,23.9918,29.2673,100.8604,35.2155,42.1686
,FINCARE SMALL FINANCE BANK LIMITED,35.887149,74.330235,20.062952,45.44095,44.713482,9.50102,19.755146
,JANA SMALL FINANCE BANK LIMITED,522.59,230.42,132.676991,299.52,320.813009,273.08,140.385317
,NORTH EAST SMALL FINANCE BANK LIMITED,14.2984,20.370134,0.2514,8.1321,26.285034,4.4136,16.2114
,SURYODAY SMALL FINANCE BANK LIMITED,49.6209,104.2955,4.7795,47.8864,101.2505,12.0059,20.3742
,UJJIVAN SMALL FINANCE BANK LIMITED,97.852269,145.189791,41.828755,64.072329,137.140976,27.548192,27.489341
,UTKARSH SMALL FINANCE BANK LIMITED,65.572495,41.190415,6.149872,55.957725,44.655313,5.69067,11.092824
,SMALL FINANCE BANKS,1659.644173,1764.418732,1045.814932,668.919807,1709.328166,853.589728,764.634126
,INDIA POST PAYMENTS BANK LIMITED,-,-,-,-,-,-,-
,PAYMENTS BANKS,-,-,-,-,-,-,-
2019,ALLAHABAD BANK,26562.79,10726.32,4301.34,4282.99,28704.78,12229.13,7419.31
,ANDHRA BANK,28124.36,5274.94,2145.15,2280.18,28973.97,12636.87,9091.4
,BANK OF BARODA,56480.38,13613.61,8759.39,13101.84,48232.76,23482.65,15609.5
,BANK OF INDIA,62328.46,17902.53,12153.42,7416.45,60661.12,28207.27,19118.96
,BANK OF MAHARASHTRA,18433.23,4304.22,2286.09,5126.87,15324.49,9641.19,4559.33
,CANARA BANK,47468.47,15480.16,9457.31,14267.2,39224.12,28542.4,22955.11
,CENTRAL BANK OF INDIA,38130.7,10328.64,5728.09,10375.21,32356.04,17377.87,11333.24
,CORPORATION BANK,22213.44,6282.6,1782.92,5989.44,20723.68,14077.02,6926.64
,DENA BANK,16361.44,5375.17,4296.21,4672.46,12767.94,7838.78,4166.97
,INDIAN BANK,11990.14,6444.96,2207.82,2873.83,13353.45,5959.56,6793.11
,INDIAN OVERSEAS BANK,38180.15,8844.54,5943.75,7682.82,33398.12,20399.66,14368.3
,ORIENTAL BANK OF COMMERCE,26133.64,7066.15,5025.69,6457.03,21717.07,14282.88,9439.62
,PUNJAB AND SIND BANK,7801.65,3666.37,1227.11,1635.04,8605.87,4607.87,4994.23
,PUNJAB NATIONAL BANK,86620.05,19904.11,15798.2,12253.26,78472.7,48684.29,30037.66
,STATE BANK OF INDIA,223427.46,32738.05,24509.97,58905.18,172750.36,110854.7,65894.74
,SYNDICATE BANK,25758.6,11592.01,5895.74,6774.5,24680.37,13239.46,12627.73
,UCO BANK,30549.92,9082.44,5323.72,4420.31,29888.33,14082.07,9649.92
,UNION BANK OF INDIA,49369.93,13576.72,6446.96,7770.54,48729.15,24326.31,20332.42
,UNITED BANK OF INDIA,16552.11,2870.52,2003.96,5365.29,12053.38,10316.3,5785.61
,VIJAYA BANK,7526.09,5457.81,2542.55,1518.05,8923.3,5021.24,4018.37
,PUBLIC SECTOR BANKS,840013.01,210531.87,127835.39,183168.49,739541,425807.52,285122.17
,AXIS BANK LIMITED,34248.64,13871.09,9100.84,9229.45,29789.44,16591.71,11275.6
,BANDHAN BANK LIMITED,373.14,763.86,39.95,277.49,819.56,172.9,228.32
,CITY UNION BANK LIMITED,856.55,632.16,247.56,264.1,977.05,474.78,591.46
,CSB BANK LIMITED,764.13,197.45,130.95,300.01,530.62,416.29,240.68
,DCB BANK LIMITED,369.03,420.47,283.23,66.79,439.48,146.72,153.77
,DHANLAXMI BANK LIMITED,469.31,142.69,112.94,3.22,495.84,194.65,151.71
,FEDERAL BANK LTD,2795.62,1667.98,1016.61,186.31,3260.68,1551.96,1626.2
,HDFC BANK LTD.,8606.97,14382.03,7184.48,4580.36,11224.16,2601.02,3214.52
,ICICI BANK LIMITED,53240.18,10595.96,6602.97,11557.13,45676.04,27823.56,13449.72
,IDBI BANK LIMITED#,55588.25,18208.24,7850.49,15918.06,50027.94,28665.14,14837.44
,IDFC FIRST BANK LIMITED,1779.05,2369.47,1696.03,316.45,2136.04,891.16,1106.63
,INDUSIND BANK LTD,1704.91,5386.83,1221.35,1922.98,3947.41,745.67,2248.28
,JAMMU & KASHMIR BANK LTD,6006.7,2964.6,1442.09,1307.86,6221.35,2791.12,3239.61
,KARNATAKA BANK LTD,2376.07,1447.86,468.28,899.27,2456.38,1400.51,1616.71
,KARUR VYSYA BANK LTD,3015.76,2342.92,461.66,447.45,4449.57,1862.83,2420.34
,KOTAK MAHINDRA BANK LTD.,3825.38,1995.24,1133.12,219.56,4467.94,1665.05,1544.37
,LAKSHMI VILAS BANK LTD,2694.21,1412.21,486.79,260.64,3358.99,1457.89,1506.29
,NAINITAL BANK LTD,167.48,252.91,31.21,0.96,388.22,38.25,199.52
,RBL BANK LTD,566.73,707.01,198.91,320.21,754.62,312.56,372.74
,SOUTH INDIAN BANK LTD,1980.3,1847.86,409.76,286.74,3131.66,1415.8,2163.62
,TAMILNAD MERCANTILE BANK LTD,868.28,947.23,383.63,263.77,1168.11,513.29,636.51
,YES BANK LTD.,2626.802,7970.331,2245.64,468.933,7882.56,1312.746,4484.85
,PRIVATE SECTOR BANKS,184923.492,90526.401,42748.49,49097.743,183603.66,93045.606,67308.89
,AB BANK LIMITED,8.898,-,-,8.898,-,-,-
,ABU DHABI COMMERCIAL BANK PJSC,23.1076,53.3484,1.3521,21.7273,53.3766,1.3521,39.9503
,AMERICAN EXPRESS BANKING CORP.,84.849,707.375,426.1694,166.4665,199.5881,38.5472,108.2073
,AUSTRALIA AND NEW ZEALAND BANKING GROUP LIMITED,-,99.9674,-,-,99.9674,-,-
,"BANK OF AMERICA , NATIONAL ASSOCIATION",-,-,-,-,-,-,-
,BANK OF BAHRAIN & KUWAIT B.S.C.,18.62,62.86,1.92,0.01,79.55,12.72,49.84
,BANK OF CEYLON,0.97,3.04,0.18,0.38,3.45,-,2.13
,BANK OF NOVA SCOTIA,94.0249,-,-,25.9796,68.0453,-,-
,BARCLAYS BANK PLC,78.352,220.8462,3.359,-,295.8392,-,54.3718
,BNP PARIBAS,6.9,-,-,-,6.9,-,-
,CITIBANK N.A,865.82,952.97,464.89,504.79,849.11,305.07,312.61
,COOPERATIEVE RABOBANK U.A.,236.4162,-,29.92,79.9645,126.5317,-,-
,CREDIT AGRICOLE CORPORATE AND INVESTMENT BANK,383.56,13.45,142.81,251.03,3.17,56.99,-
,CREDIT SUISSE AG,-,260,-,-,260,-,107.69
,"CTBC BANK CO., LTD.",7.66,-,4.2,-,3.46,2.19,-0.35
,DBS BANK INDIA LIMITED,-,605.2391,4.6631,17.4044,583.1716,-,58.8628
,DEUTSCHE BANK AG,1023.316,821.6081,251.6318,168.855,1424.4373,304.9161,694.6507
,DOHA BANK Q.P.S.C.,8.8807,-,-,-,8.8807,-,-
,EMIRATES NBD BANK (P.J.S.C.),-,-,-,-,-,-,-
,FIRST ABU DHABI BANK PJSC,-,-,-,-,-,-,-
,FIRSTRAND BANK LTD,-,28,-,-,28,-,21
,HONGKONG AND SHANGHAI BANKING CORPN.LTD.,924.2663,391.4319,358.7871,359.2029,597.7082,144.0101,129.117
,INDUSTRIAL AND COMMERCIAL BANK OF CHINA,47.1734,2.8808,-,-,50.0542,-,-
,INDUSTRIAL BANK OF KOREA,-,-,-,-,-,-,-
,JPMORGAN CHASE BANK NATIONAL ASSOCIATION,-,-,-,-,-,-,-
,JSC VTB BANK,19.81,-,-,19.81,-,-,-
,KEB HANA BANK,-,53.51,-,-,53.51,-,31.4
,KRUNG THAI BANK PUBLIC COMPANY LIMITED,-,-,-,-,-,-,-
,MASHREQ BANK PSC,-,-,-,-,-,-,-
,MIZUHO BANK LTD,6.34,-,-,-,6.34,-,-
,"MUFG BANK, LTD.",75.13,-,5.13,-,70,52.5,-
,NATIONAL AUSTRALIA BANK,-,-,-,-,-,-,-
,PT BANK MAYBANK INDONESIA TBK,17.78,-,-,-,17.78,-,-
,QATAR NATIONAL BANK (Q.P.S.C),-,-,-,-,-,-,-
,SBERBANK,91.8463,-,-,-,91.8463,-,-
,SBM BANK (INDIA) LIMITED,-,149.7451,0.4392,-,149.3059,-,50.6694
,SHINHAN BANK,-,100,-,-,100,-,85
,SOCIETE GENERALE,70,78.9178,-,-,148.9178,52.5,45.4466
,SONALI BANK,3.1453,1.4055,0.0884,-,4.4624,0.1327,1.0057
,STANDARD CHARTERED BANK,8441.1009,1419.606,861.2315,2308.6978,6690.7776,373.8457,259.8361
,SUMITOMO MITSUI BANKING CORPORATION,-,-,-,-,-,-,-
,THE ROYAL BANK OF SCOTLAND N.V.,114.7367,-,-,114.7367,-,-,-
,UNITED OVERSEAS BANK LTD,80.1936,75,-,-,155.1936,-,-
,WESTPAC BANKING CORPORATION,-,-,-,-,-,-,-
,WOORI BANK,-,12.8866,-,-,12.8866,-,-
,FOREIGN BANKS,12732.8969,6114.0879,2556.7716,4047.9527,12242.2605,1344.7739,2051.4377
,AU SMALL FINANCE BANK LIMITED,269.74,447.73,227.7,19.63,470.14,169.34,294.5
,CAPITAL SMALL FINANCE BANK LIMITED,21.1286,27.8447,15.0047,0.013,33.9556,15.4314,24.2204
,EQUITAS SMALL FINANCE BANK LIMITED,212.53,317.3,173.35,60.77,295.71,131.5,186.42
,ESAF SMALL FINANCE BANK LIMITED,121.05,76.08,33.75,89.37,74.01,84.81,35.2
,SURYODAY SMALL FINANCE BANK LIMITED,56.57,33.08,6.47,33.56,49.62,29.23,12.01
,UJJIVAN SMALL FINANCE BANK LIMITED,275.9204,83.5392,83.7523,177.855,97.8523,50.9337,27.5482
,UTKARSH SMALL FINANCE BANK LIMITED,57.47,60.26,22.3,29.86,65.57,33.72,5.69
,SMALL FINANCE BANKS,1014.409,1045.8339,562.327,411.058,1086.8579,514.9651,585.5886
2018,ALLAHABAD BANK,20687.83,12903.28,3379.08,3649.24,26562.79,13433.51,12229.13
,ANDHRA BANK,17669.98,13864.23,1744.25,1665.6,28124.36,10354.81,12636.87
,BANK OF BARODA,42718.7,24152.34,5442.47,4948.19,56480.38,18080.18,23482.65
,BANK OF INDIA,52044.52,25580.5,6251.76,9044.8,62328.46,25305.03,28207.27
,BANK OF MAHARASHTRA,17188.71,5734.87,2030.02,2460.33,18433.23,11331.19,9641.19
,CANARA BANK,34202.04,24760.76,3184.66,8309.67,47468.47,21648.98,28542.4
,CENTRAL BANK OF INDIA,27251.33,17071.24,3268.26,2923.61,38130.7,14217.83,17377.87
,CORPORATION BANK,17045.22,14576.86,1180.27,8228.37,22213.44,11692.18,14077.02
,DENA BANK,12618.73,6008.47,1604.64,661.12,16361.44,7735.12,7838.78
,IDBI BANK LIMITED,44752.59,38351.09,15000.65,12514.78,55588.25,25205.8,28665.14
,INDIAN BANK,9865.14,5041.23,1274.6,1641.63,11990.14,5606.57,5959.56
,INDIAN OVERSEAS BANK,35098.26,16824.79,6724.58,7018.32,38180.15,19749.32,20399.66
,ORIENTAL BANK OF COMMERCE,22859.27,12429.34,2798.05,6356.92,26133.64,14117.83,14282.88
,PUNJAB AND SIND BANK,6297.59,2591.75,627.88,459.81,7801.65,4375.08,4607.87
,PUNJAB NATIONAL BANK,55370.45,44274.33,5617.54,7407.19,86620.05,32702.1,48684.29
,STATE BANK OF INDIA*,112342.99,160303.65,9023.76,40195.42,223427.46,58277.38,110854.7
,SYNDICATE BANK,17609.31,14309.28,3759.98,2400.01,25758.6,10410.98,13239.46
,UCO BANK,22540.95,15033.8,4290.12,2734.71,30549.92,10703.39,14082.07
,UNION BANK OF INDIA,33712.28,21369.11,2234.51,3476.95,49369.93,18832.1,24326.31
,UNITED BANK OF INDIA,10951.99,8606.26,1139.23,1866.91,16552.11,6591.85,10316.3
,VIJAYA BANK,6381.78,4388.2,1703.9,1539.99,7526.09,4118.16,5021.24
,PUBLIC SECTOR BANKS,619209.66,488175.38,82280.21,129503.57,895601.26,344489.39,454472.66
,AXIS BANK LIMITED,21280.48,33419,8762.99,11687.85,34248.64,8626.55,16591.71
,BANDHAN BANK LIMITED,86.26,351.58,13.7,51,373.14,61.17,172.9
,CITY UNION BANK LIMITED,681.98,574.87,205.54,194.76,856.55,408.34,474.78
,CSB BANK LIMITED,600.1,281.16,112.1,5.03,764.13,447.64,416.29
,DCB BANK LIMITED,254.2,348.91,201.84,32.24,369.03,124.41,146.72
,DHANLAXMI BANK LIMITED,315.6,358.33,202.4,2.22,469.31,166.48,194.65
,FEDERAL BANK LTD,1727.05,2200.67,920.5,211.6,2795.62,941.2,1551.96
,HDFC BANK LTD.,5885.66,12958.99,6971.85,3265.83,8606.97,1843.99,2601.02
,ICICI BANK LIMITED,42159.39,28634.95,9185.5,8368.66,53240.18,25216.81,27823.56
,IDFC BANK LIMITED,1542.1,1251.58,16.8,997.83,1779.05,576.47,891.16
,INDUSIND BANK LTD,1054.87,3324.55,1891.73,782.78,1704.91,438.91,745.67
,JAMMU & KASHMIR BANK LTD,6000.01,3104.69,1486.27,1611.73,6006.7,2425.37,2791.12
,KARNATAKA BANK LTD,1581.59,2119.87,609.64,715.75,2376.07,974.73,1400.51
,KARUR VYSYA BANK LTD,1483.81,2091.75,197.33,362.47,3015.76,1033.46,1862.83
,KOTAK MAHINDRA BANK LTD.,3578.61,1858.21,1204.1,407.34,3825.38,1718.07,1665.05
,LAKSHMI VILAS BANK LTD,640.19,2916.02,589.99,272.01,2694.21,418.42,1457.89
,NAINITAL BANK LTD,164.27,47.89,31.21,13.47,167.48,39.51,38.25
,RBL BANK LTD,356.84,569.19,200.27,159.03,566.73,189.94,312.56
,SOUTH INDIAN BANK LTD,1149.01,1810.34,672.18,306.87,1980.3,674.56,1415.8
,TAMILNAD MERCANTILE BANK LTD,648.64,1242.16,428.57,593.95,868.28,381.92,513.29
,YES BANK LTD.,2018.557,8215.737,6898.899,708.593,2626.802,1072.268,1312.746
,PRIVATE SECTOR BANKS,93209.217,107680.447,40803.409,30751.013,129335.242,47780.218,64380.466
,AB BANK LIMITED,8.898,-,-,-,8.898,-,-
,ABU DHABI COMMERCIAL BANK PJSC,23.1076,-,-,-,23.1076,1.3521,-
,AMERICAN EXPRESS BANKING CORP.,47.5093,265.4029,126.8467,101.2165,84.849,19.9105,38.5472
,AUSTRALIA AND NEW ZEALAND BANKING GROUP LIMITED,-,-,-,-,-,-,-
,"BANK OF AMERICA , NATIONAL ASSOCIATION",110,-,99,11,-,-,-
,BANK OF BAHRAIN & KUWAIT B.S.C.,58.52,30.08,11.77,58.21,18.62,0.02,12.72
,BANK OF CEYLON,1.05,-,0.08,-,0.97,-,-
,BANK OF NOVA SCOTIA,254.4246,-,34.0241,126.3756,94.0249,31.0799,-
,BARCLAYS BANK PLC,82.602,-,-,4.25,78.352,46.9177,-
,BNP PARIBAS,6.9,-,-,-,6.9,-,-
,CITIBANK N.A,847.51,905.3,427.34,459.65,865.82,252.02,305.07
,COOPERATIEVE RABOBANK U.A.,444.3479,-,1.5437,206.388,236.4162,167.729,-
,CREDIT AGRICOLE CORPORATE AND INVESTMENT BANK,276.25,207.46,28.11,72.04,383.56,204.55,56.99
,CREDIT SUISSE AG,-,-,-,-,-,-,-
,"CTBC BANK CO., LTD.",71.94,-,4.28,60,7.66,6.74,0.17
,DBS BANK INDIA LIMITED,838.3834,497.7238,254.1367,143.7284,938.2421,462.4657,195.1196
,DEUTSCHE BANK AG,994.7728,384.1361,325.1466,30.4463,1023.316,327.6886,304.9161
,DOHA BANK Q.P.S.C.,9.3807,-,0.5,-,8.8807,2.3452,-
,EMIRATES NBD BANK (P.J.S.C.),-,-,-,-,-,-,-
,FIRST ABU DHABI BANK PJSC,-,-,-,-,-,-,-
,FIRSTRAND BANK LTD,24.4095,4.7437,15.5792,13.574,-,-,-
,HONGKONG AND SHANGHAI BANKING CORPN.LTD.,896.9751,338.5256,245.2728,65.9616,924.2663,203.9783,144.0101
,INDUSTRIAL AND COMMERCIAL BANK OF CHINA,46.9382,0.2352,-,-,47.1734,-,-
,INDUSTRIAL BANK OF KOREA,-,-,-,-,-,-,-
,JPMORGAN CHASE BANK NATIONAL ASSOCIATION,-,-,-,-,-,-,-
,JSC VTB BANK,20.56,-,0.75,-,19.81,12.51,-
,KEB HANA BANK,-,-,-,-,-,-,-
,KRUNG THAI BANK PUBLIC COMPANY LIMITED,-,-,-,-,-,-,-
,MASHREQ BANK PSC,-,-,-,-,-,-,-
,MIZUHO BANK LTD,6.34,-,-,-,6.34,-,-
,"MUFG BANK, LTD.",10.25,70,5.12,-,75.13,0.86,53.35
,NATIONAL AUSTRALIA BANK,-,-,-,-,-,-,-
,PT BANK MAYBANK INDONESIA TBK,17.78,-,-,-,17.78,-,-
,QATAR NATIONAL BANK (Q.P.S.C),-,-,-,-,-,-,-
,SBERBANK,97.277,-,5.4307,-,91.8463,65.9989,-
,SBM BANK (INDIA) LIMITED,132.14,105.87,2.96,56.72,178.33,43.3,10.73
,SHINHAN BANK,-,-,-,-,-,-,-
,SOCIETE GENERALE,-,70,-,-,70,-,52.5
,SONALI BANK,4.4642,-,1.3189,-,3.1453,1.5388,0.1327
,STANDARD CHARTERED BANK,8032.6615,4140.0665,3127.2332,604.3939,8441.1009,121.3597,373.8457
,SUMITOMO MITSUI BANKING CORPORATION,-,-,-,-,-,-,-
,THE ROYAL BANK OF SCOTLAND N.V.,183.4984,-,19.3741,49.3876,114.7367,120.4144,-
,UNITED OVERSEAS BANK LTD,80.1936,-,-,-,80.1936,44.1065,-
,WESTPAC BANKING CORPORATION,-,-,-,-,-,-,-
,WOORI BANK,-,-,-,-,-,-,-
,FOREIGN BANKS,13629.0838,7019.5438,4735.8167,2063.3419,13849.469,2136.8853,1548.1014
,AU SMALL FINANCE BANK LIMITED,124.51,206.25,55.09,5.93,269.74,80.46,169.34
,CAPITAL SMALL FINANCE BANK LIMITED,13.9856,19.1576,12.0146,-,21.1286,9.7902,15.4314
,EQUITAS SMALL FINANCE BANK LIMITED,206.48,344.27,147.99,190.23,212.53,104.95,131.5
,SURYODAY SMALL FINANCE BANK LIMITED,51.25,51.79,3.68,42.79,56.57,37.4,35.49
,UJJIVAN SMALL FINANCE BANK LIMITED,16.3995,556.6906,120.6883,176.4814,275.9204,1.7971,50.9337
,UTKARSH SMALL FINANCE BANK LIMITED,-,200.04,142.57,-,57.47,-,33.72
,SMALL FINANCE BANKS,412.6251,1378.1982,482.0329,415.4314,893.359,234.3973,436.4151
2017,STATE BANK OF BIKANER AND JAIPUR,3602.76,9673.74,1013.87,1585.84,10676.79,2005.19,6829.7
,STATE BANK OF HYDERABAD,6590.91,15348.52,2297.77,1429.72,18211.94,3743.16,10193.83
,STATE BANK OF INDIA,98172.8,39071.38,4331.39,20569.8,112342.99,55807.02,58277.38
,STATE BANK OF MYSORE,3635.56,8249.01,1808.88,161.14,9914.55,2257.18,5824.34
,STATE BANK OF PATIALA,6766.57,29616.54,15008.04,3527.7,17847.37,3268.16,10840.33
,STATE BANK OF TRAVANCORE,3199.96,9618.3,3436.7,564.58,8816.98,1813.67,4966.64
,STATE BANK OF INDIA AND ITS ASSOCIATES,121968.56,111577.49,27896.65,27838.78,177810.62,68894.38,96932.22
,ALLAHABAD BANK,15384.57,11417,3671.69,2442.05,20687.83,10292.51,13433.51
,ANDHRA BANK,11443.63,9521.47,1672.01,1623.11,17669.98,6035.65,10354.81
,BANK OF BARODA,40521.04,13311.63,6598.4,4515.57,42718.7,19406.46,18080.18
,BANK OF INDIA,49879.13,16721.12,7325.18,7230.55,52044.52,27996.4,25305.03
,BANK OF MAHARASHTRA,10385.85,9119.05,959.08,1357.11,17188.71,6919.33,11229.56
,BHARATIYA MAHILA BANK LTD.,1.35,53.95,0.31,-,54.99,0.71,46.16
,CANARA BANK,31637.83,11652.11,3543.12,5544.78,34202.04,20832.91,21648.98
,CENTRAL BANK OF INDIA,22720.88,10487.82,3561.74,2395.63,27251.33,13241.8,14217.83
,CORPORATION BANK,14544.25,7762.42,1687.76,3573.69,17045.22,9160.14,11692.18
,DENA BANK,8560.49,6767.37,1875.74,833.39,12618.73,5230.47,7735.12
,IDBI BANK LIMITED,24875.07,27595.02,4849.3,2868.2,44752.59,14643.39,25205.8
,INDIAN BANK,8827.04,3330.66,1067.14,1225.42,9865.14,5419.4,5606.57
,INDIAN OVERSEAS BANK,30048.63,13003.7,5660.04,2294.03,35098.26,19212.58,19749.32
,ORIENTAL BANK OF COMMERCE,14701.78,12222.3,1756.49,2308.32,22859.27,9932.15,14117.83
,PUNJAB AND SIND BANK,4229.05,2900.06,340.88,490.64,6297.59,2949.47,4375.08
,PUNJAB NATIONAL BANK,55818.33,22414.58,13657.34,9205.12,55370.45,35422.56,32702.1
,SYNDICATE BANK,13832.16,8137.95,3090.11,1270.69,17609.31,9014.87,10410.98
,UCO BANK,20907.73,9928.16,6320.22,1928.04,22540.95,11443.59,10703.39
,UNION BANK OF INDIA,24170.89,13243.89,2438.84,1263.66,33712.28,14025.94,18832.1
,UNITED BANK OF INDIA,9471.01,3533.08,1338.39,713.71,10951.99,6110.71,6591.85
,VIJAYA BANK,6027.07,2893.44,1470.44,1068.29,6381.78,4276.82,4118.16
,NATIONALISED BANKS,417987.78,216016.78,72884.22,54152,506921.66,251567.86,286156.54
,AXIS BANK LIMITED,6087.51,21781.79,4366.73,2222.09,21280.48,2522.14,8626.55
,BANDHAN BANK LIMITED,18.77,103.37,4.69,31.19,86.26,10.24,61.17
,CITY UNION BANK LIMITED,511.98,479.61,146.15,163.46,681.98,323.15,408.34
,CSB BANK LIMITED,446.91,367,75.06,138.75,600.1,345.15,447.64
,DCB BANK LIMITED,197.38,261.97,160.8,44.35,254.2,97.46,124.41
,DHANLAXMI BANK LIMITED,458.92,154.76,109.12,188.96,315.6,193.19,166.48
,FEDERAL BANK LTD,1667.77,1074.99,779.29,236.42,1727.05,950.01,941.2
,HDFC BANK LTD.,4392.83,7126.17,3247.4,2385.94,5885.66,1320.37,1843.99
,ICICI BANK LIMITED,26221.25,33546.61,5416.56,12191.91,42159.39,12963.08,25216.81
,IDFC BANK LIMITED,3058.3,980.68,2496.87,0.01,1542.1,1139.04,576.47
,INDUSIND BANK LTD,776.82,1429.27,685.69,465.53,1054.87,321.75,438.91
,JAMMU & KASHMIR BANK LTD,4368.61,3278.42,819.1,827.92,6000.01,2163.95,2425.37
,KARNATAKA BANK LTD,1180.4,1348.37,489.17,458.01,1581.59,795.47,974.73
,KARUR VYSYA BANK LTD,511.18,1330.83,94.43,263.77,1483.81,216.17,1033.46
,KOTAK MAHINDRA BANK LTD.,2838.11,1797.13,634.37,422.26,3578.61,1261.96,1718.07
,LAKSHMI VILAS BANK LTD,391.25,597.2,256.75,91.5,640.19,231.64,418.42
,NAINITAL BANK LTD,121.04,87.48,43.63,0.62,164.27,27.73,39.51
,RBL BANK LTD,208.05,533.41,315.95,68.67,356.84,124.44,189.94
,SOUTH INDIAN BANK LTD,1562.36,1697.96,2037.48,73.83,1149.01,1185.26,674.56
,TAMILNAD MERCANTILE BANK LTD,418.94,727.94,254.49,243.75,648.64,200.74,381.92
,YES BANK LTD.,748.981,2632.322,1220.663,142.083,2018.557,284.474,1072.268
,PRIVATE SECTOR BANKS,56187.361,81337.282,23654.393,20661.023,93209.217,26677.414,47780.218
,AB BANK LIMITED,8.898,-,-,-,8.898,3.7,-
,ABU DHABI COMMERCIAL BANK PJSC,23.1076,-,-,-,23.1076,1.3521,1.3521
,AMERICAN EXPRESS BANKING CORP.,49.6326,209.5655,105.2388,106.45,47.5093,24.7821,19.9105
,AUSTRALIA AND NEW ZEALAND BANKING GROUP LIMITED,-,-,-,-,-,-,-
,"BANK OF AMERICA , NATIONAL ASSOCIATION",-,110,-,-,110,-,-
,BANK OF BAHRAIN & KUWAIT B.S.C.,71.61,0.04,8.57,4.56,58.52,21.29,0.02
,BANK OF CEYLON,1.33,-,0.06,0.22,1.05,-,-
,BANK OF NOVA SCOTIA,355.0387,0.2295,-,100.8436,254.4246,174.1324,31.0799
,BARCLAYS BANK PLC,185.5148,78.1961,8.1959,172.913,82.602,0.5719,46.9177
,BNP PARIBAS,12.08,-,5.18,-,6.9,-,-
,CITIBANK N.A,860.51,794.67,442.3,365.37,847.51,302.2,252.02
,COMMONWEALTH BANK OF AUSTRALIA,-,-,-,-,-,-,-
,COOPERATIEVE RABOBANK U.A.,20,424.3479,-,-,444.3479,17,167.729
,CREDIT AGRICOLE CORPORATE AND INVESTMENT BANK,237.62,360.11,58.31,263.17,276.25,175.58,204.55
,CREDIT SUISSE AG,-,-,-,-,-,-,-
,"CTBC BANK CO., LTD.",63.81,8.13,-,-,71.94,45.26,6.74
,DBS BANK INDIA LIMITED,1632.7054,601.9036,451.5822,944.6434,838.3834,766.6062,462.4657
,DEUTSCHE BANK AG,199.1244,968.6485,157.0074,15.9927,994.7728,110.4723,327.6886
,DOHA BANK Q.P.S.C.,-,9.3807,-,-,9.3807,-,2.3452
,FIRST ABU DHABI BANK PJSC,-,-,-,-,-,-,-
,FIRSTRAND BANK LTD,65.7918,0.238,-,41.6203,24.4095,31.3877,-
,HONGKONG AND SHANGHAI BANKING CORPN.LTD.,835.786,560.8391,360.1593,139.4907,896.9751,211.3123,203.9783
,INDUSTRIAL AND COMMERCIAL BANK OF CHINA,48.0059,0.8726,1.9403,-,46.9382,36.0044,-
,INDUSTRIAL BANK OF KOREA,-,-,-,-,-,-,-
,JPMORGAN CHASE BANK NATIONAL ASSOCIATION,-,64.85,-,64.85,-,-,-
,JSC VTB BANK,19.9,12.06,11.4,-,20.56,12.65,12.51
,KEB HANA BANK,-,-,-,-,-,-,-
,KRUNG THAI BANK PUBLIC COMPANY LIMITED,-,-,-,-,-,-,-
,MASHREQ BANK PSC,-,-,-,-,-,-,-
,MIZUHO BANK LTD,6.34,-,-,-,6.34,-,-
,"MUFG BANK, LTD.",97.65,10.25,-,97.65,10.25,0.97,0.86
,NATIONAL AUSTRALIA BANK,-,-,-,-,-,-,-
,PT BANK MAYBANK INDONESIA TBK,-,17.78,-,-,17.78,-,-
,SBERBANK,99.8667,-,2.5897,-,97.277,80.0182,65.9989
,SBM BANK (INDIA) LIMITED,72.28,75.71,2.85,13,132.14,31.07,43.3
,SHINHAN BANK,-,-,-,-,-,-,-
,SOCIETE GENERALE,-,-,-,-,-,-,-
,SONALI BANK,3.0241,1.4684,0.0283,-,4.4642,0.7374,1.5388
,STANDARD CHARTERED BANK,10835.5383,2031.8088,2021.3888,2813.2968,8032.6615,714.7858,121.3597
,SUMITOMO MITSUI BANKING CORPORATION,-,-,-,-,-,-,-
,THE ROYAL BANK OF SCOTLAND N.V.,-,183.4984,-,-,183.4984,-,120.4144
,UNITED OVERSEAS BANK LTD,-,80.1936,-,-,80.1936,-,44.1065
,WESTPAC BANKING CORPORATION,-,-,-,-,-,-,-
,WOORI BANK,-,-,-,-,-,-,-
,FOREIGN BANKS,15805.1643,6604.7907,3636.8007,5144.0705,13629.0838,2761.8828,2136.8853
,CAPITAL SMALL FINANCE BANK LIMITED,8.4295,12.1146,6.4024,0.1561,13.9856,5.1319,9.7902
,EQUITAS SMALL FINANCE BANK LIMITED,55.25,274.54,96.14,27.17,206.48,40.55,104.95
,SMALL FINANCE BANKS,63.6795,286.6546,102.5424,27.3261,220.4656,45.6819,114.7402
2016,STATE BANK OF BIKANER AND JAIPUR,2945.14,2719.49,1209.53,852.34,3602.76,1769.17,2005.19
,STATE BANK OF HYDERABAD,4984.77,5818.75,3008.67,1203.94,6590.91,2348.51,3743.16
,STATE BANK OF INDIA,56725.34,64198.49,6987.77,15763.26,98172.8,27590.58,55807.02
,STATE BANK OF MYSORE,2136.42,3573.35,1486.18,588.03,3635.56,1121.58,2257.18
,STATE BANK OF PATIALA,4359.73,9230.86,5667.85,1156.17,6766.57,3049.23,3268.16
,STATE BANK OF TRAVANCORE,2357.05,5236.21,3643.28,750.02,3199.96,1398.66,1813.67
,STATE BANK OF INDIA AND ITS ASSOCIATES,73508.45,90777.15,22003.28,20313.76,121968.56,37277.73,68894.38
,ALLAHABAD BANK,8357.97,12924.81,2242.96,3655.25,15384.57,5978.89,10292.51
,ANDHRA BANK,6876.54,6332.04,950.63,814.32,11443.63,3688.63,6035.65
,BANK OF BARODA,16261.44,27828.38,2014.63,1554.15,40521.04,8069.49,19406.46
,BANK OF INDIA,22193.24,34510.58,4496.27,2328.42,49879.13,13517.57,27996.4
,BANK OF MAHARASHTRA,6402.06,5723.85,836.74,903.32,10385.85,4175.79,6832.03
,BHARATIYA MAHILA BANK LTD.,-,1.35,-,-,1.35,-,0.71
,CANARA BANK,13039.96,24724.06,2739.22,3386.97,31637.83,8740.09,20832.91
,CENTRAL BANK OF INDIA,11873,15145,3018,1279,22721,6807,13242
,CORPORATION BANK,7106.67,10581.98,649.56,2494.84,14544.25,4464.98,9160.14
,DENA BANK,4393.04,6098.45,1171.34,759.66,8560.49,3014.3,5230.47
,IDBI BANK LIMITED,12684.97,19086.6,1437.08,5459.43,24875.06,5992.52,14643.39
,INDIAN BANK,5670.44,5703.82,1620.8,926.42,8827.04,3146.95,5419.4
,INDIAN OVERSEAS BANK,14922.45,20998.38,3744.56,2127.64,30048.63,9813.33,19212.58
,ORIENTAL BANK OF COMMERCE,7666.22,10371.43,1668.27,1667.7,14701.68,4816.24,9932.15
,PUNJAB AND SIND BANK,3082.19,1959.92,477.69,335.37,4229.05,2266,2949.47
,PUNJAB NATIONAL BANK,25694.86,42251.8,5643.54,6484.79,55818.33,15396.5,35422.56
,SYNDICATE BANK,6442.38,12200.54,3381.06,1429.7,13832.16,3843.65,9014.87
,UCO BANK,10265.05,14942.35,2726.44,1573.23,20907.73,6330.58,11443.59
,UNION BANK OF INDIA,13030.87,12952.87,1021.27,791.58,24170.89,6918.97,14025.94
,UNITED BANK OF INDIA,6552.91,5011.05,1443.53,649.42,9471.01,4081.38,6110.71
,VIJAYA BANK,2443.21,5835.63,1741.9,509.87,6027.07,1659.71,4276.82
,NATIONALISED BANKS,204959.47,295184.89,43025.49,39131.08,417987.79,122722.57,251480.76
,AXIS BANK LIMITED,4110.19,7344.56,2044.71,3322.53,6087.51,1316.71,2522.14
,BANDHAN BANK LIMITED,-,18.77,-,-,18.77,-,10.24
,CITY UNION BANK LIMITED,335.82,428.99,128.05,124.78,511.98,232.79,323.15
,CSB BANK LIMITED,474.81,403.09,288.65,142.34,446.91,364.59,345.15
,DCB BANK LIMITED,186.07,225.49,154.38,59.8,197.38,105.7,97.46
,DHANLAXMI BANK LIMITED,558.29,250.75,238.37,111.75,458.92,252.63,193.19
,FEDERAL BANK LTD,1057.73,1895.41,833.3,452.07,1667.77,373.27,950.01
,HDFC BANK LTD.,3438.38,5712.64,2815.77,1942.42,4392.83,896.28,1320.37
,ICICI BANK LIMITED,15094.69,16710.85,2628.95,2955.34,26221.25,6255.53,12963.08
,IDFC BANK LIMITED,-,3424.9,366.6,-,3058.3,-,1139.04
,INDUSIND BANK LTD,562.92,848.65,354.1,280.65,776.82,210.48,321.75
,JAMMU & KASHMIR BANK LTD,2764.08,2383.22,450.66,328.03,4368.61,1236.32,2163.95
,KARNATAKA BANK LTD,944.21,1125.07,583.76,305.12,1180.4,623.55,795.47
,KARUR VYSYA BANK LTD,677.78,1133.41,357.42,942.59,511.18,280.97,216.17
,KOTAK MAHINDRA BANK LTD.,1237.23,2866.06,976.06,289.12,2838.11,609.08,1261.96
,LAKSHMI VILAS BANK LTD,454.62,196.9,191.01,69.26,391.25,302.49,231.64
,NAINITAL BANK LTD,77.41,57.54,15.49,0.09,119.37,-,27.73
,RBL BANK LTD,111.23,199.68,30.02,72.84,208.05,38.59,124.44
,SOUTH INDIAN BANK LTD,643.45,1609.7,519.63,171.16,1562.36,357.05,1185.26
,TAMILNAD MERCANTILE BANK LTD,318.68,520.91,321.38,99.27,418.94,135.53,200.74
,YES BANK LTD.,313.4009,911.108,217.2231,258.3044,748.9814,87.7247,284.4745
,PRIVATE SECTOR BANKS,33360.9909,48267.698,13515.5331,11927.4644,56185.6914,13679.2847,26677.4145
,AB BANK LIMITED,8.4593,0.4387,-,-,8.898,5.25,3.7
,ABU DHABI COMMERCIAL BANK PJSC,23.1076,-,-,-,23.1076,1.3521,1.3521
,AMERICAN EXPRESS BANKING CORP.,20.2268,172.0644,61.0908,81.5678,49.6326,15.1701,24.7821
,AUSTRALIA AND NEW ZEALAND BANKING GROUP LIMITED,-,-,-,-,-,-,-
,"BANK OF AMERICA , NATIONAL ASSOCIATION",14.4838,-,14.4838,-,-,9.8082,-
,BANK OF BAHRAIN & KUWAIT B.S.C.,39.92,88.09,19.82,36.58,71.61,26.32,21.29
,BANK OF CEYLON,1.4,-,0.07,-,1.33,-,-
,BANK OF NOVA SCOTIA,193.1825,191.8562,-,30,355.0387,32.0003,174.1324
,BARCLAYS BANK PLC,311.0591,3.4788,8.6739,120.3492,185.5148,3.1574,0.5719
,BNP PARIBAS,12.17,-,0.09,-,12.08,-,-
,CITIBANK N.A,780.57,752.07,312.95,359.18,860.51,244.88,302.2
,COMMONWEALTH BANK OF AUSTRALIA,-,-,-,-,-,-,-
,COOPERATIEVE RABOBANK U.A.,-,20,-,-,20,-,17
,CREDIT AGRICOLE CORPORATE AND INVESTMENT BANK,0.59,237.03,-,-,237.62,-,175.58
,CREDIT SUISSE AG,-,-,-,-,-,-,-
,"CTBC BANK CO., LTD.",7.7,60,-,3.89,63.81,1.8,45.26
,DBS BANK INDIA LIMITED,1283.8723,640.6823,156.5735,135.2757,1632.7054,657.5235,766.6062
,DEUTSCHE BANK AG,119.2981,138.6191,44.19,14.6028,199.1244,46.5815,110.4723
,DOHA BANK Q.P.S.C.,-,-,-,-,-,-,-
,FIRST ABU DHABI BANK PJSC,-,-,-,-,-,-,-
,FIRSTRAND BANK LTD,22.1433,43.6502,-,0.0017,65.7918,15.0837,31.3877
,HONGKONG AND SHANGHAI BANKING CORPN.LTD.,791.4574,338.3758,231.6221,62.4251,835.786,238.1173,211.3123
,INDUSTRIAL AND COMMERCIAL BANK OF CHINA,-,48.0059,-,-,48.0059,-,36.0044
,INDUSTRIAL BANK OF KOREA,-,-,-,-,-,-,-
,JPMORGAN CHASE BANK NATIONAL ASSOCIATION,-,-,-,-,-,-,-
,JSC VTB BANK,21.55,-,1.65,-,19.9,18.32,12.65
,KBC BANK NV,5.6175,-,5.6175,-,-,-,-
,KEB HANA BANK,-,-,-,-,-,-,-
,KRUNG THAI BANK PUBLIC COMPANY LIMITED,-,-,-,-,-,-,-
,MASHREQ BANK PSC,0.0006,-,-,0.0006,-,-,-
,MIZUHO BANK LTD,136.6188,0.2198,130.4986,-,6.34,69.4341,-
,"MUFG BANK, LTD.",97.65,-,-,-,97.65,45.72,0.97
,NATIONAL AUSTRALIA BANK,-,-,-,-,-,-,-
,PT BANK MAYBANK INDONESIA TBK,-,-,-,-,-,-,-
,SBERBANK,48.6851,51.1816,-,-,99.8667,41.3766,80.0182
,SBM BANK (INDIA) LIMITED,79.93,9.61,0.05,17.21,72.28,48.66,31.07
,SHINHAN BANK,-,5.827,0.0414,5.7856,-,-,-
,SOCIETE GENERALE,-,-,-,-,-,-,-
,SONALI BANK,2.8095,0.3088,0.0942,-,3.0241,0.5764,0.7374
,STANDARD CHARTERED BANK,6656.38,5161.2051,781.3385,200.7083,10835.5383,230.6403,714.7858
,SUMITOMO MITSUI BANKING CORPORATION,-,-,-,-,-,-,-
,THE ROYAL BANK OF SCOTLAND N.V.,82.1346,0.0077,20.7513,61.312,0.079,5.9286,-
,UNITED OVERSEAS BANK LTD,-,-,-,-,-,-,-
,WESTPAC BANKING CORPORATION,-,-,-,-,-,-,-
,WOORI BANK,-,-,-,-,-,-,-
,FOREIGN BANKS,10761.0163,7962.7214,1789.6056,1128.8888,15805.2433,1757.7001,2761.8828
2015,STATE BANK OF BIKANER AND JAIPUR,2732.78,1687.45,1111.97,363.12,2945.14,1770.85,1769.17
,STATE BANK OF HYDERABAD,5824.2,3049.28,3533.43,355.28,4984.77,2984.89,2348.51
,STATE BANK OF INDIA,61605.35,29435.02,13011.57,21303.46,56725.34,31096.07,27590.58
,STATE BANK OF MYSORE,2818.87,1895.5,1837.66,740.29,2136.42,1630.27,1121.58
,STATE BANK OF PATIALA,3758.35,4708.47,3352.02,755.07,4359.73,2404.52,3049.23
,STATE BANK OF TRAVANCORE,3076.94,4474.93,4140.41,1054.41,2357.05,1928.51,1398.66
,STATE BANK OF INDIA AND ITS ASSOCIATES,79816.49,45250.65,26987.06,24571.63,73508.45,41815.11,37277.73
,AXIS BANK LIMITED,3146.41,2854.39,672.49,1218.12,4110.19,1024.62,1316.71
,CITY UNION BANK LIMITED,293.06,425.09,234.58,147.75,335.82,197.29,232.79
,CSB BANK LIMITED,333.55,464.76,212.66,110.84,474.81,193.24,364.59
,DCB BANK LIMITED,138.45,173.95,79.22,47.11,186.07,74.02,105.7
,DHANLAXMI BANK LIMITED,485.82,337.17,84.51,180.19,558.29,301.88,252.63
,FEDERAL BANK LTD,1087.41,814.1,610.32,233.46,1057.73,321.56,373.27
,HDFC BANK LTD.,2989.28,4790.12,2489.68,1851.34,3438.38,820.03,896.28
,ICICI BANK LIMITED,10505.84,7967.41,1682.42,1696.14,15094.69,3297.96,6255.53
,INDUSIND BANK LTD,620.79,887.29,342.71,602.45,562.92,184.05,210.48
,ING VYSYA BANK LTD,262.9545,1455.926,610.3594,363.2848,745.2363,102.0037,449.0349
,JAMMU & KASHMIR BANK LTD,783.42,2525.8,520.2,24.94,2764.08,101.99,1236.32
,KARNATAKA BANK LTD,835.94,929.83,602.7,218.86,944.21,538.04,623.55
,KARUR VYSYA BANK LTD,279.18,619.23,69.71,150.92,677.78,139.91,280.97
,KOTAK MAHINDRA BANK LTD.,1059.44,753.46,476.89,98.78,1237.23,573.56,609.08
,LAKSHMI VILAS BANK LTD,546.46,256.3,293.66,54.48,454.62,443.39,302.49
,NAINITAL BANK LTD,61.1,26.3,9.66,0.33,77.41,-,-
,RBL BANK LTD,77.75,47.63,8.96,5.19,111.23,30.5,38.59
,SOUTH INDIAN BANK LTD,432.62,499.95,172.17,116.95,643.45,281.67,357.05
,TAMILNAD MERCANTILE BANK LTD,428.02,463.69,517.93,55.1,318.68,209.75,135.53
,YES BANK LTD.,174.9256,387.4583,196.0027,52.9803,313.4009,26.0675,87.7247
,PRIVATE SECTOR BANKS,24542.4201,26679.8543,9886.8321,7229.2151,34106.2272,8861.5312,14128.3196
,ALLAHABAD BANK,8068.04,5021.31,2992.33,1739.06,8357.96,5721.81,5978.89
,ANDHRA BANK,5857.6,3424.25,1281.17,1124.14,6876.54,3342.47,3688.63
,BANK OF BARODA,11875.9,8515.34,2551.24,1578.56,16261.44,6034.76,8069.49
,BANK OF INDIA,11868.6,16651.47,5069.04,1257.79,22193.24,7417.23,13517.57
,BANK OF MAHARASHTRA,2859.85,4633.64,827.75,263.68,6402.06,1840.66,4126.57
,BHARATIYA MAHILA BANK LTD.,-,-,-,-,-,-,-
,CANARA BANK,7570.21,10869.53,3927.56,1472.22,13039.96,5965.46,8740.09
,CENTRAL BANK OF INDIA,11500,6579,4820,1386,11873,6649,6807
,CORPORATION BANK,4736.79,3738.88,589.95,779.05,7106.67,3180.56,4464.98
,DENA BANK,2616.03,3673.99,1381.68,515.3,4393.04,1818.92,3014.3
,IDBI BANK LIMITED,9960.16,6100.81,1767.14,1608.85,12684.98,4902.3,5992.52
,INDIAN BANK,4562.2,3338.87,1680.93,549.7,5670.44,2763.65,3146.95
,INDIAN OVERSEAS BANK,9020.48,12015.96,4027.05,2086.94,14922.45,5658.12,9813.33
,ORIENTAL BANK OF COMMERCE,5617.86,4514.27,1540.97,924.94,7666.22,3904.42,4816.24
,PUNJAB AND SIND BANK,2553.52,1242.42,450.47,263.28,3082.19,1918.6,2266
,PUNJAB NATIONAL BANK,18880.06,16659.56,3925.1,5919.66,25694.86,9916.99,15396.5
,SYNDICATE BANK,4611.13,5499.97,2614.2,1054.52,6442.38,2720.6,3843.65
,UCO BANK,6621.37,7551.31,2506.49,1401.14,10265.05,3556.42,6330.58
,UNION BANK OF INDIA,9563.74,5666.26,1268.42,930.71,13030.87,5340.25,6918.97
,UNITED BANK OF INDIA,7118.01,4087.17,3891.59,760.68,6552.91,4664.11,4081.38
,VIJAYA BANK,1985.86,2826.85,1578.31,791.19,2443.21,1262.37,1659.71
,NATIONALISED BANKS,147447.41,132610.86,48691.39,26407.41,204959.47,88578.7,122673.35
,AB BANK LIMITED,7,1.4593,-,-,8.4593,5.25,5.25
,ABU DHABI COMMERCIAL BANK PJSC,23.104,0.0036,-,-,23.1076,6.9227,1.3521
,AMERICAN EXPRESS BANKING CORP.,19.5153,83.9543,35.9689,47.2739,20.2268,11.0478,15.1701
,AUSTRALIA AND NEW ZEALAND BANKING GROUP LIMITED,18.529,-,-,18.529,-,-,-
,"BANK OF AMERICA , NATIONAL ASSOCIATION",-,31.8834,4.4176,12.982,14.4838,-,9.8082
,BANK OF BAHRAIN & KUWAIT B.S.C.,80.26,24.14,56.62,7.86,39.92,57.59,25.27
,BANK OF CEYLON,1.44,-,0.04,-,1.4,-,-
,BANK OF NOVA SCOTIA,193.5284,-,0.3459,-,193.1825,116.4407,32.0003
,BARCLAYS BANK PLC,463.8547,9.1639,18.6004,143.3591,311.0591,88.7219,3.1574
,BNP PARIBAS,16.25,4.15,8.23,-,12.17,-,-
,CITIBANK N.A,1484.2,553.65,930.99,326.29,780.57,701.31,244.88
,COMMONWEALTH BANK OF AUSTRALIA,-,-,-,-,-,-,-
,COOPERATIEVE RABOBANK U.A.,-,-,-,-,-,-,-
,CREDIT AGRICOLE CORPORATE AND INVESTMENT BANK,17.38,-,16.79,-,0.59,8.39,-
,CREDIT SUISSE AG,-,-,-,-,-,-,-
,"CTBC BANK CO., LTD.",7.75,-,0.05,-,7.7,1.85,1.8
,DBS BANK INDIA LIMITED,2115.6381,292.695,257.0395,867.4213,1283.8723,1544.0377,657.5235
,DEUTSCHE BANK AG,167.3409,94.7858,61.4045,81.4241,119.2981,25.4434,46.5815
,DOHA BANK Q.P.S.C.,-,-,-,-,-,-,-
,FIRSTRAND BANK LTD,34.1632,22.1433,-,34.1632,22.1433,-,15.0837
,HONGKONG AND SHANGHAI BANKING CORPN.LTD.,660.1422,544.7068,270.0008,143.3908,791.4574,97.6227,238.1173
,HSBC BANK OMAN S.A.O.G.,-,-,-,-,-,-,-
,INDUSTRIAL AND COMMERCIAL BANK OF CHINA,-,-,-,-,-,-,-
,JPMORGAN CHASE BANK NATIONAL ASSOCIATION,23.41,-,18.54,4.87,-,-,-
,JSC VTB BANK,-,21.55,-,-,21.55,-,18.32
,KBC BANK N.V.,50.2668,-,6.8825,37.7668,5.6175,-,-
,KRUNG THAI BANK PUBLIC COMPANY LIMITED,-,-,-,-,-,-,-
,MASHREQ BANK PSC,0.0006,-,-,-,0.0006,-,-
,MIZUHO BANK LTD,150.34,564.325,578.0462,-,136.6188,108,69.4341
,"MUFG BANK, LTD.",-,100,2.35,-,97.65,0.8,45.72
,NATIONAL AUSTRALIA BANK,-,-,-,-,-,-,-
,PT BANK MAYBANK INDONESIA TBK,-,-,-,-,-,-,-
,SBERBANK,20,48.6852,20,-,48.6852,17,41.3766
,SBM BANK (INDIA) LIMITED,101.85,22.21,0.28,43.86,79.92,73.84,53.67
,SHINHAN BANK,-,-,-,-,-,-,-
,SOCIETE GENERALE,0.4286,-,0.4286,-,-,-,-
,SONALI BANK,2.9281,0.0654,0.184,-,2.8095,0.8287,0.5764
,STANDARD CHARTERED BANK,5782.6468,1670.0752,610.9475,185.3945,6656.38,306.3474,230.6403
,SUMITOMO MITSUI BANKING CORPORATION,-,-,-,-,-,-,-
,THE ROYAL BANK OF SCOTLAND N.V.,113.5912,7.1299,4.7969,33.7896,82.1346,-5.7431,5.9286
,UBS AG,-,-,-,-,-,-,-
,UNITED OVERSEAS BANK LTD,-,-,-,-,-,-,-
,WESTPAC BANKING CORPORATION,-,-,-,-,-,-,-
,WOORI BANK,-,-,-,-,-,-,-
,FOREIGN BANKS,11555.5579,4096.7761,2902.9533,1988.3743,10761.0064,3165.6999,1761.6601
2014,STATE BANK OF BIKANER AND JAIPUR,2119.49,2123.54,1510.25,-,2732.78,1303.28,1770.85
,STATE BANK OF HYDERABAD,3186.04,4821.82,2183.66,-,5824.2,1448.65,2984.89
,STATE BANK OF INDIA,51189.39,41216.67,17918.21,12882.5,61605.35,21956.48,31096.07
,STATE BANK OF MYSORE,2080.63,2097.54,1359.3,-,2818.87,1208.75,1630.27
,STATE BANK OF PATIALA,2453.04,4064,2758.69,-,3758.35,1194.21,2404.52
,STATE BANK OF TRAVANCORE,1749.88,4932.22,3605.16,-,3076.94,988.58,1928.5
,STATE BANK OF INDIA AND ITS ASSOCIATES,62778.47,59255.79,29335.27,12882.5,79816.49,28099.95,41815.1
,AXIS BANK LIMITED,2393.42,2547.63,874.49,920.15,3146.41,704.13,1024.62
,CITY UNION BANK LIMITED,173.1,456.21,336.25,-,293.06,96.39,197.29
,CSB BANK LIMITED,210.86,390.36,267.67,-,333.55,99.25,193.24
,DCB BANK LIMITED,214.98,97.07,173.6,-,138.45,49.13,74.02
,DHANLAXMI BANK LIMITED,380.27,488.08,382.53,-,485.82,261.02,301.88
,FEDERAL BANK LTD,1554.01,684.24,679.41,471.43,1087.41,431.94,321.56
,HDFC BANK LTD.,2334.64,4621.79,2485.44,1481.71,2989.28,468.95,820.03
,ICICI BANK LIMITED,9607.75,4531.44,1456.4,2176.95,10505.84,2230.56,3297.96
,INDUSIND BANK LTD,457.78,624.24,280.41,180.82,620.79,136.76,184.05
,ING VYSYA BANK LTD,121.3919,335.1664,141.8807,51.7231,262.9545,9.1,102.0037
,JAMMU & KASHMIR BANK LTD,643.77,410.6,270.95,-,783.42,55.27,101.99
,KARNATAKA BANK LTD,638.86,653.88,456.8,-,835.94,377.75,538.04
,KARUR VYSYA BANK LTD,285.86,147.83,85.35,69.16,279.18,108.74,139.91
,KOTAK MAHINDRA BANK LTD.,758.11,934.24,426.79,206.12,1059.44,311.41,573.56
,LAKSHMI VILAS BANK LTD,459.91,668.69,582.14,-,546.46,283.81,443.39
,NAINITAL BANK LTD,67.26,13.5,19.66,-,61.1,-,-
,RBL BANK LTD,25.9,63.99,12.14,-,77.75,6.88,30.51
,SOUTH INDIAN BANK LTD,433.87,628.42,629.67,-,432.62,249.53,281.67
,TAMILNAD MERCANTILE BANK LTD,214.45,684.29,470.72,-,428.02,106.76,209.75
,YES BANK LTD.,94.3236,398.6703,243.7766,74.2917,174.9256,6.9908,26.0675
,PRIVATE SECTOR BANKS,21070.5155,19380.3367,10276.0773,5632.3548,24542.4201,5994.3708,8861.5412
,ALLAHABAD BANK,5136.99,6021.22,3090.17,-,8068.04,4126.76,5721.81
,ANDHRA BANK,3714.49,2832.35,689.24,-,5857.6,2409.18,3342.47
,BANK OF BARODA,7982.58,6833.93,2940.61,-,11875.9,4192.03,6034.76
,BANK OF INDIA,9309.52,9176.64,5607.76,-,12878.4,6032.64,7690.6
,BANK OF MAHARASHTRA,1137.55,2589.28,866.98,-,2859.85,392.93,1807.32
,BHARATIYA MAHILA BANK LTD.,-,-,-,-,-,-,-
,CANARA BANK,6260.16,8443.62,7133.57,-,7570.21,5278.07,5965.46
,CENTRAL BANK OF INDIA,8456,7569,4525,-,11500,4988,6650
,CORPORATION BANK,2048.23,3555.73,867.17,-,4736.79,1410.88,3180.56
,DENA BANK,1452.45,2419.86,1256.28,-,2616.03,917.18,1818.92
,IDBI BANK LIMITED,6449.98,5706.01,2195.83,-,9960.16,3100.36,4902.3
,INDIAN BANK,3565.48,2832.32,1835.6,-,4562.2,2384.3,2763.65
,INDIAN OVERSEAS BANK,6607.96,6902.4,4489.88,-,9020.48,4027.21,5658.12
,ORIENTAL BANK OF COMMERCE,4183.96,4027.08,2593.18,-,5617.86,2902.66,3904.42
,PUNJAB AND SIND BANK,1536.9,1619.61,602.99,-,2553.52,1110.38,1918.6
,PUNJAB NATIONAL BANK,13465.79,10809.97,5395.7,-,18880.06,7236.5,9916.99
,SYNDICATE BANK,2978.5,3695.11,2062.48,-,4611.13,1124.77,2720.6
,UCO BANK,7130.09,3961.59,4470.31,-,6621.37,4069.31,3556.42
,UNION BANK OF INDIA,6313.83,5478.93,1316.45,912.57,9563.74,3353.37,5340.25
,UNITED BANK OF INDIA,2963.82,8007.3,3853.11,-,7118.01,1969.98,4664.11
,VIJAYA BANK,1532.94,2173.87,1720.95,-,1985.86,909.69,1262.37
,NATIONALISED BANKS,102227.22,104655.82,57513.26,912.57,148457.21,61936.2,88819.73
,AB BANK LIMITED,5.7351,7,5.7351,-,7,4.3701,5.25
,ABU DHABI COMMERCIAL BANK PJSC,0.0282,23.0758,-,-,23.104,-,6.9227
,AMERICAN EXPRESS BANKING CORP.,44.6115,171.9674,197.0636,-,19.5153,31.9301,11.0478
,AUSTRALIA AND NEW ZEALAND BANKING GROUP LIMITED,28.0775,-,9.5485,-,18.529,-,-
,"BANK OF AMERICA , NATIONAL ASSOCIATION",-,-,-,-,-,-,-
,BANK OF BAHRAIN & KUWAIT B.S.C.,52.32,98.7,53.05,17.71,80.26,23.39,56.54
,BANK OF CEYLON,1.51,-,0.07,-,1.44,-,-
,BANK OF NOVA SCOTIA,57.9419,139.3459,3.7594,-,193.5284,34.9949,116.4407
,BARCLAYS BANK PLC,554.2957,180.4884,270.9294,-,463.8547,147.3446,88.7219
,BNP PARIBAS,16.25,-,-,-,16.25,-,-
,CITIBANK N.A,1358.73,651.93,526.46,-,1484.2,766.65,701.31
,COMMONWEALTH BANK OF AUSTRALIA,-,-,-,-,-,-,-
,COOPERATIEVE RABOBANK U.A.,-,-,-,-,-,-,-
,CREDIT AGRICOLE CORPORATE AND INVESTMENT BANK,0.59,16.79,-,-,17.38,-,8.39
,CREDIT SUISSE AG,-,-,-,-,-,-,-
,"CTBC BANK CO., LTD.",52.21,31.42,75.88,-,7.75,26.84,1.85
,DBS BANK INDIA LIMITED,582.0327,1767.6995,36.8725,197.2216,2115.6381,328.9637,1544.0377
,DEUTSCHE BANK AG,154.3845,37.3942,24.4378,-,167.3409,28.6533,25.4434
,FIRSTRAND BANK LTD,22,12.1632,-,-,34.1632,-,-
,HONGKONG AND SHANGHAI BANKING CORPN.LTD.,628.6227,305.7972,274.2777,-,660.1422,119.017,97.6227
,HSBC BANK OMAN S.A.O.G.,-,-,-,-,-,-,-
,INDUSTRIAL AND COMMERCIAL BANK OF CHINA,-,-,-,-,-,-,-
,JPMORGAN CHASE BANK NATIONAL ASSOCIATION,24.41,-,1,-,23.41,-,-
,JSC VTB BANK,-,-,-,-,-,-,-
,KBC BANK N.V.,50.2668,-,-,-,50.2668,-,-
,KRUNG THAI BANK PUBLIC COMPANY LIMITED,-,-,-,-,-,-,-
,MASHREQ BANK PSC,0.0006,-,-,-,0.0006,-,-
,MIZUHO BANK LTD,125.34,28.84,3.84,-,150.34,87.7,108
,"MUFG BANK, LTD.",8.66,0.8,-,-,9.46,0.8,0.8019
,NATIONAL AUSTRALIA BANK,-,-,-,-,-,-,-
,PT BANK MAYBANK INDONESIA TBK,-,-,-,-,-,-,-
,SBERBANK,-,20,-,-,20,-,17
,SBM BANK (INDIA) LIMITED,34.95,276.38,37.02,172.46,101.85,15.39,68.83
,SHINHAN BANK,-,-,-,-,-,-,-
,SOCIETE GENERALE,0.74,-,0.3114,-,0.4286,-,-
,SONALI BANK,1.5331,1.5375,0.1425,-,2.9281,0.2125,0.8287
,STANDARD CHARTERED BANK,3880.0624,3008.4147,1105.8303,-,5782.6468,1009.8172,306.3474
,SUMITOMO MITSUI BANKING CORPORATION,-,-,-,-,-,-,-
,THE ROYAL BANK OF SCOTLAND N.V.,279.595,15.9567,181.9605,-,113.5912,36.5153,-5.7431
,UBS AG,-,-,-,-,-,-,-
,UNITED OVERSEAS BANK LTD,-,-,-,-,-,-,-
,WESTPAC BANKING CORPORATION,-,-,-,-,-,-,-
,WOORI BANK,-,-,-,-,-,-,-
,FOREIGN BANKS,7964.8977,6795.7005,2808.1887,387.3916,11565.0179,2662.5887,3159.6418
2013,STATE BANK OF BIKANER AND JAIPUR,1651.47,1627.88,696.61,463.25,2119.49,945.41,1304.06
,STATE BANK OF HYDERABAD,2007.36,2816.81,1638.13,-,3186.04,1001.95,1448.65
,STATE BANK OF INDIA,39676.46,31993.35,14885.65,5594.77,51189.39,15818.85,21956.48
,STATE BANK OF MYSORE,1502.62,1658.39,1080.38,-,2080.63,768.42,1208.75
,STATE BANK OF PATIALA,1887.75,2033.83,1468.54,-,2453.04,848.42,1194.21
,STATE BANK OF TRAVANCORE,1488.75,2406.55,2145.42,-,1749.88,853.57,988.58
,STATE BANK OF INDIA AND ITS ASSOCIATES,48214.41,42536.81,21914.73,6058.02,62778.47,20236.62,28100.73
,AXIS BANK LIMITED,1806.3,2023.36,584.26,851.98,2393.42,472.64,704.13
,CITY UNION BANK LIMITED,123.54,223.43,173.87,-,173.1,54.04,96.39
,CSB BANK LIMITED,182.93,171.31,143.38,-,210.86,84.21,99.25
,DCB BANK LIMITED,241.8,75.29,102.11,-,214.98,30.24,49.13
,DHANLAXMI BANK LIMITED,104.27,504.78,228.78,-,380.27,58,261.02
,FEDERAL BANK LTD,1300.83,807,542.35,11.47,1554.01,199,431.94
,HDFC BANK LTD.,1999.39,3137.81,1650.61,1151.95,2334.64,352.33,468.95
,ICICI BANK LIMITED,9475.33,3587.06,1808.75,1645.89,9607.75,1860.84,2230.56
,INDUSIND BANK LTD,347.08,527.77,273.06,144.01,457.78,94.67,136.76
,ING VYSYA BANK LTD,149.5129,193.8626,153.1,68.8836,121.3919,52.4922,9.1
,JAMMU & KASHMIR BANK LTD,516.6,455,327.83,-,643.77,49.34,55.27
,KARNATAKA BANK LTD,684.72,413.45,459.31,-,638.86,435.2,377.75
,KARUR VYSYA BANK LTD,320.99,200.54,235.67,-,285.86,78.78,108.74
,KOTAK MAHINDRA BANK LTD.,614.19,464.32,186.96,133.44,758.11,237.38,311.41
,LAKSHMI VILAS BANK LTD,307.73,400.15,247.97,-,459.91,177.09,283.81
,NAINITAL BANK LTD,30.99,57.44,21.17,-,67.26,-,-
,RBL BANK LTD,33.11,40.85,48.06,-,25.9,8.39,6.88
,SOUTH INDIAN BANK LTD,267.16,530.06,363.35,-,433.87,76.51,249.53
,TAMILNAD MERCANTILE BANK LTD,177.48,185.41,148.44,-,214.45,62.6,106.76
,YES BANK LTD.,83.8589,243.7411,125.8752,107.4012,94.3236,17.46,6.9908
,PRIVATE SECTOR BANKS,18767.8118,14242.6337,7824.9052,4115.0248,21070.5155,4401.2122,5994.3708
,ALLAHABAD BANK,2058.98,5891.89,2813.88,-,5136.99,1091.7,4126.76
,ANDHRA BANK,1798.01,2741.67,825.19,-,3714.49,755.85,2409.18
,BANK OF BARODA,4464.75,6843.8,3325.97,-,7982.58,1543.64,4192.03
,BANK OF INDIA,6470.87,7578.07,4739.41,-,9309.53,3842.46,6032.64
,BANK OF MAHARASHTRA,1297.03,807.55,967.03,-,1137.55,469.57,392.93
,CANARA BANK,4031.75,5819.3,3590.89,-,6260.16,3386.31,5278.07
,CENTRAL BANK OF INDIA,7273,5125,3942,-,8456,4600,4988
,CORPORATION BANK,1274.21,1797.3,1023.28,-,2048.23,869.38,1410.88
,DENA BANK,956.5,1119.79,623.84,-,1452.45,571.73,917.18
,IDBI BANK LIMITED,4551.37,2739.69,841.08,-,6449.98,2910.93,3100.36
,INDIAN BANK,1850.78,2892.54,1177.84,-,3565.48,1196.83,2384.3
,INDIAN OVERSEAS BANK,3920.07,5600.61,2912.72,-,6607.96,1907.44,4027.21
,ORIENTAL BANK OF COMMERCE,3580.49,3213.3,2609.83,-,4183.96,2459.03,2902.66
,PUNJAB AND SIND BANK,763.44,1093.6,320.14,-,1536.9,547.56,1110.38
,PUNJAB NATIONAL BANK,8719.62,8647.04,3900.87,-,13465.79,4454.23,7236.5
,SYNDICATE BANK,3182.7,2142.04,2346.24,-,2978.5,1185.43,1124.77
,UCO BANK,4086.2,5161.59,2117.7,-,7130.09,2263.94,4069.31
,UNION BANK OF INDIA,5449.86,3973.75,1980.94,1128.84,6313.83,3025.03,3353.37
,UNITED BANK OF INDIA,2176.42,2484.84,1697.44,-,2963.82,1075.55,1969.98
,VIJAYA BANK,1718.46,1601.42,1786.94,-,1532.94,998.01,909.69
,NATIONALISED BANKS,69624.51,77274.79,43543.23,1128.84,102227.23,39154.62,61936.2
,AB BANK LIMITED,-,5.7351,-,-,5.7351,-,4.3701
,ABU DHABI COMMERCIAL BANK PJSC,3.1198,0.0282,3.1198,-,0.0282,-,-
,AMERICAN EXPRESS BANKING CORP.,23.4247,68.1011,46.9143,-,44.6115,17.5685,31.9301
,AUSTRALIA AND NEW ZEALAND BANKING GROUP LIMITED,-,28.0775,-,-,28.0775,-,-
,"BANK OF AMERICA , NATIONAL ASSOCIATION",0.6978,-,0.6978,-,-,-,-
,BANK OF BAHRAIN & KUWAIT B.S.C.,27.72,49.13,24.51,0.02,52.32,17.56,23.39
,BANK OF CEYLON,1.52,-,0.01,-,1.51,-,-
,BANK OF NOVA SCOTIA,9.625,66.8403,18.5234,-,57.9419,-,34.9949
,BARCLAYS BANK PLC,547.1478,276.8984,269.7505,-,554.2957,125.3973,147.3446
,BNP PARIBAS,27.45,-,2.61,8.59,16.25,4.11,-
,CITIBANK N.A,846.42,1042.11,529.8,-,1358.73,423.76,766.65
,COMMONWEALTH BANK OF AUSTRALIA,-,-,-,-,-,-,-
,COOPERATIEVE RABOBANK U.A.,-,-,-,-,-,-,-
,CREDIT AGRICOLE CORPORATE AND INVESTMENT BANK,0.91,-,0.32,-,0.59,-,-
,CREDIT SUISSE AG,-,-,-,-,-,-,-
,"CTBC BANK CO., LTD.",16.29,39.3,3.38,-,52.21,9.23,26.84
,DBS BANK INDIA LIMITED,214.6623,423.6391,14.8099,41.4588,582.0327,77.4357,328.9637
,DEUTSCHE BANK AG,134.8495,37.0703,17.5353,-,154.3845,11.3701,28.6533
,FIRSTRAND BANK LTD,-,22,-,-,22,-,-
,HONGKONG AND SHANGHAI BANKING CORPN.LTD.,720.1104,200.4595,279.7376,-,640.8323,220.3435,119.017
,HSBC BANK OMAN S.A.O.G.,-,-,-,-,-,-,-
,INDUSTRIAL AND COMMERCIAL BANK OF CHINA,-,-,-,-,-,-,-
,JPMORGAN CHASE BANK NATIONAL ASSOCIATION,26.89,-,2.48,-,24.41,-,-
,JSC VTB BANK,-,-,-,-,-,-,-
,KBC BANK N.V.,99.6325,-,49.3657,-,50.2668,17.4299,-
,KRUNG THAI BANK PUBLIC COMPANY LIMITED,-,-,-,-,-,-,-
,MASHREQ BANK PSC,0.0006,-,-,-,0.0006,-,-
,MIZUHO BANK LTD,6.34,119,-,-,125.34,-,87.7
,"MUFG BANK, LTD.",8.18,0.48,-,-,8.66,0.8,0.8018
,NATIONAL AUSTRALIA BANK,-,-,-,-,-,-,-
,PT BANK MAYBANK INDONESIA TBK,-,-,-,-,-,-,-
,SBERBANK,-,-,-,-,-,-,-
,SBM BANK (INDIA) LIMITED,21.01,16.58,-,2.63,34.96,7.05,15.39
,SHINHAN BANK,-,-,-,-,-,-,-
,SOCIETE GENERALE,1.1758,-,0.4358,-,0.74,-,-
,SONALI BANK,0.7572,0.9238,0.1756,-,1.5054,-0.0334,0.1849
,STANDARD CHARTERED BANK,3212.1562,1702.0474,1034.1412,-,3880.0624,386.8066,1009.8172
,SUMITOMO MITSUI BANKING CORPORATION,-,-,-,-,-,-,-
,THE ROYAL BANK OF SCOTLAND N.V.,346.508,53.5076,120.4206,-,279.595,93.3456,36.5153
,UBS AG,-,-,-,-,-,-,-
,UNITED OVERSEAS BANK LTD,-,-,-,-,-,-,-
,WESTPAC BANKING CORPORATION,-,-,-,-,-,-,-
,WOORI BANK,-,-,-,-,-,-,-
,FOREIGN BANKS,6296.5976,4151.9283,2418.7375,52.6988,7977.0896,1412.1738,2662.5629
2012,STATE BANK OF BIKANER AND JAIPUR,835.4,1571.93,480.77,275.09,1651.47,341.33,945.41
,STATE BANK OF HYDERABAD,1150.45,2219.07,1362.16,-,2007.36,562.72,1001.95
,STATE BANK OF INDIA,25326.29,24712.22,9617.71,744.34,39676.46,12346.9,15818.85
,STATE BANK OF MYSORE,863.74,1310.59,671.71,-,1502.62,467.88,768.42
,STATE BANK OF PATIALA,1381.68,1567.43,1061.36,-,1887.75,620.77,848.42
,STATE BANK OF TRAVANCORE,835.23,2740.51,2086.99,-,1488.75,450.99,853.57
,STATE BANK OF INDIA AND ITS ASSOCIATES,30392.79,34121.75,15280.7,1019.43,48214.41,14790.59,20236.62
,AXIS BANK LIMITED,1599.42,1841.94,969.18,665.88,1806.3,410.35,472.64
,CITY UNION BANK LIMITED,112.48,144.41,133.35,-,123.54,48.42,54.04
,CSB BANK LIMITED,192.45,100.2,109.72,-,182.93,108.4,84.21
,DCB BANK LIMITED,263.57,68.17,89.94,-,241.8,41.23,30.24
,DHANLAXMI BANK LIMITED,67.09,91.82,54.64,-,104.27,27.47,58
,FEDERAL BANK LTD,1148.33,695.31,434.46,108.35,1300.83,190.69,199
,HDFC BANK LTD.,1694.34,1574.9,328.53,941.32,1999.39,296.41,352.33
,ICICI BANK LIMITED,10034.26,2986.12,2361.56,1183.49,9475.33,2407.36,1860.84
,INDUSIND BANK LTD,265.86,286.45,134.23,71,347.08,72.82,94.67
,ING VYSYA BANK LTD,155.3873,172.8349,126.6977,52.0116,149.5129,91.7856,52.4922
,JAMMU & KASHMIR BANK LTD,518.83,314.68,202.64,114.27,516.6,53.24,49.34
,KARNATAKA BANK LTD,702.17,378.31,395.76,-,684.72,280.34,435.2
,KARUR VYSYA BANK LTD,228.15,174,81.16,-,320.99,13.87,78.78
,KOTAK MAHINDRA BANK LTD.,603.49,303.61,193.93,98.98,614.19,211.16,237.38
,LAKSHMI VILAS BANK LTD,157.79,282.97,133.03,-,307.73,72.88,177.09
,NAINITAL BANK LTD,21.44,28.24,18.69,-,30.99,-,-
,RBL BANK LTD,21.51,18.13,6.53,-,33.11,6.89,8.39
,SBI COMMERCIAL & INTERNATIONAL BANK LTD,-,-,-,-,-,-,-
,SOUTH INDIAN BANK LTD,230.34,171.51,134.69,-,267.16,60.02,76.51
,TAMILNAD MERCANTILE BANK LTD,141.13,176.25,139.9,-,177.48,29.31,62.6
,YES BANK LTD.,80.5242,64.3743,34.6102,26.4294,83.8589,9.1536,17.46
,PRIVATE SECTOR BANKS,18238.5615,9874.2292,6083.2479,3261.731,18767.8118,4431.7992,4401.2122
,ALLAHABAD BANK,1647.92,2232.06,1821,-,2058.98,736.37,1091.7
,ANDHRA BANK,995.64,1287.31,484.94,-,1798.01,273.68,755.85
,BANK OF BARODA,3152.5,3443.31,2131.06,-,4464.75,790.88,1543.64
,BANK OF INDIA,5073.88,5745.41,4348.42,-,6470.87,1947.78,3842.46
,BANK OF MAHARASHTRA,1173.7,875.88,752.55,-,1297.03,618.95,469.57
,CANARA BANK,3137.36,4589.84,3695.45,-,4031.75,2329.91,3386.31
,CENTRAL BANK OF INDIA,2394,6849,1970,-,7273,856,4600
,CORPORATION BANK,790.23,1202.78,718.8,-,1274.21,397.74,869.38
,DENA BANK,842.24,722.19,607.93,-,956.5,548.95,571.73
,IDBI BANK LIMITED,2784.73,2560.24,793.6,-,4551.37,1677.91,2910.93
,INDIAN BANK,740.31,1879.51,769.04,-,1850.78,397.04,1196.83
,INDIAN OVERSEAS BANK,3089.59,3184.76,2354.28,-,3920.07,1328.42,1907.44
,ORIENTAL BANK OF COMMERCE,1920.54,3897.59,2237.64,-,3580.49,938.15,2459.03
,PUNJAB AND SIND BANK,424.28,550.74,211.58,-,763.44,237.94,547.56
,PUNJAB NATIONAL BANK,4379.39,6671.64,2331.41,-,8719.62,2038.63,4454.23
,SYNDICATE BANK,2598.97,3156.28,2572.55,-,3182.7,1030.84,1185.43
,UCO BANK,3150.36,2401.16,1074.77,390.55,4086.2,1824.55,2263.94
,UNION BANK OF INDIA,3622.82,3760.11,995.39,937.68,5449.86,1803.44,3025.03
,UNITED BANK OF INDIA,1355.78,1964.22,1143.58,-,2176.42,757.41,1075.55
,VIJAYA BANK,1259.19,2056.97,1597.7,-,1718.46,741.16,998.01
,NATIONALISED BANKS,44533.43,59031,32611.69,1328.23,69624.51,21275.75,39154.62
,AB BANK LIMITED,-,-,-,-,-,-,-
,ABU DHABI COMMERCIAL BANK PJSC,12.7483,0.3789,9.0194,0.988,3.1198,5.2121,-
,AMERICAN EXPRESS BANKING CORP.,20.2579,21.6931,18.5263,-,23.4247,16.2063,17.5685
,AUSTRALIA AND NEW ZEALAND BANKING GROUP LIMITED,-,-,-,-,-,-,-
,"BANK OF AMERICA , NATIONAL ASSOCIATION",0.6978,-,-,-,0.6978,-,-
,BANK OF BAHRAIN & KUWAIT B.S.C.,10.45,22.78,5.49,0.02,27.72,3.39,17.56
,BANK OF CEYLON,1.83,-,0.31,-,1.52,-,-
,BANK OF NOVA SCOTIA,9.625,-,-,-,9.625,-,-
,BARCLAYS BANK PLC,781.1818,309.2783,543.3123,-,547.1478,121.6175,125.3973
,BNP PARIBAS,11.28,16.44,0.27,-,27.45,-,4.11
,CITIBANK N.A,838.67,708.37,700.62,-,846.42,492.8,423.76
,COMMONWEALTH BANK OF AUSTRALIA,-,-,-,-,-,-,-
,COOPERATIEVE RABOBANK U.A.,-,-,-,-,-,-,-
,CREDIT AGRICOLE CORPORATE AND INVESTMENT BANK,198.85,-,197.94,-,0.91,-,-
,CREDIT SUISSE AG,-,-,-,-,-,-,-
,"CTBC BANK CO., LTD.",2.9,16.38,2.99,-,16.29,2.5,9.23
,DBS BANK INDIA LIMITED,83.448,139.4084,5.8608,2.3333,214.6623,23.3463,77.4357
,DEUTSCHE BANK AG,178.5162,19.5763,63.243,-,134.8495,33.1069,11.3701
,FIRSTRAND BANK LTD,-,-,-,-,-,-,-
,HONGKONG AND SHANGHAI BANKING CORPN.LTD.,995.5304,472.2733,747.6933,-,720.1104,248.7432,220.3434
,HSBC BANK OMAN S.A.O.G.,-,-,-,-,-,-,-
,INDUSTRIAL AND COMMERCIAL BANK OF CHINA,-,-,-,-,-,-,-
,JPMORGAN CHASE BANK NATIONAL ASSOCIATION,27.21,-,0.32,-,26.89,-,-
,JSC VTB BANK,-,-,-,-,-,-,-
,KBC BANK N.V.,99.6325,-,-,-,99.6325,18.2025,17.4299
,KRUNG THAI BANK PUBLIC COMPANY LIMITED,-,-,-,-,-,-,-
,MASHREQ BANK PSC,0.0007,-,-,0.0001,0.0006,-,-
,MIZUHO BANK LTD,6.34,-,-,-,6.34,-,-
,"MUFG BANK, LTD.",7.29,3.81,2.92,-,8.18,0.8,0.8
,NATIONAL AUSTRALIA BANK,-,-,-,-,-,-,-
,PT BANK MAYBANK INDONESIA TBK,-,-,-,-,-,-,-
,SBERBANK,-,-,-,-,-,-,-
,SBM BANK (INDIA) LIMITED,18.03,9.94,6.67,0.29,21.01,13,7.05
,SHINHAN BANK,-,-,-,-,-,-,-
,SOCIETE GENERALE,1.1758,-,-,-,1.1758,-,-
,SONALI BANK,0.7495,-,0.0034,-,0.7461,0.218,0.2146
,STANDARD CHARTERED BANK,1147.7884,2607.6669,543.2991,-,3212.1562,131.8896,386.8066
,THE ROYAL BANK OF SCOTLAND N.V.,614.477,145.7454,413.7144,-,346.508,173.7047,93.3456
,UBS AG,-,-,-,-,-,-,-
,UNITED OVERSEAS BANK LTD,-,-,-,-,-,-,-
,WOORI BANK,-,-,-,-,-,-,-
,FOREIGN BANKS,5068.6793,4493.7406,3262.202,3.6314,6296.5865,1284.7371,1412.4217
2011,STATE BANK OF BIKANER AND JAIPUR,611.85,616.71,227.4,165.76,835.4,270.18,341.33
,STATE BANK OF HYDERABAD,648.98,1171.08,669.61,-,1150.45,288.93,562.72
,STATE BANK OF INDIA,19534.89,18145.7,8347.45,4006.85,25326.29,10870.17,12346.9
,STATE BANK OF MYSORE,595.26,782.73,514.25,-,863.74,299.79,467.88
,STATE BANK OF PATIALA,1006.61,1250.93,875.86,-,1381.68,482.72,620.77
,STATE BANK OF TRAVANCORE,641.98,745.06,551.81,-,835.23,350.4,450.99
,STATE BANK OF INDIA AND ITS ASSOCIATES,23039.57,22712.21,11186.38,4172.61,30392.79,12562.19,14790.59
,AXIS BANK LIMITED,1318,1448.31,498.72,668.17,1599.42,419,410.35
,BANK OF RAJASTHAN LTD,-,-,-,-,-,-,-
,CITY UNION BANK LIMITED,88.23,120.66,96.41,-,112.48,39.67,48.42
,CSB BANK LIMITED,149.29,107.87,64.71,-,192.45,70.52,108.4
,DCB BANK LIMITED,319.18,50.71,106.32,-,263.57,107.62,41.23
,DHANLAXMI BANK LIMITED,77.5,41.13,51.54,-,67.09,41.94,27.47
,FEDERAL BANK LTD,820.97,875.84,548.48,-,1148.33,128.79,190.69
,HDFC BANK LTD.,1816.76,1450.98,404.88,1168.52,1694.34,392.05,296.41
,ICICI BANK LIMITED,9480.65,2865.63,2312.02,-,10034.26,3841.11,2407.36
,INDUSIND BANK LTD,255.47,190.38,69.26,110.73,265.86,101.83,72.82
,ING VYSYA BANK LTD,234.5106,236.0155,159.0388,156.1,155.3873,221.8267,91.7856
,JAMMU & KASHMIR BANK LTD,462.31,289.14,158.18,74.45,518.82,64.33,53.24
,KARNATAKA BANK LTD,549.64,323.76,171.23,-,702.17,188.61,280.34
,KARUR VYSYA BANK LTD,235.34,53.55,60.74,-,228.15,30.95,13.87
,KOTAK MAHINDRA BANK LTD.,767.34,217.49,232.75,148.59,603.49,360.25,211.16
,LAKSHMI VILAS BANK LTD,325.17,137.54,304.92,-,157.79,257.78,72.88
,NAINITAL BANK LTD,23.42,15.28,17.26,-,21.44,-,-
,RBL BANK LTD,27.64,4.85,10.98,-,21.51,11.36,6.89
,SBI COMMERCIAL & INTERNATIONAL BANK LTD,3.27,-,0.05,1.19,2.03,0.39,0.36
,SOUTH INDIAN BANK LTD,211,106.51,87.17,-,230.34,61.57,60.02
,TAMILNAD MERCANTILE BANK LTD,115,100.05,73.92,-,141.13,19.98,29.31
,YES BANK LTD.,60.202,49.8168,17.8142,11.6804,80.5242,12.9878,9.1536
,PRIVATE SECTOR BANKS,17340.8926,8685.5123,5446.393,2339.4304,18240.5815,6372.5645,4432.1592
,ALLAHABAD BANK,1221.8,1747.07,1320.95,-,1647.92,470.15,736.37
,ANDHRA BANK,487.87,794.68,286.91,-,995.64,95.72,273.68
,BANK OF BARODA,2400.69,1897.01,1145.2,-,3152.5,602.32,790.88
,BANK OF INDIA,4882.65,2908.38,2979.48,-,4811.55,2207.45,1944.99
,BANK OF MAHARASHTRA,1209.79,699.15,735.24,-,1173.7,662.43,618.95
,CANARA BANK,2590.31,3508.37,2961.32,-,3137.36,1799.7,2329.91
,CENTRAL BANK OF INDIA,2458,1409,1473,-,2394,727,847
,CORPORATION BANK,650.94,812.94,673.65,-,790.23,197.25,397.74
,DENA BANK,641.99,758.69,558.44,-,842.24,427.53,548.95
,IDBI BANK LIMITED,2129.38,1987.32,1331.97,-,2784.73,1406.32,1677.91
,INDIAN BANK,510.1,953.92,723.71,-,740.31,144.93,397.04
,INDIAN OVERSEAS BANK,3611.08,2169.26,2690.75,-,3089.59,1994.97,1328.42
,ORIENTAL BANK OF COMMERCE,1468.75,1556,1104.21,-,1920.54,723.82,938.15
,PUNJAB AND SIND BANK,206.15,383.45,165.32,-,424.28,116.63,237.94
,PUNJAB NATIONAL BANK,3214.41,4336.7,3171.72,-,4379.39,981.69,2038.63
,SYNDICATE BANK,2006.82,1592.97,1000.82,-,2598.97,963.2,1030.84
,UCO BANK,1666.43,2729.91,659.61,586.37,3150.36,966.28,1824.55
,UNION BANK OF INDIA,2670.89,2923.54,845.61,1126,3622.82,965.33,1803.44
,UNITED BANK OF INDIA,1372.3,984.15,1000.67,-,1355.78,778.55,757.41
,VIJAYA BANK,994.45,1362.26,1097.52,-,1259.19,581.83,741.16
,NATIONALISED BANKS,36394.8,35514.77,25926.1,1712.37,44271.1,16813.1,21263.96
,AB BANK LIMITED,2.65,-,2.65,-,-,1.32,-
,ABU DHABI COMMERCIAL BANK PJSC,14.0902,7.7212,1.0235,8.0396,12.7483,0.2843,5.2121
,AMERICAN EXPRESS BANKING CORP.,17.3845,26.3079,23.4345,-,20.2579,13.9076,16.2063
,"BANK OF AMERICA , NATIONAL ASSOCIATION",0.6978,-,-,-,0.6978,-,-
,BANK OF BAHRAIN & KUWAIT B.S.C.,10.91,1.13,1.59,-,10.45,9.08,1.98
,BANK OF CEYLON,2.22,-,0.39,-,1.83,-,-
,BANK OF NOVA SCOTIA,9.625,0.1102,0.1102,-,9.625,-,-
,BARCLAYS BANK PLC,1421.7325,444.7429,1085.2936,-,781.1818,389.3223,121.6175
,BNP PARIBAS,68.12,-,23.96,32.88,11.28,-,-
,CITIBANK N.A,1275.44,1079.56,1516.33,-,838.67,784.46,492.8
,COMMONWEALTH BANK OF AUSTRALIA,-,-,-,-,-,-,-
,CREDIT AGRICOLE CORPORATE AND INVESTMENT BANK,277.16,-,78.16,0.15,198.85,138.13,-
,"CTBC BANK CO., LTD.",3.14,3.48,3.72,-,2.9,2.83,2.5
,DBS BANK INDIA LIMITED,76.0399,58.2778,14.7771,36.0926,83.448,39.9952,23.3463
,DEUTSCHE BANK AG,260.8107,94.6752,176.9697,-,178.5162,102.3487,33.1069
,FIRSTRAND BANK LTD,-,-,-,-,-,-,-
,HONGKONG AND SHANGHAI BANKING CORPN.LTD.,1683.2926,277.5803,965.3425,-,995.5304,543.1341,248.7432
,HSBC BANK OMAN S.A.O.G.,-,-,-,-,-,-,-
,JPMORGAN CHASE BANK NATIONAL ASSOCIATION,95.2829,0.0006,68.0735,-,27.21,29.1373,29.1378
,JSC VTB BANK,-,-,-,-,-,-,-
,KBC BANK N.V.,99.5901,0.0424,-,-,99.6325,63.8901,18.2025
,KRUNG THAI BANK PUBLIC COMPANY LIMITED,-,-,-,-,-,-,-
,MASHREQ BANK PSC,0.0008,-,0.0001,-,0.0007,-,-
,MIZUHO BANK LTD,6.34,-,-,-,6.34,-,-
,"MUFG BANK, LTD.",7.33,-,0.04,-,7.29,0.79,0.79
,PT BANK MAYBANK INDONESIA TBK,-,-,-,-,-,-,-
,SBM BANK (INDIA) LIMITED,18.8,-,-,0.77,18.03,16.92,13
,SHINHAN BANK,-,-,-,-,-,-,-
,SOCIETE GENERALE,1.2124,-,0.0366,-,1.1758,-,-
,SONALI BANK,0.7504,0.0001,0.001,-,0.7495,0.2631,0.218
,STANDARD CHARTERED BANK,1095.5995,985.5055,933.3166,-,1147.7884,580.4875,131.8896
,THE ROYAL BANK OF SCOTLAND N.V.,685.3732,548.2277,619.1239,-,614.477,260.9177,173.7047
,UBS AG,-,-,-,-,-,-,-
,UNITED OVERSEAS BANK LTD,-,-,-,-,-,-,-
,FOREIGN BANKS,7133.5925,3527.3618,5514.3428,77.9322,5068.6793,2977.2179,1312.4549
,STATE BANK OF INDORE,-,-,-,-,-,-,-
,PUBLIC SECTOR BANKS,-,-,-,-,-,-,-
2010,STATE BANK OF BIKANER AND JAIPUR,490.33,516.7,372.56,22.62,611.85,252.94,270.18
,STATE BANK OF HYDERABAD,453.38,409.73,214.13,-,648.98,165.79,288.93
,STATE BANK OF INDIA,15714,11842.84,6031.47,1990.48,19534.89,9677.42,10870.17
,STATE BANK OF INDORE,288.69,402.03,197.83,-,492.89,192.74,268.13
,STATE BANK OF MYSORE,367.61,373,145.35,-,595.26,129.07,299.79
,STATE BANK OF PATIALA,573.9,1001.71,569,-,1006.61,263.63,482.72
,STATE BANK OF TRAVANCORE,526,570.83,454.85,-,641.98,187.54,350.4
,STATE BANK OF INDIA AND ITS ASSOCIATES,18413.91,15116.84,7985.19,2013.1,23532.46,10869.13,12830.32
,AXIS BANK LIMITED,897.77,1800.7,349.72,1030.75,1318,327.13,419
,BANK OF RAJASTHAN LTD,160.92,163.53,25.69,4.95,293.81,57.03,133.5
,CITY UNION BANK LIMITED,102.08,107.52,116.1,-,93.5,61.11,39.67
,CSB BANK LIMITED,171.78,53.48,75.97,-,149.29,87.94,70.52
,DCB BANK LIMITED,290,193.17,163.99,-,319.18,127.01,107.62
,DHANLAXMI BANK LIMITED,64.43,52.16,39.09,-,77.5,28.24,41.94
,FEDERAL BANK LTD,589.54,747.39,515.96,-,820.97,68.12,128.79
,HDFC BANK LTD.,1951.52,2610.88,496.97,2248.67,1816.76,627.62,392.05
,ICICI BANK LIMITED,9649.31,6416.89,6585.55,-,9480.65,4553.94,3841.11
,INDUSIND BANK LTD,255.02,221.6,151.64,69.51,255.47,179.13,101.83
,ING VYSYA BANK LTD,209.39,410.0326,155.2857,229.6263,234.5106,200.414,221.8267
,JAMMU & KASHMIR BANK LTD,559.27,188.78,254.36,31.38,462.31,287.51,64.33
,KARNATAKA BANK LTD,443.2,300.28,193.84,-,549.64,116.1,188.61
,KARUR VYSYA BANK LTD,205.86,120.94,91.46,-,235.34,25.82,30.87
,KOTAK MAHINDRA BANK LTD.,689.21,626.43,174.04,374.26,767.34,396.84,360.25
,LAKSHMI VILAS BANK LTD,144.05,389.3,208.18,-,325.17,64.85,257.78
,NAINITAL BANK LTD,18.73,27.95,23.26,-,23.42,-,-
,RBL BANK LTD,17.27,14.83,4.46,-,27.64,5.45,11.36
,SBI COMMERCIAL & INTERNATIONAL BANK LTD,4.61,0.61,1.04,0.91,3.27,0.23,0.39
,SOUTH INDIAN BANK LTD,260.56,174.25,223.81,-,211,134.31,61.57
,TAMILNAD MERCANTILE BANK LTD,120.4,82.87,88.27,-,115,22.08,19.98
,YES BANK LTD.,84.9254,113.3551,55.4442,82.6343,60.202,41.157,12.9878
,PRIVATE SECTOR BANKS,16889.8454,14816.9477,9994.1299,4072.6906,17639.9726,7412.031,6505.9845
,ALLAHABAD BANK,1078.25,1238.15,1094.6,-,1221.8,422.11,470.15
,ANDHRA BANK,368.14,399.9,280.17,-,487.87,79.22,95.72
,BANK OF BARODA,1842.92,1671.22,1113.45,-,2400.69,449.04,602.32
,BANK OF INDIA,2470.88,4161.66,1749.89,-,4882.65,628.21,2207.45
,BANK OF MAHARASHTRA,798.41,875.72,464.34,-,1209.79,271.9,662.43
,CANARA BANK,2167.97,3266.33,2843.99,-,2590.31,1507.25,1799.7
,CENTRAL BANK OF INDIA,2316,1033,891,-,2458,1063,727
,CORPORATION BANK,559.22,476.82,385.1,-,650.94,138.3,197.25
,DENA BANK,620.77,629.93,608.71,-,641.99,313.38,427.53
,IDBI BANK LIMITED,1435.69,1483.18,789.49,-,2129.38,948.96,1406.32
,INDIAN BANK,459.18,586.19,535.27,-,510.1,93.81,144.93
,INDIAN OVERSEAS BANK,1923.41,3126.83,1439.16,-,3611.08,999.14,1994.97
,ORIENTAL BANK OF COMMERCE,1058.12,1133.1,722.47,-,1468.75,442.43,723.82
,PUNJAB AND SIND BANK,161.04,208.05,162.94,-,206.15,78.03,116.63
,PUNJAB NATIONAL BANK,2506.9,2838.14,2130.63,-,3214.41,263.86,981.69
,SYNDICATE BANK,1594.54,1491.52,1079.24,-,2006.82,631.77,963.2
,UCO BANK,1539.51,1109.03,611.28,370.83,1666.43,812.67,966.28
,UNION BANK OF INDIA,1923.35,1785.23,524.45,513.24,2670.89,325.94,965.33
,UNITED BANK OF INDIA,1020.35,980.34,628.39,-,1372.3,524.97,778.55
,VIJAYA BANK,698.82,1207.58,911.95,-,994.45,292.29,581.83
,NATIONALISED BANKS,26543.47,29701.92,18966.52,884.07,36394.8,10286.28,16813.1
,AB BANK LIMITED,2.65,-,-,-,2.65,1.85,1.32
,ABU DHABI COMMERCIAL BANK PJSC,14.1309,0.3935,0.4342,-,14.0902,-,0.2843
,AMERICAN EXPRESS BANKING CORP.,37.8518,42.9583,63.4256,-,17.3845,30.2815,13.9076
,"BANK OF AMERICA , NATIONAL ASSOCIATION",0.6978,-,-,-,0.6978,-,-
,BANK OF BAHRAIN & KUWAIT B.S.C.,11.76,19.09,10.63,9.31,10.91,0.25,9.08
,BANK OF CEYLON,4.77,0.35,2.9,-,2.22,-,-
,BANK OF NOVA SCOTIA,1.9969,9.65,2.0219,-,9.625,-,-
,BARCLAYS BANK PLC,1047.8511,1478.66,1104.7786,-,1421.7325,484.6162,389.3223
,BNP PARIBAS,68.33,-,-,0.21,68.12,31.93,-
,CITIBANK N.A,1805.67,2394.16,-,2924.39,1275.44,1050.7,784.46
,CREDIT AGRICOLE CORPORATE AND INVESTMENT BANK,0.9,276.26,-,-,277.16,-,138.13
,"CTBC BANK CO., LTD.",-,3.14,-,-,3.14,-,2.83
,DBS BANK INDIA LIMITED,31.1675,112.2678,53.6409,13.7545,76.0399,14.9295,39.9952
,DEUTSCHE BANK AG,242.6457,429.0763,410.9113,-,260.8107,77.1739,102.3487
,FIRSTRAND BANK LTD,-,-,-,-,-,-,-
,HONGKONG AND SHANGHAI BANKING CORPN.LTD.,1316.1444,2397.7351,2030.5869,-,1683.2926,391.0344,543.1341
,HSBC BANK OMAN S.A.O.G.,-,-,-,-,-,-,-
,JPMORGAN CHASE BANK NATIONAL ASSOCIATION,61.4818,59.332,25.5309,-,95.2829,8.9166,29.1373
,JSC VTB BANK,-,-,-,-,-,-,-
,KBC BANK N.V.,26.409,73.1811,-,-,99.5901,23.478,63.8901
,KRUNG THAI BANK PUBLIC COMPANY LIMITED,-,-,-,-,-,-,-
,MASHREQ BANK PSC,0.0008,-,-,-,0.0008,-,-
,MIZUHO BANK LTD,6.3598,-,0.0198,-,6.34,-,-
,"MUFG BANK, LTD.",8.15,-,0.82,-,7.33,0.79,0.79
,PT BANK MAYBANK INDONESIA TBK,-,-,-,-,-,-,-
,SBM BANK (INDIA) LIMITED,-,18.8,-,-,18.8,-,16.92
,SHINHAN BANK,-,-,-,-,-,-,-
,SOCIETE GENERALE,-,1.2124,-,-,1.2124,-,-
,SONALI BANK,1.2224,0.3663,0.8383,-,0.7504,0.2718,0.2631
,STANDARD CHARTERED BANK,927.9976,1476.0805,1308.4786,-,1095.5995,514.089,580.4875
,THE ROYAL BANK OF SCOTLAND N.V.,818.9085,1151.2663,1284.8016,-,685.3732,366.4117,260.9177
,UBS AG,-,-,-,-,-,-,-
,FOREIGN BANKS,6437.096,9943.9796,6299.8186,2947.6645,7133.5925,2996.7226,2977.2179
2009,STATE BANK OF BIKANER AND JAIPUR,437.31,336.02,237.09,45.91,490.33,209.09,252.94
,STATE BANK OF HYDERABAD,311.94,325.87,184.43,-,453.38,56.97,165.79
,STATE BANK OF INDIA,12837.34,11140.21,8263.55,-,15714,7424.33,9677.42
,STATE BANK OF INDORE,255.8,207.3,174.41,-,288.69,156.51,192.74
,STATE BANK OF MYSORE,359,189.61,181,-,367.61,89.39,129.07
,STATE BANK OF PATIALA,520.94,393.96,280.91,60.09,573.9,216.99,263.63
,STATE BANK OF TRAVANCORE,549.74,407.39,431.13,-,526,267.71,187.54
,STATE BANK OF INDIA AND ITS ASSOCIATES,15272.07,13000.36,9752.52,106,18413.91,8420.99,10869.13
,AXIS BANK LIMITED,494.61,1033.51,286.07,344.28,897.77,248.29,327.13
,BANK OF RAJASTHAN LTD,126.19,64.39,17.94,11.72,160.92,30.9,57.03
,CENTURION BANK OF PUNJAB LTD.,-,-,-,-,-,-,-
,CITY UNION BANK LIMITED,82.93,86.42,67.27,-,102.08,44.46,61.11
,CSB BANK LIMITED,131.39,62.83,22.44,-,171.78,53.24,87.94
,DCB BANK LIMITED,57.67,304.73,72.4,-,290,26.98,127.01
,DHANLAXMI BANK LIMITED,63.21,37.45,36.23,-,64.43,18.56,28.24
,FEDERAL BANK LTD,468.59,574.95,199.21,254.79,589.54,43.2,68.12
,HDFC BANK LTD.,906.97,3413.3,144.83,2187.37,1988.07,298.52,627.62
,ICICI BANK LIMITED,7579.54,5063.71,2993.94,-,9649.31,3490.55,4553.94
,INDUSIND BANK LTD,392.31,219,211.21,145.08,255.02,291.02,179.13
,ING VYSYA BANK LTD,116.24,331.81,132.32,106.34,209.39,103.23,200.41
,JAMMU & KASHMIR BANK LTD,485.23,401.89,255.61,72.24,559.27,203.55,287.51
,KARNATAKA BANK LTD,379.57,162.44,90.41,8.4,443.2,106.48,116.1
,KARUR VYSYA BANK LTD,194.26,82.11,70.51,-,205.86,17.29,25.82
,KOTAK MAHINDRA BANK LTD.,439.18,521.93,156.49,115.41,689.21,276.16,396.84
,LAKSHMI VILAS BANK LTD,137.98,36.49,30.42,-,144.05,59.52,64.85
,NAINITAL BANK LTD,18.53,11.48,11.03,-,18.98,-,-
,RBL BANK LTD,37.09,4.71,24.53,-,17.27,5.81,5.45
,SBI COMMERCIAL & INTERNATIONAL BANK LTD,5.27,0.29,0.1,0.85,4.61,-,0.23
,SOUTH INDIAN BANK LTD,188.48,171.66,99.58,-,260.56,33.97,134.31
,TAMILNAD MERCANTILE BANK LTD,122.18,65.37,67.15,-,120.4,20.15,22.08
,YES BANK LTD.,10.5699,87.9763,-,13.6208,84.9254,8.456,41.157
,PRIVATE SECTOR BANKS,12437.9899,12738.4463,4989.69,3260.1008,16926.6454,5380.336,7412.027
,ALLAHABAD BANK,1010.51,846.06,778.32,-,1078.25,399.81,422.11
,ANDHRA BANK,372.43,201.32,205.61,-,368.14,53.7,79.22
,BANK OF BARODA,1981.38,1001.89,1140.35,-,1842.92,493.55,449.04
,BANK OF INDIA,1930.92,2099.73,1559.77,-,2470.88,591.98,628.21
,BANK OF MAHARASHTRA,766.27,368.56,336.42,-,798.41,254.05,271.9
,CANARA BANK,1272.62,2377.74,1482.39,-,2167.97,899.03,1507.25
,CENTRAL BANK OF INDIA,2350,873,907,-,2316,1060,1063
,CORPORATION BANK,584.42,236.46,261.66,-,559.22,126.93,138.3
,DENA BANK,572.6,675.71,627.54,-,620.77,215.43,313.38
,IDBI BANK LIMITED,1376.61,637.03,577.95,-,1435.69,925.24,948.96
,INDIAN BANK,486.87,228.93,256.62,-,459.18,97.59,93.81
,INDIAN OVERSEAS BANK,996.95,2261.85,1335.39,-,1923.41,363.2,999.14
,ORIENTAL BANK OF COMMERCE,1280.1,495.7,717.68,-,1058.12,538.4,442.43
,PUNJAB AND SIND BANK,135.53,141.87,116.36,-,161.04,66.97,78.03
,PUNJAB NATIONAL BANK,3021.46,1731.14,2245.69,-,2506.91,753.78,263.85
,SYNDICATE BANK,1768.65,960.7,1134.81,-,1594.54,622.73,631.77
,UCO BANK,1651.95,666.53,675.71,103.26,1539.51,1092.3,812.67
,UNION BANK OF INDIA,1656.6,1176.66,909.91,-,1923.35,127.57,325.94
,UNITED BANK OF INDIA,761,811,552,-,1020,306,525
,VIJAYA BANK,511.5,666.93,479.61,-,698.82,181.61,292.29
,NATIONALISED BANKS,24488.37,18458.81,16300.79,103.26,26543.13,9169.87,10286.3
,AB BANK LIMITED,2.65,-,-,-,2.65,2.38,1.85
,ABU DHABI COMMERCIAL BANK PJSC,19.4944,0.7482,4.5322,1.5795,14.1309,-,-
,AMERICAN EXPRESS BANKING CORP.,12.7411,84.2975,51.7934,-,45.2452,7.8294,30.2815
,"BANK OF AMERICA , NATIONAL ASSOCIATION",0.6978,-,-,-,0.6978,-,-
,BANK OF BAHRAIN & KUWAIT B.S.C.,25.36,0.64,1.86,12.38,11.76,4.24,0.25
,BANK OF CEYLON,16.68,0.06,11.97,-,4.77,1.66,-
,BANK OF NOVA SCOTIA,1.9984,-,0.0015,-,1.9969,-,-
,BARCLAYS BANK PLC,53.0285,1008.6026,13.7801,-,1047.851,32.4436,484.6162
,BNP PARIBAS,28.42,39.91,-,-,68.33,-,31.93
,CITIBANK N.A,791.6,2514.6,-,1500.5,1805.7,471.8,1050.7
,CREDIT AGRICOLE CORPORATE AND INVESTMENT BANK,2.22,-,1.32,-,0.9,-,-
,"CTBC BANK CO., LTD.",1.3,-,1.3,-,-,-,-
,DBS BANK INDIA LIMITED,5.03,27.14,1.01,-,31.16,0.91,14.93
,DEUTSCHE BANK AG,54.9355,395.6289,207.9187,-,242.6457,15.4305,77.1739
,HONGKONG AND SHANGHAI BANKING CORPN.LTD.,582.481,2147.0714,1413.408,-,1316.1444,174.7704,391.0344
,HSBC BANK OMAN S.A.O.G.,-,-,-,-,-,-,-
,JPMORGAN CHASE BANK NATIONAL ASSOCIATION,121.4339,29.4989,89.451,-,61.4818,22.411,8.9166
,JSC VTB BANK,-,-,-,-,-,-,-
,KBC BANK N.V.,-,26.409,-,-,26.409,-,23.478
,KRUNG THAI BANK PUBLIC COMPANY LIMITED,-,-,-,-,-,-,-
,MASHREQ BANK PSC,-,-,-,-,-,-,-
,MIZUHO BANK LTD,6.5793,-,0.2195,-,6.3598,-,-
,"MUFG BANK, LTD.",7.24,1.51,0.6,-,8.15,1.13,0.79
,PT BANK MAYBANK INDONESIA TBK,-,-,-,-,-,-,-
,SBM BANK (INDIA) LIMITED,-,-,-,-,-,-,-
,SHINHAN BANK,-,-,-,-,-,-,-
,SOCIETE GENERALE,-,-,-,-,-,-,-
,SONALI BANK,0.8594,0.528,0.165,-,1.2224,-,0.2718
,STANDARD CHARTERED BANK,613.2177,646.1678,331.3879,-,927.9976,345.3753,514.089
,THE ROYAL BANK OF SCOTLAND PLC,290.45,1225.44,696.98,-,818.91,173.88,366.41
,UBS AG,-,-,-,-,-,-,-
,FOREIGN BANKS,2638.417,8148.2523,2827.6973,1514.4595,6444.5125,1254.2602,2996.7214
,STATE BANK OF SAURASHTRA,-,-,-,-,-,-,-
,PUBLIC SECTOR BANKS,-,-,-,-,-,-,-
2008,STATE BANK OF BIKANER AND JAIPUR,463.03,291.99,317.71,-,437.31,222.8,209.09
,STATE BANK OF HYDERABAD,350.83,198.58,237.47,-,311.94,61.3,56.97
,STATE BANK OF INDIA,9998.22,7899.04,5059.92,-,12837.34,5257.72,7424.33
,STATE BANK OF INDORE,294.2,165.91,194.72,-,265.39,159.06,133.51
,STATE BANK OF MYSORE,383.76,-,24.76,-,359,74.88,89.39
,STATE BANK OF PATIALA,524.41,449.28,452.75,-,520.94,238.41,216.99
,STATE BANK OF SAURASHTRA,122.38,145.38,92.47,-,175.29,77.51,110.94
,STATE BANK OF TRAVANCORE,540.11,326.33,295.61,-,570.83,267.62,267.71
,STATE BANK OF INDIA AND ITS ASSOCIATES,12676.94,9476.51,6675.41,-,15478.04,6359.3,8508.93
,AXIS BANK LIMITED,418.67,384.21,308.27,-,494.61,266.33,248.29
,BANK OF RAJASTHAN LTD,121.04,50.28,43.38,1.75,126.19,13.67,30.9
,CENTURION BANK OF PUNJAB LTD.,317.88,611.55,389.66,-,539.77,141.5,266.71
,CITY UNION BANK LIMITED,87.07,58.68,62.82,-,82.93,36.25,44.46
,CSB BANK LIMITED,129.06,38.19,35.86,-,131.39,59.68,53.24
,DCB BANK LIMITED,146.16,103.48,186.21,-,63.43,43.62,26.98
,DHANLAXMI BANK LIMITED,96.29,15.85,48.93,-,63.21,32.24,18.56
,FEDERAL BANK LTD,450.8,262.31,244.52,-,468.59,65.05,43.2
,HDFC BANK LTD.,657.76,1202.76,953.55,-,906.97,202.89,298.52
,ICICI BANK LIMITED,4126.06,3689.66,236.18,-,7579.54,1992.04,3490.55
,INDUSIND BANK LTD,342.73,155.49,105.91,-,392.31,273.75,291.02
,ING VYSYA BANK LTD,126.38,197.3,207.44,-,116.24,114.02,103.23
,JAMMU & KASHMIR BANK LTD,501.83,227.93,244.53,-,485.23,193.57,203.44
,KARNATAKA BANK LTD,387.34,137.7,145.47,-,379.57,116.04,106.48
,KARUR VYSYA BANK LTD,202.63,77.23,85.6,-,194.26,15.97,17.29
,KOTAK MAHINDRA BANK LTD.,282.13,249.74,78.79,-,453.08,216.81,276.16
,LAKSHMI VILAS BANK LTD,131.18,46.32,39.52,-,137.98,56.95,59.52
,LORD KRISHNA BANK LTD,-,-,-,-,-,-,-
,NAINITAL BANK LTD,15.6,13.32,10.39,-,18.53,-,-
,RBL BANK LTD,38.05,5.61,6.57,-,37.09,10.2,5.81
,SANGLI BANK LTD,-,-,-,-,-,-,-
,SBI COMMERCIAL & INTERNATIONAL BANK LTD,11.17,4.31,10.21,-,5.27,0.61,-
,SOUTH INDIAN BANK LTD,321.21,57.95,190.68,-,188.48,77.81,33.97
,TAMILNAD MERCANTILE BANK LTD,190.6,57,125.42,-,122.18,39.79,20.15
,YES BANK LTD.,-,10.89,0.32,-,10.57,-,8.46
,PRIVATE SECTOR BANKS,9101.64,7657.76,3760.23,1.75,12997.42,3968.79,5646.94
,ALLAHABAD BANK,1093.59,619.22,702.3,-,1010.51,440.19,399.81
,ANDHRA BANK,397.01,201.52,226.1,-,372.43,47.25,53.7
,BANK OF BARODA,2092.14,1002.15,1112.91,-,1981.38,501.67,493.55
,BANK OF INDIA,2100.49,1365.27,1534.84,-,1930.92,812.03,591.98
,BANK OF MAHARASHTRA,820.27,252.12,306.12,-,766.27,277.38,254.04
,CANARA BANK,1373.46,1425.7,1526.54,-,1272.62,926.97,899.03
,CENTRAL BANK OF INDIA,2572,665,887,-,2350,878,1060
,CORPORATION BANK,624.57,173.33,213.48,-,584.42,141.93,126.93
,DENA BANK,744.48,416.01,587.89,-,572.6,364.8,215.43
,IDBI LIMITED,1231.86,954.07,621.25,-,1564.68,721.93,1082.91
,INDIAN BANK,545.81,443.7,502.65,-,486.86,102.13,97.59
,INDIAN OVERSEAS BANK,1120.21,665,788.26,-,996.95,257.83,363.2
,ORIENTAL BANK OF COMMERCE,1454.05,579.75,753.7,-,1280.1,215.66,538.4
,PUNJAB AND SIND BANK,290.84,105.84,261.15,-,135.53,77.04,66.97
,PUNJAB NATIONAL BANK,3390.72,1953.19,2024.61,-,3319.3,725.62,753.78
,SYNDICATE BANK,1559.81,1265.41,1056.57,-,1768.65,391.01,622.73
,UCO BANK,1506.23,1034.52,888.8,-,1651.95,1006.06,1092.3
,UNION BANK OF INDIA,1872.62,762.5,978.52,-,1656.6,601.22,127.57
,UNITED BANK OF INDIA,817,326,382,-,761,333,306
,VIJAYA BANK,564.31,406.78,459.59,-,511.5,143.96,181.61
,NATIONALISED BANKS,26171.47,14617.08,15814.28,-,24974.27,8965.68,9327.53
,AB BANK LIMITED,-,2.65,-,-,2.65,-,2.38
,ABU DHABI COMMERCIAL BANK PJSC,39.77,3.92,8.6,15.6,19.49,1.28,-
,AMERICAN EXPRESS BANK LTD,-,-,-,-,-,-,-
,"BANK OF AMERICA , NATIONAL ASSOCIATION",0.7,-,-,-,0.7,-,-
,BANK OF BAHRAIN & KUWAIT B.S.C.,37.29,4.91,2.64,14.19,25.37,0.2,4.24
,BANK OF CEYLON,28.95,1.42,13.69,-,16.68,6.08,1.66
,BANK OF NOVA SCOTIA,18.18,-,16.18,-,2,-,-
,BARCLAYS BANK PLC,-,53.03,-,-,53.03,-,32.44
,BNP PARIBAS,38.76,-,5,-,33.76,-,-
,CITIBANK N.A,530,984.9,-,723.3,791.6,336.1,471.8
,CREDIT AGRICOLE CORPORATE AND INVESTMENT BANK,3.22,-,1,-,2.22,-,-
,"CTBC BANK CO., LTD.",2.95,-,1.65,-,1.3,0.32,-
,DBS BANK INDIA LIMITED,-,5.21,-,-,5.21,-,1.09
,DEUTSCHE BANK AG,11.02,64.32,20.41,-,54.93,0.42,15.43
,HONGKONG AND SHANGHAI BANKING CORPN.LTD.,394.99,1092.9,790.75,-,697.14,98.59,174.78
,HSBC BANK OMAN S.A.O.G.,154.76,16.01,10.22,160.55,-,-,-
,JPMORGAN CHASE BANK NATIONAL ASSOCIATION,61.77,75.96,16.3,-,121.43,17.38,22.41
,KBC BANK N.V.,-,-,-,-,-,-,-
,KRUNG THAI BANK PUBLIC COMPANY LIMITED,-,-,-,-,-,-,-
,MASHREQ BANK PSC,-,-,-,-,-,-,-
,MIZUHO BANK LTD,6.58,-,-,-,6.58,-,-
,"MUFG BANK, LTD.",7.73,-,0.49,-,7.24,1.13,1.13
,PT BANK MAYBANK INDONESIA TBK,-,-,-,-,-,-,-
,SBM BANK (INDIA) LIMITED,-,-,-,-,-,-,-
,SHINHAN BANK,-,-,-,-,-,-,-
,SOCIETE GENERALE,3.49,-,2.16,1.33,-,-,-
,SONALI BANK,0.88,-,0.02,-,0.86,-,-
,STANDARD CHARTERED BANK,799.48,333.04,409.38,-,723.14,431.9,345.37
,THE ROYAL BANK OF SCOTLAND PLC,100.87,591.58,398.36,-,294.09,21.28,173.88
,FOREIGN BANKS,2241.39,3229.85,1696.85,914.97,2859.42,914.68,1246.61
2007,STATE BANK OF BIKANER AND JAIPUR,388.73,243.26,168.96,-,463.03,187.16,222.8
,STATE BANK OF HYDERABAD,453.06,208.86,311.09,-,350.83,75.39,61.3
,STATE BANK OF INDIA,9628.14,4963.87,4593.79,-,9998.22,4911.41,5257.72
,STATE BANK OF INDORE,362.93,213.08,281.81,-,294.2,216.8,159.06
,STATE BANK OF MYSORE,398.13,-,14.37,-,383.76,86.46,74.88
,STATE BANK OF PATIALA,542.95,337.74,356.28,-,524.41,220.36,238.41
,STATE BANK OF SAURASHTRA,157.12,50.32,85.06,-,122.38,98.06,77.51
,STATE BANK OF TRAVANCORE,609.95,247.4,317.24,-,540.11,276.46,267.62
,STATE BANK OF INDIA AND ITS ASSOCIATES,12541.01,6264.53,6128.6,-,12676.94,6072.1,6359.3
,AXIS BANK LIMITED,377.95,169.31,128.59,-,418.67,219.83,266.33
,BANK OF RAJASTHAN LTD,135.51,27.95,41.58,0.84,121.04,40.18,13.67
,BHARAT OVERSEAS BANK LTD,-,-,-,-,-,-,-
,CENTURION BANK OF PUNJAB LTD.,320.61,165.16,167.89,-,317.88,73.95,141.5
,CITY UNION BANK LIMITED,112.83,39.02,64.78,-,87.07,49.79,36.25
,CSB BANK LIMITED,159.92,38.04,68.9,-,129.06,74.79,59.68
,DCB BANK LIMITED,314.92,34.95,203.71,-,146.16,83.96,43.64
,DHANLAXMI BANK LIMITED,111.38,26.37,41.46,-,96.29,44.89,32.24
,FEDERAL BANK LTD,563.05,182.29,294.54,-,450.8,111.6,65.05
,GANESH BANK OF KURUNDWAD LTD,-,-,-,-,-,-,-
,HDFC BANK LTD.,508.89,778.6,629.73,-,657.76,155.18,202.89
,ICICI BANK LIMITED,2222.59,2161,257.53,-,4126.06,1052.68,1992.04
,INDUSIND BANK LTD,268.83,237.59,163.69,-,342.73,194.97,273.75
,ING VYSYA BANK LTD,180.93,203.78,258.33,-,126.38,180.47,114.02
,JAMMU & KASHMIR BANK LTD,370.19,273.57,141.93,-,501.83,133.87,193.94
,KARNATAKA BANK LTD,415.13,130.45,158.25,-,387.33,91.51,116.04
,KARUR VYSYA BANK LTD,223.15,53.13,73.65,-,202.63,44.83,15.97
,KOTAK MAHINDRA BANK LTD.,37.71,284.04,44.2,-,277.55,15,216.8
,LAKSHMI VILAS BANK LTD,124.77,79.5,73.09,-,131.18,55.59,56.95
,LORD KRISHNA BANK LTD,70.71,43.36,32.63,-,81.44,44.27,44.47
,NAINITAL BANK LTD,11.58,10.11,6.09,-,15.6,-,-
,RBL BANK LTD,39.29,5.64,6.88,-,38.05,12.79,10.2
,SANGLI BANK LTD,61.98,17.84,2.99,-,76.83,20.79,14.51
,SBI COMMERCIAL & INTERNATIONAL BANK LTD,43.74,0.77,33.34,-,11.17,9.68,0.61
,SOUTH INDIAN BANK LTD,327.82,144.34,150.95,-,321.21,118.2,77.81
,TAMILNAD MERCANTILE BANK LTD,230.58,73,112.98,-,190.6,67.92,39.79
,UNITED WESTERN BANK LTD,-,-,-,-,-,-,-
,YES BANK LTD.,-,-,-,-,-,-,-
,PRIVATE SECTOR BANKS,7234.06,5179.81,3157.71,0.84,9255.32,2896.74,4028.15
,ALLAHABAD BANK,1183.83,569.6,659.84,-,1093.59,246.09,440.19
,ANDHRA BANK,436.91,243.66,283.56,-,397.01,52.46,47.25
,BANK OF BARODA,2390.14,773.66,1071.66,-,2092.14,518.04,501.67
,BANK OF INDIA,2479.18,946.92,1325.61,-,2100.49,969.5,812.03
,BANK OF MAHARASHTRA,944.08,309.12,432.93,-,820.27,334.06,277.38
,CANARA BANK,1792.61,1271.72,1570.9,-,1493.43,879.18,926.97
,CENTRAL BANK OF INDIA,2684,807,919,-,2572,972,878
,CORPORATION BANK,625.57,268.9,269.9,-,624.57,153.79,141.93
,DENA BANK,949.4,533.76,738.68,-,744.48,432.85,364.8
,IDBI LIMITED,1115.52,930.74,814.4,-,1231.86,563.12,721.93
,INDIAN BANK,668.99,172.07,295.25,-,545.81,176.66,102.13
,INDIAN OVERSEAS BANK,1227.55,707.43,814.77,-,1120.21,224.33,257.83
,ORIENTAL BANK OF COMMERCE,2116.31,379.27,1041.53,-,1454.05,162.98,215.66
,PUNJAB AND SIND BANK,941.5,76.49,727.15,-,290.84,220.42,77.04
,PUNJAB NATIONAL BANK,3138.29,2061.26,1808.83,-,3390.72,210.17,725.62
,SYNDICATE BANK,1506.36,740.1,686.65,-,1559.81,312.53,391.01
,UCO BANK,1234.74,1004.14,732.65,-,1506.23,784.94,1006.06
,UNION BANK OF INDIA,2098.05,750.21,975.64,-,1872.62,833.95,601.22
,UNITED BANK OF INDIA,744,406,333,-,817,303,333
,VIJAYA BANK,540.15,398,373.84,-,564.31,142.32,143.96
,NATIONALISED BANKS,28817.18,13350.05,15875.79,-,26291.44,8492.39,8965.68
,AB BANK LIMITED,-,-,-,-,-,-,-
,ABU DHABI COMMERCIAL BANK PJSC,63.18,2.04,17.46,7.98,39.78,18.94,1.28
,AMERICAN EXPRESS BANK LTD,20.44,22.11,20.9,-,21.65,11.72,12.31
,"BANK OF AMERICA , NATIONAL ASSOCIATION",3.89,-,3.19,-,0.7,-,-
,BANK OF BAHRAIN & KUWAIT B.S.C.,45,1.84,3.83,5.73,37.28,2.17,0.19
,BANK OF CEYLON,32.79,0.42,4.26,-,28.95,11.56,6.08
,BANK OF NOVA SCOTIA,69.9,-,51.72,-,18.18,24.48,-
,BARCLAYS BANK PLC,-,-,-,-,-,-,-
,BNP PARIBAS,41.04,0.03,2.31,-,38.76,-,-
,CITIBANK N.A,391.8,208.6,-,70.4,530,233.5,336.1
,CREDIT AGRICOLE CORPORATE AND INVESTMENT BANK,9.53,-,6.48,-,3.05,1.54,-
,"CTBC BANK CO., LTD.",3.53,-,0.58,-,2.95,1.77,0.32
,DBS BANK INDIA LIMITED,-,-,-,-,-,-,-
,DEUTSCHE BANK AG,8.26,4.54,1.78,-,11.02,-,0.42
,HONGKONG AND SHANGHAI BANKING CORPN.LTD.,317.5,439.38,361.89,-,394.99,97.46,98.58
,HSBC BANK OMAN S.A.O.G.,141.38,16.99,3.61,-,154.76,-,-
,JPMORGAN CHASE BANK NATIONAL ASSOCIATION,-,61.77,-,-,61.77,-,17.38
,KBC BANK NV,-,-,-,-,-,-,-
,KRUNG THAI BANK PUBLIC COMPANY LIMITED,-,-,-,-,-,-,-
,MASHREQ BANK PSC,12.26,-,12.26,-,-,-,-
,MIZUHO BANK LTD,7.13,-,0.55,-,6.58,0.5,0.5
,"MUFG BANK, LTD.",7.94,-,0.22,-,7.72,1.12,1.13
,PT BANK MAYBANK INDONESIA TBK,0.24,-,0.24,-,-,-,-
,SBM BANK (INDIA) LIMITED,10.61,-,10.61,-,-,4.31,-
,SHINHAN BANK,-,-,-,-,-,-,-
,SOCIETE GENERALE,5.314,-,1.828,-,3.486,-,-
,SONALI BANK,0.9165,0.0093,0.0459,-,0.8799,0.0225,0.0225
,STANDARD CHARTERED BANK,683.81,436.36,320.69,-,799.48,378.95,431.9
,THE ROYAL BANK OF SCOTLAND PLC,51.12,222.96,173.2,-,100.88,16.47,21.28
,FOREIGN BANKS,1927.5805,1417.0493,997.6539,84.11,2262.8659,804.5125,927.4925
2006,STATE BANK OF BIKANER AND JAIPUR,399.51,150.69,161.47,-,388.73,193.95,187.16
,STATE BANK OF HYDERABAD,553.32,272.69,372.95,-,453.06,95.32,75.39
,STATE BANK OF INDIA,11656.99,4327.28,6356.13,-,9628.14,6303.34,4911.41
,STATE BANK OF INDORE,303.48,242.3,182.85,-,362.93,90.72,216.8
,STATE BANK OF MYSORE,415.37,-,17.24,-,398.13,80.99,86.46
,STATE BANK OF PATIALA,653.1,289.87,400.02,-,542.95,189.49,220.36
,STATE BANK OF SAURASHTRA,170.01,92.56,105.45,-,157.12,94.19,98.06
,STATE BANK OF TRAVANCORE,652.13,186.88,229.06,-,609.95,269.3,276.46
,STATE BANK OF INDIA AND ITS ASSOCIATES,14803.91,5562.27,7825.17,-,12541.01,7317.3,6072.1
,AXIS BANK LIMITED,324.77,179.86,126.68,-,377.95,226.08,219.83
,BANK OF PUNJAB LIMITED,-,-,-,-,-,-,-
,BANK OF RAJASTHAN LTD,159.18,14.93,35.26,3.34,135.51,72.25,40.18
,BHARAT OVERSEAS BANK LTD,57.79,30.41,12.92,8.62,66.66,25.62,38.4
,CENTURION BANK OF PUNJAB LTD.,162.07,381.33,222.79,-,320.61,55.05,73.95
,CITY UNION BANK LIMITED,130.69,38.55,56.41,-,112.83,67.79,49.79
,CSB BANK LIMITED,169.75,42.84,52.67,-,159.92,86.85,74.79
,DCB BANK LIMITED,310.75,63.52,59.35,-,314.92,143.87,83.96
,DHANLAXMI BANK LIMITED,125.58,24.53,38.73,-,111.38,58.43,44.89
,FEDERAL BANK LTD,677.79,159.45,274.19,-,563.05,194.51,111.6
,GANESH BANK OF KURUNDWAD LTD,18.21,2.81,1.95,-,19.07,10.29,7.86
,HDFC BANK LTD.,439.17,569,499.28,-,508.89,60.63,155.18
,ICICI BANK LIMITED,2770.43,1020.23,1568.07,-,2222.59,1505.27,1052.68
,INDUSIND BANK LTD,320.53,108.96,160.66,-,268.83,244.27,194.97
,ING VYSYA BANK LTD,194.27,228.37,241.71,-,180.93,193.29,180.47
,JAMMU & KASHMIR BANK LTD,317.25,157.95,105.01,-,370.19,162.93,133.87
,KARNATAKA BANK LTD,501.78,58.01,144.66,-,415.13,143.3,91.52
,KARUR VYSYA BANK LTD,241.91,52.32,71.08,-,223.15,75.75,44.83
,KOTAK MAHINDRA BANK LTD.,27.92,42.78,32.99,-,37.71,14.9,14.99
,LAKSHMI VILAS BANK LTD,187.45,11.97,74.65,-,124.77,115.05,55.59
,LORD KRISHNA BANK LTD,90.64,18.11,38.04,-,70.71,58.47,44.27
,NAINITAL BANK LTD,9.47,9.12,7.01,-,11.58,-,-
,RBL BANK LTD,46,3.11,9.82,-,39.29,23.49,12.79
,SANGLI BANK LTD,76.13,4.72,18.87,-,61.98,34.82,20.79
,SBI COMMERCIAL & INTERNATIONAL BANK LTD,67.52,8.58,32.36,-,43.74,17.65,9.68
,SOUTH INDIAN BANK LTD,366.13,97.94,136.25,-,327.82,204.22,118.2
,TAMILNAD MERCANTILE BANK LTD,321.13,79.81,170.36,-,230.58,76.99,67.92
,UNITED WESTERN BANK LTD,450.2,174.38,133.61,-,490.97,232.09,227.29
,YES BANK LTD.,-,-,-,-,-,-,-
,PRIVATE SECTOR BANKS,8564.51,3583.59,4325.38,11.96,7810.76,4103.86,3170.29
,ALLAHABAD BANK,1284.27,337.65,438.09,-,1183.83,270.7,246.09
,ANDHRA BANK,440.93,153.26,157.28,-,436.91,48.97,52.46
,BANK OF BARODA,3321.81,549.65,1481.32,-,2390.14,619.64,518.04
,BANK OF INDIA,3155.91,709.19,1385.92,-,2479.18,1554.28,969.5
,BANK OF MAHARASHTRA,961.94,274.52,292.38,-,944.08,280.74,335.01
,CANARA BANK,2370.55,1404.92,1982.86,-,1792.61,1125.28,879.18
,CENTRAL BANK OF INDIA,2621,732,669,-,2684,814,972
,CORPORATION BANK,647.25,214.09,235.77,-,625.57,206.87,153.79
,DENA BANK,1147.54,333.97,532.11,-,949.4,591,432.85
,IDBI LIMITED,1215.89,1883.2,1983.57,-,1115.52,847.49,563.12
,INDIAN BANK,748.35,191.58,270.94,-,668.99,247.42,176.66
,INDIAN OVERSEAS BANK,1388.15,475.84,636.44,-,1227.55,319.2,224.33
,ORIENTAL BANK OF COMMERCE,2512.82,372.97,769.48,-,2116.31,327.14,162.98
,PUNJAB AND SIND BANK,1197.41,108.23,364.14,-,941.5,509.81,220.42
,PUNJAB NATIONAL BANK,3741.34,902.82,1505.87,-,3138.29,119.44,210.17
,SYNDICATE BANK,1432.78,554.34,480.76,-,1506.36,425.89,312.53
,UCO BANK,1399.34,548.41,713.01,-,1234.74,810.74,784.94
,UNION BANK OF INDIA,2058.15,752.84,712.94,-,2098.05,1060.38,833.95
,UNITED BANK OF INDIA,726.37,254.93,237,-,744.3,277.09,303.09
,VIJAYA BANK,431.64,384.38,275.87,-,540.15,84.61,142.32
,NATIONALISED BANKS,32803.44,11138.79,15124.75,-,28817.48,10540.69,8493.43
,AB BANK LIMITED,0.0708,-,0.0708,-,-,0.0415,-
,ABU DHABI COMMERCIAL BANK PJSC,41.17,38.76,11.65,5.1,63.18,11.44,18.94
,AMERICAN EXPRESS BANK LTD,24.3,2.56,6.42,-,20.44,14.68,11.72
,"BANK OF AMERICA , NATIONAL ASSOCIATION",18.41,-,14.52,-,3.89,-,-
,BANK OF BAHRAIN & KUWAIT B.S.C.,65.27,0.12,15.92,4.46,45.01,14.57,2.17
,BANK OF CEYLON,25.65,8.18,1.04,-,32.79,8.16,11.56
,BANK OF NOVA SCOTIA,97.33,-,27.44,-,69.89,63.32,24.48
,BARCLAYS BANK PLC,-,-,-,-,-,-,-
,BNP PARIBAS,62.78,-,15.26,6.49,41.03,9.92,-
,CITIBANK N.A,369.7,111,88.9,-,391.8,181,233.5
,CREDIT AGRICOLE CORPORATE AND INVESTMENT BANK,29.85,23.4,43.72,-,9.53,2.06,1.54
,"CTBC BANK CO., LTD.",17.71,-,14.18,-,3.53,3.53,1.77
,DBS BANK INDIA LIMITED,-,-,-,-,-,-,-
,DEUTSCHE BANK AG,8.41,-,0.15,-,8.26,-,-
,HONGKONG AND SHANGHAI BANKING CORPN.LTD.,409.28,322.88,414.65,-,317.51,63.3,97.47
,HSBC BANK OMAN S.A.O.G.,131.89,14.78,5.29,-,141.38,7,3.12
,ING BANK N.V.,-,-,-,-,-,-,-
,JPMORGAN CHASE BANK NATIONAL ASSOCIATION,-,-,-,-,-,-,-
,KBC BANK NV,-,-,-,-,-,-,-
,KRUNG THAI BANK PUBLIC COMPANY LIMITED,-,-,-,-,-,-,-
,MASHREQ BANK PSC,12.26,-,-,-,12.26,-,-
,MIZUHO BANK LTD,23.9,0.55,0.75,16.58,7.12,-,0.5
,"MUFG BANK, LTD.",8.01,0.12,0.19,-,7.94,0.49,1.12
,PT BANK MAYBANK INDONESIA TBK,35.23,3.77,38.76,-,0.24,2.07,-
,SBM BANK (INDIA) LIMITED,17.6,-,6.99,-,10.61,9.37,4.31
,SHINHAN BANK,-,-,-,-,-,-,-
,SOCIETE GENERALE,11.799,-,-,6.485,5.314,-,-
,SONALI BANK,0.498,0.4239,0.0054,-,0.9165,0.1136,0.0225
,STANDARD CHARTERED BANK,553.3,437.35,306.83,-,683.82,223.13,378.95
,THE ROYAL BANK OF SCOTLAND PLC,226.88,131.36,307.12,-,51.12,34.59,16.47
,UFJ BANK LTD,-,-,-,-,-,-,-
,FOREIGN BANKS,2191.2978,1095.2539,1319.8562,39.115,1927.5805,648.7851,807.6425
2005,STATE BANK OF BIKANER AND JAIPUR,483.66,129.46,213.61,-,399.51,107.17,193.95
,STATE BANK OF HYDERABAD,691.35,191.43,329.46,-,553.32,77.22,95.32
,STATE BANK OF INDIA,12667.21,4284.6,3158.62,1337.46,12455.73,5441.73,5348.89
,STATE BANK OF INDORE,266.36,161.39,-,124.27,303.48,-,90.72
,STATE BANK OF MYSORE,514.53,128.23,227.39,-,415.37,186.38,80.99
,STATE BANK OF PATIALA,503.61,394.3,154.71,90.1,653.1,-,189.49
,STATE BANK OF SAURASHTRA,200.43,79.07,43.59,52.08,183.83,-,94.19
,STATE BANK OF TRAVANCORE,661.76,235.01,244.64,-,652.13,154.28,269.3
,STATE BANK OF INDIA AND ITS ASSOCIATES,15988.91,5603.49,4372.02,1603.91,15616.47,5966.78,6362.85
,AXIS BANK LIMITED,274.72,129.09,92.71,-,311.1,112.21,216.85
,BANK OF PUNJAB LIMITED,168.2702,130.7801,53.6125,-,245.4378,126.1647,112.1518
,BANK OF RAJASTHAN LTD,237.32,11.26,75.64,13.76,159.18,72.63,72.25
,BHARAT OVERSEAS BANK LTD,71.35,16.42,20.8,9.18,57.79,31.43,25.62
,CENTURION BANK OF PUNJAB LTD.,221.41,34.11,40.05,59.06,156.41,68.9,55.05
,CITY UNION BANK LIMITED,167.42,49.17,94.95,-,121.64,98.48,67.79
,CSB BANK LIMITED,175.24,43.65,49.14,-,169.75,88.23,86.85
,DCB BANK LIMITED,211.62,216.49,117.36,-,310.75,118.85,143.87
,DHANLAXMI BANK LIMITED,136.55,14.8,25.77,-,125.58,80.06,60.19
,FEDERAL BANK LTD,600.75,190.73,113.69,-,677.79,222.75,194.51
,GANESH BANK OF KURUNDWAD LTD,18.21,2.81,1.95,-,19.07,10.29,7.86
,GLOBAL TRUST BANK LIMITED,-,-,-,-,-,-,-
,HDFC BANK LTD.,335.61,258.31,154.75,-,439.17,27.95,60.63
,ICICI BANK LIMITED,3047.59,1115.79,1392.95,-,2770.43,1372.4,1505.27
,INDUSIND BANK LTD,259.36,288.64,227.47,-,320.53,212.32,244.27
,ING VYSYA BANK LTD,186.6,215.73,208.06,-,194.27,183.36,193.29
,JAMMU & KASHMIR BANK LTD,287,150,72.08,47.92,317,137.35,162.93
,KARNATAKA BANK LTD,598.4682,52.2918,148.9805,-,501.7795,231.4349,143.2954
,KARUR VYSYA BANK LTD,239.23,51.81,49.13,-,241.91,91.6,75.75
,KOTAK MAHINDRA BANK LTD.,17.9,28.14,-,18.13,27.91,3.47,14.9
,LAKSHMI VILAS BANK LTD,216.83,44.19,73.57,-,187.45,109.48,115.05
,LORD KRISHNA BANK LTD,95.29,43.99,48.64,-,90.64,67.62,58.47
,NAINITAL BANK LTD,9.6471,2.8585,3.0367,-,9.4689,-,-
,RBL BANK LTD,38.84,16.49,9.33,-,46,19.32,23.49
,SANGLI BANK LTD,80.6559,13.0611,17.5878,-,76.1292,42.3595,34.815
,SBI COMMERCIAL & INTERNATIONAL BANK LTD,69.25,13.23,2.55,12.41,67.52,22.07,17.65
,SOUTH INDIAN BANK LTD,328.25,91.82,53.94,-,366.13,190.33,204.22
,TAMILNAD MERCANTILE BANK LTD,319.38,47.59,45.84,-,321.13,105.08,76.99
,UNITED WESTERN BANK LTD,516.34,82.48,148.62,-,450.2,335.34,237.54
,YES BANK LTD.,-,-,-,-,-,-,-
,PRIVATE SECTOR BANKS,8929.1014,3355.7315,3342.2075,160.46,8782.1654,4181.4791,4211.5522
,ALLAHABAD BANK,1418.46,351.39,485.58,-,1284.27,362.83,270.7
,ANDHRA BANK,615.37,150.24,324.68,-,440.93,120.07,48.97
,BANK OF BARODA,3979.86,662.96,1321.01,-,3321.81,1042,619.64
,BANK OF INDIA,3734.02,756.53,1334.64,-,3155.91,2061.57,1554.28
,BANK OF MAHARASHTRA,954.45,222.71,215.22,-,961.94,288.24,280.74
,CANARA BANK,3126.84,1318.8,2075.09,-,2370.55,1378.31,1125.28
,CENTRAL BANK OF INDIA,2943,788,1110,-,2621,1271,814
,CORPORATION BANK,722.01,184.69,259.45,-,647.25,249.89,206.87
,DENA BANK,1484.01,263.77,600.24,-,1147.54,884.35,591
,IDBI LIMITED,1342.69,186.59,313.39,-,1215.89,944.88,847.49
,INDIAN BANK,1191.78,227.54,670.97,-,748.35,383.21,247.42
,INDIAN OVERSEAS BANK,1575.85,507.92,695.62,-,1388.15,577.52,319.2
,ORIENTAL BANK OF COMMERCE,1210.91,1877.64,596.28,-,2492.27,-,327.14
,PUNJAB AND SIND BANK,1203.51,195.71,201.81,-,1197.41,577.31,509.81
,PUNJAB NATIONAL BANK,4670.13,718.64,1647.43,-,3741.34,448.96,119.44
,SYNDICATE BANK,1589.92,399.06,336.14,220.06,1432.78,532.22,425.89
,UCO BANK,1479.12,597.8,677.57,-,1399.35,752.93,810.74
,UNION BANK OF INDIA,2346.84,509.83,798.52,-,2058.15,845.15,1060.38
,UNITED BANK OF INDIA,764.18,172.19,210,-,726.37,298.55,277.09
,VIJAYA BANK,389.71,322.52,156.66,123.93,431.64,99.97,84.61
,NATIONALISED BANKS,36742.66,10414.53,14030.3,343.99,32782.9,13118.96,10540.69
,AB BANK LIMITED,0.0783,0.0028,0.0105,-,0.0706,0.0441,0.0415
,ABU DHABI COMMERCIAL BANK PJSC,77.0737,2.9139,5.7033,33.1188,41.1655,45.8928,11.4375
,AMERICAN EXPRESS BANK LTD,234.7876,275.1302,485.6207,-,24.2971,71.7253,14.6847
,"BANK OF AMERICA , NATIONAL ASSOCIATION",25.9698,0.0068,7.5619,-,18.4147,-,-
,BANK OF BAHRAIN & KUWAIT B.S.C.,70.08,0.07,4.66,0.22,65.27,53.84,14.57
,BANK OF CEYLON,29.9822,-,4.3343,-,25.6479,13.73,8.16
,BANK OF NOVA SCOTIA,238.1643,0.0632,51.1879,89.7071,97.3325,183.0578,63.3172
,BARCLAYS BANK PLC,4.83,0.46,1.5,3.79,-,-,-
,BNP PARIBAS,89.83,2.47,14.58,14.94,62.78,35.46,9.93
,CITIBANK N.A,392.6,136.9,159.8,-,369.7,214,181
,CREDIT AGRICOLE CORPORATE AND INVESTMENT BANK,35.9766,28.9179,35.0489,-,29.8456,0.1232,1.7019
,CREDIT LYONNAIS,-,-,-,-,-,-,-
,"CTBC BANK CO., LTD.",8.59,12.13,3,-,17.72,5.15,3.53
,DBS BANK INDIA LIMITED,-,-,-,-,-,-,-
,DEUTSCHE BANK AG,20.47,-,4.04,8.01,8.42,-,-
,HONGKONG AND SHANGHAI BANKING CORPN.LTD.,418.8758,207.6656,83.9238,133.3398,409.2778,67.6443,63.2983
,HSBC BANK OMAN S.A.O.G.,186.1087,13.4268,0.013,67.6302,131.8923,10.6981,7.0021
,ING BANK N.V.,1.0289,-,0.1394,0.2474,0.6421,-,-
,JPMORGAN CHASE BANK NATIONAL ASSOCIATION,-,-,-,-,-,-,-
,KBC BANK NV,-,-,-,-,-,-,-
,KRUNG THAI BANK PUBLIC COMPANY LIMITED,-,-,-,-,-,-,-
,MASHREQ BANK PSC,12.2604,-,-,-,12.2604,-,-
,MIZUHO BANK LTD,24.621,-,0.7174,-,23.9036,-,-
,"MUFG BANK, LTD.",9.3237,0.0039,1.3137,-,8.0139,0.8798,0.4988
,PT BANK MAYBANK INDONESIA TBK,31.78,3.51,0.07,-,35.22,2.4,2.07
,SBM BANK (INDIA) LIMITED,18.56,-,0.96,-,17.6,-,-
,SHINHAN BANK,0.7163,-,0.7163,-,-,0.3582,-
,SOCIETE GENERALE,19.172,-,3.565,3.808,11.799,2.336,-
,SONALI BANK,0.448,0.05,-,-,0.498,0.0831,0.1136
,STANDARD CHARTERED BANK,482.4899,302.6223,231.8145,-,553.2977,83.7414,223.1265
,SUMITOMO MITSUI BANKING CORPORATION,-,-,-,-,-,-,-
,THE ROYAL BANK OF SCOTLAND PLC,215.6253,45.5087,34.2535,-,226.8805,59.2163,34.5938
,UFJ BANK LTD,-,-,-,-,-,-,-
,FOREIGN BANKS,2649.4425,1031.8521,1134.5341,354.8113,2191.9492,850.3804,639.0759
"* : The closing balance of the previous year will not match with the current year's opening balance due to amalgamation of banks and is reported under addition during the year.
# : As IDBI Bank Limited has been recategorised as Private sector bank with effect from January 21, 2019, the closing balance of 2018 will not match with opening balance of 2019 for the group Public sector Banks 
and Private sector Banks.",,,,,,,,
See Notes on Tables,,,,,,,,
