candidate_id,company_candidate,project_type_candidate,state_candidates,investment_candidates_crore,capacity_candidates,source_document,source_page,evidence_score,has_investment_signal,has_capacity_signal,has_company_signal,possible_existing_company,discovery_status,verified_company,verified_project_type,verified_state,verified_approval_date,verified_investment_crore,verified_capacity_value,verified_capacity_unit,verified_capacity_category,verified_technology,verified_technology_partner,final_verification_status,matched_text
EXP-CAND-0045,"Semiconductors are the backbone of modern electronics, powering computers, mobile devices,",Compound Semiconductor,,76000.0,,ISM_Approved_Projects_Feb2026.pdf,2,3,True,True,True,False,HIGH_PRIORITY_REVIEW,,,,,,,,,,,PENDING,"Semiconductors are the backbone of modern electronics, powering computers, mobile devices,
telecommunications, automobiles, defence systems and artificial intelligence. India has made steady
progress in consolidating earlier investments into a full-stack value chain of its semiconductor
ecosystem under ISM 1.0, expanding design capabilities and advancing fabrication, assembly and
testing infrastructure across the country. This momentum reflects the broader vision of Aatmanirbhar
Bharat and India’s transition from policy formulation to production readiness. Building on these gains,
ISM 2.0 seeks to consolidate India’s position as a reliable and competitive participant in the global
semiconductor network.
Sectoral Outlook: India’s Semiconductor Ecosystem
India is steadily emerging as a global
semiconductor hub. Large scale
investments, expanding manufacturing
capacity, and platforms such as SEMICON
India 2025 reflect growing global
confidence in India’s semiconductor
journey. The domestic chip market is
witnessing rapid growth. As per industry
estimates, the size of the Indian
semiconductor market was about $38 Bn in
2023, $45-$50 billion in 2024-2025 and is
expected to reach $100-$110 Bn by 2030.
This expansion is anchored in the national
vision of Make in India and Make for the
World, positioning India as both a
manufacturing base and a global supplier.
The foundation of this growth was laid with
the approval of India Semiconductor Mission 1.0 by the Union Cabinet in December 2021. The
Mission is supported by an incentive framework of ₹76,000 crore, offering fiscal support of up to 50
per cent for silicon fabs, compound semiconductor facilities, assembly and testing units, and chip
design. As of December 2025, 10 projects with a total investment of ₹1.60 lakh crore have been
approved across 6 states. These include silicon fabrication units, silicon carbide fabs, advanced and
memory packaging facilities, and specialised assembly and testing infrastructure. Together, they are
shaping a resilient domestic semiconductor ecosystem.
By 2029, India is expected to achieve the capability to design and manufacture chips required for
nearly 70–75 per cent of domestic applications. Advancing on this foundation, the next phase
under Semicon 2.0 will focus on advanced manufacturing, with a clearly defined roadmap to achieve 3-
nanometre and 2-nanometre technology nodes. By 2035, India aims to be among the top
semiconductor nations globally."
EXP-CAND-0049,"Since its launch in December 2021, the Design Linked Incentive Scheme has played a pivotal role in",,,2.25; 430.0,,ISM_Approved_Projects_Feb2026.pdf,6,3,True,True,True,False,HIGH_PRIORITY_REVIEW,,,,,,,,,,,PENDING,"In response, major economies are recalibrating their strategies. The United States, the European Union,
Japan and South Korea have launched national initiatives to strengthen domestic chip manufacturing
and diversify supply chains. India is positioning itself within this global shift as a trusted and reliable
partner. The India Semiconductor Mission responds directly to this moment. By building domestic
capacity across design, manufacturing and innovation, ISM represents a critical step towards self-
sufficiency and technological sovereignty, while strengthening India’s role in a more resilient global
semiconductor ecosystem.
At the core of this strategy lies a strong focus on semiconductor design and talent development, which
together form the foundation of technological self-reliance.
Strengthening India’s Semiconductor Design Ecosystem
Since its launch in December 2021, the Design Linked Incentive Scheme has played a pivotal role in
transitioning from capacity creation to technological depth in India. The scheme focuses on nurturing
domestic innovation, supporting early-stage companies, and creating the foundation for a vibrant fabless
ecosystem. It has also helped bridge the gap between academic research and industry application,
strengthening India’s position in the global design landscape.
Key Achievements under the DLI Scheme (as of January 2026):
• The programme currently supports 24 semiconductor design startups across the country.
• Startups under the scheme have attracted nearly ₹430 crore in venture capital funding,
reflecting growing investor confidence in India’s design ecosystem.
• Advanced Electronic Design Automation (EDA), the national chip design platform, has
enabled access to high end design tools, with approximately 2.25 crore tool hours recorded.
• Around 67,000 students and over 1,000 start up engineers are actively using these tools for chip
design and development.
• In academia, 122 designs have been taped out, with 56 chips fabricated at 180 nm at the
Semiconductor Laboratory in Mohali.
• Startups have completed 16 tape outs, resulting in six chips fabricated at advanced foundry
nodes, including technologies as advanced as 12 nm.
• Academic institutions have filed 75 patents, while startups have filed 10 patents, indicating a
growing culture of innovation and intellectual property creation.
Looking ahead, the programme is set to scale further, with a target of enabling at least 50 fabless
semiconductor companies in the next phase, reinforcing India’s ambition to emerge as a global hub for
semiconductor design and innovation."
EXP-CAND-0051,Lab at NIELIT Calicut supports large scale training in semiconductor technologies,ATMP,,,,ISM_Approved_Projects_Feb2026.pdf,8,3,True,True,True,False,HIGH_PRIORITY_REVIEW,,,,,,,,,,,PENDING,"Engineering covering VLSI design and technology. Together, these programmes aim to produce
graduates equipped with industry relevant skills.
• SMART Lab at NIELIT Calicut: The Skilled Manpower Advanced Research and Training
Lab at NIELIT Calicut supports large scale training in semiconductor technologies. The
initiative targets one lakh engineers across the country, with more than 62,000 engineers already
trained, significantly strengthening the national talent pool.
• Industry Partnership with Lam Research: A large-scale training programme in
nanofabrication and process engineering is being implemented in partnership with Lam
Research. The focus is on building specialised skills for (ATMP) and advanced packaging
facilities. The programme aims to generate 60,000 trained professionals over the next ten years.
• FutureSkills PRIME Programme: FutureSkills PRIME is a joint initiative of MeitY and
NASSCOM designed to position India as a global digital talent hub. It focuses on skilling,
reskilling and upskilling in emerging technologies, including semiconductors. Courses are
developed with industry inputs and delivered through an online portal that enables learners to
access training anytime and earn recognised skill certificates aligned with their aspirations.
Together, these initiatives are creating a robust and future ready semiconductor workforce, positioning
India to sustain long term growth across the full chip value chain.
Conclusion
India Semiconductor Mission 2.0 marks a decisive shift from ecosystem creation to ecosystem
consolidation and global integration. By deepening support for manufacturing, design, and advanced
skills, ISM 2.0 positions semiconductors as a strategic national capability—central to economic
resilience, digital infrastructure, and technological sovereignty. The enhanced budgetary support in
2026–27 provides the momentum required to accelerate execution, crowd in private investment, and
scale domestic capacity across the full semiconductor value chain.
Looking ahead, ISM 2.0 lays the foundation for India to emerge as a trusted hub for semiconductor
design, manufacturing, and innovation. With a clear roadmap for advanced nodes, strong design
incentives, and a growing talent pipeline, India is poised to progressively reduce external dependencies
while contributing to more resilient global supply chains. The Mission thus anchors India’s long-term
ambition to be among the world’s leading semiconductor nations in the coming decade.
References:
PIB Backgrounders:
• https://www.pib.gov.in/PressNoteDetails.aspx?NoteId=154968&ModuleId=3&reg=3&lang=2#_ftn3
• https://www.pib.gov.in/PressNoteDetails.aspx?NoteId=155130&ModuleId=3&reg=3&lang=2
• https://www.pib.gov.in/PressNoteDetails.aspx?NoteId=156811&ModuleId=3&reg=3&lang=1
• https://www.pib.gov.in/PressNoteDetails.aspx?id=156505&NoteId=156505&ModuleId=3&reg=3&lang=2"
EXP-CAND-0024,"(SIP), Production Linked Incentive (PLI) scheme for Large Scale Electronics Manufacturing, PLI Scheme 2",Semiconductor Manufacturing,Delhi,,,MeitY_Annual_Report_2024_25.pdf,12,3,True,True,True,False,HIGH_PRIORITY_REVIEW,,,,,,,,,,,PENDING,"To promote indigenous manufacturing, the government has introduced programmes like the Semicon India Programme
(SIP), Production Linked Incentive (PLI) scheme for Large Scale Electronics Manufacturing, PLI Scheme 2.0 for IT
Hardware, Scheme for Promotion of Manufacturing of Electronic Components and Semiconductors (SPECS), and
Modified Electronics Manufacturing Clusters (EMC 2.0) Scheme. These initiatives aim to transform India into a hub for
electronics production and semiconductor manufacturing. The electronics sector has witnessed remarkable growth,
with domestic production increasing from INR 5.54 lakh crore (~USD 76 billion) in FY 2020-21 to INR 9.52 lakh crore
(~USD 115 billion) in FY 2023-24, reflecting a Compound Annual Growth Rate (CAGR) of 19.78%. Projections indicate
that India’s electronics production will reach USD 300 billion by 2026. Semicon India Programme (SIP) aims to provide
financial support to companies investing in semiconductors, display manufacturing and design ecosystem. Under SIP,
five projects of private sector players has been approved for setting up facilities to develop indigenous semiconductor
technologies.
India has established itself as a global IT services hub and has emerged as the World’s 3rd largest start-up ecosystem
with more than 1,50,000 startups operating in the country and 115 unicorns with a total valuation of more than $ 350
Bn. The Indian IT/ ITeS industry has a leading position globally and has been progressively contributing to the growth
of exports and the creation of employment opportunities. India’s IT-BPM industry is expected to grew by ~3.7 % to
reach at USD 254 Billion, including exports of 199.5 USD Billion in FY2023-24 (E). India has positioned itself as a
major hub for Global Capability Centres (GCCs), providing offshore facilities to multinational corporations (MNCs) for
managing business operations. These centres are among the fast-growing segments of India’s digital economy. To
further accelerate its expansion, MeitY is developing a new policy framework that will provide fresh incentives for these
centres. Several Centres of Excellence (CoEs) have been set up to promote startups, incubation, and innovation in
these areas. Furthermore, initiatives like the Future Skills Programme are also enabling Indian IT professionals to attain
world-class skills in these technologies.
India has emerged as a key player in artificial intelligence and emerging technologies. On 7th March 2024, the
Government of India has approved the IndiaAI Mission, a comprehensive national-level programme to democratize and
catalyze the AI innovation ecosystem in the country and ensure the global competitiveness of India’s AI startups and
researchers. The Government of India hosted the ‘Global IndiaAI Summit’ on July 3-4, 2024, in New Delhi. The summit
focused on advancing AI development in areas like Compute Capacity, Foundational Models, Datasets, Application
Development, Future Skills, Startup Financing, and Safe AI,"
EXP-CAND-0029,incentives as well as design infrastructure • The India Semiconductor Mission acts as,ATMP,,15.0; 30.0; 22516.0,,MeitY_Annual_Report_2024_25.pdf,78,3,True,True,True,False,HIGH_PRIORITY_REVIEW,,,,,,,,,,,PENDING,"Make in India
incentives as well as design infrastructure • The India Semiconductor Mission acts as
support across various stages of develop- the nodal agency for efficient and smooth
ment and deployment of semiconductor de- implementation of the schemes for setting
sign for Integrated Circuits (ICs), Chipsets, up of Semiconductor, Display Fabs and
System on Chips (SoCs), Systems & IP Compound Semiconductors/ATMP/OSAT
Cores and semiconductor linked design. facilities in India.
• Under the “Product Design Linked Incen- 8.6 Semi-Conductor Laboratory (SCL)
tive” component of the scheme, reimburse-
The Union Cabinet has also approved that
ment of up to 50% of the eligible expenditure
Ministry of Electronics and Information Technology
subject to a ceiling of Rs15 crore per appli-
will take requisite steps for modernization and
cation will be provided as fiscal support to
commercialization of Semi-conductor Laboratory
the approved applicants. This shall include
(SCL), Mohali. Semi-conductor Laboratory (SCL),
expenditure relating to design, development,
Mohali has been brought under the administrative
testing, fabrication, validation, prototype de-
control of Ministry of Electronics and Information
velopment, product development, filing of
Technology from Department of Space.
Intellectual Property Rights etc. It will also
SCL is an Integrated Device Manufacturer
include manpower costs.
which undertakes activities pertaining to design,
• Under the “Deployment Linked Incentive”
development, fabrication, assembly & packaging,
component of the scheme, incentive of 6%
testing and quality assurance of Silicon CMOS and
to 4% of net sales turnover over 5 years sub-
MEMS Devices for various applications. Presently,
ject to a ceiling of ` 30 crore per application
SCL has two wafer fabrication lines, i.e., 200 mm
will be provided to the approved applicants
wafer line operating in 180nm CMOS technology
whose semiconductor design for Integrated
and 150 mm wafer line for MEMS technology. SCL
Circuits (ICs), Chipsets, System on Chips
predominantly caters to low volume requirements
(SoCs), Systems & IP Cores and semicon-
for various applications.
ductor linked design are deployed in elec-
Boston Consulting Group (BCG) has been
tronic products.
engaged for providing consultancy services for
• C-DAC is the Nodal Agency to implement
Modernization of Semi-Conductor Laboratory,
the scheme and establish the semiconduc-
Mohali.
tor design infrastructure such as EDA Tool
8.7 Projects approved under the Programme:
Grid, repository of IP Cores, hardware and
software licenses, patents and trademarks The Government has approved following projects:
etc.
i. Micron Technology Inc.’s proposal for set-
8.5 India Semiconductor Mission (ISM)
ting up an ATMP facility in India with an in-
• India Semiconductor Mission (ISM) imple- vestment of ` 22,516 crore was approved
ments the schemes for Semiconductor and in June 2023. Micron’s facility in India will
Display Fabs, Compound Semiconducto"
EXP-CAND-0030,"Calligo Technologies, Sensesemi Technolo-",OSAT,Gujarat,3307.0; 7584.0; 27120.0,15.07Million Units; 6.33 Million chips,MeitY_Annual_Report_2024_25.pdf,79,3,True,True,True,False,HIGH_PRIORITY_REVIEW,,,,,,,,,,,PENDING,"Make in India
facility in India with an investment of ` 91,526 by ChipIN Centre at C-DAC Bengaluru. Out
crore was approved in February 2024. The of these, 17 companies have also been ap-
fab facility will be set up in technology part- proved for financial support for developing
nership with PSMC, Taiwan. PSMC is an semiconductor chip/ SoCs for applications in
established semiconductor company hav- sectors such as automotive, mobility, com-
ing 6 semiconductor foundries in Taiwan. puting, communications etc namely - DV2JS
The production capacity of the project would Innovation LLP , Vervesemi Microelectron-
be around 50,000 wafer starts per month ics, Fermionic Design, Morphing Machines,
(WSPM). Calligo Technologies, Sensesemi Technolo-
gies, Saankhya Labs, Aryabhata Circuits and
iii. Tata Electronics Private Limited (TEPL)’s
Research Labs, BigEndian Semiconductors,
proposal for setting up of OSAT facility in
C2i Semiconductors, Aheesa Digital Innova-
India with an investment of ` 27,120 crores
tions, Mindgrove Technologies, InCore Sem-
was approved in February 2024. The facility
iconductors, Netrasemi, Green PMU Semi,
will use indigenous semiconductor packag-
WiSig Networks, MosChip Technologies.
ing technologies with a production capacity
of 48 million per day. 8.8 Employment: The semiconductor manufacturing
facilities will generate direct employment of about
iv. CG Power and Industrial Solutions Limited’s
25 thousand advanced technology jobs and about
proposal for setting up OSAT facility in India
60 thousand indirect jobs.
with an investment of ` 7,584 crore was also
approved in February 2024. The facility will 3.4 Investment Promotion to Attract Investment in
be set up as joint venture partnership with ESDM Sector
Renesas Electronics America Inc., USA,
and STARS Microelectronic, Thailand. The 3.4.1 Promotion of PLI, SPECS, EMC 2.0 and
technology would be provided for this facil- Schemes for Development of Semiconductors and
ity by Renesas Electronics Corporation, Ja- Display Manufacturing Ecosystem in India
pan and STARS Microelectronic, Thailand.
To stimulate more investment in the Electronics
The production capacity would be around
System Design and Manufacturing (ESDM) sector in
15.07Million Units per day.
India, several investment promotion initiatives have
v. Kaynes Technology India Limited (KTIL) been launched. In addition, these initiatives are aimed
proposal of for setting up of Outsourced at creating a world-class semiconductor and display
Semiconductor Assembly and Test (OSAT) manufacturing ecosystem, these efforts also include the
facility at Sanand, Gujarat for Wire bond In- introduction of significant schemes like the PLI Scheme
terconnect, Substrate Based Packages was 2.0 for IT Hardware. Further, thorough outreach plan that
approved in September, 2024. The Technol- includes online meetings with possible investors and in-
ogy would be provided by ISO Technology depth presentations outlining the advantages of these
Sdn. Bhd. and "
EXP-CAND-0032,through the official handle (Electronics Gol) of the IPHW,Packaging,,,,MeitY_Annual_Report_2024_25.pdf,83,3,True,True,True,False,HIGH_PRIORITY_REVIEW,,,,,,,,,,,PENDING,"Make in India
• Encourage collaboration between Singapore-
based and India-based companies towards
mutually beneficial semiconductor related business
opportunities and partnerships;
• Consider initiatives to enhance semiconductor
supply chain resilience, based on areas of
mutual strength such as fabs, packaging, design,
equipment, specialty chemicals and gases,
semiconductor grade materials;
• Promote Industrial Parks and workforce
development for mutual benefit.
3.4.5 International Events & Facilitations
Building on the Semiconductor MoU, the first India-
• Outreach engagements held with Indian Singapore Semiconductor Ecosystem Policy Dialogue,
Consulates/ Embassies/ High Commissions co-chaired by Secretary, MeitY, Shri S Krishnan &
in other countries for promoting the schemes Permanent Secretary, MTI, was held in November,2024.
launched by MeitY.
• MeitY participated in various Investment Promotion
Roadshows organized by other Ministries like
DPIIT to Taiwan, Korea, Japan, Singapore etc.
• MeitY also contributed to international engagements
like G20, India-EU TTC, India-Taiwan Cooperation
Forum, World Economic Forum, Industrial
Collaboration Working Group (ICWG) between
India and Taiwan (ICWG), India-Japan Industrial
Competitiveness Partnership (IJICP)
3.4.6 Social Media Participation
To reach out to all ESDM stakeholders, all the events,
webinars were widely promoted on X (erstwhile Twitter)
through the official handle (Electronics Gol) of the IPHW
Division of MeitY.
3.4.6.1 International Collaborations in the field of
Semiconductors
MoU with Singapore: Government of India has recently
signed an MoU with Singapore to establish an “India-
Singapore Semiconductor Ecosystem Policy Dialogue”.
The Policy Dialogue will be used as a platform to:
• Discuss semiconductor supply chain related
issues;
• Exchange best practices to leverage opportunities 3.4.6.2 Capacity building and talent development for
for growth in the global semiconductor industry; semiconductors
• Explore areas for mutually beneficial semiconductor
New curriculums have been launched by AICTE at UG,
R&D collaboration;
Diploma level as a step towards creation of Talent pool
Annual
Ministry of Electronics & Information Technology REPORT 81
2024-2025"
EXP-CAND-0034,Technologies to enable cost effective electronic,Semiconductor Fab,,34.65; 41.6; 83.89,,MeitY_Annual_Report_2024_25.pdf,86,3,True,True,True,False,HIGH_PRIORITY_REVIEW,,,,,,,,,,,PENDING,"Make in India
Under Phase-II, 5 industrial projects have been initiated 3.7.3 Next Generation AMOLED Displays, OLED
and 2 prototypes viz; sustainable sensing platform for Lighting and OPV Products
electrochemical sensors using sugarcane skin having
The project “Next Generation AMOLED Displays, OLED
varied applications from biosensing to heavy metal
Lighting and OPV products: Development of disruptive
detection and Li ion-based technology (coin cell) having
Technologies to enable cost effective electronic
capacity of > 30 mAH developed and under field trial. 2
component manufacturing in India”, approved by MeitY
Technologies have been transferred to the industry.
and being implemented by IIT Madras with total budget
Product / outlay of INR 41.60 Crore, including MeitY’s Grant-
Industry Sector Status
in-Aid amounting to INR 34.65 Crore. The objective of
technology
the centre is to demonstrate state- of-the-art AMOLED
Sensa Core Technology
Health- based displays developed by Fine Metal Mask (FMM)
Bilirubin Sen- Medical care Licensed to and Closed Space Sublimation (CSS) processes.
sor Instrumenta- M/s Sensa OPV devices are also being developed for roll-to-
tion Pvt. Ltd. Core roll manufacturing. A laboratory has been developed
successfully for state-of-the-art research facility. A clean
LFIA based Technology
Prompt
area has been set up of area around 3000 sq. ft. There
strips for de- Food Licensed to
Equipment are two parts in the clean area. One is of class 100 and
tection of bo- Safety M/s PROMPT
the rest of the area is of class 1000. The class 100 area
Pvt. Ltd.
vine mastitis Equipment’s
is used for substrate cleaning, which is very crucial for
the fabrication. Class 1000 area has all the deposition
3.7.2 National Centre of Excellence in Technology
units and is utilized for AMOLED device fabrication.
for Internal Security (NCETIS)
National Centre of Excellence in Technology for Internal
Security (NCETIS) at IIT-Bombay has been approved
on 28th May, 2015 with a total outlay of ` 83.89 crore
(MeitY contribution: ` 83.89 crore). The aim of the CoE
is to address the challenges of homeland security and
to develop state-of-the-art technologies which are vital
for the national security agencies for providing rescue
and relief operations with the indigenously developed
technologies/ products. The project is envisaged
to set up the required infrastructures and carrying
out R&D activities for developing prototype model,
commercialization and technology transfer of multiple
products. The project has been completed in March
2023. Under the project, various technologies have been
developed and three of them have commercialized.
Explosive detector developed under the project has been
registered and made available at GEM portal after the
successful certification and trials. Two Start-ups have
been incubated under the CoE. AMOLED Dock system control
Annual
84 REPORT Ministry of Electronics & Information Technology
2024-2025"
EXP-CAND-0036,included DPI and the achievements of the G20 in Lanka on digital transformation took place on,,Delhi,,,MeitY_Annual_Report_2024_25.pdf,92,3,True,True,True,False,HIGH_PRIORITY_REVIEW,,,,,,,,,,,PENDING,"International Cooperation
February 2024. The focus areas of the meeting 8. Bilateral meetings with the Government of Sri
included DPI and the achievements of the G20 in Lanka on digital transformation took place on
promoting DPIs, AI, India’s presidency of the GPAI, March 27, 2024, in Colombo, Sri Lanka. MeitY
and the Digital Personal Data Protection Act. participated and shared insights and experiences
from India’s success story with DPI, along with
3. A meeting between the co-chairs of the Indo-French
global and regional perspectives.
Joint Working Group for Digital Technology was
held virtually on March 22, 2024. The focus areas 9. A meeting between India and Vietnam was held
of discussion included cooperation in emerging on May 15, 2024, at New Delhi. The discussions
technologies, specifically Artificial Intelligence, focused on cooperation in data center development
Quantum Computing, semiconductors, startup in Vietnam, as well as collaboration in cybersecurity,
innovation, and DPI. artificial intelligence, emerging technologies, and
the startup ecosystem.
4. The Hon’ble MEIT visited Doha, Qatar, on 27
February 2024, where he addressed a session on 10. Several meetings were held between India and
‘Digital Public Infrastructure’ during Web Summit Japan to discuss UPI deployment in Japan. India
Qatar 2024. During the visit, the Hon’ble MEIT also provided a presentation on the infrastructure,
engaged in bilateral meetings with the Chairman operational aspects, and use cases to apprise the
of the Qatar Investment Authority, the Minister of Japanese side about the concept of UPI. Further,
Transport, and the Minister of Communications India and Japan also discussed collaboration
and IT, met with about 100 business leaders from focused on the semiconductor ecosystem, artificial
India and Qatar, and participated in a community intelligence, and the India-Japan Digital Partnership
engagement event. (IJDP).
5. A team of journalists from the Central Europe 11. The Embassy of India organized a seminar titled
region met Secretary, MeitY, on March 15, 2024. “Building Digital Bridges: India-Japan Digital
The Secretary informed the delegation about the Partnership” on September 30, 2024, in which MeitY
establishment of three semiconductor units under virtually participated and delivered a presentation
the ‘Development of Semiconductors and Display on India’s digital transformation journey and
Manufacturing Ecosystems in India’ initiative, as potential areas of cooperation between India and
well as developments in Digital Public Infrastructure Japan in the digital sector.
(DPI).
12. Secretary, MeitY participated in the Session on
6. The Joint Secretary (ICD), MeitY, virtually “Investment: Economic Prospects in India” during
participated in the 3rd Summit for Democracy in the 3rd India- Japan Forum on December 06, 2024
Seoul, Republic of Korea, on March 18, 2024. He in New Delhi.
briefed participants about the Digital India initiative,
13. A meeting between I"
EXP-CAND-0037,"included skill development, joint R&D in advanced and Investment Committee under the Strategic",Compound Semiconductor,Delhi,,,MeitY_Annual_Report_2024_25.pdf,93,3,True,True,True,False,HIGH_PRIORITY_REVIEW,,,,,,,,,,,PENDING,"International Cooperation
15. Under the framework of the MoU on Semiconductor, 17. A virtual meeting of the Technology and IT Joint
the 1st India-Singapore Semiconductor Policy Working Group, co-chaired by India and Saudi
Dialogue was held on November 5, 2024 in New Arabia under the Economy and Investment Pillar
Delhi. Discussions emphasized India’s initiative of the Strategic Partnership Council, was held
and Singapore’s expertise in supply chains, on October 14, 2024. MeitY also participated in
R&D, and workforce development. Key priorities the 5th Senior Officials Meeting of the Economy
included skill development, joint R&D in advanced and Investment Committee under the Strategic
packaging, compound semiconductors, and trade Partnership Council, held on October 17, 2024, at
optimization. NITI Aayog.
18. MeitY virtually participated in a panel discussion
on “Deep Dive Digital Dialogues: Results,
Opportunities, and Prospects for International
Cooperation in Digital Policy” during the 17th
Federal Government Digital Summit, Germany, on
October 22, 2024. The panel discussion focused
on AI, DPI, digital literacy, and cybersecurity.
19. On November 7, 2024, the 8th session of the Indo-
Russia Joint Working Group on ICT Cooperation,
co-chaired by the Secretary, MeitY, and Russia’s
Deputy Minister of Digital Development, was held.
Discussions during the meeting covered IT/ITeS,
ESDM, telecom, cybersecurity, digital governance,
and digital education.
16. The India-US Information and Communications
4.4.2 International Projects
Technology Working Group (ICTWG) Meeting was
held at Sushma Swaraj Bhawan on October 17, To showcase India’s prowess in the electronics and IT
2024. The meeting, in which the Secretary, MeitY, sector and emerging technologies, MeitY has initiated
and the US Ambassador to India participated, saw joint projects with various countries. Also, MeitY has been
fruitful discussions on varied topics, including IT/ assisting the Ministry of External Affairs in executing a
IT-enabled services, digital talent, cross-border number of projects in developing and least-developed
data flows, data privacy, collaboration in AI, countries. Under such initiatives, number of Centers of
semiconductor and electronics manufacturing, and Excellence in IT, IT Parks, Capacity Building Institutes,
telecommunications. telemedicine & tele-education facilities, e-networks
have been established. The following projects are under
execution and initiated during the year:
1. High-performance Computing: India and
EU launched a joint call for proposal on HPC
applications under the signed Intent of Cooperation
(IoC) on High Performance Computing (HPC),
Weather Extremes & Climate Modeling and
Quantum Technologies.
2. India-Argentina Centre of Excellence in
Information Technology (IA-CEIT) set up by
C-DAC Delhi with financial assistance from the
Annual
Ministry of Electronics & Information Technology REPORT 91
2024-2025"
EXP-CAND-0038,opportunities include implementing the R&D,Semiconductor Fab,,250.0; 1000.0; 76000.0,,MeitY_Annual_Report_2024_25.pdf,129,3,True,True,True,False,HIGH_PRIORITY_REVIEW,,,,,,,,,,,PENDING,"Innovate and Design in India
foundries for fabricating their chips etc. These
opportunities include implementing the R&D
(Research & Development) projects under C2S
Programme for development of working prototypes
of ASICs (Application-Specific Integrated Circuits),
Systems/ SoCs (System-on-Chips), and IP
(Intellectual Property) Core designs. Total 25,000+
number of engineering students have been trained
at 113 organizations under C2S Programme till
date
(ii) Design Linked Incentive (DLI) Scheme:
Government of India has approved the ‘Modified
Electronic Soil Nutrients Analyzer (ESNA) Programme for Semiconductors and Display Fab
Ecosystem’ with an outlay of ₹76,000 crore in order
5.2.3 Initiatives under Microelectronics and
to catalyse the semiconductor & display ecosystem
Nanotechnology areas
in the country. The Design Linked Incentive (DLI)
5.2.3.1 Some of the technologies developed/ are being Scheme has been approved as part of it with an
developed indigenously under the R&D projects initiated outlay of Rs. 1000 Crore to offset the disabilities in
in Microelectronics area are: the domestic semiconductor chip design industry
as well as move up in value-chain and strengthen
(i) Chips to Start-up (C2S) Programme: has been
the semiconductor chip design ecosystem in
initiated by MeitY as capacity building programme
the country. The DLI Scheme offers financial
at 113 organizations (including 100 academia/
incentives & design infrastructure support to
R&D originations and 13 Start-ups/ MSMEs) with
domestic companies, start-ups and MSMEs across
an outlay of Rs. 250 Crore for duration of 5 years in
various stages of development & deployment of
the year 2022. C2S Programme aims to generate
semiconductor chips.
industry-ready 85,000 number of manpower at
113 organizations (including academic institutions, 52 design companies (including start-ups
R&D organizations, start-ups, MSMEs) at B.Tech, and MSMEs) have been approved for design
M.Tech and PhD levels specialized in the area of infrastructure support under the DLI Scheme. Out
VLSI and Embedded System Design and leapfrog of these, 15 companies have also been approved
in ESDM space by way of inculcating the culture of for financial support for developing semiconductor
Chip/ System-on-Chip (SoC)/ System Level Design chip/ SoCs for applications in sectors such as
at Bachelors, Masters and Research level and act automotive, mobility, computing, communications
as a catalyst for growth of Start-ups involved in etc.
semiconductor design in the country. (iii) Microprocessor Development Programme:
The Programme takes a comprehensive Family of 32-bit/ 64-bit Microprocessor has been
approach by offering students complete hands-on indigenously designed using Open-Source ISA
experience in chip design, fabrication, and testing. (Instruction Set Architecture) along with reusable
This is achieved through regular training sessions, IP Cores by C-DAC, IIT Madras & IIT Bombay.
conducted in collaboration with industry partn"
EXP-CAND-0040,manufacturing and service sectors of the electronics and,,,466.0,,MeitY_Annual_Report_2024_25.pdf,173,3,True,True,True,False,HIGH_PRIORITY_REVIEW,,,,,,,,,,,PENDING,"CHAPTER
7
Skill India
Capacity Building
Activities of the HRD Division, MeitY are targeted to • 72 Full-time and 107 Part-time PhD candidates
support the availability of trained human resources for the currently pursuing PhD
manufacturing and service sectors of the electronics and
• 158 Young Faculty Research Fellowships awarded
IT industry. Initiatives include identifying gaps emerging
• 85 Patents filed
from the formal sector and planning programmes in
non-formal and formal sectors to meet these gaps. This • 5750 Research Papers published
includes skill development in the domain of electronics • Workshops held for assessment of quality of
and IT and related areas. The skill development activities research
of the Ministry are primarily being taken up by its two
Research has been undertaken under the scheme in
autonomous societies viz. National Institute of Electronics
emerging research areas viz. Image Processing, DSP,
and Information Technology (NIELIT), and Centre for
Pattern Recognition, 3D Printing, 5G Communications,
Development of Advanced Computing (C-DAC). In
AI, Big Data, Blockchain, Distributed Computing,
addition, the various organizations and attached offices
Cyber Security, Green and Sustainable ICT, Quantum
under the Department viz. ERNET India, Digital India
Computing/ Communication, Semiconductor Design
Corporation, CSC E-Governance Services India Limited,
etc. Some of the granted Patents of Visvesvaraya PhD
STQC, NIC, etc. are also engaged in training various
Scholars:
stakeholders in small numbers. The following schemes/
projects are under implementation for capacity building • Method of Reducing DoS Attacks Using Voice
and skill development in the domain of E&ICT: Response in IoT Systems
7.1 Post Graduate and Doctorate Level • System for providing energy management in smart
grid environment
7.1.1 Visvesvaraya PhD Scheme for Electronics & IT
• System For Detecting Type of Sleep Disorders and
MeitY, with the approval of the Cabinet Committee on Method of Operating Thereof
Economic Affairs (CCEA) had initiated ‘Visvesvaraya • Electrochemical Measurement of Creatinine in
PhD Scheme’ with the objective to enhance the number Serum
of PhDs in Electronics System Design & Manufacturing
• A Device for Assessment of Seed Pre-Treatments
(ESDM) and IT/IT Enabled Services (IT/ITES) sectors
in the country in 2014. Phase-I of Visvesvaraya PhD • Spoof Recognition in an Ear Biometric System
Scheme with a budget of `466 Crores, initially approved • Image Compression for Transmission
for 9 years from 2014, is extended till Mar 2025.
• A Novel Microfluidic Approach for Bio-Mems
Status of Phase-I of the Scheme: Applications
• 754 Full-time and 158 Part-time PhD candidates • A completely miniaturized on-chip electron
completed their PhD paramagnetic resonance sensor
• 62 Full-time and 08 Part-time PhD candidates
submitted Thesis
Annual
Ministry of Electronics & Information Technology REPORT 171
2024-2025"
EXP-CAND-0042,incubated and 6 products launched by these startups,,Tamil Nadu; Delhi,27.0; 54.61,,MeitY_Annual_Report_2024_25.pdf,257,3,True,True,True,False,HIGH_PRIORITY_REVIEW,,,,,,,,,,,PENDING,"Attached Offices and Societies
• M/s Sarv Webs Pvt. Ltd. (Product Name: Sarv Hub shall support 200 start-ups in the hub & spoke model
Wave) and provide acceleration and infrastructural service. In
addition, 200 numbers of start-ups will be accelerated in
• M/s People Link Unified Communications Pvt Ltd’
deep tech/emerging tech. So far, 24 startups have been
(Product name: Insta VC)
incubated and 6 products launched by these startups.
NIC has created a secure infrastructure for “Vconsol”
9.10 Digital India Corporation (DIC)
product at National Data Centre New Delhi with a
capacity of around 1000 concurrence users and started
9.10.1 Introduction
rolling out the services for the Government of India uses
in the brand name of “BharatVC”. More than 3 Lakh VC Digital India Corporation (DIC) is a not-for-profit company
meetings have been held on Bharat VC as on July 31, set up & promoted by the Ministry of Electronics and
2024. Information Technology (MeitY), Govt. of India. The
Company leads & guides in realising the vision, objectives
9.9.10 Centre of Entrepreneurship on Industry 4.0 at
and goals of the Digital India program. It provides strategic
Rashtriya ISPAT Nigam Ltd. - Visakhapatnam Steel
support to Ministries / Departments of Centre / States
Plant (RINL-VSP)
to carry forward the mission of Digital India by way of
The demand for Industry 4.0 products and solutions is capacity building for e-Governance projects, promoting
going to rise exponentially in the backdrop of growing best practices, encouraging Public-Private Partnerships
Industrial Automation. Strengthening domestic (PPP), nurturing innovations and technologies in various
capabilities of Industry 4.0 products & solutions will take domains.
the domestic industry up the value chain significantly by The company encompasses 7 Independent Business
way of an increase in products, patents & IPR. In order to Divisions (IBDs) viz. KIDIC Core or Technology
boost start-ups in these fields, a Centre of Excellence in Development & Deployment Division (TDDD), NeGD
the field of Industry 4.0 at RINL Visakhapatnam has been (National e-Governance Division), MyGov, MeitY Startup
established. It will nurture around 175 innovative startups Hub (MSH), India Semiconductor Mission (ISM), Digital
over a period of five years. India Bhashini Division (DIBD) and INDIAai.
The CoE facility includes an area of 6,000 Sq.ft. with the
9.10.2 DIC Core or Technology Development &
state-of-the-art incubation facility housed on the campus
Deployment Division
of RINL-VSP. This CoE has domain-specific physical
laboratories like IIoT, AI/ML & AR/VR and Industrial 9.10.2.1 Poshan Tracker
Automation, Robotics, Drone & 3D printing setup with
‘Poshan Tracker’ is a mobile-based application for
the required equipment and software in the domain
dynamic identification of stunting, wasting, and under-
to support the startups. So far, 10 startups have been
weight prevalence among children and last-mile tracking
onboarded, resulting in t"
EXP-CAND-0002,"Incentive (PLI) Scheme, the Semicon India Programme (SIP), the Scheme for Promotion of Manufacturing of Electronic",,,,,MeitY_Annual_Report_2025_26.pdf,14,3,True,True,True,False,HIGH_PRIORITY_REVIEW,,,,,,,,,,,PENDING,"Incentive (PLI) Scheme, the Semicon India Programme (SIP), the Scheme for Promotion of Manufacturing of Electronic
Components and Semiconductors (SPECS), and Electronics Manufacturing Clusters (EMC 2.0). Further, Electronics
Component Manufacturing Scheme (ECMS) was notified on 08th April 2025 to develop a robust electronics component
manufacturing ecosystem in India. These measures have significantly strengthened domestic manufacturing capacity.
As a result, the production of electronic goods increased from `6.41 lakh crore in FY 2021–22 to `11.32 lakh crore in FY
2024–25, registering a compound annual growth rate of 20.91 per cent. Electronics products now rank among India’s
top three export categories.
Within this broader manufacturing expansion, India has emerged as the world’s second-largest manufacturer of
mobile handsets by volume. To further consolidate its manufacturing ecosystem, the Government has taken decisive
steps towards building a diversified, resilient, and sustainable semiconductor and display manufacturing landscape. A
landmark milestone in India’s semiconductor journey was achieved with the launch of the first “Made in India” chips
from a pilot production line, laying the foundation for long-term self-reliance. Complementing domestic efforts, India
has entered into Memoranda of Understanding (MoU) with key global partners, including the United States, Japan, the
European Union, and Singapore, to strengthen resilient and diversified supply chains.
Alongside advances in hardware and manufacturing, India has made substantial progress in artificial intelligence by
facilitating broad-based access to AI infrastructure and resources. High-end AI compute capacity has been expanded
through infrastructure comprising over 38,000 GPUs, established in partnership with 14 cloud service providers. AIKosh,
the national AI dataset platform, has onboarded 3,011 datasets and 243 AI models from 39 organisations across 20
sectors, including agriculture, health, governance, urban infrastructure, and the environment. The release of the India AI
Governance Guidelines in November 2025 marked a significant step towards ensuring safe, responsible, and inclusive
AI development. India is also set to host the AI Impact Summit, centred on the theme “Welfare for All, Happiness of All”,
with a focus on democratising AI and addressing the priorities of the Global South.
These advances are underpinned by the rapid expansion of digital infrastructure, particularly data centres, which have
emerged as the backbone of India’s digital economy. Their growth is being driven by widespread digitalisation across
government and industry, increasing adoption of artificial intelligence, and growing reliance on cloud services. Supporting
this expansion, the Government Infrastructure Cloud (GI Cloud – MeghRaj) has reinforced India’s cloud ecosystem by
enabling optimal utilisation of IT infrastructure and accelerating the deployment of e-Governance applications, including
dig"
EXP-CAND-0008,Product Design Linked Incentive (DLI) of up to 50% of the eligible expenditure subject to a ceiling of `15 Crore,ATMP,Gujarat,15.0; 30.0; 22516.0,14 million units; 1500 WSPM,MeitY_Annual_Report_2025_26.pdf,92,3,True,True,True,False,HIGH_PRIORITY_REVIEW,,,,,,,,,,,PENDING,"Make in India
Fab and Semiconductor Assembly, Testing, Marking and Packaging (ATMP) / Outsourced Semiconductor
Assembly and Test (OSAT) facilities in India.
iv. Product Design Linked Incentive (DLI) of up to 50% of the eligible expenditure subject to a ceiling of `15 Crore
per application and also “Deployment Linked Incentive” of 6% to 4% of net sales turnover over 5 years subject to
a ceiling of `30 Crore per application for incentivizing chip design
Government has also approved the modernization of Semi-Conductor Laboratory, Mohali under the Programme.
3.3.9.1 India Semiconductor Mission (ISM):
India Semiconductor Mission (ISM) as an Independent Business Division under the Digital India Corporation, has been
nurturing India’s strategies for developing Semiconductors and display ecosystem focussed on the objectives namely-
• Promoting development of indigenous products/ technologies via suitable mechanisms/ infrastructure facilities
• Enabling cutting-edge research and development and curating pool of skilled manpower.
• Encouraging technology transfer by networking/ partnerships with national and international entities.
• Assisting in obtaining monetary support through requisite fund mechanisms/ grants schemes, etc.
• Facilitating adoption of secure microelectronics and developing a trusted semiconductor supply chain.
3.3.9.2 Modernization of Semi-Conductor Laboratory (SCL), Mohali
The Union Cabinet has also approved that Ministry of Electronics and Information Technology will take requisite steps
for modernization and commercialization of Semi-conductor Laboratory (SCL), Mohali. Semi-conductor Laboratory
(SCL), Mohali has been brought under the administrative control of Ministry of Electronics and Information Technology
from Department of Space
SCL is an Integrated Device Manufacturer which undertakes activities pertaining to design, development, fabrication,
assembly & packaging, testing and quality assurance of Silicon CMOS and MEMS Devices for various applications.
Presently, SCL has two wafer fabrication lines, i.e., 200 mm wafer line operating in 180nm CMOS technology and 150
mm wafer line for MEMS technology. SCL predominantly caters to low volume requirements for various applications.
Boston Consulting Group (BCG) has been engaged to provide consultancy services for the Modernization of Semi-
Conductor Laboratory, Mohali.
The primary focus of the modernization of SCL is the 8-inch 180nm CMOS fab-line with the following outlined objectives:
(i) Augment the capacity of the line to at least 1500 WSPM, build redundancy and improve operational performance
(ii) Enhance technological capability to support broader needs of government, academia and industry
(iii) Ensure operational continuity and improved customer commitment.
As part of its modernization, SCL published RFP and invited proposals to upgrade its chip manufacturing facilities.
Through this RFP, SCL intends to engage experienced Contractor(s) for augmentation and enhancement of the e"
EXP-CAND-0010,"mobility, computing, communications etc namely - DV2JS Innovation LLP, Vervesemi Microelectronics, Fermionic",,,,,MeitY_Annual_Report_2025_26.pdf,94,3,True,True,True,False,HIGH_PRIORITY_REVIEW,,,,,,,,,,,PENDING,"Make in India
• 100 start-ups and MSMEs companies have been approved for design infrastructure support under the DLI Scheme
made available by ChipIN Centre at C-DAC Bengaluru. Out of these, 24 applications have also been approved
for financial support for developing semiconductor chip/ SoCs for applications in sectors such as automotive,
mobility, computing, communications etc namely - DV2JS Innovation LLP, Vervesemi Microelectronics, Fermionic
Design, Morphing Machines, Calligo Technologies, Sensesemi Technologies, Saankhya Labs, Aryabhata Circuits
and Research Labs, BigEndian Semiconductors, C2i Semiconductors, Aheesa Digital Innovations, Mindgrove
Technologies, InCore Semiconductors, Netrasemi, Green PMU Semi, WiSig Networks, MosChip Technologies,
MbIt Wireless, Multi Nano Sense Technologies Pvt. Ltd., Sophrosyne Technologies Pvt. Ltd. MMRFIC Technology
Pvt. Ltd. and Incise Infotech Limited.
3.3.9.4 International Collaborations in the field of Semiconductors:
Becoming a self-sufficient chip manufacturing nation is a complex and multifaceted endeavour that depends on
various factors, including technological advancements, research and development (R&D), skilled labour, investment,
infrastructure development, policy support, and global market dynamics. Recognising the internationally integrated
nature of Semiconductor Industry, Government of India started engaging with other countries to establish a resilient
Semiconductor Supply Chain and Innovation Partnership.
• MoU with USA: Government of India had signed MoU with USA for establishing semiconductor supply chain
and innovation partnership under the framework of India-Unites States Commercial Dialogue to enhance bilateral
collaboration on opportunities to advance resilient semiconductor supply chains and leverage complementary
strengths.
• MoC with Japan: Government of India has also signed a Memorandum of Cooperation (MoC) with Government
of Japan for “Semiconductor Supply Chain Partnership” to strengthen cooperation between Japan and India
towards the enhancement of semiconductor supply chain.
• MoU with European Union: Government of India has signed an MoU with EU, to deepen cooperation on
semiconductor ecosystem, its supply chains and innovation and leverage complementary strengths by exchanging
best practices w.th regard to their respective semiconductor strategies and programs.
• MoU with Singapore: Government of India has signed an MoU with Singapore to establish the “India-Singapore
Semiconductor Ecosystem Policy Dialogue,” aimed at enhancing cooperation in semiconductor supply chains,
R&D, business partnerships, and workforce development, while promoting joint initiatives to boost resilience and
growth in the semiconductor industry.
• MoU with Netherlands: A Memorandum of Understanding between Ministry of Electronics & Information
Technology, Government of the Republic of India and Ministry of Economic Affairs of the Netherlands and
the Ministry of Foreign Affairs of the Kingdom of the"
EXP-CAND-0011,• Reopening of the EDA tool access window under the Design Linked Incentive (DLI) scheme,Semiconductor Manufacturing,Karnataka; Odisha,,,MeitY_Annual_Report_2025_26.pdf,96,3,True,True,True,False,HIGH_PRIORITY_REVIEW,,,,,,,,,,,PENDING,"Make in India
The key announcements that were made during the event are:
• Reopening of the EDA tool access window under the Design Linked Incentive (DLI) scheme.
• Selection of 30 semi-finalists under the Digital India RISC-V Grand Challenge.
• GlobalFoundries’ support for DLI-approved companies through the India Foundry Connect program.
• Collaboration between ChipIN Center and Odisha’s O-Chip program to boost fabless design in the state.
• Moschip Technologies unveiled the roadmap for the indigenous VIDYUT chip for smart energy meters.
• NetraSemi and PRAMA India announced a partnership to integrate indigenous chips into CCTV surveillance
devices.
• C-DAC signed MOUs with international partners to advance cryogenic chip design and hybrid quantum computing
capabilities.
3.3.9.7 Employment
The semiconductor manufacturing facilities will generate direct employment of more than 25 thousand advanced
technology jobs and about 60 thousand indirect jobs.
3.3.9.8 R&D Road map
• Applied Materials Inc. (AMAT) has announced a planned investment of $400 Mn to establish Collaborative
Engineering Centre in Bangalore. During the initial 5 years. the center would support $2Bn+ of spending and
create ~500 advanced engineering jobs. This initiative will facilitate R&D collaboration amongst R&D team of
Applied Materials, Indian academic institutions and R&D team of vendors of Applied Materials. This will also help
in development and sourcing of components/sub-assemblies required for the AMAT’s semiconductor equipment.
• Advanced Micro Devices: Advanced Micro Device (AMD) announced plan to invest approximately $400 Million
over the next five years to expand Research, Development and Engineering Operations in India. The planned
investment includes a new AMD campus in Bangalore, Karnataka that will serve as the company’s largest design
center, as well as the addition of approximately 3,000 new engineering roles by the end of 2028. AMD committed
to an investment of $73Mn for Year 2024 and $32Mn for Year 2025 as a part of $400Mn investment. It has hired
980 Engineers, including 22% women.
• Microchip: Microchip Technology announced a $300 million investment plan to expand its operations in India. To
strengthen its presence in India, the company has inaugurated a new research and development (R&D) facility
at One Golden Mile Office Tower in Hyderabad. This 168,000-square-foot center, which has a capacity for 1,000
employees, joins Microchip’s existing developments in Bengaluru and Chennai. Microchip has added more than
94 RAnnEuaPl ORT Ministry of Electronics & Information Technology, Government of India
2025-2026"
EXP-CAND-0012,• Applied Materials Inc,Packaging,Karnataka,,,MeitY_Annual_Report_2025_26.pdf,97,3,True,True,True,False,HIGH_PRIORITY_REVIEW,,,,,,,,,,,PENDING,"Make in India
200 engineers to the workforce. The Phase II office of Microchip is underway to add more than 1200 engineers in
Chennai.
MoU with Singapore: Government of India has recently signed an MoU with Singapore to establish an “India-Singapore
Semiconductor Ecosystem Policy Dialogue”. The Policy Dialogue will be used as a platform to:
• Discuss semiconductor supply chain related issues;
• Exchange best practices to leverage opportunities for growth in the global semiconductor industry;
• Explore areas for mutually beneficial semiconductor R&D collaboration;
• Encourage collaboration between Singapore-based and India-based companies towards mutually beneficial
semiconductor related business opportunities and partnerships;
• Consider initiatives to enhance semiconductor supply chain resilience, based on areas of mutual strength such as
fabs, packaging, design, equipment, specialty chemicals and gases, semiconductor grade materials; and
• Promote Industrial Parks and workforce development for mutual benefit
3.3.9.8 R&D Road map
• Applied Materials Inc. (AMAT) has announced a planned investment of $400 Mn to establish Collaborative
Engineering Centre in Bangalore. During the initial 5 years. the center would support $2Bn+ of spending and
create ~500 advanced engineering jobs. This initiative will facilitate R&D collaboration amongst R&D team of
Applied Materials, Indian academic institutions and R&D team of vendors of Applied Materials. This will also help
in development and sourcing of components/sub-assemblies required for the AMAT’s semiconductor equipment.
• Advanced Micro Devices: Advanced Micro Device (AMD) announced plan to invest approximately $400 Million
over the next five years to expand Research, Development and Engineering Operations in India. The planned
investment includes a new AMD campus in Bangalore, Karnataka that will serve as the company’s largest design
center, as well as the addition of approximately 3,000 new engineering roles by the end of 2028. AMD committed
to an investment of $73Mn for Year 2024 and $32Mn for Year 2025 as a part of $400Mn investment. It has hired
980 Engineers, including 22% women.
• Microchip: Microchip Technology announced a $300 million investment plan to expand its operations in India. To
strengthen its presence in India, the company has inaugurated a new research and development (R&D) facility
at One Golden Mile Office Tower in Hyderabad. This 168,000-square-foot center, which has a capacity for 1,000
employees, joins Microchip’s existing developments in Bengaluru and Chennai. Microchip has added more than
200 engineers to the workforce. The Phase II office of Microchip is underway to add more than 1200 engineers in
Chennai.
3.3.10 Investment Promotion to Attract Investment in ESDM Sector
3.3.10.1 Promotion of ECMS, PLI, SPECS, EMC 2.0 and Schemes for Development of Semiconductors and
Display Manufacturing Ecosystem in India
To boost investment in India’s Electronics System Design and Manufactur"
EXP-CAND-0014,has been incubated recently for the product Educational,Semiconductor Fab,Delhi,10.0; 10.79; 13.08; 35.32; 41.6; 60.0; 83.08; 300.0,,MeitY_Annual_Report_2025_26.pdf,103,3,True,True,True,False,HIGH_PRIORITY_REVIEW,,,,,,,,,,,PENDING,"Make in India
The technology has been transferred to M/s SPMCIL and got ordered of more than ` 300 crore from Delhi Excise
Department etc. The other startup M/s Likhotronics Pvt. Ltd. has been incubated recently for the product Educational
Kits using special inks. In addition, 5 technologies of the centre have been transferred to industries/start-ups for
commercialization. Several companies have invested in the centre for R&D, prototype & product developments etc.
The Centre is working closely with industries to meet their requirement in this thematic area and developed various
prototypes like Temperature Sensors for Milk Adulteration & Gas Sensors for Food Spoilage, Smart Label with tamper
evident tracking, OLED Display, Handheld Infrared Thermometer, Screen-printed sensor for Bilirubin detection in
Serum, Warm Hug/Heater Jackets, TFT Array, Sensor for Breast Cancer detection, Smart IV Bottle, Piano keyboard
on paper etc.
Based on achieving of targeted objectives & milestones successfully and steer the centre activities ahead, the Ministry
of Electronics & IT (MeitY) accorded approval to IIT-Kanpur on 24.11.2023 for initiation of Phase-II activity with a
project cost of ` 83.08 crore including Government Grant-in-aid of ` 60.00 crore from MeitY, ` 10.00 crore as industry
contribution and `13.08 crore from IIT-Kanpur. As on date, MeitY has released a Grant-in-aid of `10.79 crores to IIT-K
towards the Phase-II of the project. Under the Phase-II, prima-facie, the prototypes /technological applications in the
field of “Level & Packaging, Strategic and Healthcare sector (but not limited to)” has been considered to address the
technological requirement of the industry/organization in these sectors. The canter facility is available for industry / start-
ups / academia / MSME /other organizations for active collaboration. Under Phase-II, 30 patents have been filed. The
following 2 Technologies have been transferred to the industry.
Product /Technology Industry Sector Status
Sensa Core Medical Technology Licensed to M/s
Bilirubin Sensor Healthcare
Instrumentation Pvt. Ltd. Sensa Core
LFIA based strips for Technology Licensed to M/s
Prompt Equipment Pvt. Ltd. Milk Safety
detection of bovine mastitis PROMPT Equipment’s
Further, 8 industrial projects have been initiated with relevant stakeholders including industries as well as Govt.
organizations. Under the Phase-II, 7 prototypes have been developed including sustainable sensing platform for
electrochemical sensors using sugarcane skin having varied applications from biosensing to heavy metal detection
and Li ion-based technology (coin cell) having capacity of > 30 mAH and under field trial. A lab prototype of a pouch
cell battery with 350 mAH capacity has also been developed and demonstrated to provide home-grown technological
solution for LED lights and power pack applications.
3.3.12.2 Next Generation AMOLED Displays, OLED Lighting and OPV Products
The project “Next Generation AMOLED Displays, OLED Ligh"
EXP-CAND-0018,"reliance, and inclusive development",,,1.5,,MeitY_Annual_Report_2025_26.pdf,197,3,True,True,True,False,HIGH_PRIORITY_REVIEW,,,,,,,,,,,PENDING,"7
Skill India:
Capacity Building
CHAPTER
India’s digital transformation agenda, anchored in the Digital India programme and aligned with the vision of Viksit
Bharat 2047, places strong emphasis on building future-ready skills to power economic growth, technological self-
reliance, and inclusive development. The country’s focus areas include high-impact and emerging technologies such as
Artificial Intelligence (AI), semiconductors and chip design, drones, additive manufacturing (3D printing), cybersecurity,
cloud computing, Internet of Things (IoT), quantum technologies, and advanced electronics. These domains are critical
for strengthening India’s digital public infrastructure, boosting manufacturing and innovation ecosystems, enhancing
national security, and positioning India as a global hub for deep-tech research, design, and deployment. Capacity building
and skill development are therefore central enablers of Digital India initiatives, supporting both industry competitiveness
and citizen-centric digital empowerment across urban and rural India.
Capacity Building and Skill Development Scheme is to build a robust talent pipeline and institutional ecosystem that
supports high-tech industry growth, deep-tech innovation, and inclusive digital empowerment. The strategic objectives
include: bridging advanced skill gaps with structured training/ experiential learning initiatives; indigenous localization of
contents; democratizing access via digital platforms and regional hubs; promoting inclusive outreach to underserved
groups and geographies; aligning curricula with industry needs and embedding competency-based assessments;
fostering sustained multi-stakeholder partnerships; and strengthening research and innovation capacity through centres
of excellence and incubation support, thereby significantly expanding skilled manpower and widening digital access.
This is proposed to be achieved through skilling and capacity building initiatives to cover 1.5 crore learners by 2030, with
a targeted focus on ensuring 25% representation from Tier-II and Tier-III cities, including synergy and alignment with the
National Education Policy (NEP) 2020 and the National Skills Qualification Framework (NSQF).
The scheme is implemented through a coordinated, multi-tier approach to ensure scale, quality, and last mile reach.
Policy alignment is ensured through collaboration with MSDE, MoE, and NITI Aayog, with regulatory oversight by
NCVET, UGC, and AICTE. IIITs, NITs, and IISc anchor advanced training, applied research, curriculum development,
and Centres of Excellence, supported by industry and academic content partners. Programme delivery is led by the
Ministry’s autonomous bodies, NIELIT, C-DAC, ERNET India, Media Lab Asia, STQC and NIC for digital enablement
and quality assurance. Industry relevance is ensured through partnerships with Sector Skill Councils, particularly
NASSCOM SSC, to align standards, curricula, and employability outcomes and at the ground level is "
EXP-CAND-0019,"Key objectives include promoting awareness of cyber laws, enhancing data security, enabling",Semiconductor Fab,Bihar; West Bengal,250.0,,MeitY_Annual_Report_2025_26.pdf,201,3,True,True,True,False,HIGH_PRIORITY_REVIEW,,,,,,,,,,,PENDING,"Skill India:
utilizing advanced tools. Key objectives include promoting awareness of cyber laws, enhancing data security, enabling
efficient technology use in governance, building incident response capacity, fostering collaboration among stakeholders,
and bridging the digital divide in remote areas. The program also emphasizes public awareness, integrates a Learning
Management System (LMS), and develops a Virtual Training Environment (VTE) for hands-on cyber security training.
By December 2025, the Resource Centre’s have trained
8,714 Government Officials. The Awareness training
(6 hrs) has been completed, and the Basic training (20
hours) is currently ongoing. Additionally, cybersecurity
labs have been established in each Northeast (NE) state
capital (8 locations) and in 9 selected district locations
across NE states, making a total of 17 fully set-up labs.
The development of a Virtual Training Environment (VTE)
has been completed, and the Learning Management
System (LMS) is fully developed and live.
7.4.6 Finishing School Program on 3D Printing & Additive Manufacturing Technology for Engineering Students
of West Bengal and Bihar:
The Ministry of Electronics and Information Technology (MeitY) has approved the project titled “Finishing School
Program on 3D Printing & Additive Manufacturing Technology for Engineering Students of West Bengal and Bihar” for
a duration of 60 months, from 05.08.2024. The programme is being implemented to establish state-of-the-art Centres
of Excellence (CoEs) equipped with modern 3D printing and additive manufacturing facilities in selected engineering
colleges across West Bengal and Bihar. The primary objective of the project is to equip engineering students and
youth with industry-relevant theoretical knowledge and hands-on skills in emerging manufacturing technologies. The
programme focuses on bridging the industry–academia gap through practical modules, workshops, and boot-camp
programmes aligned with current and future industrial requirements.
By December 2025, 7 state-of-the-art Centres of Excellence (CoEs) have been established across West Bengal and
Bihar as regional hubs for training and innovation in 3D Printing and Additive Manufacturing Technology. These centres
are equipped with advanced 3D printing systems covering multiple technologies such as FDM, LDM, PolyJet, SLA, and
DMLS, along with post-processing facilities including Ultrasonic Cleaners, Water Jet systems, Agitation Tanks, and
Sintering Stations. Structured Light 3D Scanners have also been deployed to support reverse engineering applications.
1,360 students have successfully completed the training programme, while an additional 530 students are currently
undergoing training.
7.4.7 Chips to Startup (C2S) Programme
Chips to Start-up (C2S) Programme is an umbrella programme initiated by Ministry of Electronics and Information
Technology (MeitY) with an outlay of Rs. 250 Crore for 5 years in the year 2022 with an aim to generate 85,000 number
of indu"
EXP-CAND-0020,"17 Electronics & ICT Academy Scheme, Phase-II",Semiconductor Fab,,89.87,,MeitY_Annual_Report_2025_26.pdf,299,3,True,True,True,False,HIGH_PRIORITY_REVIEW,,,,,,,,,,,PENDING,"Attached Offices and Societies
Under the project, setting up of DIR-V based SoC and Embedded System Design Labs & the installation of Synopsys,
CADENCE and Mentor Graphics VLSI Design tools have been completed. Achievement as on 31.10.2024: -
• DIR-V SoC and Embedded Design Labs established – Completed
• High-Level Design Document developed jointly with NIT & IIIT Trichy – Completed
• DIR-V Processor architecture familiarization and RTL analysis – Completed
• Edge AI Processor micro-architecture and low-level design prepared with NIT & IIIT Trichy – Completed
• EEG, EMG, ECG, and EOG sensor interfacing with OpenBCI Cyton board – Completed
• ADS1299-based bio-signal acquisition board for ZYNQ using SPI communication – Completed
• Sub-blocks for RISC-V CDAC VEGA Processor developed; preliminary NPU verification – Completed
• Component procurement for analog front-end PCB (EEG, ECG, EMG, EOG) – Ongoing
• Pre-processing algorithm design and development – Ongoing
• SPI interfacing with ZYNQ UltraScale ZCU104 FPGA board – Completed
• 22 DRDO officials trained in PCB Design, Fabrication & Testing using C2S EDA tools – Completed
• Reviewing NPU RTL design and specifications to understand core functionality- Ongoing
9.8.3.16 Empowering Police Personnel and Government Officials of NE States through IT and Cyber Security
Training
Project is sponsored by MeitY vide Administrative Approval No L-14011/7/2023-HRD, dated 26-02-2024 with the
financial support of Rs. 2245.47 Lakhs over a period of three (3) years. The Project is being implemented by NIELIT
Kohima with the objective to train Police Personnel and Government Officials of NE States through IT and Cyber
Security Training through a comprehensive training program with setting up IT cum Security labs equipped with the
latest hardware and software at different police headquarters and selected districts in NE States. Under the project, a
total of 8,714 Police personnel & Govt. officials have been trained out of the assigned target of 18,660.
9.8.3.17 Electronics & ICT Academy Scheme, Phase-II
Project is sponsored by MeitY vide Administrative Approval No L-14011/1/2024-HRD, dated 26-04-2024 with the
financial support of Rs. 9468.82 Lakh over a period of five (5) years. The Project is being implemented by NIELIT
Aurangabad, NIELIT Calicut, NIELIT Gorakhpur along with 11 other institutes ( IITs, CDACs & NITs etc.). The objective
of the project is to conduct faculty/mentor training through specialized Faculty Development Programs (FDPs) with the
vision of MeitY by promoting emerging areas of technology and other high priority areas that are pillars of both, the
“Make in India” and the “Digital India” programmes in ITI/Polytechnic. The target of the NIELITs is to train 7500 faculties
& also to develop 60 Faculty Development Programs (FDPs) on emerging Technologies. A total of 3,029 faculties have
been trained .
9.8.3.18 Capacity Building for human resource development in Unmanned Aircraft System (Drone and relat"
EXP-CAND-0021,"Ministry of Electronics & Information Technology, Government of India RAnnEuaPl ORT 299",Semiconductor Fab,,18.04; 50.5,,MeitY_Annual_Report_2025_26.pdf,301,3,True,True,True,False,HIGH_PRIORITY_REVIEW,,,,,,,,,,,PENDING,"Attached Offices and Societies
9.8.3.24 Design and development of Ultrasonic transducer probes for medical imaging
Project is sponsored by MeitY vide administrative approval F. No. 1(3)/2019-ME&HI, dt-13.08.2021. The primary
objectives of the project is to Design of ultrasound probes, Development of piezoelectric Transducer, Development
of backing and matching Layers, Fabrication of transducer probes, Validation and clinical trials of developed Probes.
Achievement so far is as under:
• Design and development of Ultrasonic Probe Test jig – Completed
• Development of a test setup for testing the transducer probe elements (Open/Short test - capacitance based) and
develop GUI for displaying the test- Completed
• Testing and evaluation of the Ultrasound probe prototype developed by C-MET Trissur using the Research
platform available at NIELIT Calicut - The IEC and other testing of the developed probe is Under progress.
• Probe development completed.
• The IEC and other testing of the developed probe is Under progress.
• After the testing probe clinical trials to be completed.
9.8.3.25 Indigenous state-of-the-art FPGA- based ultrasound beam former modules for Affordable Ultrasound
scanners: A Proof-of-concept scanner development
Project has been approved by Ministry of Science & Technology Department of Biotechnology vide administrative
approval No BT/PR49659/MED/32/893/2023 Dated 21.03.2024. The primary objectives of the project proposal to VLSI
Architecture design for identified state-of-the-art algorithm, Design and implementation of Ultrasound Beamforming
Accelerator on FPGA and Verification of the implementation results. Achievement so far is as under:
• VLSI and system architecture designed for state-of-the-art ultrasound beamforming algorithms.
• FPGA emulation of ultrasound beamformer core completed with performance analysis and verification.
• CFB-DAS and DB-SAT beamforming architectures developed for XC7A100T and XCZU5EG (PYNQ-ZU)
FPGAs.
• CFB-DAS beamformer implemented and tested on XCZU5EG in two modes (real-time and precomputed
delay).
• Integration of CFB-DAS and DB-SAT beamformers with data acquisition setup – In progress.
• initiated by CMET Thrissur
9.8.3.26 Smart Bioinformatics Ecosystem:Leveraging AI and Cloud Technology for Innovation and Capacity
Building in Bioinformatics.
Project is sponsored by MeitY vide Administrative Approval L-14011/14/2025-HRD dated 19/08/2025 with Financial
Support of Rs. 18.04 Crore over a period of three (03) Years. Project has been Implemented by NIELIT, Guwahati with
a target to train 23430 candidates. Under the project, a total of 348 candidates have been trained.
9.8.3.27 SAMARTH - Students Advancing Mindsets in AI, Robotics, Technology, and Digital Hardware.
Project is sponsored by MeitY vide Administrative Approval L-14011/12/2025-HRD dated 01/09/2025 with Financial
Support of Rs. 50.50 Crore over a period of three (03) Years. Project has been Implemented by NIELIT, Kohima with a
target to train 15"
EXP-CAND-0022,• MoU with Kyndrl: NIELIT had already signed a MoU with Kyndryl Solutions Private Limited to run the joint,,Uttar Pradesh,5331.79; 860686.78,,MeitY_Annual_Report_2025_26.pdf,302,3,True,True,True,False,HIGH_PRIORITY_REVIEW,,,,,,,,,,,PENDING,"Attached Offices and Societies
9.8.4. Synergy through Collaborations and MoUs
• MoU with INSPIRA : NIELIT has signed an Memorandum of Association (MoA) with INSPIRA India on July 25,
2025 to bring NVIDIA’s Deep Learning Institute (DLI) courses to students & researchers. MoU was signed in the
presence of Dr. M. M. Tripathi, DG, NIELIT, Mr. Ganesh Mahabala, Director, NVIDIA, Sh. Vivek Harinarain (IAS),
Advisor, Inspira & others. This collaboration aims to empower India’s tech talent with industry-relevant AI & Deep
Learning education, boosting skill development and innovation. NIELIT and INSPIRA will shape the future of AI in
India together.
• MoU with Kyndrl: NIELIT had already signed a MoU with Kyndryl Solutions Private Limited to run the joint
Kyndryl-NIELIT Advanced Skilling Program in DevSecOps, designed to benefit the students from marginalized
communities. On 18th July 2025, Ms. Una Pulizzi, Global Head of Corporate Affairs, Kyndryl, visited NIELIT to
further strengthen the collaboration in capacity building. The visit also marked the successful certification of 113
candidates from the 1st batch of the DevSecOps course. The 2nd batch has been launched with 103 candidates
enrolled from across India.
• MoU with UP Madhyamik Shiksha Parishad (UPMSP): NIELIT signed MoU with UP Madhyamik Shiksha
Parishad (UPMSP) on 28th April, 2025 to skill Class 9 - 12 students through ‘O’ Level training across 757 Govt.
schools of Uttar Pradesh. As a outcome of the MoU, approximately 40,000+ students/year are expected to gain
expertise in emerging technology & build career pathways.
• MoU with Infineon Technologies: NIELIT has signed a MoU with Infineon Technologies on March 17, 2025
in the presence of Hon’ble Union Minister of State, Sh. Jitin Prasada to boost innovation & skill development in
semiconductors & embedded systems.
• MoU with with the Indian Institute of Drone Technology (IIDT): On 12th March, 2025, NIELIT has signed an
MoU with the Indian Institute of Drone Technology (IIDT) to drive skill development, training & innovation in drone
technology. Empowering students & professionals with cutting-edge expertise in the rapidly growing UAV sector.
9.9 Software Technology Parks of India (STPI)
9.9.1 Introduction
Software Technology Parks of India was set up in 1991 as an autonomous society under the Ministry of Electronics &
IT (MeitY), Government of India. STPI’s main objective has been the promotion of software exports from the country.
STPI acts as ‘single window’ in providing services to the software exporters. The services rendered by STPI have
been statutory services, High Speed Data Communication (HSDC) services, State-of-the-art Incubation services, Cyber
Security Service, Project Management & Consultancy services and IT Managed services/co-location services to the
satisfaction of the IT Industry. STPI has played a key developmental role in the promotion of software exports with
a special focus on SMEs and startup units. Apart from this, STPI is"
EXP-CAND-0044,,,,1000.0,,ISM_Approved_Projects_Feb2026.pdf,1,2,True,False,True,False,MEDIUM_PRIORITY_REVIEW,,,,,,,,,,,PENDING,"India Semiconductor Mission 2.0
A Major Push in Budget 2026 towards Semiconductor Self-Reliance
February 7, 2026
Key Takeaways
• Union Budget 2026–27 allocates ₹1,000 crore for India Semiconductor Mission (ISM)
2.0.
• As of December 2025, 10 ISM projects worth ₹1.60 lakh crore approved across six
states.
• India’s semiconductor market projected to reach $100–110 billion by 2030.
Introduction
The Union Budget 2026–27 marked a decisive moment for India’s technology ambitions with the
announcement of India Semiconductor Mission 2.0. The new phase signals a clear policy push to
deepen domestic semiconductor capabilities at a time when chips underpin every critical digital and
industrial system. ISM 2.0 will focus on producing semiconductor equipment and materials in India,
designing full stack Indian semiconductor intellectual property, and fortifying both domestic and global
supply chains. A provision of Rs. 1,000 crore has been made for ISM 2.0 for FY 2026–27, with a strong
emphasis on industry led research and training centres to drive technology development and create a
future ready skilled workforce."
EXP-CAND-0047,"appliances, industrial electronics, automobiles, telecommunications, aerospace, and power electronics",ATMP,,15.0; 1000.0; 8000.0,,ISM_Approved_Projects_Feb2026.pdf,4,2,True,False,True,False,MEDIUM_PRIORITY_REVIEW,,,,,,,,,,,PENDING,"These facilities are expected to meet the growing chip requirements of key sectors such as consumer
appliances, industrial electronics, automobiles, telecommunications, aerospace, and power electronics.
Notably, several approved proposals are leveraging indigenous technologies for the assembly, testing,
and packaging of semiconductor chips. This shift reflects India’s move towards deeper technological
capability and reduced dependence on external systems, strengthening its position in the global
semiconductor value chain.
Schemes under ISM
• Semiconductor Fabs Scheme: Provides up to 50 per cent fiscal support for setting up
semiconductor wafer fabrication units, covering advanced and mature technology nodes.
• Display Fabs Scheme: Offers up to 50 per cent financial support to establish AMOLED
and LCD display fabrication units in India.
• Compound Semiconductors and ATMP/OSAT Scheme: Supports compound
semiconductor and chip assembly, testing and packaging units with up to 50 per cent capital
assistance.
• Design Linked Incentive Scheme: With an outlay of ₹1,000 crore, supports chip design
startups and MSMEs through R&D support and incentives of up to ₹15 crore per company.
Anticipated Impact of Semiconductor Programme in 2026–27
India’s semiconductor programme has been recalibrated in response to intensifying global competition
and the concentration of advanced chip technologies among a limited number of players. Several
countries with established semiconductor ecosystems are offering aggressive incentives, making it
necessary for India to refine its approach. The modified programme therefore focuses on strengthening
financial support for investments across semiconductor manufacturing, display fabrication, and the
design ecosystem.
For 2026–27, the Modified Programme for Development of Semiconductor and Display Manufacturing
Ecosystem in India has a total financial outlay of ₹8,000 crore. The programme aims to accelerate
capital investment, generate high quality employment, and expand domestic capabilities across
fabrication, packaging, and chip design. The projected outcomes for the year are outlined below."
EXP-CAND-0048,Design Linked Incentive Scheme (Design Semiconductor IP cores to,ATMP,,4000.0; 11000.0,,ISM_Approved_Projects_Feb2026.pdf,5,2,True,False,True,False,MEDIUM_PRIORITY_REVIEW,,,,,,,,,,,PENDING,"Projected Targets under ISM for 2026–27:
Scheme Key Indicator Projected Target
Modified Scheme for Semiconductor
Investment during the year ₹4,000 crore
Fabs (Fabs to be Supported – 1)
Employment generated 1,500 persons
Modified Scheme for Compound
Semiconductors, Silicon Photonics,
Sensors, Discrete Fabs and Assembly,
Investment by units during
Testing, Marking, and Packaging ₹11,000 crore
the year
(ATMP)/ Outsourced Semiconductor
Assembly and Test (OSAT) (Units to be
Supported – 9)
Employment generated by
3,000 persons
supported units
Design Linked Incentive Scheme (Design Semiconductor IP cores to
10
companies to be supported – 30) be developed
Semiconductor design
200 persons
manpower employed
Together, these outcomes reflect a strong push towards scaling domestic manufacturing, deepening
design capabilities, and creating a skilled workforce to support India’s long term semiconductor
ambitions.
Why the India Semiconductor Mission Matters
Semiconductors have become critical to the functioning of modern economies. Though rarely visible in
everyday life, microprocessors quietly power systems that keep societies running. As highlighted in
the Economic Survey 2025–26, they form the backbone of energy networks, financial markets and
telecommunications. They enable manufacturing units, hospitals, transport systems and satellites. A
reliable supply of semiconductors is therefore essential for economic stability and continuity across
sectors.
Recent global disruptions have underscored this dependence. The COVID-19 pandemic exposed serious
weaknesses in semiconductor supply chains, with shortages affecting more than 169 industries
worldwide. Production delays and rising costs followed, slowing economic activity across countries.
These shocks revealed the risks of relying on a narrow set of suppliers. Today, the semiconductor
industry is dominated by a few countries, including Taiwan, South Korea, Japan, China and the United
States. Taiwan alone produces over 60 per cent of the world’s semiconductors and nearly 90 per cent of
the most advanced chips, leaving global supply chains vulnerable to external shocks and geopolitical
tensions."
EXP-CAND-0050,Advancing Indigenous Microprocessors and Core Semiconductor Technologies,Advanced Packaging,,,,ISM_Approved_Projects_Feb2026.pdf,7,2,True,False,True,False,MEDIUM_PRIORITY_REVIEW,,,,,,,,,,,PENDING,"Advancing Indigenous Microprocessors and Core Semiconductor Technologies
Microprocessors form the foundational layer of modern digital infrastructure, powering devices and
systems across telecommunications, mobility, healthcare, industry, defence, and space. Recognising
their strategic importance, India has made focused investments to build sovereign capabilities in
advanced processor design as a core pillar of semiconductor self-reliance.
A key milestone in this journey is the launch of DHRUV64, a fully indigenous 64-bit microprocessor
developed by C-DAC under the Microprocessor Development Programme (MDP). Built on modern
architectural principles, DHRUV64 delivers improved efficiency, multitasking capability, and
reliability, enabling its deployment across sectors such as 5G infrastructure, automotive electronics,
industrial automation, consumer devices, and the Internet of Things (IoT). Its development provides
India with a secure, homegrown processor platform, reducing long-term dependence on imported
chips—particularly significant given that India consumes nearly 20 per cent of global microprocessor
output.
DHRUV64 builds on a growing portfolio of indigenous processors, including SHAKTI, AJIT,
VIKRAM, and THEJAS, collectively forming the foundation of an Indian processor ecosystem.
Developed under the Digital India RISC-V (DIR-V) Programme, these processors leverage the open-
source RISC-V architecture, eliminating licence costs and enabling collaborative innovation across
academia, startups, and industry. The rollout of DHRUV64, alongside the ongoing development of
DHANUSH and DHANUSH+ System on Chips variants, strengthens India’s R&D ecosystem,
accelerates product prototyping, and expands opportunities for domestic design talent.
Together, these initiatives position microprocessors not merely as components, but as strategic enablers
of India’s digital sovereignty—supporting innovation, securing critical infrastructure, and anchoring
the country’s long-term ambitions in the global semiconductor value chain.
Development of Semiconductor Talent Pipeline
A strong semiconductor ecosystem depends as much on people as on infrastructure. India has therefore
adopted a comprehensive approach to build a large, skilled and industry ready talent base across design,
manufacturing and advanced packaging. The emphasis is on early exposure to chip technologies,
practical training, and continuous upskilling aligned with evolving industry requirements.
• Chips to Start up Programme: The Chips to Start up programme enables access to the latest
electronic design automation tools across 397 universities and startups. Using these tools, chip
designers from more than 46 universities have designed and fabricated 56 chips at the
Semiconductor Laboratory in Mohali.
• Academic Programmes under All India Council for Technical Education (AICTE):
Specialised academic programmes have been introduced to integrate semiconductor education
into mainstream engineering. These "
EXP-CAND-0025,"Shri Vishal Dev, Principal",,Odisha; Uttar Pradesh,3.88,,MeitY_Annual_Report_2024_25.pdf,44,2,True,False,True,False,MEDIUM_PRIORITY_REVIEW,,,,,,,,,,,PENDING,"Digital India
Achievements: semiconductor strategy and policy which envisions
making India a global hub for semiconductors.
As on 31st December 2024 the following is achieved
(ii) India AI Mission: Roundtable Discussion on
• 278.02 Cr Bulk SMS pushed
AI Innovate: Empowering Tomorrow’s Startups
• 226.83 Cr second of OBD
(August 27, 2024) held at the Vigyan Bhawan
• 3807.43 Cr emails Annexe Building (Committee Room A), on August
27, 2024. The roundtable was held to discuss
• 17.83 Cr. OTT services
challenges faced by AI start-ups and formulated
• 7074 Templates designed through crowd sourcing
effective policies.
• 8.06 Lakh e-greeting shared
(iii) State Consultation Workshop on Creating
Enabling Eco-System for Services in Tier 2 & 3
2.4.8 Awareness and Communication plan for Digital
Cities (August 31, 2024) hosted at Mayfair Lagoon,
India
Bhubaneswar. The workshop was participated
Awareness and Communication (A&C) is an integral by Shri Manoj Ahuja, Chief Secretary, Odisha;
component of the Digital India Programme. A&C performs Shri S Krishnan, Secretary, MeitY, Shri Abhishek
the crucial role of generating and raising the level of Singh, Additional Secretary, MeitY, Ms. Anu
awareness about Digital India, its schemes, initiatives Garg, Development Commissioner-cum-ACS,
and services amongst diverse stakeholders across the Government of Odisha; Shri Vishal Dev, Principal
country. The main objectives of A&C activities are: Secretary, Electronics and Information Technology
Department, Government of Odisha; and senior
(a) Expand visibility of Digital India
government officials from 24 States and Union
(b) Help citizens understand the benefits of Digital
Territories across India.
India.
(iv) RBI@90 (August 26 – 27, 2024) commemorating
(c) Facilitate demand creation for various services
90 years of the Reserve Bank of India (RBI),
leading to more adoption of services
‘Global Conference on Digital Public Infrastructure
(d) Create Awareness and wide publicity including and Emerging Technologies’ was organized by RBI
event based publicity etc., through various media- in Bangalore from August 26 – 27, 2024. NeGD on
social media, radio, TV, print, outdoor media & behalf of MeitY participated in the exhibition and
activities around Government of India Schemes set up stalls showcasing DigiLocker, Entity Locker
and Digital India services. and UMANG.
(e) Inform, Educate, Communicate & Sensitize citizens (v) Various Social meida Coverages
about usage & benefits of services & schemes.
2.4.9 Modernization/Digitalisation of Nagaland Fire
(f) Expand reach of Digital India programme globally
& Emergency-Management System (NFES-MS)
(g) Establish the brand “Digital India” by way of effective
A pilot project being implemented by Directorate of Fire &
branding exercise across various platforms- Mass
Emergency Services, Govt. of Nagaland, with estimated
Media, Social Media, Rural Outreach etc.
outlay of Rs. 3.88 crore for a period of 30 months, has
Some of the major events or"
EXP-CAND-0026,"Electronics Manufacturing, Scheme for Promotion",,,189934.0; 241157.0; 620752.0; 727664.0,,MeitY_Annual_Report_2024_25.pdf,68,2,True,False,True,False,MEDIUM_PRIORITY_REVIEW,,,,,,,,,,,PENDING,"Make in India
Electronics Manufacturing, Scheme for Promotion
FY22-23 FY22- FY23-24 FY23-
of manufacturing of Electronic Components
Product Segment (USD 23 (INR (USD 24 (INR
and Semiconductors (SPECS) and Electronics Bn) Crore) Bn) Crore)
Manufacturing Clusters (EMC 2.0) Scheme.
Mobile Phones 44 3,50,000 51 4,22,000
3.2 Growth of Electronics Sector
IT Hardware 4.5 37,291 5 41,395
(Laptops, Tablets)
Indian electronic manufacturing industry has undergone
major transformation in the last couple of years with the Consumer 12 99,442 13 1,07,627
host of initiatives and reforms. The government has taken Electronics
(TV, Audio,
several initiatives to promote electronics manufacturing
Accessories)
and as a result, the domestic production of electronic
Strategic 4.75 39,363 5.5 45,534
goods has increased substantially from INR 5.54 lakh
Electronics
crore (~USD 76 Bn) in FY 2020-21 to INR 9.52 lakh crore
in FY 2023-24 (~USD 115 Bn), growing at a Compound Industrial 12 99,442 12.5 1,03,487
Electronics
Annual Growth Rate (CAGR) of 19.78%. The key drivers
of growth are the large domestic market, and availability Wearables & 1.25 10,359 2.5 20,697
of skilled talent and low-cost labour. Hearables
Auto Electronics 7.5 62,151 8 66,378
Production, Imports and Exports
LED Lighting 3 24,861 3.5 28,976
The production, imports and exports of electronic goods
for previous 3 years are presented below: Telecom 2 16,574 3.5 28,976
Equipment
(Values in ` crore)
Electronic 10 82,868 10.5 86,929
2021-22 2022-23 2023-24 Components
Electronics 101 8,22,350 115 9,52,000
9,52,000 Manufacturing
Production* 6,40,810 8,25,000
Source: Industry Associations
7,27,664 Note: Medical Equipment and other Equipment having
Imports** 5,49,713 6,20,752
electronic content have not been taken into consideration.
As per DGCI&S data, import of electronic goods has
2,41,157
Exports** 1,16,895 1,89,934
increased from ` 6,20,752 crore in FY 2022-23 to `
727,664 crore in FY 2023-24. It is seen that the growth
*Source: MeitY Annual Report, Industry Association for
rate of imports of finished goods have declined and
FY2023-24
that of electronic components have grown up indicating
**Source: Directorate General of Commercial Intelligence and
the need to set up of manufacturing units of electronic
Statistics (DGCI&S)
components in the country.
•CAGR for Production from FY21-22 to FY23-24: 21.89%
As per the data provided by DGCI&S, the export of
•CAGR for Imports from FY21-22 to FY23-24: 15.05%
electronic goods has increased from ` 1,89,934 crore
•CAGR for Exports from FY21-22 to FY23-24: 43.63%
in FY 2022-23 to ` 2,41,157 crore in FY 2023-24. The
Electronics manufacturing sector has several verticals
government has taken several measures for the growth
in terms of its constituents. The production profile of the
of the exports of electronics hardware sector. Special
electronics sector for FY 2022-23 and FY 2023-24, based
Economic Zones (SEZs) are set up to enable hassle-
on the information provided by Indus"
EXP-CAND-0027,with the objective of progressively increasing the,ATMP,,,,MeitY_Annual_Report_2024_25.pdf,69,2,True,False,True,False,MEDIUM_PRIORITY_REVIEW,,,,,,,,,,,PENDING,"Make in India
a. Mobile Phones: India has emerged as the design and Semiconductor Design being done in
2nd largest manufacturer of mobile handsets in the country.
the world in volume terms. Over 260 units are
Emerging domains of AI, ML, IOT are becoming
manufacturing cellular mobile phones and parts/
the new driving forces behind the growth of ICT
components thereof in the country. Production of
hardware segment. These domains require the
mobile phones stood at INR 4.22 lakh crore (~USD
design of specialized Semiconductors, Sensors
51 billion) in FY23-24 as per industry association
and Servers for which India has the capability.
reports. The export of mobile phones stands at
Another emerging domain in ICT hardware is the
approx. INR 1.29 lakh crore (~USD 16 Bn) for FY
Large-Scale Data Centres. India with its technical
2023-24.
prowess, cheap labour, large pool of manpower,
MeitY had introduced the Phased Manufacturing
and English as the working language, has the
Programme (PMP) for cellular mobile handsets
opportunity to lead the world in all these domains.
and related sub-assemblies/ parts manufacturing
c. Electronic Components: The global market
with the objective of progressively increasing the
for electronic components is expected to grow.
domestic value addition for establishment of a
Following this global trend, the Indian electronic
robust cellular mobile handsets manufacturing eco-
components market is also poised to grow
system. As a result of implementation of the PMP
significantly. Mobile Phones, Consumer Electronics
and other Schemes/ Programmes of Government
and Industrial Electronics account for the major
of India, now almost entire demand of cellular
demand (82%) for electronic components in India.
mobile handsets is being met from domestic
GoI launched the Scheme for Promotion of
manufacturing.
Manufacturing of Electronic Components and
b. Information & Communication Technology (ICT)
Semiconductors (SPECS) (notified vide Gazette
Hardware: The first application of electronics was
Notification No.CG-DL-E-01042020-218992 dated
in the domain of communication and computing. April 01, 2020). This scheme provides financial
With the emergence of integrated circuit, the world incentive of 25% on capital expenditure for the
saw the advent of the digital computer era, and with identified list of electronic goods that comprise
the advent of microprocessor in the 1970’s, the downstream value chain of electronic products, i.e.,
world saw an exponential growth of the Information electronic components, ATMP units, specialized
and Communication Technology (ICT) industry. sub-assemblies and capital goods for manufacture
Its strategic importance is such that countries of aforesaid goods. Apart from SPECS, the other
across the world have declared it as an essential policies of Government that boost the production
commodity. With its pool of technical manpower of electronic components include rationalization of
and proven capability as a design center"
EXP-CAND-0028,"2020, the Scheme provides financial incentive of wafer fabrication facilities in the country to",ATMP,,522.17; 9481.56; 20000.0; 22081.0; 25571.59; 76000.0,,MeitY_Annual_Report_2024_25.pdf,77,2,True,False,True,False,MEDIUM_PRIORITY_REVIEW,,,,,,,,,,,PENDING,"Make in India
crore, total investment of ` 522.17 crore and total schemes have been notified under the Semicon
employment of 3,879. India Programme: -
7. Scheme for Promotion of Manufacturing of 8.1 Modified Scheme for setting up Semiconductor
Electronic Components and Semiconductors Fabs in India
(SPECS) •
The scheme is aimed at attracting large
Notified vide Gazette Notification dated April 01, investments for setting up semiconductor
2020, the Scheme provides financial incentive of wafer fabrication facilities in the country to
25% on capital expenditure for the identified list strengthen the electronics manufacturing
of electronic goods that comprise downstream ecosystem and help establish a trusted val-
value chain of electronic products, i.e., electronic ue chain.
components, semiconductor/ display fabrication •
The Scheme extends a fiscal support of 50%
units, ATMP units, specialized sub-assemblies
of the project cost across the technologyn-
and capital goods for manufacture of aforesaid
odes for setting up of Silicon based Semi-
goods. The scheme promotes development of
conductor Fabs in India.
electronic components manufacturing ecosystem
The fiscal support under the scheme shall be
in the country and deepening of electronics value
provided on pari-passu basis for a period of six
chain and is expected to bring new investments to
years from the date of approval.
the tune of ` 20,000 crore with total employment
generation potential (Direct and Indirect) of 8.2 Modified Scheme for setting up of Display Fabs
6,00,000. The scheme is closed to receive new in India
applications on 31.03.2024.
The scheme is aimed at attracting large investments
Progress under the scheme till December, 2024 for manufacturing TFT LCD or AMOLED based
as per latest Quarterly Progress Report display panels in the country to strengthen
the electronics manufacturing ecosystem. The
58 applications have been approved with total
Scheme extends fiscal support of 50% of Project
proposed investment of Rs.22,081 crore. As per
Cost for setting up of Display Fabs in India. The
the Quarterly Progress report submitted by the
fiscal support under the scheme shall be provided
applicant total investment done by the approved
on pari-passu basis for a period of six years from
applications is ` 9,481.56 crore. Total production
the date of approval.
done by the approved applications is ` 25,571.59
crore. Total employment generated by the 8.3 Modified Scheme for setting up of Compound
approved applications is 39,092 persons. Semiconductors / Silicon Photonics / Sensors Fab/
Discrete Semiconductors Fab and Semiconductor
8. Modified Programme for Development of
Assembly, Testing, Marking and Packaging
Semiconductors and Display Manufacturing
(ATMP) / OSAT facilities in India
Ecosystem in India
The scheme extends a fiscal support of 50%
In furtherance of the vision of AatmaNirbhar Bharat
of the Capital Expenditure for setting up of
and positioning India as the global hub for ESDM,
Compound "
EXP-CAND-0031,in semiconductors and electronics,,Delhi,,,MeitY_Annual_Report_2024_25.pdf,81,2,True,False,True,False,MEDIUM_PRIORITY_REVIEW,,,,,,,,,,,PENDING,"Make in India
With over 263 exhibitors and 45,000 in-person International Collaborations and Business Delegation
attendees, it established itself as one of Southeast Visits
Asia’s premier platforms for showcasing advancements
A Taiwan Electrical and Electronic Manufacturers’
in semiconductors and electronics. Representatives
Association (TEEMA) delegation called-on Secretary on
from Applied Materials, Cadence, CG Power, KLA, Lam
8th August, 2024. The discussions during the meeting
Research, Micron, NXP, Renesas, TATA Electronics,
focused on the way forward for India-Taiwan collaboration,
Tokyo Electron, SiLT, KAS Technologies, Western
fostering innovation and support technological growth in
Digital, DISCO, Merck, Jacobs, and many other industry
the electronics sector.
leaders attended the event.
MeitY officials held discussion with delegation from
Foxconn led by Dr. Young Liu, Chairman, Foxconn about
Foxconn’s plan for development of electronics ecosystem
including Semiconductors in India on 14th August, 2024.
3.4.3 Outreach Activities for Shifting Global Value
Chain
As part of MeitY’s ongoing outreach efforts, several
interactions were organized with industry stakeholders
to raise awareness about the PLI Scheme 2.0 for IT
Hardware. These engagements aimed to encourage
companies to localize their manufacturing processes
in alignment with the newly introduced scheme, with a
focus on boosting domestic production and creating
employment opportunities within the IT hardware
sector. Meetings with the applicants of PLI Scheme
(IT Hardware & LSEM) to discuss investment plans,
progress and challenges were conducted time to time by
senior officials of MeitY
• 3rd India-Taiwan CEOs Roundtable Meeting & 2024
India-Taiwan Industrial Collaboration Summit was
held along with FICCI in partnership with TAITRA,
TEEMA & CNFI at New Delhi. Joint Secretary
(Electronics) Shri Sushil Pal addressed the session
wherein he highlighted that the global winds of
trade dynamics present an opportune window for
leapfrogging India-Taiwan industrial partnership
to the next level.
Annual
Ministry of Electronics & Information Technology REPORT 79
2024-2025"
EXP-CAND-0033,Semiconductor Order has been migrated to BIS Act 2016 as “Electronics,,,,,MeitY_Annual_Report_2024_25.pdf,84,2,True,False,True,False,MEDIUM_PRIORITY_REVIEW,,,,,,,,,,,PENDING,"Make in India
in Semiconductor design and Manufacturing domain. 2012” was notified on 3rd October, 2012 under the
Curriculums at Diploma, UG and PG level have been Compulsory Registration Scheme notified by Bureau of
adopted by more than 625 colleges and institutes with Indian Standards (BIS) under the ambit of the BIS Act,
approved intake of 16,307 students. These courses at 1986, to ensure the safety of Indian consumers and
Diploma and UG level will drastically reduce the time curb the inflow of substandard electronic products. The
gap to make students industry ready. Semiconductor Order has been migrated to BIS Act 2016 as “Electronics
design and technology specific curriculums in Diploma and Information Technology Goods (Requirement of
and Engineering, have been designed according to
Compulsory Registration) Order, 2021”. The Order
Semiconductor industry needs.
necessitates creation of an institutional mechanism
ISM has signed an MoU with Purdue University, to for developing and mandating standards and
enable collaboration for development of skilled workforce certification for electronic products to strengthen
(through curation of specific courses/ academic Conformity Assessment infrastructure nationwide. As
programs), specialized R&D programs, collaboration for per the provisions of the Order, before manufacturing,
funding/ grants support. import, sale, stock etc of the products notified under
the schedule of the Order, the products need to be
Lam Research, USA, Semiconductor Equipment
registered with BIS based on testing of the notified
Manufacture has announced to train 60,000 workforce
product at BIS recognized laboratories as per the Indian
in the next 10 years through its Semiverse Solution
Standards. The registration is granted to a manufacturer
virtual platform in collaboration with Indian academic
institutions, aiming to expedite India’s semiconductor for manufacturing a product at a particular location.
education and workforce development goals.
The Compulsory Registration Scheme has resulted in
high compliance of notified electronic goods to Indian
3.4.7 R&D Road map
safety standards and more than 45,000 registrations have
Applied Materials Inc. (AMAT) has announced a planned been granted by BIS to manufacturing units covering
investment of $400 Mn to establish Collaborative approximately 4,00,000 products models/series.
Engineering Centre in Bangalore. During the initial 5
Public Procurement (Preference to Make in India)
years. the center would support $2Bn+ of spending and
Order 2017
create ~500 advanced engineering jobs. This initiative
will facilitate R&D collaboration amongst R&D team of Government has issued Public Procurement (Preference
Applied Materials, Indian academic institutions and to Make in India) [PPP-MII] Order 2017 vide the
R&D team of vendors of Applied Materials. This will Department for Promotion of Industry and Internal
also help in development and sourcing of components/ Trade (DPIIT) Order No. P-45021/2/201"
EXP-CAND-0035,Minister of Electronics and Information Technology,,,,,MeitY_Annual_Report_2024_25.pdf,90,2,True,False,True,False,MEDIUM_PRIORITY_REVIEW,,,,,,,,,,,PENDING,"International Cooperation
of IT professionals, representing these issues at global of Digital Identity, Data access and data sharing, Infor-
forums. mation Integrity and Trust, and AI for good and for all.
Through these efforts, MeitY aims to strengthen India’s WEF’s Annual Meeting 2024: The 54th World Economic
position as a key player in the global digital economy, Forum (WEF) Annual Meeting held in Davos, Switzerland,
promoting its ICT capabilities while ensuring that the from January 15-19, 2024, provided a significant platform
country’s interests and expertise are well-reflected in for India to showcase its digital initiatives and strengthen
international collaborations. global partnerships in the technology sector. The Hon’ble
Minister of Electronics and Information Technology
4.2 Multilateral Cooperation
was part of the Indian government delegation and
To protect its national interests and advance its digital actively participated in various sessions and roundtable
transformation on the global stage, MeitY has been discussions with global political and business leaders.
actively engaging with various multilateral forums. The Minister emphasized India’s strategic focus on
These efforts involve collaboration, negotiations, and driving economic growth through investments in digital
addressing technical and policy challenges with key and physical infrastructure, semiconductor, electronics
international forums/organizations like the G20, G7, manufacturing, and inclusive development. The
BRICS, SCO, WTO, UN-ESCAP, BIMSTEC, World engagements included advancing India’s semiconductor
Bank, ADB, Commonwealth, IPU, ITU, ASEAN, SAARC, program, fostering AI development, and establishing
OECD, IPEF, QUAD, and others in the IT, software, and partnerships with various global firms. India’s leadership
electronics sectors. in building resilient supply chains and advancing Digital
Public Infrastructure (DPI) was prominently highlighted
India’s participation in various international forums
during the WEF sessions.
highlights its commitment to driving digital progress and
fostering partnerships with global stakeholders. Through The 3rd Voice of Global South Summit (VOGSS 3.O):
these forums, India showcases its achievements, The 3rd Voice of Global South Summit (VOGSS 3.O)
explores opportunities for collaboration, and strengthens was convened virtually on August 17, 2024, with the
its influence in shaping the global digital economy. overarching theme, “An Empowered Global South for a
Sustainable Future”, to deliberate on the Global South’s
4.3 Key Achievements
priorities and the solutions that could emerge from
Brazil’s G20 Presidency 2024: MeitY represented
partner countries in the developing world. It also served
India in the G20 Digital Economy Working Group and
as a platform to discuss ideas and solutions from the
Ministerial meetings under the Brazilian Presidency
Global South on various developmental priorities.
in 2024 to discuss four priority areas i.e. "
EXP-CAND-0039,"to leverage 40 start-ups over the period of 5 with Electronics & IT Dept, Govt",,Odisha; Delhi,,,MeitY_Annual_Report_2024_25.pdf,145,2,True,False,True,False,MEDIUM_PRIORITY_REVIEW,,,,,,,,,,,PENDING,"Innovate and Design in India
Odisha, IIIT Bhubaneswar and IESA. It aims 4.0 in Odisha. EmTeK CoE is being setup
to leverage 40 start-ups over the period of 5 with Electronics & IT Dept, Govt. of Odisha,
years. This eco-system is necessary to de- MeitY, STPI as funding partners, NALCO,
velop, promote, incubate, mentor and create SAIL-RSP, Maxbyte as industry partners.
breakthrough innovations towards develop- The EmTeK CoE aims to support 150 start-
ment of product and IP creation in the ESDM ups over a period of 5 years. Through this
sector. Through this CoE, 30+ startups sup- CoE, 10+ startups are in the process of on-
ported, 26+ products, 70+ PoC developed, boarding for incubation.
25+ IPR filed, 540+ employment, 8.5+ Crore
(vi) Centre of Excellence in Intellectual Prop-
revenue generated and 11+ Crore funding
erty (CoE-IP): A robust ICT-IPR ecosystem
raised by supported startups.
can help capitalize on the growth-enhancing
(iv) Centre of Excellence (CoE) on Medi-Elec- effects of innovation vis-à-vis ICT. MeitY
tronics & Health Informatics at Lucknow: recognizes the importance of creating a con-
MeitY has initiated a Centre of Excellence ducive framework for IPR protection and has
(CoE) on Medi-Electronics & Health Infor- unleashed a slew of initiatives over the years
matics at Lucknow to stimulate the estab- to protect intellectual assets emanating from
lishment and growth of technology-based our country. CoE-IP forms the fulcrum of all
start-ups in the field of medical electronics MeitY IPR initiatives. It was setup essentially
and health informatics by providing the nec- to support independent inventor community,
essary infrastructure, mentoring, marketing, academicians, MeitY societies, SMEs and
funding and eco-system required for their startups with a clutch of IP related services.
success and growth. The Medi-Electronics CoE-IP offers a gamut of IPR related ser-
& Health Informatics CoE is being setup at vices like IPR queries Prior Art searches,
SGPGI, Lucknow with Department of IT and Patent filing assistance, invention analysis,
Electronics, UP Govt. as funding partner, Patent Landscape reports etc. especially
AiMED as industry partner, AMTZ as in- curated for ICT based innovators. These
dustry and seed funding partner and Kalam service along with handling IPR queries and
Institute of Health Technology as academic landscape reports is offered free of cost to
partner. The project aims to support 50 start- the user community.
ups over a period of 5 years. Through this • Theme based Incubation Centres: With an
CoE, 46+ startups supported, 17+ products,
aim to support the economic development of
32+ prototypes developed, 6+ IPR filed,
local region through supporting start-ups and
200+ employment, 2.16+ Crore revenue
businesses that will lead to creation of a more
generated and 2.97+ Crore funding raised
vibrant local entrepreneurial ecosystem, theme-
by supported startups.
based incubation centres under the aegis of MeitY
(v) Centre of Ex"
EXP-CAND-0041,"• One time support for 250 Candidates (50 Technologies, etc",,,481.93,,MeitY_Annual_Report_2024_25.pdf,174,2,True,False,True,False,MEDIUM_PRIORITY_REVIEW,,,,,,,,,,,PENDING,"Skill India
Visvesvaraya PhD Scheme Phase-II Status of Phase-II of the Scheme:
Based on assessment of Phase-I, demand from the 1. 600 Full-time & 90 Part-time PhD seats allocated
institutions and role of such scheme in strengthening to 116 institutions
research eco-system, Phase-II of Visvesvaraya PhD 2. 492 Full-time and 20 Part-time enrolments reported
Scheme, was initiated with an outlay of `481.93 Crore for in 96 and 21 institutions respectively
9 years w.e.f. Academic Year 2022-23. Salient features
3. Finalization of 75 PDF & 30 YFRF awards underway
of the scheme are:
4. One workshop for review of research work of PhD
• 1000 Full-time PhD seats in the areas of ESDM &
scholars held at IIT Mandi in September, 2024
IT/ITES.
5. Research undertaken in emerging research
• Current monthly rates under the scheme: `38,750/-
areas viz. AI, Big Data, Blockchain, 6G & 5G
(1st & 2nd Year), then `43,750/-.
Communications, Semiconductor Design, Cyber
• 225 Post-Doctoral Fellowships. Security, Green and Sustainable ICT, Quantum
• One time support for 250 Candidates (50 Technologies, etc.
candidates/year) for 6 months Visit to Labs Abroad.
7.2 Graduate level
• Support for International Conference up to `1.5
Scheme of Financial Assistance for setting up of
Lakh.
Electronics and ICT Academies
• Contingency Research Grant @ `1.20 Lakh/year
MeitY has setup seven (07) Electronics and ICT
per Full Time PhD
Academies at premier and leading academic institutions
• 150 Part-time PhD seats & 50 “Young Faculty
viz. (i) IIT Guwahati (ii) IIT Kanpur (iii) IIT Roorkee (iv)
Research Fellowships” to be awarded.
IIITDM Jabalpur (v) MNIT Jaipur (vi) NIT Warangal and
• One time award of `3.0 Lakh for Part Time PhD (vii) NIT Patna to address the requirement of training the
candidates after completion of PhD. faculty in the latest as well as upcoming/ emerging areas
of Electronics and ICT for Engineering and other streams.
• YFRF Fellowship & Contingency Grant @
These academies have been conducting the ‘Faculty
`20,000/- per month & `5 Lakh/year respectively
Development Programs’ (FDPs)/ courses in Conventional
up to 5 years.
Classroom mode, NKN mode, and online mode. Under
the scheme, a total of 3,47,867 beneficiaries have been
Financial Components under “Visvesvaraya PhD Scheme Phase-II
Annual
172 REPORT Ministry of Electronics & Information Technology
2024-2025"
EXP-CAND-0043,6 R&D in IT/Electronics/ CCBT 1249,ATMP,,,,MeitY_Annual_Report_2024_25.pdf,281,2,True,False,True,False,MEDIUM_PRIORITY_REVIEW,,,,,,,,,,,PENDING,"Annexure
Sl. Budgetary Support
Scheme/Non-Schemes
No. (Rupees in crore)
5.6 R&D in IT/Electronics/ CCBT 1249.75
5.7 Cyber Security Projects (NCCC & Others) 782.00
5.8 Promotion of Digital Transactions (excluding Digital Payments) 5.00
5.9 IndiaAI Mission 2000.00
6 Other Schemes 16000.00
6.1 Production Linked Incentive Scheme 9000.00
6.1.1 Production Linked Incentive for Large Scale Electronics Manufacturing 8885.00
6.1.2 Production Linked Incentive for IT Hardware 115.00
Modified Programme for Development of Semiconductor and Display Ecosystem in
6.2 7000.00
India
6.2.1 Modified Scheme for setting up of Compound Semiconductors/Silicon Photonics/ 3900.00
Sensors Fab/Discrete Semiconductors Fab and Semiconductor Assembly, Testing,
Marking and Packaging (ATMP)/Outsourced Semiconductor Assembly and Test
(OSAT) facilities in India
6.2.2 Modified Scheme for Setting up of Semiconductor Fabs in India 2499.96
6.2.3 Modified Scheme for setting up of Display Fabs in India 0.04
6.2.4 Modernisation of Semi-Conductor Laboratory, Mohali 400.00
6.2.5 Design Linked Incentive Scheme 200.00
Sub-Total (Scheme) 22071.00
Total (Scheme & Non-Scheme) 26026.25
Annual
Ministry of Electronics & Information Technology REPORT 279
2024-2025"
EXP-CAND-0001,1 Electronics Component Manufacturing Scheme (ECMS),,,,,MeitY_Annual_Report_2025_26.pdf,8,2,True,False,True,False,MEDIUM_PRIORITY_REVIEW,,,,,,,,,,,PENDING,"3.3 Schemes and programs
3.3.1 Electronics Component Manufacturing Scheme (ECMS)
3.3.2 Modified Special Incentive Package Scheme (M-SIPS)
3.3.3 Electronic Cluster Manufacturing (EMC) Schemes
3.3.4 Modified Electronics Manufacturing Clusters (EMC 2.0) Scheme
3.3.5 Electronics Development Fund (EDF)
3.3.6 Production Linked Incentive Scheme (PLI) for Large Scale
Electronics Manufacturing
3.3.7 PLI Scheme 2.0 for IT Hardware
3.3.8 Scheme for Promotion of Manufacturing of Electronic Components
and Semiconductors (SPECS)
3.3.9 Programme for Development of Semiconductors and Display
Manufacturing Ecosystem in India
3.3.10 Investment Promotion to Attract Investment in ESDM Sector
3.3.11 Other programs
3.3.12 Centre of Excellence in Electronics and ICT application
4. International Cooperation 103-110
4.1 Multilateral Cooperation
4.2 Key Achievements
4.3 Bilateral Cooperation
4.4 Major bilateral engagements
5. Innovate and Design in India 111-170
5.1 Artificial Intelligence & Emerging Technology
5.1.1 Promoting the Adoption of Cutting-edge Technologies to Create Significant Economic and
Societal Impact
5.1.2 Quantum Technology
5.2 Creation of Research Eco-System
5.2.1 National Supercomputing Mission (NSM) & High-Performance Computing (HPC)
5.2.2 R&D and IP Development
5.3 Translation R&D
5.3.1 Initiatives under Electronics Components and Material Development (EMDP)
5.3.2 Technology Development & Demonstration for Indian Industries
5.3.3 Initiatives under Microelectronics and Nanotechnology areas
6 RAnnEuaPl ORT Ministry of Electronics & Information Technology, Government of India
2025-2026"
EXP-CAND-0003,"74% of national income in 2022–23, valued at INR",Semiconductor Fab,,,,MeitY_Annual_Report_2025_26.pdf,54,2,True,False,True,False,MEDIUM_PRIORITY_REVIEW,,,,,,,,,,,PENDING,"Digital India
As part of the initial rollout, five exemplar Government of India websites were made live at the time of the DBIM launch to
demonstrate practical implementation of the framework and serve as reference models for Ministries and Departments.
Subsequently, as of date, six Ministry/Department websites have been successfully migrated and are live.
The harmonisation initiative is presently being accelerated with emphasis on DBIM 3.0 compliance, thereby progressively
realising the vision of a unified, accessible, citizen-first, and globally recognisable digital footprint for the Government
of India.
2.4.13 Digital Economy
2.4.13.1 Background: India’s Digital Economy
India’s digital economy has been expanding at an exceptional pace over the past decade, driven by rapid technological
adoption, progressive public digital infrastructure, the evolving dynamic innovation ecosystem etc. This transformation
has positioned India among one of the world’s leading digitalizing economies.
According to the latest estimates, the digital economy contributed 11.74% of national income in 2022–23, valued at INR
31.64 lakh crore (~USD 402 billion). Digital-enabling industries—ICT services, telecommunications, and electronics
manufacturing—form the largest component with 7.83% of GVA, while new digital industries such as platforms and
digital intermediaries contribute nearly 2%. Traditional sectors including BFSI, trade, and education add an additional
2% through their growing digital components, underscoring the deepening digitalisation of India’s economic landscape.
Employment in the digital economy stood at 14.67 million workers (2.55% of the workforce) in 2022–23, with productivity
nearly five times higher than the rest of the economy. Projections indicate that the digital economy will grow almost
twice as fast as overall GDP and is expected to reach around 20% of national income by 2030.
India’s digital transformation is accelerated by strong progress in Artificial Intelligence (AI) ecosystem, with vast
applications across governance, agriculture, healthcare, mobility, and finance. The semiconductor and electronics
ecosystem continue to strengthen through new investments in fabrication, assembly and testing, semiconductor design,
and production-linked incentive schemes. These developments support domestic manufacturing and meet growing
demand from strategic sectors such as telecom, EVs, cloud, and IoT systems. Global Capability Centres (GCCs) have
also emerged as a key pillar of India’s digital and innovation landscape, with global enterprises increasingly relying on
India for high-end engineering, product development, AI/ML research, cybersecurity, semiconductor design, and digital
operations.
Further, India’s globally recognised Digital Public Infrastructure (DPI)—including Aadhaar, UPI, DigiLocker, FASTag,
Account Aggregator, DIKSHA, and ABDM—remains central to inclusive growth. DPI enables secure identity, seamless
digital payments, paperless service "
EXP-CAND-0004,Electronics Manufacturing,,,1.0,,MeitY_Annual_Report_2025_26.pdf,81,2,True,False,True,False,MEDIUM_PRIORITY_REVIEW,,,,,,,,,,,PENDING,"3
Make in India
Electronics Manufacturing
CHAPTER
Electronics industry is the world’s largest and fastest growing industry and is increasingly finding applications in all
sectors of the economy. The Government attaches high priority to electronics hardware manufacturing, and it is one of
the important pillars of both “Make in India” and “Digital India” programmes of Government of India. The intent of the
Government is to provide a level playing field for the domestic manufacturers, enabling them to compete with imports
in the sector by rationalizing tariff structure, simplifying procedures, providing incentives and upgrading infrastructure.
3.1 National Policy on Electronics 2019
The National Policy on Electronics 2019 (NPE-2019) notified on 25.02.2019 envisions to position India as a global hub
for Electronics System Design and Manufacturing (ESDM) by encouraging and driving capabilities in the country for
developing core components, including chipsets, and creating an enabling environment for the industry to compete
globally. The implementation of the schemes and initiatives under the aegis of NPE 2019 is expected to generate
employment for about 10 million (1 crore) persons (Direct and Indirect) at various levels.
NPE-2019 has been formulated to reflect the new aspirations, requirements and realities of the electronics manufacturing
sector in the country and the emerging international dynamics. The aim of NPE-2019 is as follows
• The NPE-2019 is focused on promoting an eco-system of manufacturing (group of industries), which forms supply
chain of a product against the previous policy, which emphased on promoting individual industries. The NPE-
2019 aims to increase domestic value addition by leveraging potential of both domestic demand and export,
with the goal of making India, a global hub for electronics manufacturing. The policy also promotes generation of
intellectual property in India and deepening of the domestic research, development and designing capabilities.
• NPE-2019 also envisages intervention in emerging sectors of electronics like IoT, 5G equipment, sensors,
drones, additive manufacturing (3D printers), robotics etc. and promotes their R&D and manufacturing. Among
the sectors, Medical Electronics, Strategic Electronics, Auto & Power electronics have been especially identified
as thrust areas for promoting manufacturing in India.
• The introduction of the concept of trusted value chain in electronics will help in addressing concerns related
to cyber bugs and data thefts from our equipment. There is also focus on skilling, re-skilling and employment
generation.
• NPE-2019 has ushered in a slew of new incentive schemes. Prominent among these are Production Linked
Incentive (PLI) Scheme for Large Scale Electronics Manufacturing, PLI Scheme 2.0 for IT Hardware, Scheme
for Promotion of manufacturing of Electronic Components, Semiconductors (SPECS), Electronics Manufacturing
Clusters (EMC 2.0) Scheme and Electronics Component Manufactu"
EXP-CAND-0005,"Down (SKD) to Completely Knocked Down (CKD) level, thereby increasing the domestic value addition",,,,,MeitY_Annual_Report_2025_26.pdf,83,2,True,False,True,False,MEDIUM_PRIORITY_REVIEW,,,,,,,,,,,PENDING,"Make in India
3.2.1 Mobile Phones
India has emerged as the 2nd largest manufacturer of mobile handsets in the world in terms of volume. There are over
300 units manufacturing cellular mobile phones and parts/ components thereof in the country. The production of mobile
phones stood at INR 5.45 lakh crore (~USD 64 billion) in FY24-25 as per industry association reports. The export of
mobile phones stands at approx. INR 2.05 lakh crore (~USD 24.1 Bn) for FY 2024-25.
Phased Manufacturing Programme (PMP) for mobile phones and specified sub-assemblies/parts thereof:
The Phased Manufacturing Programme (PMP) for mobile phones and specified sub-assemblies/parts thereof was notified
by MeitY on 28.04.2017 to promote domestic value addition in this sector. As a result of the PMP and other initiatives by
the Government, India has rapidly started attracting investments into this sector and significant manufacturing capacities
have been set up in the country. The manufacturing of mobile phones has been steadily moving from Semi Knocked
Down (SKD) to Completely Knocked Down (CKD) level, thereby increasing the domestic value addition. Now, almost
the entire demand for cellular mobile handsets is being met through domestic manufacturing, reflecting the success of
these initiatives.
3.2.2 Information & Communication Technology (ICT) Hardware
The first application of electronics was in the domain of communication and computing. With the emergence of integrated
circuit, the world saw the advent of the digital computer era, and with the advent of microprocessor in the 1970’s,
the world saw an exponential growth of the Information and Communication Technology (ICT) industry. Its strategic
importance is such that countries across the world have declared it as an essential commodity. With its pool of technical
manpower and proven capability as a design center for most of the global hardware companies, the country is ready to
become an end-to-end player and global leader in the ICT hardware design and manufacturing space.
India has a huge opportunity arising from both import substitution and export led manufacturing in the space of ICT
hardware. In addition, ICT hardware holds the promise of high value addition in India, with the manufacturing of the
Components (i.e., Sub-Assemblies of ICT Products), Product design and Semiconductor Design being done in the
country.
Emerging domains of AI, ML, IoT are becoming the new driving forces behind the growth of ICT hardware segment.
These domains require the design of specialized Semiconductors, Sensors and Servers for which India has the
capability. Another emerging domain in ICT hardware is the Large-Scale Data Centres. India with its technical prowess,
cheap labour, large pool of manpower, and English as the working language, has the opportunity to lead the world in
all these domains.
3.2.3 Consumer Electronics
Consumer electronics refers to any device containing an electronic circuit board that is intended for everyday use b"
EXP-CAND-0006,Industrial electronics is an empirical barometer of overall growth in the contribution of the manufacturing sector,ATMP,,,,MeitY_Annual_Report_2025_26.pdf,85,2,True,False,True,False,MEDIUM_PRIORITY_REVIEW,,,,,,,,,,,PENDING,"Make in India
Industrial electronics is an empirical barometer of overall growth in the contribution of the manufacturing sector
in the economy. The spurt in investments due to the “Make in India” programme is bringing significant interest in
engineering, electrical, automotive and electronics segments which are the driving force behind the growth of industrial
electronics sector. In future, M2M (machine-to-machine and machine-to-man) communication modules driven by
Industry 4.0 activities will determine the growth of the Industrial electronic segment.
3.2.6 Automotive Electronics
Automotive electronics are electrically operated systems integrated and mounted in several vehicle applications such
as body electronics, safety systems, and infotainment. The automotive market demand is experiencing trends related
to advanced mobility solutions, powertrain & vehicle system electrification, and advanced safety systems. Due to the
increased implementation of these systems in vehicles, the penetration of automotive electronics has also increased,
further creating the demand for automotive electronics products across the globe. The digitization of automotive systems
by including connected technologies, in-vehicle communication, and ADAS & automated systems have created several
opportunities for market growth. The growing integration & adoption of automotive electronics in modern vehicles to
deliver enhanced safety & comfort to consumers is one of the major factors driving the automotive electronics industry
growth. Several features offered by OEMs including Automated Emergency Braking (AEB) system, airbag system,
and lane departure warning, etc. have significantly decreased road accidents worldwide. Automotive electronics along
with the presence of broad computing technologies and connected features are enhancing automobile capabilities.
Alcohol ignition interlock, accident data recorder system, and emergency call system are some of the features gaining
attraction, which will further propel the growth. According to Allied Market Research, the global Auto electronics market
is estimated to reach USD 382.16 billion by 2026, growing at a CAGR of 7.3 percent from 2019 to 2026.
Automotive Mission Plan 2016-26 targets India to be among the top three in the world for engineering, manufacturing and
export of vehicles and auto components. The growing presence of global automobile Original Equipment Manufacturers
(OEMs) in the Indian manufacturing landscape has significantly increased the localization of their components in the
country. India has become the preferred designing and manufacturing base for most global auto OEMs for local sourcing
and exports.
3.2.7 Electronic Components
The global market for electronic components is expected to grow. Following this global trend, the Indian electronic
components market is also poised to grow significantly. Mobile Phones, Consumer Electronics and Industrial Electronics
account for the major demand (82%) for electronic co"
EXP-CAND-0007,The Scheme extends an incentive of around 5% (based,ATMP,,856.64; 2430.0; 16531.64; 17000.0; 20000.0; 20488.0; 22081.0; 49352.0; 76000.0,,MeitY_Annual_Report_2025_26.pdf,91,2,True,False,True,False,MEDIUM_PRIORITY_REVIEW,,,,,,,,,,,PENDING,"Make in India
3.3.7 PLI Scheme 2.0 for IT Hardware
PLI Scheme 2.0 for IT Hardware was notified on 29.05.2023 with an approved outlay of Rs.17,000 crore to boost domestic
manufacturing and attract large investments in the value chain. The Scheme extends an incentive of around 5% (based
on localization of components/sub-assemblies) on net incremental sales (over base year) of goods manufactured in
India and covered under the target segment, to eligible companies, for a period of six (6) years. The Target Segment
includes (i) Laptops (ii) Tablets (iii) All-in-One PCs and (iv) Servers (v) USFF (Ultra Small Form Factor). A total of 27
companies have been approved under the Scheme.
The Scheme is expected to generate following outcomes during its tenure:
i) Expected incremental production is Rs. 3.35 Lakh crore
ii) Expected incremental investment is Rs. 2,430 crores
iii) Expected incremental direct employment is 75,000
The status of PLI Scheme 2.0 for IT Hardware till December, 2025 is as follows:
As on 31.12.2025, PLI Schemes for IT Hardware have led to a total cumulative production of Rs. 16,531.64 crore, total
cumulative investment of Rs. 856.64 crore and total cumulative employment of 4,776 (direct jobs).
3.3.8 Scheme for Promotion of Manufacturing of Electronic Components and Semiconductors (SPECS)
Notified vide Gazette Notification dated April 01, 2020, the Scheme provides financial incentive of 25% on capital
expenditure for the identified list of electronic goods that comprise downstream value chain of electronic products,
i.e., electronic components, semiconductor/ display fabrication units, ATMP units, specialized sub-assemblies and
capital goods for manufacture of aforesaid goods, e-waste recycling facility and R&D units for the manufacturing of
semiconductors The scheme promotes development of electronic components manufacturing ecosystem in the country
and deepening of electronics value chain and is expected to bring new investments to the tune of ` 20,000 crore
with total employment generation potential of 6,00,000 (Direct and Indirect). The scheme is closed to receive new
applications on 31.03.2024.
Progress under the scheme till December, 2025 as per latest Quarterly Progress Report
58 applications have been approved with total proposed investment of Rs. 22,081 crore. As per the Quarterly Progress
report submitted by the applicant total investment done by the approved applications is Rs. 20,488 crore. Total production
done by the approved applications is Rs. 49,352 crore. Total employment generated by the approved applications is
56,314 persons.
3.3.9 Programme for Development of Semiconductors and Display Manufacturing Ecosystem in India
Government of India approved the comprehensive program for the development of a sustainable semiconductor and
display ecosystem in the country with an outlay of ` 76,000 crore (>10 billion USD) in order to foster the objective of the
development of a diversified, resilient, and sustainable semiconductor"
EXP-CAND-0013,"7 Investment Promotion Roadshow for Electronics Component Manufacturing Scheme (ECMS), Taiwan",Semiconductor Manufacturing,,,,MeitY_Annual_Report_2025_26.pdf,100,2,True,False,True,False,MEDIUM_PRIORITY_REVIEW,,,,,,,,,,,PENDING,"Make in India
3.3.10.2.6 AI Infrastructure for Bharat
On 20th June 2025, Joint Secretary Shri Sushil Pal addressed the AI Infrastructure for Bharat event hosted by Netweb
and NVIDIA. He outlined MeitY’s efforts to position India as a global hub for IT hardware manufacturing, noting that the
success achieved in mobile manufacturing is now paving the way for a similar transformation in the IT hardware sector.
With strengthening domestic capabilities and supportive policy interventions, India is set for rapid growth in innovation-
led manufacturing, contributing to both economic expansion and technological self-reliance.
3.3.10.2.7 Investment Promotion Roadshow for Electronics Component Manufacturing Scheme (ECMS), Taiwan
From 9–11 July 2025, a delegation from the Ministry of Electronics and Information Technology (MeitY), led by Shri
Sushil Pal, Joint Secretary, visited Taiwan to promote investment in India’s electronics manufacturing sector. The visit
included an Investment Promotion Roadshow, the India–Taiwan Electronics Supply Chain Roundtable (attended by
over 60 Taiwanese companies), and focused one-to-one meetings with leading firms such as Advantech, Foxconn,
Unimicron, Supermicro, Compal, MSI, and others. The delegation highlighted India’s growth in electronics manufacturing,
the Electronics Component Manufacturing Scheme (ECMS), and Production Linked Incentive (PLI) schemes, while
encouraging Taiwanese companies to expand their manufacturing footprint in India.
3.3.10.2.8 India–Japan Industrial Collaboration and Investment in Electronics Manufacturing, Japan
From 14–19 September 2025, a delegation led by Secretary, Department for Promotion of Industry and Internal Trade
(DPIIT), visited Japan to advance the India–Japan Industrial Competitiveness Partnership.
Joint Secretary, participated in the delegation with a focus on promoting investment in India’s electronics manufacturing
sector and facilitating partnerships between Japanese companies and Indian industry.
During the visit, the Joint Secretary held one-on-one meetings with leading Japanese firms, including Air Water,
FANUC, NIDEC, Sharp, and TDK. The delegation showcased India’s growth in electronics manufacturing, highlighting
the Electronics Component Manufacturing Scheme (ECMS) and Production Linked Incentive (PLI) schemes, while
encouraging Japanese companies to expand their manufacturing footprint in India.
3.3.10.2.9 Measures to facilitate Ease of Doing Business
Central Board of Indirect Taxes & Customs (CBIC), Department of Revenue, Ministry of Finance has decided to exempt
the Electronics and Semiconductor Manufacturing Sector from application of Section 65A of the Customs Act.
98 RAnnEuaPl ORT Ministry of Electronics & Information Technology, Government of India
2025-2026"
EXP-CAND-0015,3 Initiatives under Microelectronics and Nanotechnology areas,,,1000.0; 76000.0,,MeitY_Annual_Report_2025_26.pdf,146,2,True,False,True,False,MEDIUM_PRIORITY_REVIEW,,,,,,,,,,,PENDING,"Innovate and Design in India
Clockwise from Top Left. CBCT final system design, Extra Oral Scanner Prototype,
CBCT Reconstructed Image, Implant Planning system , CBCT Workbench
5.3.3 Initiatives under Microelectronics and Nanotechnology areas
5.3.3.1 Some of the technologies developed/are being developed indigenously under the R&D projects initiated
in Microelectronics area are:
5.3.3.1.1 Chips to Start-up (C2S) Programme
Refer Chapter 7.
5.3.3.1.2 Design Linked Incentive (DLI) Scheme
Government of India has approved the ‘Modified Programme for Semiconductors and Display Fab Ecosystem’ with an
outlay of `76,000 crore in order to catalyse the semiconductor & display ecosystem in the country. The Design Linked
Incentive (DLI) Scheme has been approved as part of it with an outlay of Rs. 1000 Crore to offset the disabilities in
the domestic semiconductor chip design industry as well as move up in value-chain and strengthen the semiconductor
chip design ecosystem in the country. The DLI Scheme offers financial incentives & design infrastructure support to
domestic companies, start-ups and MSMEs across various stages of development & deployment of semiconductor
chips. Under DLI Scheme
• 94 companies have been approved for access to state-of-the-art Electronic Design Automation (EDA) tools.
144 RAnnEuaPl ORT Ministry of Electronics & Information Technology, Government of India
2025-2026"
EXP-CAND-0016,"Terracarb, Graphenera, and masterbatch manufacturers including Bhagyashree and Indradhanush",Semiconductor Fab,,1.0,,MeitY_Annual_Report_2025_26.pdf,153,2,True,False,True,False,MEDIUM_PRIORITY_REVIEW,,,,,,,,,,,PENDING,"Innovate and Design in India
No. Technology available for ToT Description
3 Development of Lithium (Nickel The NMC-111 offers better temperature and cycling stability when
Manganese Cobalt) oxide as cathode compared to the LCO.
material for Li-ion batteries.
4 Development of Sodium Vanadium Sodium vanadium phosphate (Na V (PO ) -NVP) a NASICON-type
3 2 4 3
Phosphate (NVP) as cathode material material with exceptionally high ionic conductivity is acknowledged
for Na-ion batteries as a potential cathode for high-performance
5.4.4 Graphene Aurora
A graphene-based RF printable antenna prototype was developed using graphene ink, and a TRL-3 hemoglobin
biosensor using rGO-modified electrodes demonstrated reproducible performance with potential for clinical applications.
Fire-resistant graphene-reinforced coatings were developed for EV battery housings and were found to meet AIS-156,
IS 17855:2022, and UL-94 V-0 safety standards. A pilot supply of graphene-based structural coatings was completed for
Aero Alloys. In addition, graphene manufacturing and scale-up partnerships were established with Adnano, Capattery,
Terracarb, Graphenera, and masterbatch manufacturers including Bhagyashree and Indradhanush.
Internship programs were launched to support translational research and commercialization, with engineering and
science interns contributing to electronics circuit design and graphene technology development.
5.4.5 Centre for Programmable Photonic Integrated Circuit and Systems (CPPICS):
A programmable Photonic Integrated Circuit (PIC) is next-generation reconfigurable photonic processor platform with
wide-ranging applications in quantum computing, quantum communication, 5G/6G communications, IoT, radar, and
avionics. To build indigenous capability in this domain, MeitY has established the Centre for Programmable Photonic
Integrated Circuits and Systems (CPPICS) at IIT Madras, under the Centre of Excellence (CoE) initiative, in collaboration
with industry partners. The Centre focuses on R&D, design, and fabrication of programmable photonic integrated circuits
and systems using CMOS-compatible silicon photonics technology. It has successfully developed several technologies,
including a Fiber Optic Array Attachment Tool for PIC packaging, RF filters and microwave photonic oscillators
(operating up to 60 GHz), and an indigenously built Quantum Random Number Generator (QRNG) based on silicon
photonics. The QRNG has been successfully transferred to industry through a `1 crore technology licensing agreement
with Indrarka Quantum Technologies Pvt. Ltd., marking a major milestone in India’s photonic innovation ecosystem.
Since inception, CPPICS has trained 71 specialized manpower, produced 28 research publications, demonstrated
two proof-of-concept technologies, filed six IPRs, transferred one technology to industry, and engaged two industries
and one start-up, generating `55.07 lakh in self-sustenance revenue. The Centre aims to achieve self-reliance in
photoni"
EXP-CAND-0017,Training and fellowship activities have included M,,,264.62; 490.0,,MeitY_Annual_Report_2025_26.pdf,162,2,True,False,True,False,MEDIUM_PRIORITY_REVIEW,,,,,,,,,,,PENDING,"Innovate and Design in India
Products developed under IICG program were demonstrated at International Conclave on Next-Gen Higher Education
held at Cochin University of Science & Technology, Kochi.
4 research articles have been published in National and International journals in the reported duration. And 19 patents
have been filed, and 6 patents have been granted in the reported duration.
Training and fellowship activities have included M.Sc., M.Tech., Ph.D., and postdoctoral internships to support
graphene-related research and product development. The i-Graphene Certificate Programme has offered courses on
AI and Graphene Technology, Graphene Applications, and Graphene for Semiconductors. In addition, an academia–
industry programme titled “RFIC Design and 2D Materials in Lithography” was conducted during 10–12 June 2024 in
collaboration with Keysight Technologies, with participation from 51 faculty members, entrepreneurs, researchers, and
industry.
5.4.15 Startups, Innovation, IPR and Entrepreneurship
(a) India has evolved as the 3rd largest startup ecosystem in the world with more than 2 Lakh startups operating
in the country and more than 120 unicorns with a total valuation of more than $ 350 Bn. Notwithstanding the
raging global pandemic economic duress and other equally precarious challenges, the tech startup and the
entrepreneurial ecosystem in the country have shown exemplary resilience and willingness to go beyond the
norm. India now also boasts of more than 35,000 technology startups including more than 3,500 deep-tech start-
ups operating in different segments of emerging technology areas.
(b) Startups, Innovation, IPR and Entrepreneurship Division of MeitY has unleashed a slew of initiatives for the
benefit of technology startups dealing in IT/ITeS and Electronics domains. These initiatives includes Technology
Incubation and Development of Entrepreneurs (TIDE 2.0) Scheme, Gen-Next Support for Innovative Startups
(GENESIS) Scheme, MeitY Startup Hub (MSH), Centres of Excellence (CoEs), Incubation Centre projects etc.
Further, MeitY has initiated IPR Facilitation Program for supporting MeitY R& D societies and grantee institutes in
filing IPR. Some of the initiatives have been elucidated here:
• GENESIS (Gen-Next Support for Innovative Startups): MeitY has initiated overarching ‘Gen-Next Support for
Innovative Startups (GENESIS)’ Scheme with a budgetary outlay of Rs. 490 Crore over a duration of 5 years to
accelerate and enhance the fast-rising tech startup ecosystem. The Scheme aims to boost the startup ecosystem
in Tier-II & Tier-III cities and upcoming towns in the country with emphasis on collaborative engagement among
startups, government and corporates. The GENESIS Scheme is being implemented by Nodal Implementing
Agency i.e MeitY Startup Hub (MSH) through 65 Implementing Agencies (IAs) across Tier-II and Tier-III cities of
the country. The scheme envisages scaling up about 1,600 technology startups to discover, nurture and grow
t"
EXP-CAND-0023,• OctaNE - GIS Applications including Drone Tech CoE at STPI-Itanagar,,Punjab; Delhi,640.0,,MeitY_Annual_Report_2025_26.pdf,306,2,True,False,True,False,MEDIUM_PRIORITY_REVIEW,,,,,,,,,,,PENDING,"Attached Offices and Societies
• OctaNE - IT Applications in Health care &AgriTech CoE at STPI-Gangtok
• OctaNE - GIS Applications including Drone Tech CoE at STPI-Itanagar
• OctaNE - IT Applications in Graphic Design CoE at STPI-Kohima
• OctaNE – Gaming & Entertainment CoE at STPI- Aizawl
• OctaNE - Data Analytics & AI CoE at STPI-Agartala
• Efficiency Augmentation CoE at Bengaluru
• FASAL at Dr. Panjabrao Deshmukh Krishi Vidyapeeth Akola
• Kalpatru at RINL Visakhapatnam
• Emerging Technology CoE at Bhubaneswar & Satellite Centre at BPUT, Rourkela
• FinGlobe – FinTech CoE at Gandhinagar, Gujrat.
The STPI CoEs are enabling a 360-degree support ecosystem in the form of state of art Infrastructure, hand holding
& funding support, Mentoring & Networking opportunities to nurture innovative start-ups in emerging technologies
and making India a “Product Nation”. Collectively, 24 operationalized CoEs through well-publicized Open challenge
programs and contests have selected a total of 2195 startups, out of which 1122 are onboarded.
As an outcome, these start-ups have transformed their brilliant ideas into 1452 path-breaking products, 724 IPRs
created and have showcased 1671 prototypes.
A brief overview and status of each STPI CoE is given below:
• Electropreneur Park (EP) 2.0 at IIIT Delhi
Electronic System Design and Manufacturing (ESDM) is one of the fastest growing sectors of the Indian economy. In
order to support the new entrepreneurs of this industry, STPI in association with the Ministry of Electronics & IT (MeitY),
Technology Innovation Hub (iHub Anubhuti), Indian Electronics Semiconductor Association (IESA) & academic partner,
has set up an Electropreneur Park 2.0 in Delhi.
EP 2.0 Delhi aims to support 200 startups in ESDM sector including cognitive computing & social sensing, nurture
start-ups and design entrepreneurs to promote India’s capabilities in ESDM, nurture service / trading MSME to ‘Make
in India’, generate IPRs& products. EP 2.0 Delhi focuses on local IP creation and indigenous product development
resulting in increased domestic value addition and witnesses a unique integration of academia, industry, government
and other incubation supportive elements.
Building upon the success of Electropreneur Park (EP) 1.0 Delhi, India’s first of its kind ESDM incubation centre
successfully executed in the pilot years (2016-2023) by impacting 59 start-ups in the ESDM domain and delivering a
value of over ` 640 Crore. The initiative is first of its kind in industry and it has set a role model which may go a long way
in the annals of incubation centres.
EP 2.0 Delhi has onboarded 10 startups, resulting in the development of 41 prototypes and 19 products by these start-
ups.
• NEURON at STPI Mohali
The NEURON CoE at Mohali has vision to promote entrepreneurial spirit amongst youth, researchers, engineers and
society at large by promoting cutting edge information technology startups especially in the field of AI/Big Data, AVG
and IoT. The CoE has bee"
EXP-CAND-0046,Micron Technology Inc,Packaging,Andhra Pradesh; Assam; Gujarat; Odisha; Punjab; Uttar Pradesh; Delhi,117.0; 480.0; 1943.0; 2066.0; 3307.0; 3706.0; 7584.0; 22516.0; 27120.0; 91526.0,"14 million units; 48 million units; 6.33 million chips; 36 million chips; 4.20 million units; 8 million units; 158.38 million units; 96 million units; 8 million units/month; 5,000 wafers/month",ISM_Approved_Projects_Feb2026.pdf,3,3,True,True,True,True,REVIEW_EXISTING_PROJECT,,,,,,,,,,,PENDING,"Approved Semiconductor Manufacturing Projects
1. Micron Technology Inc. is establishing semiconductor manufacturing facility in Gujarat with
an investment of Rs.22,516 crore. Micron’s facility in India will enable assembly and test
manufacturing for both DRAM and NAND products and address demand from domestic and
international markets. The production capacity is around 14 million units per week.
2. Tata Electronics Private Limited (TEPL) is establishing semiconductor manufacturing
facility in Gujarat with an investment of Rs. 91,526 crore. The fab facility will be set up in
technology partnership with PSMC, Taiwan. The production capacity of the project would be
around 50,000 wafer starts per month (WSPM).
3. Tata Electronics Private Limited (TEPL) is establishing semiconductor manufacturing
facility in Assam with an investment of Rs.27,120 crores. The facility will use indigenous
semiconductor packaging technologies with a production capacity of 48 million units per day.
4. CG Power and Industrial Solutions Limited is establishing semiconductor manufacturing
facility in Gujarat with an investment of Rs. 7,584 crore. The facility will be set up as a joint
venture partnership with Renesas Electronics America Inc., USA, and STARS Microelectronic,
Thailand.
5. Kaynes Technology India Limited (KTIL) is establishing semiconductor manufacturing
facility in Gujarat with an investment of Rs. 3,307 crores. The facility will have the capacity to
produce more than 6.33 million chips per day.
6. Vama Sundari Investments (Delhi) Private Limited (VSIPL) is establishing semiconductor
manufacturing facility in Uttar Pradesh with an investment of Rs 3,706 crores. The production
capacity would be around 20K wafers per month/36 million chips per month.
7. 3D Glass Solutions Inc. (3DGS) is establishing semiconductor manufacturing facility in Odisha
with an investment of Rs. 1,943 crores. The Proposed installed capacity for glass panel substrate
production, assembly and Heterogeneous Integration (3DHI) is around 5800 panels per month,
4.20 million units per month, and 1100 units per months respectively.
8. SiCSem Private Limited is establishing semiconductor manufacturing facility in Odisha with
an investment of Rs. 2,066 crores. The production capacity is 5,000 wafers/month, and the
packaging capacity is 8 million units/month.
9. Continental Device India Private Limited (CDIL) is expanding its semiconductor
manufacturing facility in Punjab, with an investment of Rs. 117 crores. The facility will
manufacture high-power discrete semiconductor devices. The production capacity will be
around 158.38 million units/annum
10. Advanced System in Package Technologies Private Limited (ASIP) is establishing
semiconductor manufacturing facility in Andhra Pradesh, with an investment of Rs. 480 crores.
The production capacity of the facility would be around 96 million units/annum."
EXP-CAND-0009,• Tata Electronics Private Limited (TEPL)’s proposal for setting up a Semiconductor Fab facility in Gujarat with an,ATMP,Andhra Pradesh; Assam; Gujarat; Odisha; Punjab; Uttar Pradesh; Delhi,117.0; 480.0; 1943.0; 2066.0; 3307.0; 3706.0; 7584.0; 27120.0; 91526.0,"15.07Million Units; 6.33 million chips; 36 Mn chips; 4.20 million units; 8
million units; 158.38 million units; 96 million
units; 8
million units/month; 5,000 wafers/month",MeitY_Annual_Report_2025_26.pdf,93,3,True,True,True,True,REVIEW_EXISTING_PROJECT,,,,,,,,,,,PENDING,"Make in India
• Tata Electronics Private Limited (TEPL)’s proposal for setting up a Semiconductor Fab facility in Gujarat with an
investment of ` 91,526 crore was approved in February 2024. The fab facility will be set up in technology partner-
ship with PSMC, Taiwan. PSMC is an established semiconductor company having 6 semiconductor foundries in
Taiwan. The production capacity of the project would be around 50,000 wafer starts per month (WSPM).
• Tata Electronics Private Limited (TEPL)’s proposal for setting up of OSAT facility in Assam with an investment
of ` 27,120 crores was approved in February 2024. The facility will use indigenous semiconductor packaging
technologies with a production capacity of 48 million per day.
• CG Power and Industrial Solutions Limited’s proposal for setting up OSAT facility in Gujarat with an investment
of ` 7,584 crore was also approved in February 2024. The facility will be set up as joint venture partnership
with Renesas Electronics America Inc., USA, and STARS Microelectronic, Thailand. The Technology would be
provided for this facility by Renesas Electronics Corporation, Japan and STARS Microelectronic, Thailand. The
production capacity would be around 15.07Million Units per day.
• Kaynes Technology India Limited (KTIL) proposal for setting up of Outsourced Semiconductor Assembly
and Test (OSAT) facility in Gujarat for Wire bond Interconnect, Substrate Based Packages was approved in
September,2024. The Technology would be provided by ISO Technology Sdn. Bhd. and AOI Electronics Co. Ltd.
(AOI). This facility will be setup with an investment of ` 3,307 crore. The facility will have the capacity to produce
more than 6.33 million chips per day.
• Vama Sundari Investments (Delhi) Private Limited (VSIPL) proposal for setting up of Outsourced Semiconductor
Assembly and Test (OSAT) facility in Uttar Pradesh for display driver ICs (DDIC) using Gold (Au) Bump technology
along with chip probing facilities and die processing services was approved in May,2025. The Technology would
be provided by Hon Hai, Taiwan. The facility will be set up as joint venture partnership between VSIPL and
Foxconn, India with an investment of Rs 3,706 crore. The production capacity would be around 20K wafers per
month/36 Mn chips per month.
• 3D Glass Solutions Inc. (3DGS) proposal for setting up of a vertically integrated advanced packaging and
embedded glass substrate manufacturing on the glass panels in Odisha with an investment of ` 1,943 crores has
been approved in August,2025. The plant will handle the assembly of packaged products such as Flip Chip Ball
Grid Array (FCBGA) assembly, Radio Frequency System in Package (RF SiP), Antenna in Package System in
Package (AiP SiP), glass interposers with passives and silicon bridges and 3D Heterogenous Integration (3DHI)
modules. Proposed Installed capacity for glass panel substrate production, assembly and 3DHI is around 5800
panels per month, 4.20 million units per month, and 1100 units per mo"
