Statement 1: Deployment of Gross Bank Credit by Major Sectors,Unnamed: 1,Unnamed: 2,Unnamed: 3,Unnamed: 4,Unnamed: 5,Unnamed: 6,Unnamed: 7,Unnamed: 8,Unnamed: 9,source_file,source_sheet,Statement 2: Industry-wise Deployment of Gross Bank Credit
(Rs. Crore),,,,,,,,,,SIBCSJ26E31072026E.xlsx,Statement 1,
Sector,Outstanding as on,,,,,Variation (Year-on-Year),,Variation (Financial Year),,SIBCSJ26E31072026E.xlsx,Statement 1,
,"28.Jun,2024","4.Apr,2025","27.Jun,2025","31.Mar,2026","30.Jun,2026","27.Jun,2025 / 28.Jun,2024","30.Jun,2026 / 27.Jun,2025","27.Jun,2025 / 4.Apr,2025","30.Jun,2026 / 31.Mar,2026",SIBCSJ26E31072026E.xlsx,Statement 1,
,,,,,,%,%,%,%,SIBCSJ26E31072026E.xlsx,Statement 1,
I. Bank Credit (II + III),16886028.587850098,18401354.284906946,18486199.65642504,21361434.744850088,21928364.689706504,9.476302022408657,18.620187476364887,0.46108221277868383,2.653988140909376,SIBCSJ26E31072026E.xlsx,Statement 1,
II. Food Credit,33903.61,29356.71,64388.73,70271.35,132049.25,89.91703243400924,105.08130848364301,119.33224124910457,87.91335302367179,SIBCSJ26E31072026E.xlsx,Statement 1,
III. Non-food Credit,16852124.9778501,18371997.574906945,18421810.92642504,21291163.394850086,21796315.439706504,9.314468950580935,18.317984734285435,0.2711373725964954,2.3725901468522115,SIBCSJ26E31072026E.xlsx,Statement 1,
,"28.Jun,2024","21.Mar,2025","27.Jun,2025","31.Mar,2026","30.Jun,2026","27.Jun,2025 / 28.Jun,2024","30.Jun,2026 / 27.Jun,2025","27.Jun,2025 / 21.Mar,2025","30.Jun,2026 / 31.Mar,2026",SIBCSJ26E31072026E.xlsx,Statement 1,
1. Agriculture and Allied Activities,2159558.976238,2287060.099496,2305994.987196,2644249.776114,2693966.812576,6.780829445699807,16.82448693662422,0.8279138665473869,1.8801944094352714,SIBCSJ26E31072026E.xlsx,Statement 1,
"2. Industry (Micro and Small, Medium and Large)",3762913.992569,3985659.551324,4001401.41064,4584304.347049,4771513.112732,6.337838668169528,19.246049647611464,0.3949624676490615,4.083689727177683,SIBCSJ26E31072026E.xlsx,Statement 1,
  2.1. Micro and Small,738665.798108,798472.66076,880692.891254,1059416.599847,1083665.406781,19.227517168086663,23.04691198744568,10.2971879357449,2.2888830453951714,SIBCSJ26E31072026E.xlsx,Statement 1,
  2.2. Medium,318820.045509,363245.019249,360979.94432,442584.873546,470265.795475,13.223728998498578,30.274770904757165,-0.6235666861125806,6.254375958947678,SIBCSJ26E31072026E.xlsx,Statement 1,
  2.3. Large,2705428.148952,2823941.871316,2759728.575065,3082302.873656,3217581.910476,2.007091784493869,16.590520515236403,-2.2738887405311754,4.388895003674381,SIBCSJ26E31072026E.xlsx,Statement 1,
3. Services,4656519.556925,5093565.107574,5067273.37764,6061400.065605,6153049.81222,8.821047902701116,21.427232234422743,-0.5161753973637303,1.5120227278027776,SIBCSJ26E31072026E.xlsx,Statement 1,
  3.1. Transport Operators,244905.152274,261574.761822,269063.50434,286807.455291,289779.756693,9.864370692769917,7.69939141460897,2.8629453643910905,1.0363403555825295,SIBCSJ26E31072026E.xlsx,Statement 1,
  3.2. Computer Software,26677.055094,32915.202169,36231.587867,45737.831611,53858.962968,35.81554537910346,48.65195300218995,10.075544063112044,17.755829410694794,SIBCSJ26E31072026E.xlsx,Statement 1,
"  3.3. Tourism, Hotels and Restaurants",78641.215045,83366.436558,85042.881596,102559.286533,106085.814699,8.140345424898186,24.74390884702776,2.0109352243137595,3.43852642233941,SIBCSJ26E31072026E.xlsx,Statement 1,
  3.4. Shipping,7019.2,7304.35,8041.905091,10383.57,10368.2,14.570109001025756,28.9271619432993,10.09747740729838,-0.14802230831976845,SIBCSJ26E31072026E.xlsx,Statement 1,
  3.5. Aviation,45394.07,46071.8,50777.403117,52687.58,57165.61,11.859110930128104,12.580806600685063,10.213629849495783,8.499213666674382,SIBCSJ26E31072026E.xlsx,Statement 1,
  3.6. Professional Services,172139.580416,195956.642789,196406.06215,218323.871955,225343.301886,14.096979715737987,14.73337402075702,0.22934632610741765,3.215145402169675,SIBCSJ26E31072026E.xlsx,Statement 1,
  3.7. Trade,1057348.115522,1184550.226859,1169981.832258,1376531.194623,1387019.586212,10.652472452782888,18.55052343292624,-1.229867190995365,0.7619436181301107,SIBCSJ26E31072026E.xlsx,Statement 1,
    3.7.1. Wholesale Trade1,555368.64241,646098.731744,625697.321722,775808.19461,784213.085016,12.663422804501812,25.334256323447903,-3.1576304084254883,1.0833722129250147,SIBCSJ26E31072026E.xlsx,Statement 1,
    3.7.2. Retail Trade,501979.473113,538451.495115,544284.510535,600723.000013,602806.501196,8.42764289934955,10.75209555448791,1.0832944978180743,0.3468322642807011,SIBCSJ26E31072026E.xlsx,Statement 1,
  3.8. Commercial Real Estate,475006.96653,523264.418947,545944.008329,627117.455526,666797.150996,14.933895036783598,22.136545290954242,4.334250249164587,6.327314782956944,SIBCSJ26E31072026E.xlsx,Statement 1,
"  3.9. Non-Banking Financial Companies (NBFCs)2            of which,",1547665.6914620001,1635102.1619060002,1595950.1125639998,2069731.673261,2110373.5707179997,3.11982241180186,32.23305378434069,-2.3944711378989165,1.963631227277187,SIBCSJ26E31072026E.xlsx,Statement 1,
    3.9.1. Housing Finance Companies (HFCs),323623.198544,323181.87,331372.650825,373339.12,371870.17,2.3945910910791564,12.221141085172704,2.5344184143126665,-0.39346265132890756,SIBCSJ26E31072026E.xlsx,Statement 1,
    3.9.2. Public Financial Institutions (PFIs),193136.950416,228678.443837,211701.969321,348765.625849,358362.684837,9.612359967894587,69.27697271139735,-7.4237318704602835,2.751721579395291,SIBCSJ26E31072026E.xlsx,Statement 1,
  3.10. Other Services3,1001722.510582,1123459.106523,1109834.080331,1271520.146804,1246257.8580480001,10.792566664613265,12.292267838478406,-1.2127745560911491,-1.986778488685163,SIBCSJ26E31072026E.xlsx,Statement 1,
4. Personal Loans,5501898.998201,5971696.129846,6145222.393417,6939750.450551,7113585.513026,11.692751819441849,15.75798331800568,2.9058120138385988,2.504918061732284,SIBCSJ26E31072026E.xlsx,Statement 1,
  4.1. Consumer Durables,23871.694699,23200.658602,23194.879584,21961.925281,23047.198027,-2.8352202201561894,-0.6366989596353486,-0.02490885323187727,4.941610228220314,SIBCSJ26E31072026E.xlsx,Statement 1,
  4.2. Housing (Including Priority Sector Housing),2798565.20086,3010476.605355,3067119.906563,3355962.521179,3403805.521057,9.59615683138176,10.977256343110772,1.8815393252763786,1.4256118647353677,SIBCSJ26E31072026E.xlsx,Statement 1,
"  4.3. Advances against Fixed Deposits (Including FCNR              (B), NRNR Deposits etc.)",126653.253288,141842.08336,146276.661145,169107.20695,162623.080605,15.493804815560344,11.175001761761743,3.1264189582896167,-3.8343288035720215,SIBCSJ26E31072026E.xlsx,Statement 1,
"  4.4. Advances to Individuals against share, bonds, etc.",9357.035883,10079.513133,9885.671413,10545.96245,10339.428011,5.649604603530829,4.590043296435023,-1.9231258240576008,-1.9584219077131353,SIBCSJ26E31072026E.xlsx,Statement 1,
  4.5. Credit Card Outstanding,273044.230324,284366.260475,292601.722712,294460.779546,298280.400799,7.162756145695766,1.94075347006393,2.8960757240481483,1.297157896168409,SIBCSJ26E31072026E.xlsx,Statement 1,
  4.6. Education,121989.09727,137456.056824,139586.664109,155823.789461,158115.989982,14.425524274559628,13.27442416600118,1.5500279392766625,1.4710209069672828,SIBCSJ26E31072026E.xlsx,Statement 1,
  4.7. Vehicle Loans,588567.825022,622793.449718,642866.109349,738677.683697,754369.992296,9.225493140908684,17.344806535207567,3.223004294616279,2.1243783243134833,SIBCSJ26E31072026E.xlsx,Statement 1,
  4.8. Loans against gold jewellery4,114668.823935,206284.024542,276288.732682,461372.808453,535543.901343,140.94494318579058,93.83486838002726,33.93607832474047,16.076173439587485,SIBCSJ26E31072026E.xlsx,Statement 1,
  4.9. Other Personal Loans,1445181.83692,1535197.477836,1547402.04586,1731837.773534,1767460.000907,7.073172823556499,14.2211234394936,0.7949835900722926,2.05690324563767,SIBCSJ26E31072026E.xlsx,Statement 1,
Priority Sector (Memo),,,,,,,,,,SIBCSJ26E31072026E.xlsx,Statement 1,
  (i)     Agriculture and Allied Activities5,2142828.849688,2287794.295478,2274261.712379,2652747.004675,2727875.155211,6.133614577297529,19.94552519452546,-0.5915122319234677,2.8320887896056295,SIBCSJ26E31072026E.xlsx,Statement 1,
  (ii)    Micro and Small Enterprises6,2020474.203936,2239408.718898,2460012.146604,2896912.498024,3063533.718621,21.754197198447525,24.533276099882272,9.85096761678045,5.751682893793085,SIBCSJ26E31072026E.xlsx,Statement 1,
  (iii)   Medium Enterprises7,511466.698439,601450.822701,591991.769378,709162.716909,754991.261968,15.743951890663292,27.53408088110108,-1.5727060244960975,6.462345519058182,SIBCSJ26E31072026E.xlsx,Statement 1,
  (iv)   Housing,752910.64979,746651.293154,856626.123365,1043835.959677,1038823.940082,13.775269828355864,21.269234237369535,14.729075167933484,-0.4801539502960656,SIBCSJ26E31072026E.xlsx,Statement 1,
  (v)    Educational Loans,61269.027161,62825.537219,64354.618831,77289.145552,78696.484623,5.036136222453512,22.285682135205867,2.4338536201765573,1.8208754424036677,SIBCSJ26E31072026E.xlsx,Statement 1,
  (vi)   Renewable Energy,6050.18,10324.84,12562.78297,13010.67,15095.23,107.64312747719902,20.15832826251554,21.675328334385814,16.021926618690653,SIBCSJ26E31072026E.xlsx,Statement 1,
  (vii)  Social Infrastructure,1131.52,1316.48,828.16,1486.04,1306.75,-26.809954751131222,57.78955757341577,-37.09285367039378,-12.06495114532583,SIBCSJ26E31072026E.xlsx,Statement 1,
  (viii)  Export Credit,11776.578884999999,12478.775188000001,13256.742393999999,11435.530148,11833.297466999999,12.568705423315304,-10.737516689199992,6.234323435429114,3.4783461182126794,SIBCSJ26E31072026E.xlsx,Statement 1,
  (ix)   Others,60875.029425,49552.334361,46467.406241,44819.666828,42099.449383,-23.667542044888307,-9.400044485689369,-6.225595947762224,-6.069249589558778,SIBCSJ26E31072026E.xlsx,Statement 1,
  (x)    Weaker Sections including net PSLC- SF/MF,1666930.547585,1864606.180081,1825579.444345,2071082.657476,2104841.696551,9.517426925185681,15.297184303375872,-2.0930283377214143,1.6300189156207519,SIBCSJ26E31072026E.xlsx,Statement 1,
"Notes:
(1) Data are provisional.  Bank credit, Food credit and Non-food credit data are based on fortnightly Section-42 return, which covers all scheduled commercial banks (SCBs), while sectoral non-food credit data are based on sector-wise and industry-wise bank credit (SIBC) return, which covers select banks accounting for about 95 per cent of total non-food credit extended by all SCBs.  Data for the fortnights corresponding to the Section-42 fortnights are not available for the SIBC return. Therefore, reference periods (fortnights dates) considered for arriving sectoral non-food credit growth rates are different than the reference period for arriving growth rates of Section-42 data.      ",,,,,,,,,,SIBCSJ26E31072026E.xlsx,Statement 1,
"(2) With effect from December 31, 2025, definition of last reporting fortnight has been changed to the last day of the month under the Banking Laws (Amendment) Act 2025. Accordingly, the y-o-y growth rates from December 2025 onwards are based on end-of-month data for the current year and data for the last reporting fortnight (as per old definition) for the corresponding month of the previous year.",,,,,,,,,,SIBCSJ26E31072026E.xlsx,Statement 1,
1 Wholesale trade includes food procurement credit outside the food credit consortium.,,,,,,,,,,SIBCSJ26E31072026E.xlsx,Statement 1,
"2 NBFCs include HFCs, PFIs, Microfinance Institutions (MFIs), NBFCs engaged in gold loan and others.        ",,,,,,,,,,SIBCSJ26E31072026E.xlsx,Statement 1,
"3 “Other Services” include Mutual Fund (MFs), Banking and Finance other than NBFCs and MFs, and other services which are not indicated elsewhere under services.",,,,,,,,,,SIBCSJ26E31072026E.xlsx,Statement 1,
"4 Since May 2024, a bank has changed the classification of a category of agricultural loan into “Loans against gold jewellery” under retail segment.",,,,,,,,,,SIBCSJ26E31072026E.xlsx,Statement 1,
5 “Agriculture and Allied Activities” under the priority sector also include priority sector lending certificates (PSLCs).        ,,,,,,,,,,SIBCSJ26E31072026E.xlsx,Statement 1,
6 “Micro and Small Enterprises” under the priority sector include credit to micro and small enterprises in industry and services sectors and also include PSLCs.,,,,,,,,,,SIBCSJ26E31072026E.xlsx,Statement 1,
7 “Medium Enterprises” under the priority sector include credit to medium enterprises in industry and services sectors.       ,,,,,,,,,,SIBCSJ26E31072026E.xlsx,Statement 1,
,,,,,,,,,,SIBCSJ26E31072026E.xlsx,Statement 2,(Rs. Crore)
,Outstanding as on,,,,,Variation (Year-on-Year),,Variation (Financial Year),,SIBCSJ26E31072026E.xlsx,Statement 2,Industry
,"28.Jun,2024","21.Mar,2025","27.Jun,2025","31.Mar,2026","30.Jun,2026","27.Jun,2025 / 28.Jun,2024","30.Jun,2026 / 27.Jun,2025","27.Jun,2025 / 21.Mar,2025","30.Jun,2026 / 31.Mar,2026",SIBCSJ26E31072026E.xlsx,Statement 2,
,,,,,,%,%,%,%,SIBCSJ26E31072026E.xlsx,Statement 2,
,55648.725887,56817.556194,57008.641423,60930.816283,64261.168144,2.443749635456951,12.721802414456393,0.33631370618538275,5.465792293889205,SIBCSJ26E31072026E.xlsx,Statement 2,2.1. Mining and Quarrying (incl. Coal)
,206408.479528,219524.798106,223134.099063,250187.008269,266733.239865,8.103164934525434,19.539434351398782,1.6441427064915044,6.6135454876256246,SIBCSJ26E31072026E.xlsx,Statement 2,2.2. Food Processing
,24945.004496,28521.702093,22861.668583,29742.416505,22511.775659,-8.351715925062555,-1.530478506980812,-19.844655454097627,-24.310872133689802,SIBCSJ26E31072026E.xlsx,Statement 2,2.2.1. Sugar
,18122.089805,20927.253641,21341.874935,26225.645787,32138.487149,17.767184494978284,50.58886460014765,1.98125038819087,22.54602769374313,SIBCSJ26E31072026E.xlsx,Statement 2,2.2.2. Edible Oils and Vanaspati
,5852.65178,5083.83262,4949.538016,5126.835226,5641.933382,-15.430847382483426,13.989090774972231,-2.6416016033194993,10.047097932614541,SIBCSJ26E31072026E.xlsx,Statement 2,2.2.3. Tea
,157488.733448,164992.009752,173981.017528,189092.110751,206441.043674,10.472040582792193,18.657222843736943,5.44814733120191,9.174858144053076,SIBCSJ26E31072026E.xlsx,Statement 2,2.2.4. Others
,30519.759436,35515.454614,34637.789632,40158.258454,37681.308926,13.492996904629992,8.786701825766196,-2.471219900009477,-6.167970483175387,SIBCSJ26E31072026E.xlsx,Statement 2,2.3. Beverage and Tobacco
,255274.602287,277267.085246,277280.660782,301868.423255,309020.44525,8.620543641180193,11.446807858321586,0.004896194580028796,2.369251449979724,SIBCSJ26E31072026E.xlsx,Statement 2,2.4. Textiles
,96642.115842,107494.595816,105868.712328,110268.444554,109654.068135,9.547179721400697,3.5755188891617933,-1.5125257931878309,-0.5571643106828614,SIBCSJ26E31072026E.xlsx,Statement 2,2.4.1. Cotton Textiles
,4245.209215,4288.234703,4410.959866,4994.105944,5353.643229,3.904416545934599,21.371388351688985,2.861904058426255,7.1992322355907215,SIBCSJ26E31072026E.xlsx,Statement 2,2.4.2. Jute Textiles
,45613.688073,49186.259419,49412.801265,52031.983847,53411.96116,8.32888843787399,8.093368100206607,0.46057953720402234,2.6521712434755855,SIBCSJ26E31072026E.xlsx,Statement 2,2.4.3. Man-Made Textiles
,108773.589157,116297.995308,117588.187323,134573.88891,140600.772725,8.10361985323232,19.570490817064215,1.1093845698570326,4.478494204050701,SIBCSJ26E31072026E.xlsx,Statement 2,2.4.4. Other Textiles
,12621.224208,12979.843088,13206.854982,14147.201015,14562.071198,4.640047307208102,10.261460566100421,1.7489571519541403,2.932524833429032,SIBCSJ26E31072026E.xlsx,Statement 2,2.5. Leather and Leather Products
,24222.213624,27825.967375,28302.989146,31055.061203,32587.796139,16.847244373886046,15.139061711457288,1.714304356687257,4.935539897927913,SIBCSJ26E31072026E.xlsx,Statement 2,2.6. Wood and Wood Products
,47583.855249,52847.593915,52730.576135,58963.985152,62076.484845,10.816107394131675,17.723888861128213,-0.22142499086752354,5.27864540528673,SIBCSJ26E31072026E.xlsx,Statement 2,2.7. Paper and Paper Products
,150054.360383,154178.5291,154602.373831,204180.229698,229656.355072,3.030910555609064,48.546461080244164,0.2749051592813452,12.477273344084958,SIBCSJ26E31072026E.xlsx,Statement 2,"2.8. Petroleum, Coal Products and Nuclear Fuels"
,254949.61555,267814.870041,271054.833683,307905.567082,328675.042974,6.317019972066405,21.257768588029354,1.2097773516100803,6.745404472166859,SIBCSJ26E31072026E.xlsx,Statement 2,2.9. Chemicals and Chemical Products
,36924.591113,32011.209754,31958.035805,30585.683931,37126.268531,-13.450535695306407,16.17193483834637,-0.16611040135200006,21.384464100117174,SIBCSJ26E31072026E.xlsx,Statement 2,2.9.1. Fertiliser
,81597.508193,88524.293888,86381.906215,104391.409087,105554.017624,5.863411920231202,22.194591725356965,-2.420112693257436,1.1137013545157461,SIBCSJ26E31072026E.xlsx,Statement 2,2.9.2. Drugs and Pharmaceuticals
,27462.27148,28797.461456,33906.774446,36807.94201,40555.892341,23.466751359927944,19.60999830753407,17.74223397366669,10.182450108136324,SIBCSJ26E31072026E.xlsx,Statement 2,2.9.3. Petro Chemicals
,108965.244763,118481.904944,118808.117218,136120.532054,145438.864477,9.03303844855147,22.414922382900375,0.2753266620368637,6.845647958019541,SIBCSJ26E31072026E.xlsx,Statement 2,2.9.4. Others
,88970.096682,103464.613501,102610.730954,112778.582259,116125.305614,15.331706697762534,13.170722530042722,-0.8252894570487602,2.9675167819667445,SIBCSJ26E31072026E.xlsx,Statement 2,"2.10. Rubber, Plastic and their Products"
,12339.683846,13442.791875,13243.429986,16286.833106,16307.292626,7.323900282039683,23.134963096712077,-1.4830393184228452,0.125620001548755,SIBCSJ26E31072026E.xlsx,Statement 2,2.11. Glass and Glassware
,60570.979288,59752.607309,59182.672237,65112.661766,68921.952102,-2.292033358745856,16.45630299692883,-0.953824607272252,5.850306580446236,SIBCSJ26E31072026E.xlsx,Statement 2,2.12. Cement and Cement Products
,398181.909153,433501.154395,442054.871736,518062.281776,534392.023779,11.018321419053215,20.888165236225422,1.973170602725998,3.1520808554174407,SIBCSJ26E31072026E.xlsx,Statement 2,2.13. Basic Metal and Metal Product
,281763.051619,300156.039772,301599.997934,356663.326486,368672.615188,7.040293679748872,22.238931602604897,0.48106916758924223,3.3671218233510887,SIBCSJ26E31072026E.xlsx,Statement 2,2.13.1. Iron and Steel
,116418.857534,133345.114622,140454.873802,161398.95529,165719.408592,20.646153704935905,17.987652621877373,5.331848264673498,2.6768781088062394,SIBCSJ26E31072026E.xlsx,Statement 2,2.13.2. Other Metal and Metal Product
,203740.494744,240135.894273,248780.837837,317373.700061,342309.10859,22.106721174694904,37.594644172023926,3.600021392125547,7.856797373004556,SIBCSJ26E31072026E.xlsx,Statement 2,2.14. All Engineering
,45601.677156,52863.096541,55370.020519,59905.307025,71279.416835,21.42101776121789,28.732870544161628,4.742294988443702,18.986814983275675,SIBCSJ26E31072026E.xlsx,Statement 2,2.14.1. Electronics
,158138.817588,187272.797732,193410.817318,257468.393037,271029.691754,22.304453939888642,40.13160975809411,3.2775820409240106,5.267170294977206,SIBCSJ26E31072026E.xlsx,Statement 2,2.14.2. Others
,113509.176644,119450.200207,121563.337347,141075.560129,153225.601378,7.095603140757803,26.045898970855607,1.7690528239702001,8.612435235337689,SIBCSJ26E31072026E.xlsx,Statement 2,"2.15. Vehicles, Vehicle Parts and Transport Equipment"
,84300.701809,85813.54569,88897.280644,121355.091929,117972.89472,5.452598538757668,32.706978059809096,3.593529353908695,-2.787025377541466,SIBCSJ26E31072026E.xlsx,Statement 2,2.16. Gems and Jewellery
,145344.156962,160037.036601,160279.736483,179323.305745,191165.799557,10.27600959899947,19.270098486389717,0.15165232195912187,6.603990352955112,SIBCSJ26E31072026E.xlsx,Statement 2,2.17. Construction
,1352064.091377,1364368.718422,1363380.176772,1490126.393523,1511787.181631,0.8369488892701201,10.885225367613534,-0.07245414209901811,1.4536208607639654,SIBCSJ26E31072026E.xlsx,Statement 2,2.18. Infrastructure
,654147.189305,692159.941731,704513.420872,842654.827977,868220.587694,7.69952579334809,23.236912452196304,1.784772333126599,3.033953983077132,SIBCSJ26E31072026E.xlsx,Statement 2,2.18.1. Power
,137857.433583,123849.801843,109427.507102,108701.432686,96729.419083,-20.622701106562495,-11.604109748350394,-11.644988144012231,-11.01366680012665,SIBCSJ26E31072026E.xlsx,Statement 2,2.18.2. Telecommunications
,346731.426602,334146.511227,344663.998264,338134.90822,341767.687259,-0.596262172789186,-0.8403288476858841,3.147567514136048,1.0743578822203288,SIBCSJ26E31072026E.xlsx,Statement 2,2.18.3. Roads
,7779.45,9155.73,9355.06,6684.13,8022.49,20.253488357146068,-14.24437683991337,2.1771065769742,20.022949882782047,SIBCSJ26E31072026E.xlsx,Statement 2,2.18.4. Airports
,6483.35,5915.78,5529.957257,8794.11,9726.34,-14.705248721725656,75.88454210361358,-6.521925139203955,10.600617913580788,SIBCSJ26E31072026E.xlsx,Statement 2,2.18.5. Ports
,13178.115916,13414.976677,11279.784522,6730.318654,6978.019333,-14.405180574373091,-38.13694473161142,-15.916480560572207,3.6803707481633974,SIBCSJ26E31072026E.xlsx,Statement 2,2.18.6. Railways (other than Indian Railways)
,185887.125971,185725.976945,178610.448756,178426.665987,180342.638263,-3.9145676049320532,0.9698142068756289,-3.831197071106086,1.0738149846613236,SIBCSJ26E31072026E.xlsx,Statement 2,2.18.7. Other Infrastructure
,266609.865913,300921.291372,289449.517965,353413.386342,374052.040322,8.566694249586778,29.228766021724745,-3.8122172594356414,5.839805388703604,SIBCSJ26E31072026E.xlsx,Statement 2,2.19. Other Industries
,3762913.992569,3985659.551324,4001401.41064,4584304.347049,4771513.112732,6.337838668169528,19.246049647611464,0.3949624676490615,4.083689727177683,SIBCSJ26E31072026E.xlsx,Statement 2,Industries (2.1 to 2.19)
,,,,,,,,,,SIBCSJ26E31072026E.xlsx,Statement 2,"Note: With effect from December 31, 2025, definition of last reporting fortnight has been changed to the last day of the month under the Banking Laws (Amendment) Act 2025. Accordingly, the y-o-y growth rates from December 2025 onwards are based on end-of-month data for the current year and data for the last reporting fortnight (as per old definition) for the corresponding month of the previous year."
(Rs. Crore),,,,,,,,,,SIBCS30062026.xlsx,Statement 1,
Sector,Outstanding as on,,,,,Variation (Year-on-Year),,Variation (Financial Year),,SIBCS30062026.xlsx,Statement 1,
,"31.May,2024","21.Mar,2025","30.May,2025","31.Mar,2026","31.May,2026","30.May,2025 / 31.May,2024","31.May,2026 / 30.May,2025","30.May,2025 / 21.Mar,2025","31.May,2026 / 31.Mar,2026",SIBCS30062026.xlsx,Statement 1,
,,,,,,%,%,%,%,SIBCS30062026.xlsx,Statement 1,
I. Bank Credit (II + III),16784076.14261,18243972.334670212,18287376.911793716,21361434.744850088,21515965.07329619,8.956708468256195,17.654736253728785,0.2379118775630874,0.7234080027482997,SIBCS30062026.xlsx,Statement 1,
II. Food Credit,40258.89,36531.16,70580.71,70271.35,137005.47,75.31707903521435,94.11177643296588,93.20686778082053,94.96632695970689,SIBCS30062026.xlsx,Statement 1,
III. Non-food Credit,16743817.252609998,18207441.174670212,18216796.201793715,21291163.394850086,21378959.60329619,8.797151372122816,17.35850457168266,0.0513802408243828,0.41235984534006376,SIBCS30062026.xlsx,Statement 1,
,,,,,,,,,,SIBCS30062026.xlsx,Statement 1,
1. Agriculture and Allied Activities,2139044.754272,2287060.099496,2298801.702105,2644249.776114,2641483.613083,7.468611748956684,14.906980043742257,0.5133928317663217,-0.10461050449875967,SIBCS30062026.xlsx,Statement 1,
"2. Industry (Micro and Small, Medium and Large)",3736970.239091,3985659.551324,3933611.948356,4584304.347049,4623903.562952,5.262062491373543,17.54854377246078,-1.3058717709772927,0.8637998899111207,SIBCS30062026.xlsx,Statement 1,
  2.1. Micro and Small,743388.57144,798472.66076,845173.833614,1059416.599847,1066411.261895,13.6920671213487,26.176559126893356,5.848813008769646,0.66023715779138,SIBCS30062026.xlsx,Statement 1,
  2.2. Medium,315803.956055,363245.019249,369215.14273,442584.873546,447397.419139,16.912766813376454,21.175262702097022,1.6435527439145892,1.087372361925023,SIBCS30062026.xlsx,Statement 1,
  2.3. Large,2677777.711596,2823941.871316,2719222.972012,3082302.873656,3110094.881919,1.5477483525433517,14.374397168974589,-3.7082526509371503,0.9016637690129068,SIBCS30062026.xlsx,Statement 1,
3. Services,4632067.680097,5093565.107574,5020623.072905,6061400.065605,6045176.368449,8.38837900572005,20.406895332837227,-1.4320428448148586,-0.2676559372488909,SIBCS30062026.xlsx,Statement 1,
  3.1. Transport Operators,245600.330596,261574.761822,266432.362303,286807.455291,286705.931792,8.482086183046558,7.609274381594798,1.857060079942104,-0.03539778939741823,SIBCS30062026.xlsx,Statement 1,
  3.2. Computer Software,25751.029902,32915.202169,33985.118234,45737.831611,52659.153708,31.97576315718731,54.9476842935264,3.250522538207792,15.132597793148136,SIBCS30062026.xlsx,Statement 1,
"  3.3. Tourism, Hotels and Restaurants",78700.709403,83366.436558,85486.593647,102559.286533,104265.212095,8.622392727429887,21.96674080329202,2.5431782579851028,1.663355527976574,SIBCS30062026.xlsx,Statement 1,
  3.4. Shipping,6908.41,7304.35,7792.84,10383.57,10985.88,12.802222219005536,40.97402230765676,6.687658723911091,5.800606149907975,SIBCS30062026.xlsx,Statement 1,
  3.5. Aviation,45588.96,46071.8,46350.14,52687.58,58303.45,1.669658619104275,25.789156192408473,0.6041439665912695,10.65881181105679,SIBCS30062026.xlsx,Statement 1,
  3.6. Professional Services,180060.962528,195956.642789,196501.016579,218323.871955,220053.580734,9.130271114952809,11.985975729306766,0.2778031825061159,0.7922673611049271,SIBCS30062026.xlsx,Statement 1,
  3.7. Trade,1052278.148377,1184550.226859,1161772.977147,1376531.194623,1362455.606348,10.405502474690872,17.273824847761766,-1.9228606094987788,-1.0225404502260456,SIBCS30062026.xlsx,Statement 1,
    3.7.1. Wholesale Trade1,553286.919754,646098.731744,628555.207713,775808.19461,768719.699026,13.603843733097005,22.299471803437743,-2.7153007998708083,-0.9136917646975122,SIBCS30062026.xlsx,Statement 1,
    3.7.2. Retail Trade,498991.228623,538451.495115,533217.769434,600723.000013,593735.907321,6.859146784092878,11.34961011356369,-0.9719957560675442,-1.1631138963963044,SIBCS30062026.xlsx,Statement 1,
  3.8. Commercial Real Estate,470845.382307,523264.418947,540748.222615,627117.455526,642082.3098780001,14.84624102406977,18.7396061651316,3.3412941975270947,2.3862921084612703,SIBCS30062026.xlsx,Statement 1,
"  3.9. Non-Banking Financial Companies (NBFCs)2            of which,",1547284.408979,1635102.1619060002,1562084.079779,2069731.673261,2088394.8825979999,0.9564932415861257,33.692860047166036,-4.465658711005846,0.9017212027100439,SIBCS30062026.xlsx,Statement 1,
    3.9.1. Housing Finance Companies (HFCs),325158.028645,323181.87,308772.81,373339.12,369646.67,-5.0391554879578315,19.714773460784965,-4.458498863194275,-0.989033777119315,SIBCS30062026.xlsx,Statement 1,
    3.9.2. Public Financial Institutions (PFIs),213777.395483,228678.443837,207145.831132,348765.625849,355794.678884,-3.102088663778937,71.76048242905559,-9.41610951329906,2.015408777137704,SIBCS30062026.xlsx,Statement 1,
  3.10. Other Services3,979049.338007,1123459.106523,1119469.722601,1271520.146804,1219270.361298,14.342523828252254,8.914992221953181,-0.3550982762823221,-4.109237721268615,SIBCS30062026.xlsx,Statement 1,
4. Personal Loans,5472084.540017,5971696.129846,6080166.112041,6939750.450551,7015041.440791,11.112430145717573,15.375818876043484,1.816401568942481,1.084923597418713,SIBCS30062026.xlsx,Statement 1,
  4.1. Consumer Durables,24428.323671,23200.658602,23526.444544,21961.925281,22906.368837,-3.6919403031762643,-2.6356541288689503,1.4042098872655195,4.300367767925483,SIBCS30062026.xlsx,Statement 1,
  4.2. Housing (Including Priority Sector Housing),2786546.694552,3010476.605355,3037367.439656,3355962.521179,3369034.195335,9.001131960012787,10.919546688647024,0.8932417628878728,0.3895059635948387,SIBCS30062026.xlsx,Statement 1,
"  4.3. Advances against Fixed Deposits (Including FCNR              (B), NRNR Deposits etc.)",123236.984309,141842.08336,143176.898564,169107.20695,154712.261367,16.180138102863154,8.056720685176524,0.9410572464676843,-8.512319399406882,SIBCS30062026.xlsx,Statement 1,
"  4.4. Advances to Individuals against share, bonds, etc.",9261.762899,10079.513133,9411.501121,10545.96245,10191.726835,1.6167356434504203,8.290130383760703,-6.6274234001734795,-3.358969052653903,SIBCS30062026.xlsx,Statement 1,
  4.5. Credit Card Outstanding,267978.920474,284366.260475,290677.780773,294460.779546,294534.609379,8.470390230265256,1.3268398416086444,2.219503919859309,0.025072891919188003,SIBCS30062026.xlsx,Statement 1,
  4.6. Education,121102.420226,137456.056824,138130.919525,155823.789461,157517.024755,14.061237807817223,14.034587836426688,0.4909661433574411,1.0866346530635305,SIBCS30062026.xlsx,Statement 1,
  4.7. Vehicle Loans,586821.60683,622793.449718,637883.926188,738677.683697,748449.557754,8.701506345998032,17.33318978998909,2.423030697710925,1.322887407142554,SIBCS30062026.xlsx,Statement 1,
  4.8. Loans against gold jewellery4,107544.051283,206284.024542,250263.300661,461372.808453,514281.236148,132.7077115613184,105.49606545972625,21.319768322653452,11.467608564189973,SIBCS30062026.xlsx,Statement 1,
  4.9. Other Personal Loans,1445163.775774,1535197.477836,1549727.901009,1731837.773534,1743414.46038,7.235451579112377,12.49810106954223,0.9464856074074469,0.6684625444089187,SIBCS30062026.xlsx,Statement 1,
Priority Sector (Memo),,,,,,,,,,SIBCS30062026.xlsx,Statement 1,
  (i)     Agriculture and Allied Activities5,2048111.994622,2287794.295478,2278298.868748,2652747.004675,2593708.559038,11.238978861040419,13.844087560967289,-0.4150472246901037,-2.225558846469524,SIBCS30062026.xlsx,Statement 1,
  (ii)    Micro and Small Enterprises6,2030738.846094,2239408.718898,2410440.686639,2896912.498024,2981385.672969,18.697718875833452,23.686332109092355,7.637371699846011,2.9159726088592497,SIBCS30062026.xlsx,Statement 1,
  (iii)   Medium Enterprises7,502485.726779,601450.822701,610174.695417,709162.716909,719024.06222,21.43124926717829,17.839049639482536,1.45047149105603,1.3905617252387823,SIBCS30062026.xlsx,Statement 1,
  (iv)   Housing,762822.441067,746651.293154,750400.400601,1043835.959677,1042876.920428,-1.6284314405623317,38.97606125912966,0.5021229429822628,-0.09187643327565259,SIBCS30062026.xlsx,Statement 1,
  (v)    Educational Loans,61277.381277,62825.537219,63136.38179,77289.145552,77399.004024,3.0337466684428316,22.590179908375767,0.4947742347454123,0.1421395866332615,SIBCS30062026.xlsx,Statement 1,
  (vi)   Renewable Energy,5694.67,10324.84,12249.99,13010.67,14388.73,115.11325502619114,17.459116293156157,18.645809523440555,10.591768141071901,SIBCS30062026.xlsx,Statement 1,
  (vii)  Social Infrastructure,839.88,1316.48,833.53,1486.04,1422.9,-0.7560603895794664,70.7077129797368,-36.684947739426356,-4.248876207908258,SIBCS30062026.xlsx,Statement 1,
  (viii)  Export Credit,11996.762283,12361.455188000002,12865.568372999998,11269.770148000001,11622.752491000001,7.242004713481228,-9.660015367904006,4.078105508883526,3.1321166125348348,SIBCS30062026.xlsx,Statement 1,
  (ix)   Others,62051.224689,49552.334361,47274.699858,44819.666828,41979.875727,-23.81342979942744,-11.200122151815188,-4.596422211730565,-6.33603795382502,SIBCS30062026.xlsx,Statement 1,
  (x)    Weaker Sections including net PSLC- SF/MF,1640312.969909,1864606.180081,1832760.756347,2071082.657476,1998774.724683,11.732382171475264,9.058136353099018,-1.707890066770925,-3.491310814273376,SIBCS30062026.xlsx,Statement 1,
"Notes:
(1) Data are provisional.  Bank credit, Food credit and Non-food credit data are based on fortnightly Section-42 return, which covers all scheduled commercial banks (SCBs), while sectoral non-food credit data are based on sector-wise and industry-wise bank credit (SIBC) return, which covers select banks accounting for about 95 per cent of total non-food credit extended by all SCBs.  Data for the fortnights corresponding to the Section-42 fortnights are not available for the SIBC return. Therefore, reference periods (fortnights dates) considered for arriving sectoral non-food credit growth rates are different than the reference period for arriving growth rates of Section-42 data.      ",,,,,,,,,,SIBCS30062026.xlsx,Statement 1,
"(2) With effect from December 31, 2025, definition of last reporting fortnight has been changed to the last day of the month under the Banking Laws (Amendment) Act 2025. Accordingly, the y-o-y growth rates from December 2025 onwards are based on end-of-month data for the current year and data for the last reporting fortnight (as per old definition) for the corresponding month of the previous year.",,,,,,,,,,SIBCS30062026.xlsx,Statement 1,
1 Wholesale trade includes food procurement credit outside the food credit consortium.,,,,,,,,,,SIBCS30062026.xlsx,Statement 1,
"2 NBFCs include HFCs, PFIs, Microfinance Institutions (MFIs), NBFCs engaged in gold loan and others.        ",,,,,,,,,,SIBCS30062026.xlsx,Statement 1,
"3 “Other Services” include Mutual Fund (MFs), Banking and Finance other than NBFCs and MFs, and other services which are not indicated elsewhere under services.",,,,,,,,,,SIBCS30062026.xlsx,Statement 1,
"4 Since May 2024, a bank has changed the classification of a category of agricultural loan into “Loans against gold jewellery” under retail segment.",,,,,,,,,,SIBCS30062026.xlsx,Statement 1,
5 “Agriculture and Allied Activities” under the priority sector also include priority sector lending certificates (PSLCs).        ,,,,,,,,,,SIBCS30062026.xlsx,Statement 1,
6 “Micro and Small Enterprises” under the priority sector include credit to micro and small enterprises in industry and services sectors and also include PSLCs.,,,,,,,,,,SIBCS30062026.xlsx,Statement 1,
7 “Medium Enterprises” under the priority sector include credit to medium enterprises in industry and services sectors.       ,,,,,,,,,,SIBCS30062026.xlsx,Statement 1,
,,,,,,,,,,SIBCS30062026.xlsx,Statement 2,(Rs. Crore)
,Outstanding as on,,,,,Variation (Year-on-Year),,Variation (Financial Year),,SIBCS30062026.xlsx,Statement 2,Industry
,"31.May,2024","21.Mar,2025","30.May,2025","31.Mar,2026","31.May,2026","30.May,2025 / 31.May,2024","31.May,2026 / 30.May,2025","30.May,2025 / 21.Mar,2025","31.May,2026 / 31.Mar,2026",SIBCS30062026.xlsx,Statement 2,
,,,,,,%,%,%,%,SIBCS30062026.xlsx,Statement 2,
,55382.803767,56817.556194,53966.763185,60930.816283,60595.819891,-2.556823572814033,12.283591445489051,-5.01745094292007,-0.5497979715946569,SIBCS30062026.xlsx,Statement 2,2.1. Mining and Quarrying (incl. Coal)
,207426.079715,219524.798106,223646.752862,250187.008269,255077.584785,7.819977685200882,14.053784157731206,1.877671584970396,1.954768374999582,SIBCS30062026.xlsx,Statement 2,2.2. Food Processing
,26621.853473,28521.702093,25414.153156,29742.416505,25000.148219,-4.5364997528247,-1.629032981971542,-10.895383897031435,-15.94446196126256,SIBCS30062026.xlsx,Statement 2,2.2.1. Sugar
,18769.191803,20927.253641,20412.853989,26225.645787,28948.46599,8.757234745383553,41.81488784272713,-2.4580370689071445,10.382280860171212,SIBCS30062026.xlsx,Statement 2,2.2.2. Edible Oils and Vanaspati
,5671.29421,5083.83262,4922.667074,5126.835226,4992.462243,-13.200287417287774,1.4178324057021126,-3.170158383381241,-2.6209733115382203,SIBCS30062026.xlsx,Statement 2,2.2.3. Tea
,156363.740228,164992.009752,172897.078643,189092.110751,196136.508333,10.573639637227965,13.441192802328997,4.791182859631873,3.7253788928699407,SIBCS30062026.xlsx,Statement 2,2.2.4. Others
,30995.740358,35515.454614,34196.312864,40158.258454,37364.304267,10.325846290598227,9.264131532540421,-3.714275276318732,-6.957358945733137,SIBCS30062026.xlsx,Statement 2,2.3. Beverage and Tobacco
,255645.960587,277267.085246,272947.398215,301868.423255,300962.944187,6.76773362202688,10.264082440504604,-1.5579516144757748,-0.29995819312147554,SIBCS30062026.xlsx,Statement 2,2.4. Textiles
,98238.214501,107494.595816,103918.658921,110268.444554,107218.776317,5.7823164324125385,3.17567357995717,-3.326620159697132,-2.7656762996294373,SIBCS30062026.xlsx,Statement 2,2.4.1. Cotton Textiles
,4258.579043,4288.234703,4323.901722,4994.105944,5196.416897,1.5339078678690592,20.178885439524347,0.8317412984659465,4.050994417590596,SIBCS30062026.xlsx,Statement 2,2.4.2. Jute Textiles
,45134.251416,49186.259419,48217.297058,52031.983847,52111.758717,6.830833669054859,8.076897496588,-1.9699858709436806,0.1533189090667228,SIBCS30062026.xlsx,Statement 2,2.4.3. Man-Made Textiles
,108014.915627,116297.995308,116487.540514,134573.88891,136435.992256,7.843939735376819,17.124966029824034,0.16298235020991514,1.383703303131354,SIBCS30062026.xlsx,Statement 2,2.4.4. Other Textiles
,12454.388573,12979.843088,13163.731722,14147.201015,14328.331321,5.695527683613411,8.847032312681154,1.4167246302846894,1.2803260928288938,SIBCS30062026.xlsx,Statement 2,2.5. Leather and Leather Products
,24279.343212,27825.967375,28242.936424,31055.061203,31564.176069,16.32496059465482,11.759540846389159,1.4984889595415167,1.639394180137111,SIBCS30062026.xlsx,Statement 2,2.6. Wood and Wood Products
,46964.332132,52847.593915,52523.297704,58963.985152,60639.605997,11.836568986812637,15.452777429818331,-0.6136442304669506,2.841770007031423,SIBCS30062026.xlsx,Statement 2,2.7. Paper and Paper Products
,139873.556891,154178.5291,137814.273929,204180.229698,194143.38907,-1.4722460826564567,40.87320822081173,-10.613835315802104,-4.915677018703206,SIBCS30062026.xlsx,Statement 2,"2.8. Petroleum, Coal Products and Nuclear Fuels"
,256290.596579,267814.870041,268415.210296,307905.567082,320393.721261,4.730807091185127,19.364964790065258,0.2241624055109717,4.055839034464166,SIBCS30062026.xlsx,Statement 2,2.9. Chemicals and Chemical Products
,39051.248463,32011.209754,32606.645683,30585.683931,35029.058676,-16.502936611888583,7.429200220564135,1.8600856811592255,14.527629184372875,SIBCS30062026.xlsx,Statement 2,2.9.1. Fertiliser
,83035.854245,88524.293888,85596.513216,104391.409087,104969.625137,3.083799154332421,22.633062017505985,-3.3073188651515153,0.5538923701260722,SIBCS30062026.xlsx,Statement 2,2.9.2. Drugs and Pharmaceuticals
,27276.7569,28797.461456,33797.031189,36807.94201,38596.493329,23.90414048453099,14.20083945586939,17.361147407520296,4.859145122848987,SIBCS30062026.xlsx,Statement 2,2.9.3. Petro Chemicals
,106926.736971,118481.904944,116415.020208,136120.532054,141798.544118,8.87363021240735,21.80433750270967,-1.7444729108439787,4.171311982344788,SIBCS30062026.xlsx,Statement 2,2.9.4. Others
,88461.019393,103464.613501,101919.134147,112778.582259,113849.165093,15.213610295638263,11.70538883188811,-1.4937274703926269,0.9492785000093098,SIBCS30062026.xlsx,Statement 2,"2.10. Rubber, Plastic and their Products"
,12234.836134,13442.791875,13657.187308,16286.833106,15898.089352,11.625420711989417,16.408225159856617,1.594872813576158,-2.386859074873111,SIBCS30062026.xlsx,Statement 2,2.11. Glass and Glassware
,59704.493857,59752.607309,59399.822179,65112.661766,68532.94416,-0.5102994068247643,15.375672259552466,-0.5904096003302933,5.252868338099453,SIBCS30062026.xlsx,Statement 2,2.12. Cement and Cement Products
,389195.497315,433501.154395,430564.554092,518062.281776,522177.840715,10.629377025787502,21.277479939378548,-0.6774146442812528,0.7944139312538288,SIBCS30062026.xlsx,Statement 2,2.13. Basic Metal and Metal Product
,275230.590349,300156.039772,293135.090101,356663.326486,359414.49688,6.505272444206356,22.610533169592006,-2.339099914941961,0.7713634090462077,SIBCS30062026.xlsx,Statement 2,2.13.1. Iron and Steel
,113964.906966,133345.114622,137429.463991,161398.95529,162763.343835,20.58928283247786,18.434096378094786,3.062991381857604,0.8453515343692745,SIBCS30062026.xlsx,Statement 2,2.13.2. Other Metal and Metal Product
,199304.808859,240135.894273,240058.8298,317373.700061,324313.574444,20.448087115565684,35.09754034633723,-0.0320920257395567,2.1866570486672825,SIBCS30062026.xlsx,Statement 2,2.14. All Engineering
,44087.197233,52863.096541,52810.663166,59905.307025,65407.244782,19.78684625129751,23.8523450773665,-0.09918710486309444,9.1843912171319,SIBCS30062026.xlsx,Statement 2,2.14.1. Electronics
,155217.611627,187272.797732,187248.166634,257468.393037,258906.329662,20.635902505684665,38.269086590345566,-0.013152523109769167,0.5584905424850967,SIBCS30062026.xlsx,Statement 2,2.14.2. Others
,112144.547239,119450.200207,117960.999668,141075.560129,149078.8119,5.186567311742853,26.379746119124754,-1.2467124679735178,5.673024982982033,SIBCS30062026.xlsx,Statement 2,"2.15. Vehicles, Vehicle Parts and Transport Equipment"
,83070.766138,85813.54569,87048.300725,121355.091929,117923.160036,4.788127968378636,35.46865252262511,1.4388812687690666,-2.828008152313779,SIBCS30062026.xlsx,Statement 2,2.16. Gems and Jewellery
,144495.591848,160037.036601,159998.000099,179323.305745,181625.262214,10.728637498718657,13.517207778608453,-0.02439216748141082,1.2836906276272912,SIBCS30062026.xlsx,Statement 2,2.17. Construction
,1365070.194788,1364368.718422,1347933.727232,1490126.393523,1504608.031251,-1.2553543122858484,11.623294295093624,-1.204585752230404,0.9718395560904168,SIBCS30062026.xlsx,Statement 2,2.18. Infrastructure
,665808.617095,692159.941731,692947.796329,842654.827977,858054.738441,4.076123158695575,23.826750440174564,0.11382551206730399,1.8275466955991015,SIBCS30062026.xlsx,Statement 2,2.18.1. Power
,139231.453969,123849.801843,105082.190221,108701.432686,97751.786194,-24.526974885720406,-6.975876703353165,-15.15352575678,-10.073139075939924,SIBCS30062026.xlsx,Statement 2,2.18.2. Telecommunications
,346152.068689,334146.511227,342408.6388,338134.90822,339986.172754,-1.0814408543556169,-0.707478074878529,2.4726062656351417,0.5474928760669491,SIBCS30062026.xlsx,Statement 2,2.18.3. Roads
,7555.87,9155.73,9427.74,6684.13,8065.12,24.773718976107318,-14.453304821728219,2.9709264034653735,20.660729219808708,SIBCS30062026.xlsx,Statement 2,2.18.4. Airports
,6411.51,5915.78,5181.88,8794.11,9474.03,-19.17847745694852,82.82997676518947,-12.405802785093423,7.731538495652204,SIBCS30062026.xlsx,Statement 2,2.18.5. Ports
,13105.148442,13414.976677,11312.038231,6730.318654,7059.262462,-13.682486840464584,-37.595132567228326,-15.676049959933897,4.887492330017692,SIBCS30062026.xlsx,Statement 2,2.18.6. Railways (other than Indian Railways)
,186805.526593,185725.976945,181573.443651,178426.665987,184216.9214,-2.8008180686213366,1.4558724535075613,-2.2358387137356153,3.245173797857031,SIBCS30062026.xlsx,Statement 2,2.18.7. Other Infrastructure
,253975.681706,300921.291372,290154.715904,353413.386342,350826.80694,14.2450780936895,20.910255015835705,-3.57787095054379,-0.7318849545492192,SIBCS30062026.xlsx,Statement 2,2.19. Other Industries
,3736970.239091,3985659.551324,3933611.948356,4584304.347049,4623903.562952,5.262062491373543,17.54854377246078,-1.3058717709772927,0.8637998899111207,SIBCS30062026.xlsx,Statement 2,Industries (2.1 to 2.19)
,,,,,,,,,,SIBCS30062026.xlsx,Statement 2,"Note: With effect from December 31, 2025, definition of last reporting fortnight has been changed to the last day of the month under the Banking Laws (Amendment) Act 2025. Accordingly, the y-o-y growth rates from December 2025 onwards are based on end-of-month data for the current year and data for the last reporting fortnight (as per old definition) for the corresponding month of the previous year."
(Rs. Crore),,,,,,,,,,SIBCS29052026.xlsx,Statement 1,
Sector,Outstanding as on,,,,,Variation (Year-on-Year),,Variation (Financial Year),,SIBCS29052026.xlsx,Statement 1,
,"3.May,2024","21.Mar,2025","2.May,2025","31.Mar,2026","30.Apr,2026","2.May,2025 / 3.May,2024","30.Apr,2026 / 2.May,2025","2.May,2025 / 21.Mar,2025","30.Apr,2026 / 31.Mar,2026",SIBCS29052026.xlsx,Statement 1,
,,,,,,%,%,%,%,SIBCS29052026.xlsx,Statement 1,
I. Bank Credit (II + III),16631720.36148,18243972.334670212,18284956.7916154,21361434.744850088,21211828.314993005,9.940261104704415,16.006991740443855,0.22464656377110867,-0.7003575913511637,SIBCS29052026.xlsx,Statement 1,
II. Food Credit,37779.72,36531.16,62446.15,70271.35,103915.28,65.2901344954383,66.4078249820045,70.93941172412809,47.877164733564946,SIBCS29052026.xlsx,Statement 1,
III. Non-food Credit,16593410.629999999,18207404.40724521,18223866.6951554,21291163.394850086,21107913.034993004,9.82592488977296,15.82565537863758,0.09041534719599405,-0.8606873962622776,SIBCS29052026.xlsx,Statement 1,
,"19.Apr,2024","21.Mar,2025","18.Apr,2025","31.Mar,2026","30.Apr,2026","18.Apr,2025 / 19.Apr,2024","30.Apr,2026 / 18.Apr,2025","18.Apr,2025 / 21.Mar,2025","30.Apr,2026 / 31.Mar,2026",SIBCS29052026.xlsx,Statement 1,
1. Agriculture and Allied Activities,2115986.040223,2287060.099496,2309630.692594,2644249.776114,2626040.14213,9.151508974538988,13.699568963583225,0.9868823780789164,-0.6886502987913988,SIBCS29052026.xlsx,Statement 1,
"2. Industry (Micro and Small, Medium and Large)",3686690.04219,3985659.551324,3943926.906275,4584304.347049,4537732.351008,6.9774475516307275,15.056198018990246,-1.0470699895864652,-1.0159010509627078,SIBCS29052026.xlsx,Statement 1,
  2.1. Micro and Small,738532.627774,798472.66076,806396.46886,1059416.599847,1049053.121455,9.189010550630288,30.091482535636953,0.9923706207370967,-0.9782250338060363,SIBCS29052026.xlsx,Statement 1,
  2.2. Medium,311741.287304,363245.019249,368211.945757,442584.873546,441428.820557,18.114590768957612,19.88443765708763,1.3673763561215513,-0.26120481247758565,SIBCS29052026.xlsx,Statement 1,
  2.3. Large,2636416.127111,2823941.871316,2769318.491657,3082302.873656,3047250.408996,5.041023804221498,10.036112428971705,-1.934295468820841,-1.1372167530838204,SIBCS29052026.xlsx,Statement 1,
3. Services,4559126.289284,5093565.107574,5021392.428615,6061400.065605,5954519.015937,10.139358069934003,18.583024541250094,-1.4169383807754026,-1.7633063073082618,SIBCS29052026.xlsx,Statement 1,
  3.1. Transport Operators,237410.284126,261574.761822,263408.807721,286807.455291,286206.146185,10.950883484559524,8.65473659033708,0.7011555267124917,-0.2096560235471918,SIBCS29052026.xlsx,Statement 1,
  3.2. Computer Software,24773.971429,32915.202169,33451.083292,45737.831611,51095.897736,35.025114515320375,52.748110696372706,1.6280657194465205,11.714735780590386,SIBCS29052026.xlsx,Statement 1,
"  3.3. Tourism, Hotels and Restaurants",77346.923469,83366.436558,84964.721769,102559.286533,102767.191085,9.848870463546161,20.952777747452547,1.9171806748487206,0.20271645701542226,SIBCS29052026.xlsx,Statement 1,
  3.4. Shipping,6883.46,7304.35,7778.01,10383.57,10943.89,12.99564463220532,40.7029561545948,6.484629022431836,5.3962172932815955,SIBCS29052026.xlsx,Statement 1,
  3.5. Aviation,45034.73,46071.8,46571.46,52687.58,52704.09,3.412322001264348,13.168215039854875,1.084524589879267,0.031335658232917056,SIBCS29052026.xlsx,Statement 1,
  3.6. Professional Services,173432.627677,195956.642789,194449.580846,218323.871955,219386.143529,12.118223341539775,12.824179190568291,-0.769079282820111,0.48655768354041234,SIBCS29052026.xlsx,Statement 1,
  3.7. Trade,1020057.989718,1184550.226859,1161709.770263,1376531.194623,1317230.156304,13.886639972709805,13.387197906219871,-1.9281965490450137,-4.308005408859712,SIBCS29052026.xlsx,Statement 1,
    3.7.1. Wholesale Trade1,536069.582926,646098.731744,619649.70849,775808.19461,731935.032912,15.59128296513282,18.120774186374376,-4.093650390336897,-5.6551557463317526,SIBCS29052026.xlsx,Statement 1,
    3.7.2. Retail Trade,483988.406792,538451.495115,542060.061773,600723.000013,585295.123392,11.998563223014775,7.9760647699415985,0.6701748793973159,-2.568218067339878,SIBCS29052026.xlsx,Statement 1,
  3.8. Commercial Real Estate,461136.655986,523264.418947,540775.162595,627117.455526,635403.651746,17.270044698293898,17.498675178961516,3.3464426423715268,1.3213148744280967,SIBCS29052026.xlsx,Statement 1,
"  3.9. Non-Banking Financial Companies (NBFCs)2            of which,",1540061.357864,1635102.1619060002,1609971.837815,2069731.673261,2056412.246081,4.539460690576832,27.729702953804086,-1.5369268463143868,-0.6435340074307541,SIBCS29052026.xlsx,Statement 1,
    3.9.1. Housing Finance Companies (HFCs),323712.26,323181.87,314914.21,373339.12,367439.03,-2.717861226510231,16.679088568280232,-2.5582066221722077,-1.5803567544702972,SIBCS29052026.xlsx,Statement 1,
    3.9.2. Public Financial Institutions (PFIs),220647.078328,228678.443837,220805.97127,348765.625849,346877.000454,0.07201225740401858,57.095842317525566,-3.442594953379786,-0.541517069063931,SIBCS29052026.xlsx,Statement 1,
  3.10. Other Services3,972988.289016,1123459.106523,1078311.994315,1271520.146804,1222369.603272,10.824765980021786,13.359548045138178,-4.018580822912725,-3.865494672305518,SIBCS29052026.xlsx,Statement 1,
4. Personal Loans,5361906.988811,5971696.129846,5999591.976851,6939750.450551,6960421.991809,11.892876720366358,16.01492265916239,0.46713440199308537,0.2978715359477885,SIBCS29052026.xlsx,Statement 1,
  4.1. Consumer Durables,23316.635244,23200.658602,23081.131958,21961.925281,22301.649797,-1.010022602041607,-3.3771400918221963,-0.5151864266029674,1.5468794818908955,SIBCS29052026.xlsx,Statement 1,
  4.2. Housing (Including Priority Sector Housing),2741452.30653,3010476.605355,3008940.901407,3355962.521179,3351751.641192,9.757185789439259,11.393069887969526,-0.05101198744638268,-0.12547458323583055,SIBCS29052026.xlsx,Statement 1,
"  4.3. Advances against Fixed Deposits (Including FCNR              (B), NRNR Deposits etc.)",121725.865518,141842.08336,144156.573013,169107.20695,158015.599379,18.427231878407206,9.613870582751856,1.6317369275560796,-6.558920681765776,SIBCS29052026.xlsx,Statement 1,
"  4.4. Advances to Individuals against share, bonds, etc.",8472.338801,10079.513133,10487.736721,10545.96245,10110.944888,23.78797599267536,-3.5926896624467552,4.050032800329294,-4.1249678638861536,SIBCS29052026.xlsx,Statement 1,
  4.5. Credit Card Outstanding,259641.330573,284366.260475,287172.284904,294460.779546,298015.840843,10.603456033075389,3.7759757849281734,0.98676419077033,1.2073123294997645,SIBCS29052026.xlsx,Statement 1,
  4.6. Education,119124.686976,137456.056824,137454.293693,155823.789461,155697.662667,15.386908610045602,13.27231655254509,-0.0012826870206546666,-0.08094193732310563,SIBCS29052026.xlsx,Statement 1,
  4.7. Vehicle Loans,578496.89817,622793.449718,629690.924138,738677.683697,742869.616752,8.849490140732946,17.97368967465001,1.1075059352539998,0.5674914983243778,SIBCS29052026.xlsx,Statement 1,
  4.8. Loans against gold jewellery4,92832.383084,206284.024542,220953.340662,461372.808453,488761.100647,138.013216209336,121.20557181105256,7.111222574103546,5.936260588445598,SIBCS29052026.xlsx,Statement 1,
  4.9. Other Personal Loans,1416844.543914,1535197.477836,1537654.790356,1731837.773534,1732897.935642,8.5267114843993,12.697462818738211,0.16006491382878793,0.061216017123633996,SIBCS29052026.xlsx,Statement 1,
Priority Sector (Memo),,,,,,,,,,SIBCS29052026.xlsx,Statement 1,
  (i)     Agriculture and Allied Activities5,2060243.710428,2287794.295478,2233684.969098,2652747.004675,2620848.913005,8.41848261893098,17.33296992473131,-2.3651307500395116,-1.2024551008364244,SIBCS29052026.xlsx,Statement 1,
  (ii)    Micro and Small Enterprises6,1964018.699137,2239408.718898,2313293.032988,2896912.498024,2973316.811098,17.783656235272773,28.53178428750421,3.2992777721414797,2.637439450660522,SIBCS29052026.xlsx,Statement 1,
  (iii)   Medium Enterprises7,498948.464797,601450.822701,604298.814098,709162.716909,708509.481621,21.114475087895567,17.24489029132863,0.4735202429701793,-0.09211359712298448,SIBCS29052026.xlsx,Statement 1,
  (iv)   Housing,753576.045014,746651.293154,744227.978899,1043835.959677,1041436.253228,-1.240494065177773,39.9351116533788,-0.32455769878378243,-0.22989306190816483,SIBCS29052026.xlsx,Statement 1,
  (v)    Educational Loans,61027.527318,62825.537219,62636.893366,77289.145552,77211.884525,2.6371149524278947,23.26901986315859,-0.30026619962264456,-0.0999636190155827,SIBCS29052026.xlsx,Statement 1,
  (vi)   Renewable Energy,5483.51,10324.84,11978.912546,13010.67,13852.18,118.45337285789574,15.638042658768075,16.02032134154136,6.4678452377932905,SIBCS29052026.xlsx,Statement 1,
  (vii)  Social Infrastructure,809.96,1316.48,1146.67,1486.04,1551.11,41.57118870067658,35.27082770108225,-12.898790714632957,4.378751581384077,SIBCS29052026.xlsx,Statement 1,
  (viii)  Export Credit,12573.033152,12478.775188000001,13193.128986000002,11435.530148,11607.291578999999,4.931950997849413,-12.020176628931827,5.724550584795742,1.501997972783439,SIBCS29052026.xlsx,Statement 1,
  (ix)   Others,75156.337482,49552.334361,48690.042191,44819.666828,42625.845157,-35.21498808711734,-12.45469660965075,-1.740164577753303,-4.894774607359332,SIBCS29052026.xlsx,Statement 1,
  (x)    Weaker Sections including net PSLC- SF/MF,1605820.904237,1864606.180081,1789687.092674,2071082.657476,1980618.144113,11.449981000487925,10.6684041149186,-4.0179576903336,-4.367981791380933,SIBCS29052026.xlsx,Statement 1,
"Notes:
(1) Data are provisional.  Bank credit, Food credit and Non-food credit data are based on fortnightly Section-42 return, which covers all scheduled commercial banks (SCBs), while sectoral non-food credit data are based on sector-wise and industry-wise bank credit (SIBC) return, which covers select banks accounting for about 95 per cent of total non-food credit extended by all SCBs.  Data for the fortnights corresponding to the Section-42 fortnights are not available for the SIBC return. Therefore, reference periods (fortnights dates) considered for arriving sectoral non-food credit growth rates are different than the reference period for arriving growth rates of Section-42 data.      ",,,,,,,,,,SIBCS29052026.xlsx,Statement 1,
"(2) With effect from December 31, 2025, definition of last reporting fortnight has been changed to the last day of the month under the Banking Laws (Amendment) Act 2025. Accordingly, the y-o-y growth rates from December 2025 onwards are based on end-of-month data for the current year and data for the last reporting fortnight (as per old definition) for the corresponding month of the previous year.",,,,,,,,,,SIBCS29052026.xlsx,Statement 1,
1 Wholesale trade includes food procurement credit outside the food credit consortium.,,,,,,,,,,SIBCS29052026.xlsx,Statement 1,
"2 NBFCs include HFCs, PFIs, Microfinance Institutions (MFIs), NBFCs engaged in gold loan and others.        ",,,,,,,,,,SIBCS29052026.xlsx,Statement 1,
"3 “Other Services” include Mutual Fund (MFs), Banking and Finance other than NBFCs and MFs, and other services which are not indicated elsewhere under services.",,,,,,,,,,SIBCS29052026.xlsx,Statement 1,
"4 Since May 2024, a bank has changed the classification of a category of agricultural loan into “Loans against gold jewellery” under retail segment.",,,,,,,,,,SIBCS29052026.xlsx,Statement 1,
5 “Agriculture and Allied Activities” under the priority sector also include priority sector lending certificates (PSLCs).        ,,,,,,,,,,SIBCS29052026.xlsx,Statement 1,
6 “Micro and Small Enterprises” under the priority sector include credit to micro and small enterprises in industry and services sectors and also include PSLCs.,,,,,,,,,,SIBCS29052026.xlsx,Statement 1,
7 “Medium Enterprises” under the priority sector include credit to medium enterprises in industry and services sectors.       ,,,,,,,,,,SIBCS29052026.xlsx,Statement 1,
,,,,,,,,,,SIBCS29052026.xlsx,Statement 2,(Rs. Crore)
,Outstanding as on,,,,,Variation (Year-on-Year),,Variation (Financial Year),,SIBCS29052026.xlsx,Statement 2,Industry
,"19.Apr,2024","21.Mar,2025","18.Apr,2025","31.Mar,2026","30.Apr,2026","18.Apr,2025 / 19.Apr,2024","30.Apr,2026 / 18.Apr,2025","18.Apr,2025 / 21.Mar,2025","30.Apr,2026 / 31.Mar,2026",SIBCS29052026.xlsx,Statement 2,
,,,,,,%,%,%,%,SIBCS29052026.xlsx,Statement 2,
,55370.820793,56817.556194,54031.705204,60930.816283,59255.528088,-2.4184499521980944,9.668069634813744,-4.903151730933102,-2.7494924525857942,SIBCS29052026.xlsx,Statement 2,2.1. Mining and Quarrying (incl. Coal)
,210713.093451,219524.798106,224434.0273,250187.008269,254264.861994,6.511666467556612,13.291582855270548,2.236298238903064,1.6299222542425156,SIBCS29052026.xlsx,Statement 2,2.2. Food Processing
,27895.719993,28521.702093,28381.071474,29742.416505,28257.521043,1.7398779494553034,-0.43532687309985685,-0.49306531055351754,-4.992517880147278,SIBCS29052026.xlsx,Statement 2,2.2.1. Sugar
,20149.576031,20927.253641,21239.062212,26225.645787,28248.643821,5.406993076796416,33.00325381145882,1.489964122139353,7.713815897730138,SIBCS29052026.xlsx,Statement 2,2.2.2. Edible Oils and Vanaspati
,5720.866517,5083.83262,4981.295421,5126.835226,4827.652045,-12.927606225425947,-3.084406023225901,-2.0169271229862074,-5.835630907011333,SIBCS29052026.xlsx,Statement 2,2.2.3. Tea
,156946.930911,164992.009752,169832.598194,189092.110751,192931.045086,8.210206601814388,13.60071454928495,2.9338320378519427,2.0301927561933972,SIBCS29052026.xlsx,Statement 2,2.2.4. Others
,31593.368416,35515.454614,34581.558458,40158.258454,38514.289886,9.458282518829721,11.372337174382643,-2.629548646216303,-4.093724756224469,SIBCS29052026.xlsx,Statement 2,2.3. Beverage and Tobacco
,253817.929188,277267.085246,275378.593212,301868.423255,298223.499663,8.494539409794898,8.295817835561708,-0.6811093470847672,-1.207454410997128,SIBCS29052026.xlsx,Statement 2,2.4. Textiles
,97698.307026,107494.595816,103961.47412,110268.444554,108945.917593,6.410722237319032,4.794510192541704,-3.2867900652863478,-1.1993702879814687,SIBCS29052026.xlsx,Statement 2,2.4.1. Cotton Textiles
,4265.325107,4288.234703,4333.453282,4994.105944,5196.120721,1.5972563237487525,19.907159091417657,1.054480039732105,4.045063906637867,SIBCS29052026.xlsx,Statement 2,2.4.2. Jute Textiles
,44280.656628,49186.259419,49563.386784,52031.983847,50898.290894,11.930107993609958,2.6933270638214903,0.7667331678698888,-2.178838608832652,SIBCS29052026.xlsx,Statement 2,2.4.3. Man-Made Textiles
,107573.640427,116297.995308,117520.279027,134573.88891,133183.170454,9.246353066158273,13.327820148726415,1.0509929390983404,-1.0334236955358285,SIBCS29052026.xlsx,Statement 2,2.4.4. Other Textiles
,12488.611674,12979.843088,13156.767397,14147.201015,14003.201148,5.350120096944251,6.433447711426471,1.3630697058546752,-1.0178682472053673,SIBCS29052026.xlsx,Statement 2,2.5. Leather and Leather Products
,23840.038902,27825.967375,27842.29368,31055.061203,31181.525224,16.787954056837716,11.993378068555744,0.05867291073828726,0.40722515461596653,SIBCS29052026.xlsx,Statement 2,2.6. Wood and Wood Products
,46269.564554,52847.593915,52465.024104,58963.985152,59468.302013,13.389924045577391,13.348469820804038,-0.7239115022252971,0.8552964317115757,SIBCS29052026.xlsx,Statement 2,2.7. Paper and Paper Products
,133966.744902,154178.5291,135500.499051,204180.229698,186679.908018,1.144876775293723,37.77064241493087,-12.114546790678924,-8.571016746275824,SIBCS29052026.xlsx,Statement 2,"2.8. Petroleum, Coal Products and Nuclear Fuels"
,251948.590356,267814.870041,267190.483178,307905.567082,310276.963056,6.049604326209339,16.125753943599907,-0.2331412228545803,0.770169892176209,SIBCS29052026.xlsx,Statement 2,2.9. Chemicals and Chemical Products
,36872.644494,32011.209754,31849.527737,30585.683931,31761.159953,-13.622881748601928,-0.27745398528262594,-0.5050793713905048,3.843222942641475,SIBCS29052026.xlsx,Statement 2,2.9.1. Fertiliser
,81731.935041,88524.293888,86140.874676,104391.409087,103889.241842,5.394390372365835,20.603885475689193,-2.692389972650299,-0.48104269248966364,SIBCS29052026.xlsx,Statement 2,2.9.2. Drugs and Pharmaceuticals
,28033.711851,28797.461456,31760.5738,36807.94201,37907.842689,13.294215082213794,19.355030950353925,10.289491483571819,2.9882156375414226,SIBCS29052026.xlsx,Statement 2,2.9.3. Petro Chemicals
,105310.298969,118481.904944,117439.506964,136120.532054,136718.718573,11.51758955557657,16.416291337896926,-0.8797950881129736,0.43945355632512206,SIBCS29052026.xlsx,Statement 2,2.9.4. Others
,88991.481835,103464.613501,103556.0346,112778.582259,111129.309947,16.36623243559904,7.3132148949627735,0.08835977432913876,-1.4623985148282754,SIBCS29052026.xlsx,Statement 2,"2.10. Rubber, Plastic and their Products"
,12199.205962,13442.791875,13668.218161,16286.833106,16012.964202,12.041867344283801,17.154730875530973,1.6769305669251082,-1.6815356442690426,SIBCS29052026.xlsx,Statement 2,2.11. Glass and Glassware
,58089.225892,59752.607309,58452.206947,65112.661766,64738.790819,0.6248681221451532,10.755083854575751,-2.1763073120394743,-0.5741908514562074,SIBCS29052026.xlsx,Statement 2,2.12. Cement and Cement Products
,381615.538213,433501.154395,436006.37089,518062.281776,513051.298018,14.252782507677034,17.670596640762756,0.5779030735215259,-0.9672550838523829,SIBCS29052026.xlsx,Statement 2,2.13. Basic Metal and Metal Product
,269935.585718,300156.039772,299923.787356,356663.326486,349872.569116,11.109391730710323,16.65382469337533,-0.07737722558454031,-1.9039684951366886,SIBCS29052026.xlsx,Statement 2,2.13.1. Iron and Steel
,111679.952495,133345.114622,136082.583534,161398.95529,163178.728902,21.85050270333212,19.91154537511413,2.052920288651032,1.1027169344449044,SIBCS29052026.xlsx,Statement 2,2.13.2. Other Metal and Metal Product
,197262.150821,240135.894273,240022.092088,317373.700061,314000.44177,21.67670842532855,30.82147523940299,-0.04739074320585785,-1.062866359232566,SIBCS29052026.xlsx,Statement 2,2.14. All Engineering
,44539.985265,52863.096541,52984.332134,59905.307025,62416.947115,18.959024837477106,17.802649577887394,0.22933880331048842,4.19268377833675,SIBCS29052026.xlsx,Statement 2,2.14.1. Electronics
,152722.165555,187272.797732,187037.759954,257468.393037,251583.494655,22.46929532088247,34.50946734866496,-0.1255055623915829,-2.2856779865613692,SIBCS29052026.xlsx,Statement 2,2.14.2. Others
,111826.335417,119450.200207,119923.41523,141075.560129,142885.351026,7.240762905093888,19.147166341086525,0.3961609291402977,1.2828521788927294,SIBCS29052026.xlsx,Statement 2,"2.15. Vehicles, Vehicle Parts and Transport Equipment"
,83587.967289,85813.54569,90970.660505,121355.091929,114644.455069,8.83224398850953,26.023549166930383,6.009674549085758,-5.529753019285027,SIBCS29052026.xlsx,Statement 2,2.16. Gems and Jewellery
,138954.767708,160037.036601,158962.874632,179323.305745,179639.984238,14.399007140255232,13.007508610968218,-0.6711958630414281,0.17659639481012848,SIBCS29052026.xlsx,Statement 2,2.17. Construction
,1347829.153576,1364368.718422,1352393.497557,1490126.393523,1489021.652161,0.33864410551516977,10.10269236363594,-0.8777114795515341,-0.07413742665063618,SIBCS29052026.xlsx,Statement 2,2.18. Infrastructure
,654578.177511,692159.941731,696729.551503,842654.827977,846307.308672,6.439471317586304,21.468553593905646,0.6601956421476819,0.4334492100126686,SIBCS29052026.xlsx,Statement 2,2.18.1. Power
,142262.233554,123849.801843,112133.300679,108701.432686,98775.811586,-21.178447801864177,-11.912151887188283,-9.460250230236605,-9.131085814362368,SIBCS29052026.xlsx,Statement 2,2.18.2. Telecommunications
,340304.687108,334146.511227,337251.990655,338134.90822,338767.652833,-0.897048018627848,0.4494153392708988,0.9293765829236226,0.1871278586203634,SIBCS29052026.xlsx,Statement 2,2.18.3. Roads
,7442.56,9155.73,9293.33,6684.13,6874,24.86738434087195,-26.032972034781938,1.5028839863124008,2.840609024659902,SIBCS29052026.xlsx,Statement 2,2.18.4. Airports
,6342.32,5915.78,5467.05,8794.11,9513.84,-13.800470490293765,74.02145581254973,-7.585305741592818,8.184227852505819,SIBCS29052026.xlsx,Statement 2,2.18.5. Ports
,13043.828584,13414.976677,11936.593877,6730.318654,6677.885574,-8.488571433376338,-44.05535077416624,-11.02039038602796,-0.779057912344722,SIBCS29052026.xlsx,Statement 2,2.18.6. Railways (other than Indian Railways)
,183855.346819,185725.976945,179581.680844,178426.665987,182105.153495,-2.324471955230818,1.4051949169537634,-3.308258867212505,2.0616243024279965,SIBCS29052026.xlsx,Statement 2,2.18.7. Other Infrastructure
,246325.453241,300921.291372,285390.584082,353413.386342,340740.024667,15.859153135416925,19.3942770617466,-5.161052984715819,-3.5859880142558933,SIBCS29052026.xlsx,Statement 2,2.19. Other Industries
,3686690.04219,3985659.551324,3943926.906275,4584304.347049,4537732.351008,6.9774475516307275,15.056198018990246,-1.0470699895864652,-1.0159010509627078,SIBCS29052026.xlsx,Statement 2,Industries (2.1 to 2.19)
,,,,,,,,,,SIBCS29052026.xlsx,Statement 2,"Note: With effect from December 31, 2025, definition of last reporting fortnight has been changed to the last day of the month under the Banking Laws (Amendment) Act 2025. Accordingly, the y-o-y growth rates from December 2025 onwards are based on end-of-month data for the current year and data for the last reporting fortnight (as per old definition) for the corresponding month of the previous year."
(Rs. Crore),,,,,,,,,,SIBCS30042026.xlsx,Statement 1,
Sector,Outstanding as on,,,Variation,,,,,,SIBCS30042026.xlsx,Statement 1,
,"5.Apr,2024","4.Apr,2025","31.Mar,2026","4.Apr,2025 / 5.Apr,2024","31.Mar,2026 / 4.Apr,2025",,,,,SIBCS30042026.xlsx,Statement 1,
,,,,%,%,,,,,SIBCS30042026.xlsx,Statement 1,
I. Bank Credit (II + III),16585169.702119999,18401354.284906946,21361434.744850088,10.95065420135432,16.086209819736162,,,,,SIBCS30042026.xlsx,Statement 1,
II. Food Credit,21208.24,29356.71,70271.35,38.421245704499746,139.37065836055882,,,,,SIBCS30042026.xlsx,Statement 1,
III. Non-food Credit,16563961.462119998,18371997.574906945,21291163.394850086,10.915481280983002,15.889212961415966,,,,,SIBCS30042026.xlsx,Statement 1,
,"22.Mar,2024","21.Mar,2025","31.Mar,2026","21.Mar,2025 / 22.Mar,2024","31.Mar,2026 / 21.Mar,2025",,,,,SIBCS30042026.xlsx,Statement 1,
1. Agriculture and Allied Activities,2071250.995736,2287060.099496,2646050.906114,10.419263730193853,15.696605729648766,,,,,SIBCS30042026.xlsx,Statement 1,
"2. Industry (Micro and Small, Medium and Large)",3682392.531552,3985659.551324,4582009.047049,8.235597296418144,14.962379200875246,,,,,SIBCS30042026.xlsx,Statement 1,
  2.1. Micro and Small,733123.356073,798472.66076,1063122.999847,8.913821138784304,33.144571140995765,,,,,SIBCS30042026.xlsx,Statement 1,
  2.2. Medium,306424.853962,363245.019249,442216.593546,18.542936237817813,21.7405800801541,,,,,SIBCS30042026.xlsx,Statement 1,
  2.3. Large,2642844.321517,2823941.871316,3076669.453656,6.852372965163889,8.949461209066081,,,,,SIBCS30042026.xlsx,Statement 1,
3. Services,4547236.765609,5093565.107574,6060801.975605,12.014512771732303,18.98938852460614,,,,,SIBCS30042026.xlsx,Statement 1,
  3.1. Transport Operators,232379.233542,261574.761822,286808.275291,12.563742394271744,9.646769165815499,,,,,SIBCS30042026.xlsx,Statement 1,
  3.2. Computer Software,25917.345642,32915.202169,45737.831611,27.00066829243391,38.95655684009907,,,,,SIBCS30042026.xlsx,Statement 1,
"  3.3. Tourism, Hotels and Restaurants",77815.892939,83366.436558,102559.216533,7.1329177233127465,23.02219066500117,,,,,SIBCS30042026.xlsx,Statement 1,
  3.4. Shipping,7066.78,7304.35,10383.57,3.361785707210365,42.15597554881679,,,,,SIBCS30042026.xlsx,Statement 1,
  3.5. Aviation,43283.01,46071.8,52687.58,6.443151712415567,14.359716789880139,,,,,SIBCS30042026.xlsx,Statement 1,
  3.6. Professional Services,167234.647086,195956.642789,218323.871955,17.174668170423903,11.414376592522224,,,,,SIBCS30042026.xlsx,Statement 1,
  3.7. Trade,1024407.716289,1184550.226859,1376198.104623,15.632692728060393,16.178957499521225,,,,,SIBCS30042026.xlsx,Statement 1,
    3.7.1. Wholesale Trade1,537188.975284,646098.731744,775969.59461,20.274011841442157,20.100776628278236,,,,,SIBCS30042026.xlsx,Statement 1,
    3.7.2. Retail Trade,487218.741004,538451.495115,600228.510013,10.51534963647456,11.473088190572463,,,,,SIBCS30042026.xlsx,Statement 1,
  3.8. Commercial Real Estate,460263.097704,523264.418947,627340.755526,13.688110464922998,19.889817233978917,,,,,SIBCS30042026.xlsx,Statement 1,
"  3.9. Non-Banking Financial Companies (NBFCs)2            of which,",1523054.468859,1635102.1619060002,2065554.7232610001,7.356775173703481,26.325728837226382,,,,,SIBCS30042026.xlsx,Statement 1,
    3.9.1. Housing Finance Companies (HFCs),321364.514275,323181.87,373339.12,0.5655122592175231,15.519821702869658,,,,,SIBCS30042026.xlsx,Statement 1,
    3.9.2. Public Financial Institutions (PFIs),212796.53246,228678.443837,348837.835849,7.4634258337763955,52.54513280563016,,,,,SIBCS30042026.xlsx,Statement 1,
  3.10. Other Services3,985814.5735490001,1123459.106523,1275208.0468040002,13.962517563365907,13.507295405762376,,,,,SIBCS30042026.xlsx,Statement 1,
4. Personal Loans,5346691.220911,5971696.129846,6941339.060551,11.689564313918025,16.237311973374055,,,,,SIBCS30042026.xlsx,Statement 1,
  4.1. Consumer Durables,23444.837766,23200.658602,21961.925281,-1.0415050274057036,-5.339216193169686,,,,,SIBCS30042026.xlsx,Statement 1,
  4.2. Housing (Including Priority Sector Housing),2718712.395268,3010476.605355,3355980.471179,10.731705589558652,11.47671651755811,,,,,SIBCS30042026.xlsx,Statement 1,
"  4.3. Advances against Fixed Deposits (Including FCNR              (B), NRNR Deposits etc.)",125082.24251,141842.08336,169107.20695,13.39905690342903,19.222168022448034,,,,,SIBCS30042026.xlsx,Statement 1,
"  4.4. Advances to Individuals against share, bonds, etc.",8492.355003,10079.513133,10545.96245,18.689257920086032,4.627696902074174,,,,,SIBCS30042026.xlsx,Statement 1,
  4.5. Credit Card Outstanding,257016.060676,284366.260475,294460.779546,10.6414360748756,3.549830086782551,,,,,SIBCS30042026.xlsx,Statement 1,
  4.6. Education,119379.603656,137456.056824,155849.759461,15.14199462421441,13.381514836084287,,,,,SIBCS30042026.xlsx,Statement 1,
  4.7. Vehicle Loans,573390.822871,622793.449718,738679.983697,8.615873306035533,18.60753898928661,,,,,SIBCS30042026.xlsx,Statement 1,
  4.8. Loans against gold jewellery4,93301.371708,206284.024542,460312.808453,121.09431058269473,123.14515604153293,,,,,SIBCS30042026.xlsx,Statement 1,
  4.9. Other Personal Loans,1427871.531455,1535197.477836,1734440.163534,7.516498789750018,12.978309864008548,,,,,SIBCS30042026.xlsx,Statement 1,
Priority Sector (Memo),,,,,,,,,,SIBCS30042026.xlsx,Statement 1,
  (i)     Agriculture and Allied Activities5,2061125.592131,2287794.295478,2654548.134675,10.997326131526357,16.030892284411976,,,,,SIBCS30042026.xlsx,Statement 1,
  (ii)    Micro and Small Enterprises6,1974181.592811,2239408.718898,2900618.898024,13.434788727279551,29.5261054199779,,,,,SIBCS30042026.xlsx,Statement 1,
  (iii)   Medium Enterprises7,490692.832477,601450.822701,708794.436909,22.571756278749294,17.847446566942992,,,,,SIBCS30042026.xlsx,Statement 1,
  (iv)   Housing,755222.25644,746651.293154,1043835.959677,-1.1348928362363493,39.802337349157234,,,,,SIBCS30042026.xlsx,Statement 1,
  (v)    Educational Loans,62234.726239,62825.537219,77289.145552,0.9493268721567176,23.02186176710615,,,,,SIBCS30042026.xlsx,Statement 1,
  (vi)   Renewable Energy,5790.134324,10324.84,13848.29,78.3177975198905,34.12595255713406,,,,,SIBCS30042026.xlsx,Statement 1,
  (vii)  Social Infrastructure,813.034724,1316.48,1486.04,61.92174345557226,12.879800680602816,,,,,SIBCS30042026.xlsx,Statement 1,
  (viii)  Export Credit,11848.864447,12478.775188000001,11435.530148,5.31621189370166,-8.360155738707595,,,,,SIBCS30042026.xlsx,Statement 1,
  (ix)   Others,61339.167429,49552.334361,44819.666828,-19.215834779047565,-9.550846784576168,,,,,SIBCS30042026.xlsx,Statement 1,
  (x)    Weaker Sections including net PSLC- SF/MF,1617777.593105,1864606.180081,2071082.657476,15.257263299231512,11.073463104473376,,,,,SIBCS30042026.xlsx,Statement 1,
"Notes:
(1) Data are provisional.  Bank credit, Food credit and Non-food credit data are based on fortnightly Section-42 return, which covers all scheduled commercial banks (SCBs), while sectoral non-food credit data are based on sector-wise and industry-wise bank credit (SIBC) return, which covers select banks accounting for about 95 per cent of total non-food credit extended by all SCBs.  Data for the fortnights corresponding to the Section-42 fortnights are not available for the SIBC return. Therefore, reference periods (fortnights dates) considered for arriving sectoral non-food credit growth rates are different than the reference period for arriving growth rates of Section-42 data.      ",,,,,,,,,,SIBCS30042026.xlsx,Statement 1,
"(2) With effect from December 31, 2025, definition of last reporting fortnight has been changed to the last day of the month under the Banking Laws (Amendment) Act 2025. Accordingly, the y-o-y growth rates from December 2025 onwards are based on end-of-month data for the current year and data for the last reporting fortnight (as per old definition) for the corresponding month of the previous year.",,,,,,,,,,SIBCS30042026.xlsx,Statement 1,
1 Wholesale trade includes food procurement credit outside the food credit consortium.,,,,,,,,,,SIBCS30042026.xlsx,Statement 1,
"2 NBFCs include HFCs, PFIs, Microfinance Institutions (MFIs), NBFCs engaged in gold loan and others.        ",,,,,,,,,,SIBCS30042026.xlsx,Statement 1,
"3 “Other Services” include Mutual Fund (MFs), Banking and Finance other than NBFCs and MFs, and other services which are not indicated elsewhere under services.",,,,,,,,,,SIBCS30042026.xlsx,Statement 1,
"4 Since May 2024, a bank has changed the classification of a category of agricultural loan into “Loans against gold jewellery” under retail segment.",,,,,,,,,,SIBCS30042026.xlsx,Statement 1,
5 “Agriculture and Allied Activities” under the priority sector also include priority sector lending certificates (PSLCs).        ,,,,,,,,,,SIBCS30042026.xlsx,Statement 1,
6 “Micro and Small Enterprises” under the priority sector include credit to micro and small enterprises in industry and services sectors and also include PSLCs.,,,,,,,,,,SIBCS30042026.xlsx,Statement 1,
7 “Medium Enterprises” under the priority sector include credit to medium enterprises in industry and services sectors.       ,,,,,,,,,,SIBCS30042026.xlsx,Statement 1,
,,,,,,,,,,SIBCS30042026.xlsx,Statement 2,(Rs. Crore)
,Outstanding as on,,,Variation,,,,,,SIBCS30042026.xlsx,Statement 2,Industry
,"22.Mar,2024","21.Mar,2025","31.Mar,2026","21.Mar,2025 / 22.Mar,2024","31.Mar,2026 / 21.Mar,2025",,,,,SIBCS30042026.xlsx,Statement 2,
,,,,%,%,,,,,SIBCS30042026.xlsx,Statement 2,
,54220.184399,56817.556194,60931.916283,4.790414905058684,7.2413534910790185,,,,,SIBCS30042026.xlsx,Statement 2,2.1. Mining and Quarrying (incl. Coal)
,208862.771555,219524.798106,250274.778269,5.104799898814111,14.007520074407278,,,,,SIBCS30042026.xlsx,Statement 2,2.2. Food Processing
,26383.011251,28521.702093,29742.416505,8.10631819716537,4.279949380368844,,,,,SIBCS30042026.xlsx,Statement 2,2.2.1. Sugar
,19700.216132,20927.253641,25934.085787,6.228548462505761,23.924936505718918,,,,,SIBCS30042026.xlsx,Statement 2,2.2.2. Edible Oils and Vanaspati
,5691.947888,5083.83262,5125.965226,-10.68378136915226,0.8287567500599601,,,,,SIBCS30042026.xlsx,Statement 2,2.2.3. Tea
,157087.596283,164992.009752,189472.310751,5.031850799193517,14.837264565597094,,,,,SIBCS30042026.xlsx,Statement 2,2.2.4. Others
,31137.471103,35515.454614,40161.068454,14.06017687344621,13.08054166979105,,,,,SIBCS30042026.xlsx,Statement 2,2.3. Beverage and Tobacco
,256047.983577,277267.085246,302080.053255,8.287158278916442,8.949121381279413,,,,,SIBCS30042026.xlsx,Statement 2,2.4. Textiles
,99513.087082,107494.595816,110268.714554,8.020561885918726,2.5807053061053438,,,,,SIBCS30042026.xlsx,Statement 2,2.4.1. Cotton Textiles
,4279.559436,4288.234703,4994.105944,0.20271402067753713,16.46064849263452,,,,,SIBCS30042026.xlsx,Statement 2,2.4.2. Jute Textiles
,45074.468407,49186.259419,52031.983847,9.122217426665083,5.785608545179867,,,,,SIBCS30042026.xlsx,Statement 2,2.4.3. Man-Made Textiles
,107180.868652,116297.995308,134785.24891,8.506300397323628,15.896450796971115,,,,,SIBCS30042026.xlsx,Statement 2,2.4.4. Other Textiles
,12587.81048,12979.843088,14154.841015,3.1143828279181363,9.052481752158453,,,,,SIBCS30042026.xlsx,Statement 2,2.5. Leather and Leather Products
,23838.814976,27825.967375,31097.061203,16.725463925174594,11.755543963365984,,,,,SIBCS30042026.xlsx,Statement 2,2.6. Wood and Wood Products
,46426.057126,52847.593915,58964.565152,13.83175136232653,11.574739328413957,,,,,SIBCS30042026.xlsx,Statement 2,2.7. Paper and Paper Products
,132356.302438,154178.5291,204216.109698,16.487485869607337,32.45431182285159,,,,,SIBCS30042026.xlsx,Statement 2,"2.8. Petroleum, Coal Products and Nuclear Fuels"
,249347.615963,267814.870041,307841.127082,7.406228452066023,14.945494637722076,,,,,SIBCS30042026.xlsx,Statement 2,2.9. Chemicals and Chemical Products
,37569.368771,32011.209754,30585.193931,-14.794390214217213,-4.454738930389247,,,,,SIBCS30042026.xlsx,Statement 2,2.9.1. Fertiliser
,80832.235579,88524.293888,104358.369087,9.516077656274023,17.88670036615384,,,,,SIBCS30042026.xlsx,Statement 2,2.9.2. Drugs and Pharmaceuticals
,25318.154272,28797.461456,36777.03201,13.742341351667395,27.70928460549235,,,,,SIBCS30042026.xlsx,Statement 2,2.9.3. Petro Chemicals
,105627.857342,118481.904944,136120.532054,12.169183324794124,14.887190679738685,,,,,SIBCS30042026.xlsx,Statement 2,2.9.4. Others
,90471.783405,103464.613501,112778.582259,14.361195951932507,9.002081429425127,,,,,SIBCS30042026.xlsx,Statement 2,"2.10. Rubber, Plastic and their Products"
,12090.217792,13442.791875,16250.733106,11.187342579510757,20.88808081766124,,,,,SIBCS30042026.xlsx,Statement 2,2.11. Glass and Glassware
,59756.90776,59752.607309,65112.661766,-0.007196575527760867,8.97041099693178,,,,,SIBCS30042026.xlsx,Statement 2,2.12. Cement and Cement Products
,384447.229472,433501.154395,517691.881776,12.759599019707002,19.421108001084267,,,,,SIBCS30042026.xlsx,Statement 2,2.13. Basic Metal and Metal Product
,273802.563886,300156.039772,356409.536486,9.624992371135159,18.74141754959535,,,,,SIBCS30042026.xlsx,Statement 2,2.13.1. Iron and Steel
,110644.665587,133345.114622,161282.34529,20.51653273528186,20.951071771316897,,,,,SIBCS30042026.xlsx,Statement 2,2.13.2. Other Metal and Metal Product
,196864.053638,240135.894273,317373.700061,21.980569756309936,32.16420686371514,,,,,SIBCS30042026.xlsx,Statement 2,2.14. All Engineering
,43395.914093,52863.096541,59905.307025,21.815838301530576,13.32160040707821,,,,,SIBCS30042026.xlsx,Statement 2,2.14.1. Electronics
,153468.139546,187272.797732,257468.393037,22.027150577314146,37.48307076901506,,,,,SIBCS30042026.xlsx,Statement 2,2.14.2. Others
,113547.869646,119450.200207,141075.560129,5.198098898201494,18.104080097416784,,,,,SIBCS30042026.xlsx,Statement 2,"2.15. Vehicles, Vehicle Parts and Transport Equipment"
,84957.198645,85813.54569,121355.091929,1.0079746727270427,41.41717482155235,,,,,SIBCS30042026.xlsx,Statement 2,2.16. Gems and Jewellery
,142209.854361,160037.036601,179323.305745,12.535827647179538,12.051128634732217,,,,,SIBCS30042026.xlsx,Statement 2,2.17. Construction
,1326851.766547,1364368.718422,1493562.623523,2.827516443124176,9.469134212518652,,,,,SIBCS30042026.xlsx,Statement 2,2.18. Infrastructure
,651191.248248,692159.941731,845053.487977,6.291345836299904,22.089337597843866,,,,,SIBCS30042026.xlsx,Statement 2,2.18.1. Power
,143097.509709,123849.801843,108701.432686,-13.450763682150537,-12.231242142965272,,,,,SIBCS30042026.xlsx,Statement 2,2.18.2. Telecommunications
,324255.726605,334146.511227,337818.55822,3.0503037604170697,1.098933213312961,,,,,SIBCS30042026.xlsx,Statement 2,2.18.3. Roads
,7280.23,9155.73,6662.47,25.76154874227875,-27.231689881636957,,,,,SIBCS30042026.xlsx,Statement 2,2.18.4. Airports
,6680.97,5915.78,8794.11,-11.453276994208931,48.65512240144159,,,,,SIBCS30042026.xlsx,Statement 2,2.18.5. Ports
,12961.351059,13414.976677,6693.038654,3.499832817852851,-50.107713079552155,,,,,SIBCS30042026.xlsx,Statement 2,2.18.6. Railways (other than Indian Railways)
,181384.730927,185725.976945,179839.525987,2.3933911061935973,-3.1694279146224047,,,,,SIBCS30042026.xlsx,Statement 2,2.18.7. Other Infrastructure
,256370.638667,300921.291372,347763.386342,17.377439529207123,15.566228217495453,,,,,SIBCS30042026.xlsx,Statement 2,2.19. Other Industries
,3682392.531552,3985659.551324,4582009.047049,8.235597296418144,14.962379200875246,,,,,SIBCS30042026.xlsx,Statement 2,Industries (2.1 to 2.19)
,,,,,,,,,,SIBCS30042026.xlsx,Statement 2,"Note: With effect from December 31, 2025, definition of last reporting fortnight has been changed to the last day of the month under the Banking Laws (Amendment) Act 2025. Accordingly, the y-o-y growth rates from December 2025 onwards are based on end-of-month data for the current year and data for the last reporting fortnight (as per old definition) for the corresponding month of the previous year."
(Rs. Crore),,,,,,,,,,SIBC30032026.xlsx,Statement 1,
Sector,Outstanding as on,,,,,Variation (Year-on-Year),,Variation (Financial Year),,SIBC30032026.xlsx,Statement 1,
,"8.Mar,2024","22.Mar,2024","7.Mar,2025","21.Mar,2025","28.Feb,2026","7.Mar,2025 / 8.Mar,2024","28.Feb,2026 / 7.Mar,2025","7.Mar,2025 / 22.Mar,2024","28.Feb,2026 / 21.Mar,2025",SIBC30032026.xlsx,Statement 1,
,,,,,,%,%,%,%,SIBC30032026.xlsx,Statement 1,
I. Bank Credit (II + III),16313558.602319617,16432163.926709997,18125412.602319617,18243972.334670212,20754077.68748693,11.106430204274211,14.502649638060703,10.304477749624288,13.758546147576656,SIBC30032026.xlsx,Statement 1,
II. Food Credit,31703.269999999997,23080.81,42552.27,36531.16,82643.14,34.22044476800028,94.21558473848752,84.36211727404712,126.22643244835365,SIBC30032026.xlsx,Statement 1,
III. Non-food Credit,16281855.332319617,16409083.116709996,18082860.332319617,18207441.174670212,20671434.54748693,11.061423672184276,14.315070556292126,10.20030920499848,13.53289212459229,SIBC30032026.xlsx,Statement 1,
,"23.Feb,2024","22.Mar,2024","21.Feb,2025","21.Mar,2025","28.Feb,2026","21.Feb,2025 / 23.Feb,2024","28.Feb,2026 / 21.Feb,2025","21.Feb,2025 / 22.Mar,2024","28.Feb,2026 / 21.Mar,2025",SIBC30032026.xlsx,Statement 1,
1. Agriculture and Allied Activities,2032170.572975,2071250.995736,2264305.11996,2287060.099496,2543476.7557,11.422985357236332,12.32924102317677,9.320653297038001,11.211627375271279,SIBC30032026.xlsx,Statement 1,
"2. Industry (Micro and Small, Medium and Large)",3645197.229191,3682392.531552,3916782.663051,3985659.551324,4447191.99846,7.4505003922729935,13.541964950279759,6.36515877899124,11.57982615405983,SIBC30032026.xlsx,Statement 1,
  2.1. Micro and Small,721754.084922,733123.356073,791321.246926,798472.66076,1031798.696316,9.638623938168383,30.389358345194044,7.938349033747739,29.221543456968984,SIBC30032026.xlsx,Statement 1,
  2.2. Medium,301314.853243,306424.853962,355603.487357,363245.019249,430262.874014,18.01724459637511,20.995122182828148,16.04916597303778,18.44976564401564,SIBC30032026.xlsx,Statement 1,
  2.3. Large,2622128.291026,2642844.321517,2769857.928767,2823941.871316,2985130.428129,5.633959186764105,7.771968992569544,4.805943589484444,5.707927576352127,SIBC30032026.xlsx,Statement 1,
3. Services,4471927.64248,4547236.765609,4995649.455412,5093565.107574,5807797.546009,11.711321264615984,16.257107265946477,9.861212708218103,14.022250100876402,SIBC30032026.xlsx,Statement 1,
  3.1. Transport Operators,229915.397549,232379.233542,260650.54601,261574.761822,280409.345551,13.368025277406517,7.580570938164054,12.16602363175032,7.200459095444687,SIBC30032026.xlsx,Statement 1,
  3.2. Computer Software,27023.888272,25917.345642,33062.57365,32915.202169,46183.309148,22.34573099629339,39.68455582706884,27.56928933501931,40.30996653423595,SIBC30032026.xlsx,Statement 1,
"  3.3. Tourism, Hotels and Restaurants",76439.263933,77815.892939,82298.34191,83366.436558,98895.185237,7.6650109845845265,20.166680083482127,5.760325817392861,18.62709901027889,SIBC30032026.xlsx,Statement 1,
  3.4. Shipping,6855.65,7066.78,7411.31,7304.35,10501.78811,8.105139556424275,41.69948511126911,4.875346338785143,43.774437287369835,SIBC30032026.xlsx,Statement 1,
  3.5. Aviation,43746.65,43283.01,45982.42,46071.8,49829.613945,5.110722763914486,8.366662618017928,6.236650362347711,8.156429627234001,SIBC30032026.xlsx,Statement 1,
  3.6. Professional Services,161758.087248,167234.647086,192798.997508,195956.642789,210542.538058,19.1897114933175,9.203129051157932,15.286515603942755,7.443429863567134,SIBC30032026.xlsx,Statement 1,
  3.7. Trade,1007009.011343,1024407.716289,1154669.198935,1184550.226859,1320670.398501,14.663243916265717,14.376515777775122,12.7157849921204,11.491295899114506,SIBC30032026.xlsx,Statement 1,
    3.7.1. Wholesale Trade1,529173.276041,537188.975284,629036.222042,646098.731744,737574.466827,18.87150211895105,17.254689154888286,17.09775348785637,14.158166637486133,SIBC30032026.xlsx,Statement 1,
    3.7.2. Retail Trade,477835.735302,487218.741004,525632.976893,538451.495115,583095.931674,10.002860409925454,10.932144158964638,7.884392092521041,8.29126429474673,SIBC30032026.xlsx,Statement 1,
  3.8. Commercial Real Estate,454736.251098,460263.097704,516849.703224,523264.418947,606611.628326,13.65922597462193,17.367123274345307,12.294404179322544,15.928315849704653,SIBC30032026.xlsx,Statement 1,
"  3.9. Non-Banking Financial Companies (NBFCs)2            of which,",1490705.359372,1523054.468859,1610743.743818,1635102.1619060002,1947583.8944950001,8.052455415909245,20.912088094073653,5.757461519067844,19.110838446005555,SIBC30032026.xlsx,Statement 1,
    3.9.1. Housing Finance Companies (HFCs),325709.997325,321364.514275,324610.81,323181.87,359225.71147,-0.3374742359852145,10.6635085473586,1.0101599836944146,11.152804292518013,SIBC30032026.xlsx,Statement 1,
    3.9.2. Public Financial Institutions (PFIs),208396.013811,212796.53246,217593.090992,228678.443837,316123.967391,4.413269242923754,45.28217139147243,2.254058596044862,38.23951312889396,SIBC30032026.xlsx,Statement 1,
  3.10. Other Services3,973738.083665,985814.5735490001,1091182.620356,1123459.106523,1236569.844637,12.061203999432461,13.32382147303328,10.688424540902023,10.068077908422241,SIBC30032026.xlsx,Statement 1,
4. Personal Loans,5279167.357179,5346691.220911,5898807.502742,5971696.129846,6796850.161803,11.73745978559228,15.224139093258321,10.326316950409701,13.817749832128163,SIBC30032026.xlsx,Statement 1,
  4.1. Consumer Durables,23686.570707,23444.837766,24301.36101,23200.658602,21924.973831,2.595522630121865,-9.77882340837667,3.653355389143024,-5.4984851632187315,SIBC30032026.xlsx,Statement 1,
  4.2. Housing (Including Priority Sector Housing),2680408.560827,2718712.395268,2978758.787948,3010476.605355,3305691.111518,11.130774296174767,10.975454773067286,9.565057088518008,9.806238176303234,SIBC30032026.xlsx,Statement 1,
"  4.3. Advances against Fixed Deposits (Including FCNR              (B), NRNR Deposits etc.)",119814.866994,125082.24251,135169.192439,141842.08336,154182.853958,12.815041931122714,14.0665644115471,8.064254147181272,8.700359093484767,SIBC30032026.xlsx,Statement 1,
"  4.4. Advances to Individuals against share, bonds, etc.",8400.570984,8492.355003,9808.249927,10079.513133,10085.127499,16.756943613489035,2.8229049428870594,15.49505318059771,0.055700765760387155,SIBC30032026.xlsx,Statement 1,
  4.5. Credit Card Outstanding,258107.390778,257016.060676,287047.06058,284366.260475,292066.514814,11.21225925176672,1.748652023768445,11.684483773120204,2.7078649647597497,SIBC30032026.xlsx,Statement 1,
  4.6. Education,118707.24317,119379.603656,136820.627146,137456.056824,155589.76727,15.25887005063367,13.718063215695997,14.60971803881795,13.192369157816437,SIBC30032026.xlsx,Statement 1,
  4.7. Vehicle Loans,565733.399874,573390.822871,619796.609514,622793.449718,726036.988829,9.556305081517365,17.141168196822843,8.093221026915568,16.57749277192118,SIBC30032026.xlsx,Statement 1,
  4.8. Loans against gold jewellery4,92414.988613,93301.371708,188051.307302,206284.024542,428577.989722,103.48572252655872,127.90481803656249,101.55256440444786,107.76111512927184,SIBC30032026.xlsx,Statement 1,
  4.9. Other Personal Loans,1411893.765231,1427871.531455,1519054.306877,1535197.477836,1702694.834362,7.589844525481523,12.089135105547587,6.385922921867132,10.910476270590456,SIBC30032026.xlsx,Statement 1,
Priority Sector (Memo),,,,,,,,,,SIBC30032026.xlsx,Statement 1,
  (i)     Agriculture and Allied Activities5,2028467.861924,2061125.592131,2257407.047246,2287794.295478,2600489.744563,11.286310698797617,15.198087457711951,9.523022559341673,13.667987970031504,SIBC30032026.xlsx,Statement 1,
  (ii)    Micro and Small Enterprises6,1958519.506653,1974181.592811,2223184.117489,2239408.718898,2812171.377665,13.513503947085875,26.492959154513862,12.612949365182246,25.576512850626614,SIBC30032026.xlsx,Statement 1,
  (iii)   Medium Enterprises7,480977.381819,490692.832477,584615.139211,601450.822701,692153.284622,21.54732453323566,18.394690489222384,19.140753750138035,15.08061149765705,SIBC30032026.xlsx,Statement 1,
  (iv)   Housing,754645.913082,755222.25644,747502.537956,746651.293154,1033415.52453,-0.9465863396551419,38.249099107517644,-1.0221783611608084,38.40671462104516,SIBC30032026.xlsx,Statement 1,
  (v)    Educational Loans,62105.204666,62234.726239,62873.950323,62825.537219,77935.482332,1.2378119694384577,23.955122799863783,1.0271180137359035,24.05064211441455,SIBC30032026.xlsx,Statement 1,
  (vi)   Renewable Energy,5676.157363,5790.134324,8490.26,10324.84,13954.953259,49.577600778718924,64.364262802317,46.63321306395311,35.1590267645794,SIBC30032026.xlsx,Statement 1,
  (vii)  Social Infrastructure,816.563184,813.034724,1233.23,1316.48,1220.64,51.026892243527854,-1.0208963453694704,51.68232839216349,-7.28001944579484,SIBC30032026.xlsx,Statement 1,
  (viii)  Export Credit,11136.803437,11330.894447,11953.671221999999,11805.205188000002,10269.801414000001,7.334849623780772,-14.086633108169636,5.496271966110201,-13.006159143771082,SIBC30032026.xlsx,Statement 1,
  (ix)   Others,62554.07518,61339.167429,51733.229804,49552.334361,41689.704115,-17.298385988223632,-19.41407046699303,-15.660365191814607,-15.867325621269332,SIBC30032026.xlsx,Statement 1,
  (x)    Weaker Sections including net PSLC- SF/MF,1594823.630842,1617777.593105,1789945.210739,1864606.180081,2032408.898505,12.23468075864815,13.545872036267296,10.64223032682501,8.999365132250627,SIBC30032026.xlsx,Statement 1,
"Notes:
(1) Data are provisional.  Bank credit, Food credit and Non-food credit data are based on fortnightly Section-42 return, which covers all scheduled commercial banks (SCBs), while sectoral non-food credit data are based on sector-wise and industry-wise bank credit (SIBC) return, which covers select banks accounting for about 95 per cent of total non-food credit extended by all SCBs.  Data for the fortnights corresponding to the Section-42 fortnights are not available for the SIBC return. Therefore, reference periods (fortnights dates) considered for arriving sectoral non-food credit growth rates are different than the reference period for arriving growth rates of Section-42 data.      ",,,,,,,,,,SIBC30032026.xlsx,Statement 1,
"(2) With effect from December 31, 2025, definition of last reporting fortnight has been changed to the last day of the month under the Banking Laws (Amendment) Act 2025. Accordingly, the y-o-y growth rates from December 2025 onwards are based on end-of-month data for the current year and data for the last reporting fortnight (as per old definition) for the corresponding month of the previous year.",,,,,,,,,,SIBC30032026.xlsx,Statement 1,
1 Wholesale trade includes food procurement credit outside the food credit consortium.,,,,,,,,,,SIBC30032026.xlsx,Statement 1,
"2 NBFCs include HFCs, PFIs, Microfinance Institutions (MFIs), NBFCs engaged in gold loan and others.        ",,,,,,,,,,SIBC30032026.xlsx,Statement 1,
"3 “Other Services” include Mutual Fund (MFs), Banking and Finance other than NBFCs and MFs, and other services which are not indicated elsewhere under services.",,,,,,,,,,SIBC30032026.xlsx,Statement 1,
"4 Since May 2024, a bank has changed the classification of a category of agricultural loan into “Loans against gold jewellery” under retail segment.",,,,,,,,,,SIBC30032026.xlsx,Statement 1,
5 “Agriculture and Allied Activities” under the priority sector also include priority sector lending certificates (PSLCs).        ,,,,,,,,,,SIBC30032026.xlsx,Statement 1,
6 “Micro and Small Enterprises” under the priority sector include credit to micro and small enterprises in industry and services sectors and also include PSLCs.,,,,,,,,,,SIBC30032026.xlsx,Statement 1,
7 “Medium Enterprises” under the priority sector include credit to medium enterprises in industry and services sectors.       ,,,,,,,,,,SIBC30032026.xlsx,Statement 1,
,,,,,,,,,,SIBC30032026.xlsx,Statement 2,(Rs. Crore)
,Outstanding as on,,,,,Variation (Year-on-Year),,Variation (Financial Year),,SIBC30032026.xlsx,Statement 2,Industry
,"23.Feb,2024","22.Mar,2024","21.Feb,2025","21.Mar,2025","28.Feb,2026","21.Feb,2025 / 23.Feb,2024","28.Feb,2026 / 21.Feb,2025","21.Feb,2025 / 22.Mar,2024","28.Feb,2026 / 21.Mar,2025",SIBC30032026.xlsx,Statement 2,
,,,,,,%,%,%,%,SIBC30032026.xlsx,Statement 2,
,54543.975937,54220.184399,53076.539329,56817.556194,64501.326774,-2.6903733781617585,21.525117480215442,-2.109260753493659,13.523585128801122,SIBC30032026.xlsx,Statement 2,2.1. Mining and Quarrying (incl. Coal)
,200448.453457,208862.771555,219091.251093,219524.798106,241445.19385,9.300544511309605,10.203028484926218,4.8972248437805055,9.985384764328767,SIBC30032026.xlsx,Statement 2,2.2. Food Processing
,23836.75037,26383.011251,26872.434431,28521.702093,28559.781537,12.73531003127252,6.279100281489482,1.8550694435285544,0.1335104191041417,SIBC30032026.xlsx,Statement 2,2.2.1. Sugar
,18758.971711,19700.216132,21082.048473,20927.253641,23423.980624,12.383817182461984,11.108655565417838,7.014300410417433,11.930504718060538,SIBC30032026.xlsx,Statement 2,2.2.2. Edible Oils and Vanaspati
,5660.414133,5691.947888,6069.354315,5083.83262,4880.000429,7.224562945242709,-19.596052961689715,6.630532015158884,-4.009419786916597,SIBC30032026.xlsx,Statement 2,2.2.3. Tea
,152192.317243,157087.596283,165067.413874,164992.009752,184581.43126,8.459754647432558,11.82184716415049,5.07985212061175,11.872951628048483,SIBC30032026.xlsx,Statement 2,2.2.4. Others
,29929.763275,31137.471103,31296.705352,35515.454614,39190.286508,4.56716635023235,25.22176397553476,0.5113910775646108,10.347134603625195,SIBC30032026.xlsx,Statement 2,2.3. Beverage and Tobacco
,255689.623879,256047.983577,273762.910766,277267.085246,296135.942328,7.068447523530645,8.172411485324773,6.918596640177274,6.8053000467974645,SIBC30032026.xlsx,Statement 2,2.4. Textiles
,99234.096087,99513.087082,106389.364956,107494.595816,108696.212538,7.210494327198664,2.168306562365568,6.909923182599963,1.1178391926388842,SIBC30032026.xlsx,Statement 2,2.4.1. Cotton Textiles
,4275.035306,4279.559436,4330.110652,4288.234703,4979.634301,1.2883015474211978,15.00016284110422,1.1812247675487302,16.123175289736466,SIBC30032026.xlsx,Statement 2,2.4.2. Jute Textiles
,46052.51039,45074.468407,49157.683906,49186.259419,51246.016488,6.742680235460656,4.248232251937136,9.058821198135043,4.187667639967642,SIBC30032026.xlsx,Statement 2,2.4.3. Man-Made Textiles
,106127.982095,107180.868652,113885.751252,116297.995308,131214.079001,7.309824425056598,15.215536235658536,6.255671076682287,12.825744462315722,SIBC30032026.xlsx,Statement 2,2.4.4. Other Textiles
,12327.443655,12587.81048,12981.926525,12979.843088,13834.829997,5.309153205778751,6.569929897211462,3.130934054227997,6.587035784665575,SIBC30032026.xlsx,Statement 2,2.5. Leather and Leather Products
,23668.4667,23838.814976,27293.130911,27825.967375,30675.626429,15.31431780918871,12.393211790285102,14.490300539173909,10.241006235636757,SIBC30032026.xlsx,Statement 2,2.6. Wood and Wood Products
,46404.862226,46426.057126,51944.345339,52847.593915,57993.113096,11.937290290878844,11.644708808099203,11.886187530471096,9.736524976474898,SIBC30032026.xlsx,Statement 2,2.7. Paper and Paper Products
,135817.575286,132356.302438,154425.025174,154178.5291,185430.724052,13.700325490877798,20.07815691988005,16.673722618035285,20.27013432702413,SIBC30032026.xlsx,Statement 2,"2.8. Petroleum, Coal Products and Nuclear Fuels"
,246408.305752,249347.615963,263172.621913,267814.870041,313413.219347,6.803470406501895,19.09035866603503,5.544470877175532,17.026070770088044,SIBC30032026.xlsx,Statement 2,2.9. Chemicals and Chemical Products
,36365.781713,37569.368771,30528.856909,32011.209754,39432.163151,-16.050596272246285,29.16357552639084,-18.74003235166041,23.182358473886502,SIBC30032026.xlsx,Statement 2,2.9.1. Fertiliser
,80563.666188,80832.235579,88726.528168,88524.293888,98752.881628,10.132187828879943,11.300288275695307,9.766267792116986,11.55455445139286,SIBC30032026.xlsx,Statement 2,2.9.2. Drugs and Pharmaceuticals
,25432.785133,25318.154272,27615.395707,28797.461456,37301.156445,8.581877928768321,35.073771314980064,9.07349489350643,29.52932154104243,SIBC30032026.xlsx,Statement 2,2.9.3. Petro Chemicals
,104046.072719,105627.857342,116301.84113,118481.904944,137927.018123,11.779174447169646,18.594010879696885,10.105273416121623,16.411884319542843,SIBC30032026.xlsx,Statement 2,2.9.4. Others
,90073.189716,90471.783405,101709.8246,103464.613501,110981.829394,12.919088266653182,9.116134877298759,12.421597952471592,7.265494586636953,SIBC30032026.xlsx,Statement 2,"2.10. Rubber, Plastic and their Products"
,11666.088633,12090.217792,13198.657066,13442.791875,13701.887199,13.136951734318272,3.8127373905056725,9.168067052799046,1.9273922144242068,SIBC30032026.xlsx,Statement 2,2.11. Glass and Glassware
,60574.613335,59756.90776,60327.292212,59752.607309,64331.511845,-0.40829170733987896,6.637492727053812,0.9545079780413296,7.66310415932314,SIBC30032026.xlsx,Statement 2,2.12. Cement and Cement Products
,381370.903046,384447.229472,431339.558296,433501.154395,496719.777005,13.102377462701426,15.157482649466115,12.197338211645322,14.583265112229912,SIBC30032026.xlsx,Statement 2,2.13. Basic Metal and Metal Product
,270540.035819,273802.563886,301746.066851,300156.039772,334965.626148,11.53471830427267,11.009110953351241,10.205712674273752,11.597163396226028,SIBC30032026.xlsx,Statement 2,2.13.1. Iron and Steel
,110830.867228,110644.665587,129593.491444,133345.114622,161754.150857,16.92906018447166,24.816569917708623,17.125837704394815,21.304894682892968,SIBC30032026.xlsx,Statement 2,2.13.2. Other Metal and Metal Product
,195525.37737,196864.053638,232477.363848,240135.894273,316184.82382,18.89881864699045,36.00671419636804,18.09030625544616,31.669122093235785,SIBC30032026.xlsx,Statement 2,2.14. All Engineering
,44379.53733,43395.914093,49651.506345,52863.096541,63622.974194,11.87927890234272,28.13906138500661,14.415164152537264,20.354232644420986,SIBC30032026.xlsx,Statement 2,2.14.1. Electronics
,151145.84004,153468.139546,182825.857502,187272.797732,252561.849625,20.959900354264484,38.14339671413117,19.129519679360175,34.86307284543964,SIBC30032026.xlsx,Statement 2,2.14.2. Others
,110811.490514,113547.869646,117456.966274,119450.200207,137108.142882,5.997099875811531,16.73053308916418,3.4426860144422853,14.78268152284369,SIBC30032026.xlsx,Statement 2,"2.15. Vehicles, Vehicle Parts and Transport Equipment"
,81748.318266,84957.198645,83119.35019,85813.54569,116543.251638,1.6771377724723449,40.21193785995358,-2.1632639544526255,35.80985461084495,SIBC30032026.xlsx,Statement 2,2.16. Gems and Jewellery
,141908.119106,142209.854361,158883.727718,160037.036601,170519.412498,11.962394201927145,7.323396138245168,11.724836813821174,6.549968757003646,SIBC30032026.xlsx,Statement 2,2.17. Construction
,1314768.862207,1326851.766547,1337436.241222,1364368.718422,1443543.981423,1.7240580961850671,7.933667185812963,0.7977134252566126,5.803069355956246,SIBC30032026.xlsx,Statement 2,2.18. Infrastructure
,651854.550215,651191.248248,668583.924385,692159.941731,811926.503777,2.566427459083034,21.439728680861467,2.6709013955261476,17.30330734634538,SIBC30032026.xlsx,Statement 2,2.18.1. Power
,132880.023298,143097.509709,120294.454507,123849.801843,104935.405042,-9.471377622184246,-12.767878226760862,-15.935326371766918,-15.27204445993148,SIBC30032026.xlsx,Statement 2,2.18.2. Telecommunications
,324032.023975,324255.726605,334566.189575,334146.511227,326875.434172,3.250964355551705,-2.298724629876565,3.1797319596948843,-2.1760146554576623,SIBC30032026.xlsx,Statement 2,2.18.3. Roads
,7383.62,7280.23,8799.26,9155.73,6576.94,19.172709321443957,-25.255760143466617,20.86513750252397,-28.165858975745245,SIBC30032026.xlsx,Statement 2,2.18.4. Airports
,7837.95,6680.97,5878.77,5915.78,9124.38,-24.996076780280553,55.2089978005603,-12.007238469862907,54.23798721385852,SIBC30032026.xlsx,Statement 2,2.18.5. Ports
,12060.693507,12961.351059,13131.789476,13414.976677,7107.16172,8.880882085083567,-45.878193272979026,1.314974158358682,-47.02069268457812,SIBC30032026.xlsx,Statement 2,2.18.6. Railways (other than Indian Railways)
,178720.001214,181384.730927,186181.853278,185725.976945,176998.156715,4.175163391513833,-4.932648591314236,2.6447222577575427,-4.699299674479369,SIBC30032026.xlsx,Statement 2,2.18.7. Other Infrastructure
,251511.796831,256370.638667,293789.225224,300921.291372,334937.118377,16.809322236844316,14.005923165366843,14.595503896841725,11.303895065021996,SIBC30032026.xlsx,Statement 2,2.19. Other Industries
,3645197.229191,3682392.531552,3916782.663051,3985659.551324,4447191.99846,7.4505003922729935,13.541964950279759,6.36515877899124,11.57982615405983,SIBC30032026.xlsx,Statement 2,Industries (2.1 to 2.19)
,,,,,,,,,,SIBC30032026.xlsx,Statement 2,"Note: With effect from December 31, 2025, definition of last reporting fortnight has been changed to the last day of the month under the Banking Laws (Amendment) Act 2025. Accordingly, the y-o-y growth rates from December 2025 onwards are based on end-of-month data for the current year and data for the last reporting fortnight (as per old definition) for the corresponding month of the previous year."
(Rs. Crore),,,,,,,,,,SIBC27022026.xlsx,Statement 1,
Sector,Outstanding as on,,,,,Variation (Year-on-Year),,Variation (Financial Year),,SIBC27022026.xlsx,Statement 1,
,"26.Jan,2024","22.Mar,2024","24.Jan,2025","21.Mar,2025","31.Jan,2026","24.Jan,2025 / 26.Jan,2024","31.Jan,2026 / 24.Jan,2025","24.Jan,2025 / 22.Mar,2024","31.Jan,2026 / 21.Mar,2025",SIBC27022026.xlsx,Statement 1,
,,,,,,%,%,%,%,SIBC27022026.xlsx,Statement 1,
I. Bank Credit (II + III),16043591.79785,16432163.926709997,17868478.530021753,18243972.334670212,20475381.95524439,11.374552252172773,14.589397865311488,8.740873141954662,12.230941703050508,SIBC27022026.xlsx,Statement 1,
II. Food Credit,45618.73,23080.81,56178.86,36531.16,89295.4,23.14867160922717,58.948401587358646,143.40072987039883,144.436256609426,SIBC27022026.xlsx,Statement 1,
III. Non-food Credit,15997973.06785,16409083.116709996,17812299.670021754,18207441.174670212,20386086.55524439,11.340977975627919,14.449492389544401,8.551462280563433,11.96568677429018,SIBC27022026.xlsx,Statement 1,
,,,,,,,,,,SIBC27022026.xlsx,Statement 1,
1. Agriculture and Allied Activities,2009098.33619,2071250.995736,2253510.284899,2287060.099496,2509788.529016,12.165255642613113,11.372401796182006,8.79947865025581,9.738634746375181,SIBC27022026.xlsx,Statement 1,
"2. Industry (Micro and Small, Medium and Large)",3614409.354535,3682392.531552,3913968.873477,3985659.551324,4388307.777559,8.28792451430944,12.119128164159829,6.288746784618274,10.102423979018575,SIBC27022026.xlsx,Statement 1,
  2.1. Micro and Small,717262.458437,733123.356073,786045.977257,798472.66076,1031291.398699,9.589728001363328,31.199882518044646,7.218788045095419,29.1580099583371,SIBC27022026.xlsx,Statement 1,
  2.2. Medium,294398.357935,306424.853962,348614.49414,363245.019249,426210.574042,18.415909852652913,22.25842046338962,13.768347975857075,17.3341825644794,SIBC27022026.xlsx,Statement 1,
  2.3. Large,2602748.538163,2642844.321517,2779308.40208,2823941.871316,2930805.804818,6.78359285686564,5.450902916157901,5.16353080096179,3.784211516089036,SIBC27022026.xlsx,Statement 1,
3. Services,4413917.309734,4547236.765609,4956419.412659,5093565.107574,5722969.386434,12.29071740262604,15.465801215635313,8.998490031235464,12.356851548321076,SIBC27022026.xlsx,Statement 1,
  3.1. Transport Operators,229245.519436,232379.233542,256722.100266,261574.761822,267665.467105,11.985656643409692,4.262728774679366,10.475491442569151,2.328475897512114,SIBC27022026.xlsx,Statement 1,
  3.2. Computer Software,26311.61461,25917.345642,33728.476663,32915.202169,40694.804478,28.188547768486792,20.654143039439518,30.13862271583005,23.63528642192859,SIBC27022026.xlsx,Statement 1,
"  3.3. Tourism, Hotels and Restaurants",77263.269059,77815.892939,81753.210904,83366.436558,97417.581234,5.811224272132967,19.160556700817686,5.059786396188345,16.85467828077824,SIBC27022026.xlsx,Statement 1,
  3.4. Shipping,7104.155535,7066.78,7180.04,7304.35,10373.17,1.0681700960253553,44.472314917465646,1.6027101452146555,42.013594638811114,SIBC27022026.xlsx,Statement 1,
  3.5. Aviation,44404.64971,43283.01,44823.34,46071.8,49613.17,0.9428974054167776,10.68601759708224,3.5587404850078457,7.686632603892176,SIBC27022026.xlsx,Statement 1,
  3.6. Professional Services,161391.209466,167234.647086,190863.111841,195956.642789,209053.746799,18.261157142644006,9.530723240619606,14.128929122473712,6.683674420827128,SIBC27022026.xlsx,Statement 1,
  3.7. Trade,984726.180606,1024407.716289,1127156.363535,1184550.226859,1309115.360266,14.463937867616005,16.14319029884534,10.030054011913862,10.51581693899986,SIBC27022026.xlsx,Statement 1,
    3.7.1. Wholesale Trade1,515587.699659,537188.975284,608691.612733,646098.731744,723122.343866,18.0578227788555,18.799459157850194,13.310518409503477,11.921337767386083,SIBC27022026.xlsx,Statement 1,
    3.7.2. Retail Trade,469138.480947,487218.741004,518464.750802,538451.495115,585993.0164,10.514223807740162,13.024658955800216,6.4131379128832515,8.829304350774661,SIBC27022026.xlsx,Statement 1,
  3.8. Commercial Real Estate,450810.92745,460263.097704,514506.43005,523264.418947,597880.218455,14.129094642912033,16.2046154402575,11.7852881572714,14.259673848673742,SIBC27022026.xlsx,Statement 1,
"  3.9. Non-Banking Financial Companies (NBFCs)2            of which,",1495417.5768539999,1523054.468859,1617897.767662,1635102.1619060002,1905206.7822989998,8.190367206039467,17.758168679111655,6.227177080150791,16.519128081767377,SIBC27022026.xlsx,Statement 1,
    3.9.1. Housing Finance Companies (HFCs),334241.435015,321364.514275,325681.86,323181.87,353406.39,-2.5608958430351025,8.512764573378458,1.3434419586555524,9.352170652394586,SIBC27022026.xlsx,Statement 1,
    3.9.2. Public Financial Institutions (PFIs),204974.367036,212796.53246,219865.522192,228678.443837,305669.872459,7.264886517924768,39.02583243227666,3.3219478016300834,33.66798694715571,SIBC27022026.xlsx,Statement 1,
  3.10. Other Services3,937242.20701,985814.5735490001,1081788.571738,1123459.106523,1235949.0857960002,15.422519776305569,14.250521597794855,9.73550206744124,10.012823663973506,SIBC27022026.xlsx,Statement 1,
4. Personal Loans,5229492.695412,5346691.220911,5849356.318726,5971696.129846,6723042.124724,11.853226678332044,14.936443574158764,9.40142374126766,12.581785451587866,SIBC27022026.xlsx,Statement 1,
  4.1. Consumer Durables,23869.159414,23444.837766,23299.895966,23200.658602,22359.641494,-2.3849329510368547,-4.0354449366299825,-0.618224794074698,-3.6249708356447288,SIBC27022026.xlsx,Statement 1,
  4.2. Housing (Including Priority Sector Housing),2658081.562397,2718712.395268,2950973.722526,3010476.605355,3278420.304948,11.018930505084885,11.096221559767375,8.54306353486516,8.900374748516052,SIBC27022026.xlsx,Statement 1,
"  4.3. Advances against Fixed Deposits (Including FCNR              (B), NRNR Deposits etc.)",116546.692276,125082.24251,136461.295664,141842.08336,154359.968207,17.08723173441872,13.11629972140288,9.097257073153516,8.825226301301,SIBC27022026.xlsx,Statement 1,
"  4.4. Advances to Individuals against share, bonds, etc.",7340.133668,8492.355003,9765.771392,10079.513133,10263.564514,33.046233675209415,5.097325157619244,14.99485582680133,1.825994753629727,SIBC27022026.xlsx,Statement 1,
  4.5. Credit Card Outstanding,258503.29871,257016.060676,292083.480649,284366.260475,296417.211618,12.990233434766205,1.4837302538885857,13.644057838551472,4.237827343817196,SIBC27022026.xlsx,Statement 1,
  4.6. Education,117186.010441,119379.603656,135864.67557,137456.056824,154899.320815,15.939330180033895,14.01000308957645,13.808951788366445,12.690065751947568,SIBC27022026.xlsx,Statement 1,
  4.7. Vehicle Loans,560961.594102,573390.822871,615234.996383,622793.449718,720567.284783,9.675065610843134,17.120659425951743,7.297670601437931,15.699239468442041,SIBC27022026.xlsx,Statement 1,
  4.8. Loans against gold jewellery4,91458.092834,93301.371708,175086.235752,206284.024542,400517.195347,91.43875662243292,128.7542442310031,87.65665771769942,94.1581255437711,SIBC27022026.xlsx,Statement 1,
  4.9. Other Personal Loans,1395546.15157,1427871.531455,1510586.244825,1535197.477836,1685237.632997,8.243374332377254,11.56182831469071,5.792868024038114,9.773345600625598,SIBC27022026.xlsx,Statement 1,
Priority Sector (Memo),,,,,,,,,,SIBC27022026.xlsx,Statement 1,
  (i)     Agriculture and Allied Activities5,2008221.861126,2061125.592131,2248829.057853,2287794.295478,2565249.745375,11.981106340117842,14.070464200782476,9.106842709566909,12.127639729035604,SIBC27022026.xlsx,Statement 1,
  (ii)    Micro and Small Enterprises6,1939652.614843,1974181.592811,2191765.631903,2239408.718898,2735314.276135,12.997843795880264,24.7995787651832,11.021480490160295,22.144486312486624,SIBC27022026.xlsx,Statement 1,
  (iii)   Medium Enterprises7,470609.083033,490692.832477,574228.296943,601450.822701,682981.134683,22.018107521892873,18.938954823188585,17.023983016893883,13.5556073588632,SIBC27022026.xlsx,Statement 1,
  (iv)   Housing,757001.334045,755222.25644,747261.250811,746651.293154,1030805.285492,-1.2866665877528056,37.94443166607003,-1.0541275182390626,38.05712183764907,SIBC27022026.xlsx,Statement 1,
  (v)    Educational Loans,61683.378536,62234.726239,63055.758325,62825.537219,77853.485163,2.2248777897258822,23.46768515847518,1.3192507392849933,23.92012644733133,SIBC27022026.xlsx,Statement 1,
  (vi)   Renewable Energy,5396.928623,5790.134324,7558.59,10324.84,12243.33,40.05354763795994,61.97901989656801,30.542567357544442,18.581304891891783,SIBC27022026.xlsx,Statement 1,
  (vii)  Social Infrastructure,829.755805,813.034724,983.06,1316.48,1255.14,18.475820726557007,27.676845767298047,20.912424891707325,-4.659394749635385,SIBC27022026.xlsx,Statement 1,
  (viii)  Export Credit,12053.264607000001,11848.864447,12881.571997000001,12478.775188000001,10662.787879000001,6.872058458908765,-17.224482528349288,8.715666844019564,-14.552608582501856,SIBC27022026.xlsx,Statement 1,
  (ix)   Others,64185.31376,61339.167429,53143.411114,49552.334361,40416.672256,-17.203160659598208,-23.947914880170902,-13.361375216718708,-18.43639098502329,SIBC27022026.xlsx,Statement 1,
  (x)    Weaker Sections including net PSLC- SF/MF,1589097.062936,1617777.593105,1793997.235779,1864606.180081,2007818.807787,12.894125703336734,11.918723604674515,10.892698936185765,7.680583129879929,SIBC27022026.xlsx,Statement 1,
"Notes:
(1) Data are provisional. Bank credit, Food credit and Non-food credit data are based on fortnightly Section-42 return, which covers all scheduled commercial banks (SCBs), while sectoral non-food credit data are based on sector-wise and industry-wise bank credit (SIBC) return, which covers select banks accounting for about 95 per cent of total non-food credit extended by all SCBs. ",,,,,,,,,,SIBC27022026.xlsx,Statement 1,
"(2) With effect from December 31, 2025, definition of last reporting fortnight has been changed to the last day of the month under the Banking Laws (Amendment) Act 2025. Accordingly, the y-o-y growth rates from December 2025 onwards are based on end-of-month data for the current year and data for the last reporting fortnight (as per old definition) for the corresponding month of the previous year.",,,,,,,,,,SIBC27022026.xlsx,Statement 1,
1 Wholesale trade includes food procurement credit outside the food credit consortium.,,,,,,,,,,SIBC27022026.xlsx,Statement 1,
"2 NBFCs include HFCs, PFIs, Microfinance Institutions (MFIs), NBFCs engaged in gold loan and others.        ",,,,,,,,,,SIBC27022026.xlsx,Statement 1,
"3 “Other Services” include Mutual Fund (MFs), Banking and Finance other than NBFCs and MFs, and other services which are not indicated elsewhere under services.",,,,,,,,,,SIBC27022026.xlsx,Statement 1,
"4 Since May 2024, a bank has changed the classification of a category of agricultural loan into “Loans against gold jewellery” under retail segment.",,,,,,,,,,SIBC27022026.xlsx,Statement 1,
5 “Agriculture and Allied Activities” under the priority sector also include priority sector lending certificates (PSLCs).        ,,,,,,,,,,SIBC27022026.xlsx,Statement 1,
6 “Micro and Small Enterprises” under the priority sector include credit to micro and small enterprises in industry and services sectors and also include PSLCs.,,,,,,,,,,SIBC27022026.xlsx,Statement 1,
7 “Medium Enterprises” under the priority sector include credit to medium enterprises in industry and services sectors.       ,,,,,,,,,,SIBC27022026.xlsx,Statement 1,
,,,,,,,,,,SIBC27022026.xlsx,Statement 2,(Rs. Crore)
,Outstanding as on,,,,,Variation (Year-on-Year),,Variation (Financial Year),,SIBC27022026.xlsx,Statement 2,Industry
,"26.Jan,2024","22.Mar,2024","24.Jan,2025","21.Mar,2025","31.Jan,2026","24.Jan,2025 / 26.Jan,2024","31.Jan,2026 / 24.Jan,2025","24.Jan,2025 / 22.Mar,2024","31.Jan,2026 / 21.Mar,2025",SIBC27022026.xlsx,Statement 2,
,,,,,,%,%,%,%,SIBC27022026.xlsx,Statement 2,
,52813.440034,54220.184399,53242.200694,56817.556194,64669.351834,0.811840053827159,21.462582295715958,-1.8037262614290113,13.819312490650844,SIBC27022026.xlsx,Statement 2,2.1. Mining and Quarrying (incl. Coal)
,195761.803428,208862.771555,217361.174876,219524.798106,238126.44842,11.033496356169454,9.553349882216153,4.068893301438403,8.473598643292219,SIBC27022026.xlsx,Statement 2,2.2. Food Processing
,19920.468176,26383.011251,23146.467795,28521.702093,24554.266811,16.194396589968992,6.08213325881242,-12.267528619870198,-13.910233228940832,SIBC27022026.xlsx,Statement 2,2.2.1. Sugar
,19801.758828,19700.216132,21313.701212,20927.253641,23812.399156,7.635394396694134,11.72343517039259,8.190189737965046,13.786546311779373,SIBC27022026.xlsx,Statement 2,2.2.2. Edible Oils and Vanaspati
,5966.977264,5691.947888,6116.041244,5083.83262,5076.90388,2.4981489522229876,-16.99035900092109,7.450759640545752,-0.13628969554863685,SIBC27022026.xlsx,Statement 2,2.2.3. Tea
,150072.59916,157087.596283,166784.964626,164992.009752,184682.878573,11.136187125127412,10.731131542423158,6.173223457776887,11.934437825563423,SIBC27022026.xlsx,Statement 2,2.2.4. Others
,28625.410162,31137.471103,30469.511933,35515.454614,37883.952084,6.442184620460152,24.333964283063516,-2.1451940261636806,6.668920602993903,SIBC27022026.xlsx,Statement 2,2.3. Beverage and Tobacco
,252976.04545,256047.983577,267676.176248,277267.085246,294364.506091,5.810878564352227,9.970379216069436,4.5414115387880445,6.1664084035905855,SIBC27022026.xlsx,Statement 2,2.4. Textiles
,97148.047631,99513.087082,101533.071827,107494.595816,107781.985767,4.513754319238371,6.154560112834355,2.029868436636396,0.267352929529531,SIBC27022026.xlsx,Statement 2,2.4.1. Cotton Textiles
,4233.159821,4279.559436,4327.66976,4288.234703,4898.992147,2.232609752439573,13.201617006007412,1.1241887095968872,14.242630972897096,SIBC27022026.xlsx,Statement 2,2.4.2. Jute Textiles
,45844.931437,45074.468407,49425.110021,49186.259419,51493.404113,7.80932258328246,4.184703061098314,9.652119631707851,4.690628482939233,SIBC27022026.xlsx,Statement 2,2.4.3. Man-Made Textiles
,105749.906561,107180.868652,112390.324641,116297.995308,130190.124063,6.279360706734614,15.837483768159371,4.860434566838888,11.945286518661407,SIBC27022026.xlsx,Statement 2,2.4.4. Other Textiles
,12134.488974,12587.81048,12711.547336,12979.843088,13791.905534,4.755522570719176,8.499029814728765,0.9829895055744399,6.256334845455568,SIBC27022026.xlsx,Statement 2,2.5. Leather and Leather Products
,23748.11129,23838.814976,26894.668503,27825.967375,30571.268696,13.249715628227547,13.670368134821546,12.818814735868852,9.865969020960225,SIBC27022026.xlsx,Statement 2,2.6. Wood and Wood Products
,45875.097263,46426.057126,51884.567705,52847.593915,58103.903057,13.099635315317059,11.986869366169275,11.757428730563186,9.946165478137466,SIBC27022026.xlsx,Statement 2,2.7. Paper and Paper Products
,129735.253465,132356.302438,154401.668072,154178.5291,176716.243694,19.01288504720462,14.45228921464395,16.656075478027766,14.617933330640387,SIBC27022026.xlsx,Statement 2,"2.8. Petroleum, Coal Products and Nuclear Fuels"
,242309.535025,249347.615963,265384.23715,267814.870041,305421.198099,9.52282052071096,15.086412583868103,6.43143152785533,14.041911881981298,SIBC27022026.xlsx,Statement 2,2.9. Chemicals and Chemical Products
,33976.594011,37569.368771,31243.797284,32011.209754,34975.963458,-8.043174445664718,11.945302743054368,-16.837044895688383,9.26161093811687,SIBC27022026.xlsx,Statement 2,2.9.1. Fertiliser
,79458.967435,80832.235579,87795.367346,88524.293888,96762.018003,10.491452607686407,10.213125052102798,8.614300615494793,9.305608385221673,SIBC27022026.xlsx,Statement 2,2.9.2. Drugs and Pharmaceuticals
,25156.35059,25318.154272,29702.083891,28797.461456,38230.663498,18.06992347613009,28.713741562033096,17.315360242702603,32.757061091697636,SIBC27022026.xlsx,Statement 2,2.9.3. Petro Chemicals
,103717.622989,105627.857342,116642.988627,118481.904944,135452.553139,12.462072756305679,16.12575666433674,10.42824455800083,14.323409302898288,SIBC27022026.xlsx,Statement 2,2.9.4. Others
,89909.777338,90471.783405,100175.937909,103464.613501,110155.84059,11.418291619615712,9.962375086585931,10.726166920529277,6.467164823396683,SIBC27022026.xlsx,Statement 2,"2.10. Rubber, Plastic and their Products"
,11732.344266,12090.217792,12610.40886,13442.791875,13826.486687,7.484135941566306,9.643444875585113,4.302578141679188,2.854279197118044,SIBC27022026.xlsx,Statement 2,2.11. Glass and Glassware
,59192.616085,59756.90776,60576.350899,59752.607309,64548.566153,2.337681463534179,6.5573696583720364,1.371294415519461,8.02635911634542,SIBC27022026.xlsx,Statement 2,2.12. Cement and Cement Products
,380536.272237,384447.229472,434354.303158,433501.154395,494119.017771,14.142680960379472,13.75943882182746,12.981514720379808,13.983322249879372,SIBC27022026.xlsx,Statement 2,2.13. Basic Metal and Metal Product
,269706.620931,273802.563886,308144.839687,300156.039772,333268.398282,14.251863236918396,8.153165446651437,12.542715200906118,11.031714882416594,SIBC27022026.xlsx,Statement 2,2.13.1. Iron and Steel
,110829.651306,110644.665587,126209.463472,133345.114622,160850.619488,13.876983266451354,27.447352253173353,14.067373065320886,20.627306027649546,SIBC27022026.xlsx,Statement 2,2.13.2. Other Metal and Metal Product
,194249.257913,196864.053638,229143.368168,240135.894273,311363.243208,17.963574548443468,35.88141157972299,16.39675396980102,29.66126707156272,SIBC27022026.xlsx,Statement 2,2.14. All Engineering
,44653.275364,43395.914093,51244.424535,52863.096541,64380.15052,14.760729458860391,25.633473503109183,18.085828138520547,21.786567062085574,SIBC27022026.xlsx,Statement 2,2.14.1. Electronics
,149595.982549,153468.139546,177898.943634,187272.797732,246983.092688,18.9195997129999,38.83336665344687,15.919137457633154,31.884126087254515,SIBC27022026.xlsx,Statement 2,2.14.2. Others
,109390.672239,113547.869646,118077.468964,119450.200207,135521.789341,7.9410762793566345,14.773623223850182,3.9891539419643873,13.454635577126616,SIBC27022026.xlsx,Statement 2,"2.15. Vehicles, Vehicle Parts and Transport Equipment"
,82234.222009,84957.198645,86443.407137,85813.54569,117215.320149,5.11853219398042,35.597755839529874,1.7493614616581679,36.593027600139486,SIBC27022026.xlsx,Statement 2,2.16. Gems and Jewellery
,142669.120157,142209.854361,154070.6003,160037.036601,167086.223396,7.99155425536602,8.44783045607436,8.340312274627227,4.404722147270715,SIBC27022026.xlsx,Statement 2,2.17. Construction
,1310664.956783,1326851.766547,1340944.288802,1364368.718422,1426795.971405,2.3102267183003105,6.402330307077849,1.0621022340479185,4.57554121111791,SIBC27022026.xlsx,Statement 2,2.18. Infrastructure
,642265.544697,651191.248248,671688.740078,692159.941731,789192.782564,4.581157377028681,17.493823474300733,3.147691539950438,14.018846654190039,SIBC27022026.xlsx,Statement 2,2.18.1. Power
,141862.076508,143097.509709,127902.751133,123849.801843,105860.485016,-9.840068409130327,-17.233613758690215,-10.61846471465488,-14.525107476396618,SIBC27022026.xlsx,Statement 2,2.18.2. Telecommunications
,323574.00018,324255.726605,330935.948811,334146.511227,331484.676834,2.275197830142302,0.16581094467720883,2.0601709261831114,-0.7966069683701411,SIBC27022026.xlsx,Statement 2,2.18.3. Roads
,6887.787124,7280.23,8681.79,9155.73,6419.16,26.04614288599202,-26.06179140476792,19.251589578900685,-29.889151383887462,SIBC27022026.xlsx,Statement 2,2.18.4. Airports
,7170.995508,6680.97,5464.52,5915.78,8156.1,-23.796912243164098,49.25556133018087,-18.207685410950802,37.870238582232616,SIBC27022026.xlsx,Statement 2,2.18.5. Ports
,11986.173207,12961.351059,13148.362213,13414.976677,9963.764774,9.69608052486072,-24.220487596936884,1.4428368859752816,-25.726559099555573,SIBC27022026.xlsx,Statement 2,2.18.6. Railways (other than Indian Railways)
,176918.37956,181384.730927,183122.176567,185725.976945,175719.002219,3.506587061462449,-4.042751395154676,0.9578786654865907,-5.3880318147220905,SIBC27022026.xlsx,Statement 2,2.18.7. Other Infrastructure
,249850.930416,256370.638667,297546.986762,300921.291372,328026.54135,19.089805375784046,10.243610570447412,16.061257369056218,9.007421792727985,SIBC27022026.xlsx,Statement 2,2.19. Other Industries
,3614409.354535,3682392.531552,3913968.873477,3985659.551324,4388307.777559,8.28792451430944,12.119128164159829,6.288746784618274,10.102423979018575,SIBC27022026.xlsx,Statement 2,Industries (2.1 to 2.19)
,,,,,,,,,,SIBC27022026.xlsx,Statement 2,"Note: With effect from December 31, 2025, definition of last reporting fortnight has been changed to the last day of the month under the Banking Laws (Amendment) Act 2025. Accordingly, the y-o-y growth rates from December 2025 onwards are based on end-of-month data for the current year and data for the last reporting fortnight (as per old definition) for the corresponding month of the previous year."
